task_id,family,d,seed,budget,corruption,method,checkpoint_axis,checkpoint_limit,sw1,fitting_updates,flow_fit_seconds
p2-main-linear-d5-s211001-B100-c0.2-none,linear,5,211001,100,0.2,checkpoint_diagnostic_fit_seconds_60,fit_seconds,60,0.0961105675,2200,57.3516265
p2-main-linear-d5-s211001-B100-c0.5-none,linear,5,211001,100,0.5,checkpoint_diagnostic_fit_seconds_60,fit_seconds,60,0.282534798,1950,49.9467211
p2-main-linear-d5-s211001-B400-c0.2-none,linear,5,211001,400,0.2,checkpoint_diagnostic_fit_seconds_60,fit_seconds,60,0.0733200908,2350,59.3755298
p2-main-linear-d5-s211001-B400-c0.5-none,linear,5,211001,400,0.5,checkpoint_diagnostic_fit_seconds_60,fit_seconds,60,0.25905175,1800,45.9507694
p2-main-linear-d5-s211002-B100-c0.2-none,linear,5,211002,100,0.2,checkpoint_diagnostic_fit_seconds_60,fit_seconds,60,0.146971847,2200,52.4539059
p2-main-linear-d5-s211002-B100-c0.5-none,linear,5,211002,100,0.5,checkpoint_diagnostic_fit_seconds_60,fit_seconds,60,0.26015075,2450,56.2631397
p2-main-linear-d5-s211002-B400-c0.2-none,linear,5,211002,400,0.2,checkpoint_diagnostic_fit_seconds_60,fit_seconds,60,0.149723714,2200,52.9198401
p2-main-linear-d5-s211002-B400-c0.5-none,linear,5,211002,400,0.5,checkpoint_diagnostic_fit_seconds_60,fit_seconds,60,0.12768675,2350,58.9673695
p2-main-linear-d5-s211003-B100-c0.2-none,linear,5,211003,100,0.2,checkpoint_diagnostic_fit_seconds_60,fit_seconds,60,0.0991822034,2200,53.4910619
p2-main-linear-d5-s211004-B100-c0.2-none,linear,5,211004,100,0.2,checkpoint_diagnostic_fit_seconds_60,fit_seconds,60,0.0981462176,2300,57.4662233
p2-main-linear-d5-s211004-B100-c0.5-none,linear,5,211004,100,0.5,checkpoint_diagnostic_fit_seconds_60,fit_seconds,60,0.34377789,1650,39.8339242
p2-main-linear-d5-s211004-B400-c0.2-none,linear,5,211004,400,0.2,checkpoint_diagnostic_fit_seconds_60,fit_seconds,60,0.0647349196,2150,50.3144352
p2-main-linear-d5-s211004-B400-c0.5-none,linear,5,211004,400,0.5,checkpoint_diagnostic_fit_seconds_60,fit_seconds,60,0.360672851,2400,58.9039369
p2-main-linear-d5-s211005-B100-c0.2-none,linear,5,211005,100,0.2,checkpoint_diagnostic_fit_seconds_60,fit_seconds,60,0.0796955054,2350,58.0976433
p2-main-linear-d5-s211005-B100-c0.5-none,linear,5,211005,100,0.5,checkpoint_diagnostic_fit_seconds_60,fit_seconds,60,0.113312483,2250,54.2546809
p2-main-linear-d5-s211005-B400-c0.2-none,linear,5,211005,400,0.2,checkpoint_diagnostic_fit_seconds_60,fit_seconds,60,0.0721770947,1950,47.2250931
p2-main-linear-d5-s211005-B400-c0.5-none,linear,5,211005,400,0.5,checkpoint_diagnostic_fit_seconds_60,fit_seconds,60,0.112812867,2300,55.1165532
p2-main-nonlinear-d5-s212001-B100-c0.2-none,nonlinear,5,212001,100,0.2,checkpoint_diagnostic_fit_seconds_60,fit_seconds,60,0.173533442,2200,52.9805819
p2-main-nonlinear-d5-s212001-B100-c0.5-none,nonlinear,5,212001,100,0.5,checkpoint_diagnostic_fit_seconds_60,fit_seconds,60,0.318806196,2350,56.1637082
p2-main-nonlinear-d5-s212002-B100-c0.2-none,nonlinear,5,212002,100,0.2,checkpoint_diagnostic_fit_seconds_60,fit_seconds,60,0.0977151667,1900,42.8927928
p2-main-nonlinear-d5-s212002-B100-c0.5-none,nonlinear,5,212002,100,0.5,checkpoint_diagnostic_fit_seconds_60,fit_seconds,60,0.092156219,2500,57.81061
p2-main-nonlinear-d5-s212003-B100-c0.2-none,nonlinear,5,212003,100,0.2,checkpoint_diagnostic_fit_seconds_60,fit_seconds,60,0.0866355797,1850,46.42034
p2-main-nonlinear-d5-s212003-B100-c0.5-none,nonlinear,5,212003,100,0.5,checkpoint_diagnostic_fit_seconds_60,fit_seconds,60,0.140520831,2050,50.258207
p2-main-nonlinear-d5-s212004-B100-c0.2-none,nonlinear,5,212004,100,0.2,checkpoint_diagnostic_fit_seconds_60,fit_seconds,60,0.0822979684,2100,53.5123858
p2-main-nonlinear-d5-s212004-B100-c0.5-none,nonlinear,5,212004,100,0.5,checkpoint_diagnostic_fit_seconds_60,fit_seconds,60,0.0926981022,2100,53.0623331
p2-main-nonlinear-d5-s212004-B400-c0.2-none,nonlinear,5,212004,400,0.2,checkpoint_diagnostic_fit_seconds_60,fit_seconds,60,0.0662170748,2200,53.9658718
p2-main-nonlinear-d5-s212004-B400-c0.5-none,nonlinear,5,212004,400,0.5,checkpoint_diagnostic_fit_seconds_60,fit_seconds,60,0.0824025087,2200,55.0491437
p2-main-nonlinear-d5-s212005-B100-c0.2-none,nonlinear,5,212005,100,0.2,checkpoint_diagnostic_fit_seconds_60,fit_seconds,60,0.0885032589,1700,42.9745205
p2-main-nonlinear-d5-s212005-B100-c0.5-none,nonlinear,5,212005,100,0.5,checkpoint_diagnostic_fit_seconds_60,fit_seconds,60,0.249166399,2400,58.6576171
p2-main-heteroscedastic-d5-s213001-B100-c0.2-none,heteroscedastic,5,213001,100,0.2,checkpoint_diagnostic_fit_seconds_60,fit_seconds,60,0.245500272,1700,42.6005473
p2-main-heteroscedastic-d5-s213001-B100-c0.5-none,heteroscedastic,5,213001,100,0.5,checkpoint_diagnostic_fit_seconds_60,fit_seconds,60,0.370242685,1750,45.1063017
p2-main-heteroscedastic-d5-s213001-B400-c0.2-none,heteroscedastic,5,213001,400,0.2,checkpoint_diagnostic_fit_seconds_60,fit_seconds,60,0.265553753,1750,38.9130496
p2-main-heteroscedastic-d5-s213001-B400-c0.5-none,heteroscedastic,5,213001,400,0.5,checkpoint_diagnostic_fit_seconds_60,fit_seconds,60,0.306589946,2450,53.138923
p2-main-heteroscedastic-d5-s213002-B100-c0.2-none,heteroscedastic,5,213002,100,0.2,checkpoint_diagnostic_fit_seconds_60,fit_seconds,60,0.0666200717,2100,50.4446608
p2-main-heteroscedastic-d5-s213002-B400-c0.2-none,heteroscedastic,5,213002,400,0.2,checkpoint_diagnostic_fit_seconds_60,fit_seconds,60,0.0646487437,2200,52.8118604
p2-main-heteroscedastic-d5-s213002-B400-c0.5-none,heteroscedastic,5,213002,400,0.5,checkpoint_diagnostic_fit_seconds_60,fit_seconds,60,0.231920436,1750,43.4722928
p2-main-heteroscedastic-d5-s213003-B100-c0.2-none,heteroscedastic,5,213003,100,0.2,checkpoint_diagnostic_fit_seconds_60,fit_seconds,60,0.30209143,2000,46.9890993
p2-main-heteroscedastic-d5-s213003-B100-c0.5-none,heteroscedastic,5,213003,100,0.5,checkpoint_diagnostic_fit_seconds_60,fit_seconds,60,0.226105834,2350,58.5449717
p2-main-heteroscedastic-d5-s213003-B400-c0.5-none,heteroscedastic,5,213003,400,0.5,checkpoint_diagnostic_fit_seconds_60,fit_seconds,60,0.233936484,2100,55.7525182
p2-main-heteroscedastic-d5-s213005-B100-c0.2-none,heteroscedastic,5,213005,100,0.2,checkpoint_diagnostic_fit_seconds_60,fit_seconds,60,0.0908666824,2250,46.1377261
p2-main-heteroscedastic-d5-s213005-B100-c0.5-none,heteroscedastic,5,213005,100,0.5,checkpoint_diagnostic_fit_seconds_60,fit_seconds,60,0.158364316,2700,56.0417306
p2-main-heteroscedastic-d5-s213005-B400-c0.2-none,heteroscedastic,5,213005,400,0.2,checkpoint_diagnostic_fit_seconds_60,fit_seconds,60,0.0645001469,2150,45.2388098
p2-main-heteroscedastic-d5-s213005-B400-c0.5-none,heteroscedastic,5,213005,400,0.5,checkpoint_diagnostic_fit_seconds_60,fit_seconds,60,0.138403304,2250,45.6204589
p2-main-linear-d5-s211001-B100-c0.2-none,linear,5,211001,100,0.2,checkpoint_random_fit_seconds_60,fit_seconds,60,0.0961105675,1950,50.066982
p2-main-linear-d5-s211001-B100-c0.5-none,linear,5,211001,100,0.5,checkpoint_random_fit_seconds_60,fit_seconds,60,0.282534798,2350,59.2071432
p2-main-linear-d5-s211001-B400-c0.2-none,linear,5,211001,400,0.2,checkpoint_random_fit_seconds_60,fit_seconds,60,0.0733200908,2350,59.3755298
p2-main-linear-d5-s211001-B400-c0.5-none,linear,5,211001,400,0.5,checkpoint_random_fit_seconds_60,fit_seconds,60,0.25905175,1800,45.9507694
p2-main-linear-d5-s211002-B100-c0.2-none,linear,5,211002,100,0.2,checkpoint_random_fit_seconds_60,fit_seconds,60,0.146971847,2200,52.4539059
p2-main-linear-d5-s211002-B100-c0.5-none,linear,5,211002,100,0.5,checkpoint_random_fit_seconds_60,fit_seconds,60,0.26015075,2450,56.2631397
p2-main-linear-d5-s211002-B400-c0.2-none,linear,5,211002,400,0.2,checkpoint_random_fit_seconds_60,fit_seconds,60,0.149723714,1850,44.7415429
p2-main-linear-d5-s211002-B400-c0.5-none,linear,5,211002,400,0.5,checkpoint_random_fit_seconds_60,fit_seconds,60,0.240719875,2350,57.059006
p2-main-linear-d5-s211003-B100-c0.2-none,linear,5,211003,100,0.2,checkpoint_random_fit_seconds_60,fit_seconds,60,0.0991822034,2200,53.4910619
p2-main-linear-d5-s211004-B100-c0.2-none,linear,5,211004,100,0.2,checkpoint_random_fit_seconds_60,fit_seconds,60,0.0981462176,2300,57.4662233
p2-main-linear-d5-s211004-B100-c0.5-none,linear,5,211004,100,0.5,checkpoint_random_fit_seconds_60,fit_seconds,60,0.34377789,2300,53.3996603
p2-main-linear-d5-s211004-B400-c0.2-none,linear,5,211004,400,0.2,checkpoint_random_fit_seconds_60,fit_seconds,60,0.0647349196,2150,50.3144352
p2-main-linear-d5-s211004-B400-c0.5-none,linear,5,211004,400,0.5,checkpoint_random_fit_seconds_60,fit_seconds,60,0.360672851,2350,56.7238982
p2-main-linear-d5-s211005-B100-c0.2-none,linear,5,211005,100,0.2,checkpoint_random_fit_seconds_60,fit_seconds,60,0.0796955054,2100,51.5619773
p2-main-linear-d5-s211005-B100-c0.5-none,linear,5,211005,100,0.5,checkpoint_random_fit_seconds_60,fit_seconds,60,0.184637095,2250,53.9265222
p2-main-linear-d5-s211005-B400-c0.2-none,linear,5,211005,400,0.2,checkpoint_random_fit_seconds_60,fit_seconds,60,0.0721770947,2300,55.8678866
p2-main-linear-d5-s211005-B400-c0.5-none,linear,5,211005,400,0.5,checkpoint_random_fit_seconds_60,fit_seconds,60,0.194613342,2250,53.3271676
p2-main-nonlinear-d5-s212001-B100-c0.2-none,nonlinear,5,212001,100,0.2,checkpoint_random_fit_seconds_60,fit_seconds,60,0.173533442,2200,52.9805819
p2-main-nonlinear-d5-s212001-B100-c0.5-none,nonlinear,5,212001,100,0.5,checkpoint_random_fit_seconds_60,fit_seconds,60,0.318806196,2350,56.1637082
p2-main-nonlinear-d5-s212002-B100-c0.2-none,nonlinear,5,212002,100,0.2,checkpoint_random_fit_seconds_60,fit_seconds,60,0.0977151667,2550,59.5352793
p2-main-nonlinear-d5-s212002-B100-c0.5-none,nonlinear,5,212002,100,0.5,checkpoint_random_fit_seconds_60,fit_seconds,60,0.156372577,2500,58.7252695
p2-main-nonlinear-d5-s212003-B100-c0.2-none,nonlinear,5,212003,100,0.2,checkpoint_random_fit_seconds_60,fit_seconds,60,0.0866355797,1850,46.42034
p2-main-nonlinear-d5-s212003-B100-c0.5-none,nonlinear,5,212003,100,0.5,checkpoint_random_fit_seconds_60,fit_seconds,60,0.140520831,2050,50.258207
p2-main-nonlinear-d5-s212004-B100-c0.2-none,nonlinear,5,212004,100,0.2,checkpoint_random_fit_seconds_60,fit_seconds,60,0.0822979684,2100,53.5123858
p2-main-nonlinear-d5-s212004-B100-c0.5-none,nonlinear,5,212004,100,0.5,checkpoint_random_fit_seconds_60,fit_seconds,60,0.0926981022,2100,53.0623331
p2-main-nonlinear-d5-s212004-B400-c0.2-none,nonlinear,5,212004,400,0.2,checkpoint_random_fit_seconds_60,fit_seconds,60,0.0662170748,2200,53.9658718
p2-main-nonlinear-d5-s212004-B400-c0.5-none,nonlinear,5,212004,400,0.5,checkpoint_random_fit_seconds_60,fit_seconds,60,0.0824025087,2200,55.0491437
p2-main-nonlinear-d5-s212005-B100-c0.2-none,nonlinear,5,212005,100,0.2,checkpoint_random_fit_seconds_60,fit_seconds,60,0.0885032589,2000,51.3677249
p2-main-nonlinear-d5-s212005-B100-c0.5-none,nonlinear,5,212005,100,0.5,checkpoint_random_fit_seconds_60,fit_seconds,60,0.249166399,2400,58.6576171
p2-main-heteroscedastic-d5-s213001-B100-c0.2-none,heteroscedastic,5,213001,100,0.2,checkpoint_random_fit_seconds_60,fit_seconds,60,0.245500272,2300,57.8151726
p2-main-heteroscedastic-d5-s213001-B100-c0.5-none,heteroscedastic,5,213001,100,0.5,checkpoint_random_fit_seconds_60,fit_seconds,60,0.371735071,2050,53.2230261
p2-main-heteroscedastic-d5-s213001-B400-c0.2-none,heteroscedastic,5,213001,400,0.2,checkpoint_random_fit_seconds_60,fit_seconds,60,0.265553753,2450,55.2202435
p2-main-heteroscedastic-d5-s213001-B400-c0.5-none,heteroscedastic,5,213001,400,0.5,checkpoint_random_fit_seconds_60,fit_seconds,60,0.306589946,2450,53.138923
p2-main-heteroscedastic-d5-s213002-B100-c0.2-none,heteroscedastic,5,213002,100,0.2,checkpoint_random_fit_seconds_60,fit_seconds,60,0.0666200717,2400,58.0062163
p2-main-heteroscedastic-d5-s213002-B400-c0.2-none,heteroscedastic,5,213002,400,0.2,checkpoint_random_fit_seconds_60,fit_seconds,60,0.0646487437,2200,52.8118604
p2-main-heteroscedastic-d5-s213002-B400-c0.5-none,heteroscedastic,5,213002,400,0.5,checkpoint_random_fit_seconds_60,fit_seconds,60,0.231920436,1750,43.4722928
p2-main-heteroscedastic-d5-s213003-B100-c0.2-none,heteroscedastic,5,213003,100,0.2,checkpoint_random_fit_seconds_60,fit_seconds,60,0.30209143,2000,46.9890993
p2-main-heteroscedastic-d5-s213003-B100-c0.5-none,heteroscedastic,5,213003,100,0.5,checkpoint_random_fit_seconds_60,fit_seconds,60,0.226105834,2350,58.5449717
p2-main-heteroscedastic-d5-s213003-B400-c0.5-none,heteroscedastic,5,213003,400,0.5,checkpoint_random_fit_seconds_60,fit_seconds,60,0.233936484,2100,55.7525182
p2-main-heteroscedastic-d5-s213005-B100-c0.2-none,heteroscedastic,5,213005,100,0.2,checkpoint_random_fit_seconds_60,fit_seconds,60,0.0908666824,2850,59.2626532
p2-main-heteroscedastic-d5-s213005-B100-c0.5-none,heteroscedastic,5,213005,100,0.5,checkpoint_random_fit_seconds_60,fit_seconds,60,0.164865817,2850,58.1752862
p2-main-heteroscedastic-d5-s213005-B400-c0.2-none,heteroscedastic,5,213005,400,0.2,checkpoint_random_fit_seconds_60,fit_seconds,60,0.0645001469,2150,45.2388098
p2-main-heteroscedastic-d5-s213005-B400-c0.5-none,heteroscedastic,5,213005,400,0.5,checkpoint_random_fit_seconds_60,fit_seconds,60,0.138403304,2600,51.8849805
p2-main-linear-d5-s211001-B100-c0.2-none,linear,5,211001,100,0.2,checkpoint_diagnostic_fit_seconds_120,fit_seconds,120,0.0961105675,3750,96.7182745
p2-main-linear-d5-s211001-B100-c0.5-none,linear,5,211001,100,0.5,checkpoint_diagnostic_fit_seconds_120,fit_seconds,120,0.109175121,4700,117.269412
p2-main-linear-d5-s211001-B400-c0.2-none,linear,5,211001,400,0.2,checkpoint_diagnostic_fit_seconds_120,fit_seconds,120,0.0733200908,4600,117.875164
p2-main-linear-d5-s211001-B400-c0.5-none,linear,5,211001,400,0.5,checkpoint_diagnostic_fit_seconds_120,fit_seconds,120,0.127537012,3750,96.3497149
p2-main-linear-d5-s211002-B100-c0.2-none,linear,5,211002,100,0.2,checkpoint_diagnostic_fit_seconds_120,fit_seconds,120,0.146971847,4450,107.884107
p2-main-linear-d5-s211002-B100-c0.5-none,linear,5,211002,100,0.5,checkpoint_diagnostic_fit_seconds_120,fit_seconds,120,0.265131419,5000,116.776049
p2-main-linear-d5-s211002-B400-c0.2-none,linear,5,211002,400,0.2,checkpoint_diagnostic_fit_seconds_120,fit_seconds,120,0.0841981893,4550,109.371817
p2-main-linear-d5-s211002-B400-c0.5-none,linear,5,211002,400,0.5,checkpoint_diagnostic_fit_seconds_120,fit_seconds,120,0.0841981893,4550,113.527225
p2-main-linear-d5-s211003-B100-c0.2-none,linear,5,211003,100,0.2,checkpoint_diagnostic_fit_seconds_120,fit_seconds,120,0.0829384103,4850,117.501192
p2-main-linear-d5-s211003-B100-c0.5-none,linear,5,211003,100,0.5,checkpoint_diagnostic_fit_seconds_120,fit_seconds,120,0.148891819,4800,117.741136
p2-main-linear-d5-s211003-B400-c0.2-none,linear,5,211003,400,0.2,checkpoint_diagnostic_fit_seconds_120,fit_seconds,120,0.05485597,4250,104.409963
p2-main-linear-d5-s211003-B400-c0.5-none,linear,5,211003,400,0.5,checkpoint_diagnostic_fit_seconds_120,fit_seconds,120,0.121372978,4450,109.651352
p2-main-linear-d5-s211004-B100-c0.2-none,linear,5,211004,100,0.2,checkpoint_diagnostic_fit_seconds_120,fit_seconds,120,0.175111274,4700,117.585421
p2-main-linear-d5-s211004-B100-c0.5-none,linear,5,211004,100,0.5,checkpoint_diagnostic_fit_seconds_120,fit_seconds,120,0.32512406,4500,110.234359
p2-main-linear-d5-s211004-B400-c0.2-none,linear,5,211004,400,0.2,checkpoint_diagnostic_fit_seconds_120,fit_seconds,120,0.0647349196,4350,102.31555
p2-main-linear-d5-s211004-B400-c0.5-none,linear,5,211004,400,0.5,checkpoint_diagnostic_fit_seconds_120,fit_seconds,120,0.137166662,4850,117.528059
p2-main-linear-d5-s211005-B100-c0.2-none,linear,5,211005,100,0.2,checkpoint_diagnostic_fit_seconds_120,fit_seconds,120,0.0796955054,4550,111.293923
p2-main-linear-d5-s211005-B100-c0.5-none,linear,5,211005,100,0.5,checkpoint_diagnostic_fit_seconds_120,fit_seconds,120,0.0963542139,4200,101.455151
p2-main-linear-d5-s211005-B400-c0.2-none,linear,5,211005,400,0.2,checkpoint_diagnostic_fit_seconds_120,fit_seconds,120,0.0721770947,4700,112.811929
p2-main-linear-d5-s211005-B400-c0.5-none,linear,5,211005,400,0.5,checkpoint_diagnostic_fit_seconds_120,fit_seconds,120,0.112812867,4300,104.460647
p2-main-nonlinear-d5-s212001-B100-c0.2-none,nonlinear,5,212001,100,0.2,checkpoint_diagnostic_fit_seconds_120,fit_seconds,120,0.173533442,4850,116.473326
p2-main-nonlinear-d5-s212001-B100-c0.5-none,nonlinear,5,212001,100,0.5,checkpoint_diagnostic_fit_seconds_120,fit_seconds,120,0.318806196,4900,119.8532
p2-main-nonlinear-d5-s212001-B400-c0.2-none,nonlinear,5,212001,400,0.2,checkpoint_diagnostic_fit_seconds_120,fit_seconds,120,0.186340995,4950,115.774405
p2-main-nonlinear-d5-s212001-B400-c0.5-none,nonlinear,5,212001,400,0.5,checkpoint_diagnostic_fit_seconds_120,fit_seconds,120,0.156933332,5000,117.659901
p2-main-nonlinear-d5-s212002-B100-c0.2-none,nonlinear,5,212002,100,0.2,checkpoint_diagnostic_fit_seconds_120,fit_seconds,120,0.0919633533,4750,111.970044
p2-main-nonlinear-d5-s212002-B100-c0.5-none,nonlinear,5,212002,100,0.5,checkpoint_diagnostic_fit_seconds_120,fit_seconds,120,0.0977151667,4700,112.678005
p2-main-nonlinear-d5-s212002-B400-c0.2-none,nonlinear,5,212002,400,0.2,checkpoint_diagnostic_fit_seconds_120,fit_seconds,120,0.0811470846,4650,116.436186
p2-main-nonlinear-d5-s212002-B400-c0.5-none,nonlinear,5,212002,400,0.5,checkpoint_diagnostic_fit_seconds_120,fit_seconds,120,0.0808653186,3700,91.2738103
p2-main-nonlinear-d5-s212003-B100-c0.2-none,nonlinear,5,212003,100,0.2,checkpoint_diagnostic_fit_seconds_120,fit_seconds,120,0.0866355797,4750,119.395185
p2-main-nonlinear-d5-s212003-B100-c0.5-none,nonlinear,5,212003,100,0.5,checkpoint_diagnostic_fit_seconds_120,fit_seconds,120,0.140520831,4700,112.441879
p2-main-nonlinear-d5-s212003-B400-c0.2-none,nonlinear,5,212003,400,0.2,checkpoint_diagnostic_fit_seconds_120,fit_seconds,120,0.067319788,4950,116.891269
p2-main-nonlinear-d5-s212003-B400-c0.5-none,nonlinear,5,212003,400,0.5,checkpoint_diagnostic_fit_seconds_120,fit_seconds,120,0.134731236,4650,111.578123
p2-main-nonlinear-d5-s212004-B100-c0.2-none,nonlinear,5,212004,100,0.2,checkpoint_diagnostic_fit_seconds_120,fit_seconds,120,0.11815126,4600,115.781343
p2-main-nonlinear-d5-s212004-B100-c0.5-none,nonlinear,5,212004,100,0.5,checkpoint_diagnostic_fit_seconds_120,fit_seconds,120,0.0926981022,4050,102.406818
p2-main-nonlinear-d5-s212004-B400-c0.2-none,nonlinear,5,212004,400,0.2,checkpoint_diagnostic_fit_seconds_120,fit_seconds,120,0.0662170748,4550,113.242618
p2-main-nonlinear-d5-s212004-B400-c0.5-none,nonlinear,5,212004,400,0.5,checkpoint_diagnostic_fit_seconds_120,fit_seconds,120,0.0824025087,4400,110.380156
p2-main-nonlinear-d5-s212005-B100-c0.2-none,nonlinear,5,212005,100,0.2,checkpoint_diagnostic_fit_seconds_120,fit_seconds,120,0.0885032589,4100,107.056402
p2-main-nonlinear-d5-s212005-B100-c0.5-none,nonlinear,5,212005,100,0.5,checkpoint_diagnostic_fit_seconds_120,fit_seconds,120,0.132843028,4600,117.172324
p2-main-nonlinear-d5-s212005-B400-c0.2-none,nonlinear,5,212005,400,0.2,checkpoint_diagnostic_fit_seconds_120,fit_seconds,120,0.0820032308,4850,117.190125
p2-main-nonlinear-d5-s212005-B400-c0.5-none,nonlinear,5,212005,400,0.5,checkpoint_diagnostic_fit_seconds_120,fit_seconds,120,0.121702415,4500,114.533005
p2-main-heteroscedastic-d5-s213001-B100-c0.2-none,heteroscedastic,5,213001,100,0.2,checkpoint_diagnostic_fit_seconds_120,fit_seconds,120,0.305800349,4500,119.19516
p2-main-heteroscedastic-d5-s213001-B100-c0.5-none,heteroscedastic,5,213001,100,0.5,checkpoint_diagnostic_fit_seconds_120,fit_seconds,120,0.371735071,3900,104.506994
p2-main-heteroscedastic-d5-s213001-B400-c0.2-none,heteroscedastic,5,213001,400,0.2,checkpoint_diagnostic_fit_seconds_120,fit_seconds,120,0.0477863699,4450,100.46267
p2-main-heteroscedastic-d5-s213001-B400-c0.5-none,heteroscedastic,5,213001,400,0.5,checkpoint_diagnostic_fit_seconds_120,fit_seconds,120,0.132132143,4850,111.329838
p2-main-heteroscedastic-d5-s213002-B100-c0.2-none,heteroscedastic,5,213002,100,0.2,checkpoint_diagnostic_fit_seconds_120,fit_seconds,120,0.0666200717,4850,117.261607
p2-main-heteroscedastic-d5-s213002-B100-c0.5-none,heteroscedastic,5,213002,100,0.5,checkpoint_diagnostic_fit_seconds_120,fit_seconds,120,0.234716977,4800,115.680097
p2-main-heteroscedastic-d5-s213002-B400-c0.2-none,heteroscedastic,5,213002,400,0.2,checkpoint_diagnostic_fit_seconds_120,fit_seconds,120,0.199869302,4450,108.58889
p2-main-heteroscedastic-d5-s213002-B400-c0.5-none,heteroscedastic,5,213002,400,0.5,checkpoint_diagnostic_fit_seconds_120,fit_seconds,120,0.219589502,4650,113.951169
p2-main-heteroscedastic-d5-s213003-B100-c0.2-none,heteroscedastic,5,213003,100,0.2,checkpoint_diagnostic_fit_seconds_120,fit_seconds,120,0.150322263,4800,117.022595
p2-main-heteroscedastic-d5-s213003-B100-c0.5-none,heteroscedastic,5,213003,100,0.5,checkpoint_diagnostic_fit_seconds_120,fit_seconds,120,0.136771644,4550,114.103904
p2-main-heteroscedastic-d5-s213003-B400-c0.2-none,heteroscedastic,5,213003,400,0.2,checkpoint_diagnostic_fit_seconds_120,fit_seconds,120,0.119614056,4400,109.521153
p2-main-heteroscedastic-d5-s213003-B400-c0.5-none,heteroscedastic,5,213003,400,0.5,checkpoint_diagnostic_fit_seconds_120,fit_seconds,120,0.233936484,4350,112.731682
p2-main-heteroscedastic-d5-s213004-B100-c0.2-none,heteroscedastic,5,213004,100,0.2,checkpoint_diagnostic_fit_seconds_120,fit_seconds,120,0.268024544,4700,114.311232
p2-main-heteroscedastic-d5-s213004-B100-c0.5-none,heteroscedastic,5,213004,100,0.5,checkpoint_diagnostic_fit_seconds_120,fit_seconds,120,0.175495654,4650,118.611649
p2-main-heteroscedastic-d5-s213004-B400-c0.2-none,heteroscedastic,5,213004,400,0.2,checkpoint_diagnostic_fit_seconds_120,fit_seconds,120,0.227475956,4600,115.520535
p2-main-heteroscedastic-d5-s213004-B400-c0.5-none,heteroscedastic,5,213004,400,0.5,checkpoint_diagnostic_fit_seconds_120,fit_seconds,120,0.342879335,3950,95.7197864
p2-main-heteroscedastic-d5-s213005-B100-c0.2-none,heteroscedastic,5,213005,100,0.2,checkpoint_diagnostic_fit_seconds_120,fit_seconds,120,0.127249579,5550,115.720237
p2-main-heteroscedastic-d5-s213005-B100-c0.5-none,heteroscedastic,5,213005,100,0.5,checkpoint_diagnostic_fit_seconds_120,fit_seconds,120,0.158364316,4400,92.3039396
p2-main-heteroscedastic-d5-s213005-B400-c0.2-none,heteroscedastic,5,213005,400,0.2,checkpoint_diagnostic_fit_seconds_120,fit_seconds,120,0.0645001469,5350,111.876162
p2-main-heteroscedastic-d5-s213005-B400-c0.5-none,heteroscedastic,5,213005,400,0.5,checkpoint_diagnostic_fit_seconds_120,fit_seconds,120,0.138403304,5550,109.695779
p2-main-linear-d5-s211001-B100-c0.2-none,linear,5,211001,100,0.2,checkpoint_random_fit_seconds_120,fit_seconds,120,0.0961105675,4550,116.448581
p2-main-linear-d5-s211001-B100-c0.5-none,linear,5,211001,100,0.5,checkpoint_random_fit_seconds_120,fit_seconds,120,0.177715694,4600,115.610905
p2-main-linear-d5-s211001-B400-c0.2-none,linear,5,211001,400,0.2,checkpoint_random_fit_seconds_120,fit_seconds,120,0.0722379386,4650,118.552277
p2-main-linear-d5-s211001-B400-c0.5-none,linear,5,211001,400,0.5,checkpoint_random_fit_seconds_120,fit_seconds,120,0.127537012,4500,115.626801
p2-main-linear-d5-s211002-B100-c0.2-none,linear,5,211002,100,0.2,checkpoint_random_fit_seconds_120,fit_seconds,120,0.167987923,4700,116.180771
p2-main-linear-d5-s211002-B100-c0.5-none,linear,5,211002,100,0.5,checkpoint_random_fit_seconds_120,fit_seconds,120,0.251541605,4900,118.537902
p2-main-linear-d5-s211002-B400-c0.2-none,linear,5,211002,400,0.2,checkpoint_random_fit_seconds_120,fit_seconds,120,0.149723714,4550,111.195351
p2-main-linear-d5-s211002-B400-c0.5-none,linear,5,211002,400,0.5,checkpoint_random_fit_seconds_120,fit_seconds,120,0.244679744,4350,107.170747
p2-main-linear-d5-s211003-B100-c0.2-none,linear,5,211003,100,0.2,checkpoint_random_fit_seconds_120,fit_seconds,120,0.0915381014,4650,114.547012
p2-main-linear-d5-s211003-B100-c0.5-none,linear,5,211003,100,0.5,checkpoint_random_fit_seconds_120,fit_seconds,120,0.148891819,4650,113.788212
p2-main-linear-d5-s211003-B400-c0.2-none,linear,5,211003,400,0.2,checkpoint_random_fit_seconds_120,fit_seconds,120,0.05485597,4800,118.614303
p2-main-linear-d5-s211003-B400-c0.5-none,linear,5,211003,400,0.5,checkpoint_random_fit_seconds_120,fit_seconds,120,0.0589657376,4600,113.981002
p2-main-linear-d5-s211004-B100-c0.2-none,linear,5,211004,100,0.2,checkpoint_random_fit_seconds_120,fit_seconds,120,0.1109769,4700,117.501048
p2-main-linear-d5-s211004-B100-c0.5-none,linear,5,211004,100,0.5,checkpoint_random_fit_seconds_120,fit_seconds,120,0.34742941,4650,113.100548
p2-main-linear-d5-s211004-B400-c0.2-none,linear,5,211004,400,0.2,checkpoint_random_fit_seconds_120,fit_seconds,120,0.0647349196,4800,116.757813
p2-main-linear-d5-s211004-B400-c0.5-none,linear,5,211004,400,0.5,checkpoint_random_fit_seconds_120,fit_seconds,120,0.360672851,4800,117.960795
p2-main-linear-d5-s211005-B100-c0.2-none,linear,5,211005,100,0.2,checkpoint_random_fit_seconds_120,fit_seconds,120,0.0796955054,4700,115.21983
p2-main-linear-d5-s211005-B100-c0.5-none,linear,5,211005,100,0.5,checkpoint_random_fit_seconds_120,fit_seconds,120,0.0786090444,4400,107.662875
p2-main-linear-d5-s211005-B400-c0.2-none,linear,5,211005,400,0.2,checkpoint_random_fit_seconds_120,fit_seconds,120,0.0708716065,4600,112.940683
p2-main-linear-d5-s211005-B400-c0.5-none,linear,5,211005,400,0.5,checkpoint_random_fit_seconds_120,fit_seconds,120,0.0708716065,4800,115.440585
p2-main-nonlinear-d5-s212001-B100-c0.2-none,nonlinear,5,212001,100,0.2,checkpoint_random_fit_seconds_120,fit_seconds,120,0.0750288665,4550,109.576396
p2-main-nonlinear-d5-s212001-B100-c0.5-none,nonlinear,5,212001,100,0.5,checkpoint_random_fit_seconds_120,fit_seconds,120,0.318806196,4550,110.798711
p2-main-nonlinear-d5-s212001-B400-c0.2-none,nonlinear,5,212001,400,0.2,checkpoint_random_fit_seconds_120,fit_seconds,120,0.100597235,5000,118.96703
p2-main-nonlinear-d5-s212001-B400-c0.5-none,nonlinear,5,212001,400,0.5,checkpoint_random_fit_seconds_120,fit_seconds,120,0.349838724,4550,106.952888
p2-main-nonlinear-d5-s212002-B100-c0.2-none,nonlinear,5,212002,100,0.2,checkpoint_random_fit_seconds_120,fit_seconds,120,0.112988425,4850,117.247779
p2-main-nonlinear-d5-s212002-B100-c0.5-none,nonlinear,5,212002,100,0.5,checkpoint_random_fit_seconds_120,fit_seconds,120,0.161985869,3700,87.9982564
p2-main-nonlinear-d5-s212002-B400-c0.2-none,nonlinear,5,212002,400,0.2,checkpoint_random_fit_seconds_120,fit_seconds,120,0.0811470846,4650,115.950774
p2-main-nonlinear-d5-s212002-B400-c0.5-none,nonlinear,5,212002,400,0.5,checkpoint_random_fit_seconds_120,fit_seconds,120,0.15001636,4850,119.690654
p2-main-nonlinear-d5-s212003-B100-c0.2-none,nonlinear,5,212003,100,0.2,checkpoint_random_fit_seconds_120,fit_seconds,120,0.0866355797,3950,99.99061
p2-main-nonlinear-d5-s212003-B100-c0.5-none,nonlinear,5,212003,100,0.5,checkpoint_random_fit_seconds_120,fit_seconds,120,0.140520831,4200,104.179338
p2-main-nonlinear-d5-s212003-B400-c0.2-none,nonlinear,5,212003,400,0.2,checkpoint_random_fit_seconds_120,fit_seconds,120,0.0590520067,4700,112.135204
p2-main-nonlinear-d5-s212003-B400-c0.5-none,nonlinear,5,212003,400,0.5,checkpoint_random_fit_seconds_120,fit_seconds,120,0.134731236,4700,112.176864
p2-main-nonlinear-d5-s212004-B100-c0.2-none,nonlinear,5,212004,100,0.2,checkpoint_random_fit_seconds_120,fit_seconds,120,0.0827163433,4450,113.219166
p2-main-nonlinear-d5-s212004-B100-c0.5-none,nonlinear,5,212004,100,0.5,checkpoint_random_fit_seconds_120,fit_seconds,120,0.0827163433,4650,118.410062
p2-main-nonlinear-d5-s212004-B400-c0.2-none,nonlinear,5,212004,400,0.2,checkpoint_random_fit_seconds_120,fit_seconds,120,0.0662170748,4200,103.220514
p2-main-nonlinear-d5-s212004-B400-c0.5-none,nonlinear,5,212004,400,0.5,checkpoint_random_fit_seconds_120,fit_seconds,120,0.0824025087,4550,112.423416
p2-main-nonlinear-d5-s212005-B100-c0.2-none,nonlinear,5,212005,100,0.2,checkpoint_random_fit_seconds_120,fit_seconds,120,0.0823548014,4000,103.395815
p2-main-nonlinear-d5-s212005-B100-c0.5-none,nonlinear,5,212005,100,0.5,checkpoint_random_fit_seconds_120,fit_seconds,120,0.135472211,4400,111.183582
p2-main-nonlinear-d5-s212005-B400-c0.2-none,nonlinear,5,212005,400,0.2,checkpoint_random_fit_seconds_120,fit_seconds,120,0.0820032308,4550,112.285594
p2-main-nonlinear-d5-s212005-B400-c0.5-none,nonlinear,5,212005,400,0.5,checkpoint_random_fit_seconds_120,fit_seconds,120,0.121702415,4600,118.003024
p2-main-heteroscedastic-d5-s213001-B100-c0.2-none,heteroscedastic,5,213001,100,0.2,checkpoint_random_fit_seconds_120,fit_seconds,120,0.321212207,4100,103.871896
p2-main-heteroscedastic-d5-s213001-B100-c0.5-none,heteroscedastic,5,213001,100,0.5,checkpoint_random_fit_seconds_120,fit_seconds,120,0.371735071,4750,119.782685
p2-main-heteroscedastic-d5-s213001-B400-c0.2-none,heteroscedastic,5,213001,400,0.2,checkpoint_random_fit_seconds_120,fit_seconds,120,0.0477863699,4950,113.576105
p2-main-heteroscedastic-d5-s213001-B400-c0.5-none,heteroscedastic,5,213001,400,0.5,checkpoint_random_fit_seconds_120,fit_seconds,120,0.133359522,5200,119.553454
p2-main-heteroscedastic-d5-s213002-B100-c0.2-none,heteroscedastic,5,213002,100,0.2,checkpoint_random_fit_seconds_120,fit_seconds,120,0.0666200717,4400,107.830036
p2-main-heteroscedastic-d5-s213002-B100-c0.5-none,heteroscedastic,5,213002,100,0.5,checkpoint_random_fit_seconds_120,fit_seconds,120,0.218890458,4850,118.367647
p2-main-heteroscedastic-d5-s213002-B400-c0.2-none,heteroscedastic,5,213002,400,0.2,checkpoint_random_fit_seconds_120,fit_seconds,120,0.055064898,4250,102.647604
p2-main-heteroscedastic-d5-s213002-B400-c0.5-none,heteroscedastic,5,213002,400,0.5,checkpoint_random_fit_seconds_120,fit_seconds,120,0.243848289,4650,113.843297
p2-main-heteroscedastic-d5-s213003-B100-c0.2-none,heteroscedastic,5,213003,100,0.2,checkpoint_random_fit_seconds_120,fit_seconds,120,0.30209143,4100,97.4543028
p2-main-heteroscedastic-d5-s213003-B100-c0.5-none,heteroscedastic,5,213003,100,0.5,checkpoint_random_fit_seconds_120,fit_seconds,120,0.201219392,3900,98.4181739
p2-main-heteroscedastic-d5-s213003-B400-c0.2-none,heteroscedastic,5,213003,400,0.2,checkpoint_random_fit_seconds_120,fit_seconds,120,0.349091291,4250,105.087309
p2-main-heteroscedastic-d5-s213003-B400-c0.5-none,heteroscedastic,5,213003,400,0.5,checkpoint_random_fit_seconds_120,fit_seconds,120,0.222701018,4400,113.223801
p2-main-heteroscedastic-d5-s213004-B100-c0.2-none,heteroscedastic,5,213004,100,0.2,checkpoint_random_fit_seconds_120,fit_seconds,120,0.317974483,4650,115.866934
p2-main-heteroscedastic-d5-s213004-B100-c0.5-none,heteroscedastic,5,213004,100,0.5,checkpoint_random_fit_seconds_120,fit_seconds,120,0.175495654,4650,117.0475
p2-main-heteroscedastic-d5-s213004-B400-c0.2-none,heteroscedastic,5,213004,400,0.2,checkpoint_random_fit_seconds_120,fit_seconds,120,0.287883431,3400,86.3911696
p2-main-heteroscedastic-d5-s213004-B400-c0.5-none,heteroscedastic,5,213004,400,0.5,checkpoint_random_fit_seconds_120,fit_seconds,120,0.342879335,3950,95.7197864
p2-main-heteroscedastic-d5-s213005-B100-c0.2-none,heteroscedastic,5,213005,100,0.2,checkpoint_random_fit_seconds_120,fit_seconds,120,0.0826224883,5500,114.06379
p2-main-heteroscedastic-d5-s213005-B100-c0.5-none,heteroscedastic,5,213005,100,0.5,checkpoint_random_fit_seconds_120,fit_seconds,120,0.164865817,5450,112.302696
p2-main-heteroscedastic-d5-s213005-B400-c0.2-none,heteroscedastic,5,213005,400,0.2,checkpoint_random_fit_seconds_120,fit_seconds,120,0.0645001469,5300,110.170714
p2-main-heteroscedastic-d5-s213005-B400-c0.5-none,heteroscedastic,5,213005,400,0.5,checkpoint_random_fit_seconds_120,fit_seconds,120,0.161628599,5650,113.406115
p2-main-linear-d5-s211001-B100-c0.2-none,linear,5,211001,100,0.2,checkpoint_diagnostic_fit_seconds_180,fit_seconds,180,0.0961105675,6500,165.470542
p2-main-linear-d5-s211001-B100-c0.5-none,linear,5,211001,100,0.5,checkpoint_diagnostic_fit_seconds_180,fit_seconds,180,0.109175121,5900,147.386798
p2-main-linear-d5-s211001-B400-c0.2-none,linear,5,211001,400,0.2,checkpoint_diagnostic_fit_seconds_180,fit_seconds,180,0.0733200908,4900,126.198029
p2-main-linear-d5-s211001-B400-c0.5-none,linear,5,211001,400,0.5,checkpoint_diagnostic_fit_seconds_180,fit_seconds,180,0.127537012,6300,165.569516
p2-main-linear-d5-s211002-B100-c0.2-none,linear,5,211002,100,0.2,checkpoint_diagnostic_fit_seconds_180,fit_seconds,180,0.190943524,6000,147.304333
p2-main-linear-d5-s211002-B100-c0.5-none,linear,5,211002,100,0.5,checkpoint_diagnostic_fit_seconds_180,fit_seconds,180,0.093120046,7400,175.992432
p2-main-linear-d5-s211002-B400-c0.2-none,linear,5,211002,400,0.2,checkpoint_diagnostic_fit_seconds_180,fit_seconds,180,0.0841981893,5300,128.085347
p2-main-linear-d5-s211002-B400-c0.5-none,linear,5,211002,400,0.5,checkpoint_diagnostic_fit_seconds_180,fit_seconds,180,0.0841981893,7150,177.442053
p2-main-linear-d5-s211003-B100-c0.2-none,linear,5,211003,100,0.2,checkpoint_diagnostic_fit_seconds_180,fit_seconds,180,0.0829384103,7100,174.833514
p2-main-linear-d5-s211003-B100-c0.5-none,linear,5,211003,100,0.5,checkpoint_diagnostic_fit_seconds_180,fit_seconds,180,0.148891819,7200,178.504046
p2-main-linear-d5-s211003-B400-c0.2-none,linear,5,211003,400,0.2,checkpoint_diagnostic_fit_seconds_180,fit_seconds,180,0.05485597,7100,176.941027
p2-main-linear-d5-s211003-B400-c0.5-none,linear,5,211003,400,0.5,checkpoint_diagnostic_fit_seconds_180,fit_seconds,180,0.121372978,7000,175.123846
p2-main-linear-d5-s211004-B100-c0.2-none,linear,5,211004,100,0.2,checkpoint_diagnostic_fit_seconds_180,fit_seconds,180,0.175111274,6600,164.24544
p2-main-linear-d5-s211004-B100-c0.5-none,linear,5,211004,100,0.5,checkpoint_diagnostic_fit_seconds_180,fit_seconds,180,0.30910478,7200,179.306054
p2-main-linear-d5-s211004-B400-c0.2-none,linear,5,211004,400,0.2,checkpoint_diagnostic_fit_seconds_180,fit_seconds,180,0.0647349196,5150,122.025068
p2-main-linear-d5-s211004-B400-c0.5-none,linear,5,211004,400,0.5,checkpoint_diagnostic_fit_seconds_180,fit_seconds,180,0.0563385797,7250,177.877814
p2-main-linear-d5-s211005-B100-c0.2-none,linear,5,211005,100,0.2,checkpoint_diagnostic_fit_seconds_180,fit_seconds,180,0.0796955054,4550,111.293923
p2-main-linear-d5-s211005-B100-c0.5-none,linear,5,211005,100,0.5,checkpoint_diagnostic_fit_seconds_180,fit_seconds,180,0.0796955054,7350,176.267009
p2-main-linear-d5-s211005-B400-c0.2-none,linear,5,211005,400,0.2,checkpoint_diagnostic_fit_seconds_180,fit_seconds,180,0.0721770947,5450,131.863196
p2-main-linear-d5-s211005-B400-c0.5-none,linear,5,211005,400,0.5,checkpoint_diagnostic_fit_seconds_180,fit_seconds,180,0.0721770947,7300,177.328006
p2-main-nonlinear-d5-s212001-B100-c0.2-none,nonlinear,5,212001,100,0.2,checkpoint_diagnostic_fit_seconds_180,fit_seconds,180,0.173533442,5400,129.747352
p2-main-nonlinear-d5-s212001-B100-c0.5-none,nonlinear,5,212001,100,0.5,checkpoint_diagnostic_fit_seconds_180,fit_seconds,180,0.0750288665,6800,165.289174
p2-main-nonlinear-d5-s212001-B400-c0.2-none,nonlinear,5,212001,400,0.2,checkpoint_diagnostic_fit_seconds_180,fit_seconds,180,0.100597235,7100,171.87209
p2-main-nonlinear-d5-s212001-B400-c0.5-none,nonlinear,5,212001,400,0.5,checkpoint_diagnostic_fit_seconds_180,fit_seconds,180,0.100597235,7400,178.861865
p2-main-nonlinear-d5-s212002-B100-c0.2-none,nonlinear,5,212002,100,0.2,checkpoint_diagnostic_fit_seconds_180,fit_seconds,180,0.0919633533,4750,111.970044
p2-main-nonlinear-d5-s212002-B100-c0.5-none,nonlinear,5,212002,100,0.5,checkpoint_diagnostic_fit_seconds_180,fit_seconds,180,0.0977151667,6100,146.182816
p2-main-nonlinear-d5-s212002-B400-c0.2-none,nonlinear,5,212002,400,0.2,checkpoint_diagnostic_fit_seconds_180,fit_seconds,180,0.0883816704,6350,157.886167
p2-main-nonlinear-d5-s212002-B400-c0.5-none,nonlinear,5,212002,400,0.5,checkpoint_diagnostic_fit_seconds_180,fit_seconds,180,0.0811470846,6850,170.312112
p2-main-nonlinear-d5-s212003-B100-c0.2-none,nonlinear,5,212003,100,0.2,checkpoint_diagnostic_fit_seconds_180,fit_seconds,180,0.0699832502,6500,160.817548
p2-main-nonlinear-d5-s212003-B100-c0.5-none,nonlinear,5,212003,100,0.5,checkpoint_diagnostic_fit_seconds_180,fit_seconds,180,0.138999254,7250,176.354083
p2-main-nonlinear-d5-s212003-B400-c0.2-none,nonlinear,5,212003,400,0.2,checkpoint_diagnostic_fit_seconds_180,fit_seconds,180,0.067319788,7250,173.173442
p2-main-nonlinear-d5-s212003-B400-c0.5-none,nonlinear,5,212003,400,0.5,checkpoint_diagnostic_fit_seconds_180,fit_seconds,180,0.134731236,7250,175.443472
p2-main-nonlinear-d5-s212004-B100-c0.2-none,nonlinear,5,212004,100,0.2,checkpoint_diagnostic_fit_seconds_180,fit_seconds,180,0.0796816945,6300,159.321328
p2-main-nonlinear-d5-s212004-B100-c0.5-none,nonlinear,5,212004,100,0.5,checkpoint_diagnostic_fit_seconds_180,fit_seconds,180,0.0827163433,6250,156.552883
p2-main-nonlinear-d5-s212004-B400-c0.2-none,nonlinear,5,212004,400,0.2,checkpoint_diagnostic_fit_seconds_180,fit_seconds,180,0.0662170748,6650,165.33178
p2-main-nonlinear-d5-s212004-B400-c0.5-none,nonlinear,5,212004,400,0.5,checkpoint_diagnostic_fit_seconds_180,fit_seconds,180,0.0824025087,4400,110.380156
p2-main-nonlinear-d5-s212005-B100-c0.2-none,nonlinear,5,212005,100,0.2,checkpoint_diagnostic_fit_seconds_180,fit_seconds,180,0.0885032589,5350,136.478698
p2-main-nonlinear-d5-s212005-B100-c0.5-none,nonlinear,5,212005,100,0.5,checkpoint_diagnostic_fit_seconds_180,fit_seconds,180,0.0850845811,6800,175.746608
p2-main-nonlinear-d5-s212005-B400-c0.2-none,nonlinear,5,212005,400,0.2,checkpoint_diagnostic_fit_seconds_180,fit_seconds,180,0.0820032308,5400,130.681514
p2-main-nonlinear-d5-s212005-B400-c0.5-none,nonlinear,5,212005,400,0.5,checkpoint_diagnostic_fit_seconds_180,fit_seconds,180,0.141569761,6950,177.896924
p2-main-heteroscedastic-d5-s213001-B100-c0.2-none,heteroscedastic,5,213001,100,0.2,checkpoint_diagnostic_fit_seconds_180,fit_seconds,180,0.305800349,5850,155.412819
p2-main-heteroscedastic-d5-s213001-B100-c0.5-none,heteroscedastic,5,213001,100,0.5,checkpoint_diagnostic_fit_seconds_180,fit_seconds,180,0.371735071,6500,171.34426
p2-main-heteroscedastic-d5-s213001-B400-c0.2-none,heteroscedastic,5,213001,400,0.2,checkpoint_diagnostic_fit_seconds_180,fit_seconds,180,0.0430853665,6600,151.278645
p2-main-heteroscedastic-d5-s213001-B400-c0.5-none,heteroscedastic,5,213001,400,0.5,checkpoint_diagnostic_fit_seconds_180,fit_seconds,180,0.0477863699,7350,167.892402
p2-main-heteroscedastic-d5-s213002-B100-c0.2-none,heteroscedastic,5,213002,100,0.2,checkpoint_diagnostic_fit_seconds_180,fit_seconds,180,0.0666200717,6500,157.919758
p2-main-heteroscedastic-d5-s213002-B100-c0.5-none,heteroscedastic,5,213002,100,0.5,checkpoint_diagnostic_fit_seconds_180,fit_seconds,180,0.0760624235,7200,174.649705
p2-main-heteroscedastic-d5-s213002-B400-c0.2-none,heteroscedastic,5,213002,400,0.2,checkpoint_diagnostic_fit_seconds_180,fit_seconds,180,0.0769955255,6400,156.359495
p2-main-heteroscedastic-d5-s213002-B400-c0.5-none,heteroscedastic,5,213002,400,0.5,checkpoint_diagnostic_fit_seconds_180,fit_seconds,180,0.0544384482,6000,147.113749
p2-main-heteroscedastic-d5-s213003-B100-c0.2-none,heteroscedastic,5,213003,100,0.2,checkpoint_diagnostic_fit_seconds_180,fit_seconds,180,0.150322263,5750,139.575557
p2-main-heteroscedastic-d5-s213003-B100-c0.5-none,heteroscedastic,5,213003,100,0.5,checkpoint_diagnostic_fit_seconds_180,fit_seconds,180,0.132190794,6200,152.445779
p2-main-heteroscedastic-d5-s213003-B400-c0.2-none,heteroscedastic,5,213003,400,0.2,checkpoint_diagnostic_fit_seconds_180,fit_seconds,180,0.119614056,7200,179.107968
p2-main-heteroscedastic-d5-s213003-B400-c0.5-none,heteroscedastic,5,213003,400,0.5,checkpoint_diagnostic_fit_seconds_180,fit_seconds,180,0.0797285053,6800,174.627953
p2-main-heteroscedastic-d5-s213004-B100-c0.2-none,heteroscedastic,5,213004,100,0.2,checkpoint_diagnostic_fit_seconds_180,fit_seconds,180,0.078900598,7050,176.575946
p2-main-heteroscedastic-d5-s213004-B100-c0.5-none,heteroscedastic,5,213004,100,0.5,checkpoint_diagnostic_fit_seconds_180,fit_seconds,180,0.155868823,7000,175.937903
p2-main-heteroscedastic-d5-s213004-B400-c0.2-none,heteroscedastic,5,213004,400,0.2,checkpoint_diagnostic_fit_seconds_180,fit_seconds,180,0.0710762491,6200,154.245552
p2-main-heteroscedastic-d5-s213004-B400-c0.5-none,heteroscedastic,5,213004,400,0.5,checkpoint_diagnostic_fit_seconds_180,fit_seconds,180,0.162687386,5600,138.93201
p2-main-heteroscedastic-d5-s213005-B100-c0.2-none,heteroscedastic,5,213005,100,0.2,checkpoint_diagnostic_fit_seconds_180,fit_seconds,180,0.127249579,5550,115.720237
p2-main-heteroscedastic-d5-s213005-B100-c0.5-none,heteroscedastic,5,213005,100,0.5,checkpoint_diagnostic_fit_seconds_180,fit_seconds,180,0.158364316,4400,92.3039396
p2-main-heteroscedastic-d5-s213005-B400-c0.2-none,heteroscedastic,5,213005,400,0.2,checkpoint_diagnostic_fit_seconds_180,fit_seconds,180,0.0645001469,6150,128.21167
p2-main-heteroscedastic-d5-s213005-B400-c0.5-none,heteroscedastic,5,213005,400,0.5,checkpoint_diagnostic_fit_seconds_180,fit_seconds,180,0.0598624858,8350,167.469012
p2-main-linear-d5-s211001-B100-c0.2-none,linear,5,211001,100,0.2,checkpoint_random_fit_seconds_180,fit_seconds,180,0.0961105675,5450,139.628284
p2-main-linear-d5-s211001-B100-c0.5-none,linear,5,211001,100,0.5,checkpoint_random_fit_seconds_180,fit_seconds,180,0.177715694,5300,133.470865
p2-main-linear-d5-s211001-B400-c0.2-none,linear,5,211001,400,0.2,checkpoint_random_fit_seconds_180,fit_seconds,180,0.0722379386,5250,134.515222
p2-main-linear-d5-s211001-B400-c0.5-none,linear,5,211001,400,0.5,checkpoint_random_fit_seconds_180,fit_seconds,180,0.119613332,6150,160.100981
p2-main-linear-d5-s211002-B100-c0.2-none,linear,5,211002,100,0.2,checkpoint_random_fit_seconds_180,fit_seconds,180,0.167987923,7100,176.204265
p2-main-linear-d5-s211002-B100-c0.5-none,linear,5,211002,100,0.5,checkpoint_random_fit_seconds_180,fit_seconds,180,0.26015075,5700,137.913933
p2-main-linear-d5-s211002-B400-c0.2-none,linear,5,211002,400,0.2,checkpoint_random_fit_seconds_180,fit_seconds,180,0.149723714,5750,140.089409
p2-main-linear-d5-s211002-B400-c0.5-none,linear,5,211002,400,0.5,checkpoint_random_fit_seconds_180,fit_seconds,180,0.244679744,5400,133.072774
p2-main-linear-d5-s211003-B100-c0.2-none,linear,5,211003,100,0.2,checkpoint_random_fit_seconds_180,fit_seconds,180,0.0915381014,6250,154.950062
p2-main-linear-d5-s211003-B100-c0.5-none,linear,5,211003,100,0.5,checkpoint_random_fit_seconds_180,fit_seconds,180,0.148891819,7000,172.925628
p2-main-linear-d5-s211003-B400-c0.2-none,linear,5,211003,400,0.2,checkpoint_random_fit_seconds_180,fit_seconds,180,0.05485597,4800,118.614303
p2-main-linear-d5-s211003-B400-c0.5-none,linear,5,211003,400,0.5,checkpoint_random_fit_seconds_180,fit_seconds,180,0.0584413732,7050,177.201238
p2-main-linear-d5-s211004-B100-c0.2-none,linear,5,211004,100,0.2,checkpoint_random_fit_seconds_180,fit_seconds,180,0.0981462176,7100,172.447432
p2-main-linear-d5-s211004-B100-c0.5-none,linear,5,211004,100,0.5,checkpoint_random_fit_seconds_180,fit_seconds,180,0.34742941,6200,151.664957
p2-main-linear-d5-s211004-B400-c0.2-none,linear,5,211004,400,0.2,checkpoint_random_fit_seconds_180,fit_seconds,180,0.0581403176,6700,164.383375
p2-main-linear-d5-s211004-B400-c0.5-none,linear,5,211004,400,0.5,checkpoint_random_fit_seconds_180,fit_seconds,180,0.360672851,5400,131.146962
p2-main-linear-d5-s211005-B100-c0.2-none,linear,5,211005,100,0.2,checkpoint_random_fit_seconds_180,fit_seconds,180,0.0796955054,5400,132.753381
p2-main-linear-d5-s211005-B100-c0.5-none,linear,5,211005,100,0.5,checkpoint_random_fit_seconds_180,fit_seconds,180,0.0786090444,6300,153.011431
p2-main-linear-d5-s211005-B400-c0.2-none,linear,5,211005,400,0.2,checkpoint_random_fit_seconds_180,fit_seconds,180,0.0708716065,4600,112.940683
p2-main-linear-d5-s211005-B400-c0.5-none,linear,5,211005,400,0.5,checkpoint_random_fit_seconds_180,fit_seconds,180,0.0708716065,6200,148.516753
p2-main-nonlinear-d5-s212001-B100-c0.2-none,nonlinear,5,212001,100,0.2,checkpoint_random_fit_seconds_180,fit_seconds,180,0.0750288665,6100,147.805458
p2-main-nonlinear-d5-s212001-B100-c0.5-none,nonlinear,5,212001,100,0.5,checkpoint_random_fit_seconds_180,fit_seconds,180,0.318806196,4550,110.798711
p2-main-nonlinear-d5-s212001-B400-c0.2-none,nonlinear,5,212001,400,0.2,checkpoint_random_fit_seconds_180,fit_seconds,180,0.100597235,7300,175.123368
p2-main-nonlinear-d5-s212001-B400-c0.5-none,nonlinear,5,212001,400,0.5,checkpoint_random_fit_seconds_180,fit_seconds,180,0.349838724,5750,137.94265
p2-main-nonlinear-d5-s212002-B100-c0.2-none,nonlinear,5,212002,100,0.2,checkpoint_random_fit_seconds_180,fit_seconds,180,0.112988425,5900,144.12952
p2-main-nonlinear-d5-s212002-B100-c0.5-none,nonlinear,5,212002,100,0.5,checkpoint_random_fit_seconds_180,fit_seconds,180,0.161985869,3700,87.9982564
p2-main-nonlinear-d5-s212002-B400-c0.2-none,nonlinear,5,212002,400,0.2,checkpoint_random_fit_seconds_180,fit_seconds,180,0.0811470846,6800,170.815958
p2-main-nonlinear-d5-s212002-B400-c0.5-none,nonlinear,5,212002,400,0.5,checkpoint_random_fit_seconds_180,fit_seconds,180,0.15001636,5150,127.439749
p2-main-nonlinear-d5-s212003-B100-c0.2-none,nonlinear,5,212003,100,0.2,checkpoint_random_fit_seconds_180,fit_seconds,180,0.0866355797,6700,164.833766
p2-main-nonlinear-d5-s212003-B100-c0.5-none,nonlinear,5,212003,100,0.5,checkpoint_random_fit_seconds_180,fit_seconds,180,0.0945469687,6550,160.998359
p2-main-nonlinear-d5-s212003-B400-c0.2-none,nonlinear,5,212003,400,0.2,checkpoint_random_fit_seconds_180,fit_seconds,180,0.0590520067,7000,170.503425
p2-main-nonlinear-d5-s212003-B400-c0.5-none,nonlinear,5,212003,400,0.5,checkpoint_random_fit_seconds_180,fit_seconds,180,0.064971062,7000,170.499019
p2-main-nonlinear-d5-s212004-B100-c0.2-none,nonlinear,5,212004,100,0.2,checkpoint_random_fit_seconds_180,fit_seconds,180,0.0827163433,6000,150.080636
p2-main-nonlinear-d5-s212004-B100-c0.5-none,nonlinear,5,212004,100,0.5,checkpoint_random_fit_seconds_180,fit_seconds,180,0.125822787,6500,164.56586
p2-main-nonlinear-d5-s212004-B400-c0.2-none,nonlinear,5,212004,400,0.2,checkpoint_random_fit_seconds_180,fit_seconds,180,0.0662170748,7050,174.747142
p2-main-nonlinear-d5-s212004-B400-c0.5-none,nonlinear,5,212004,400,0.5,checkpoint_random_fit_seconds_180,fit_seconds,180,0.0824025087,7000,173.03272
p2-main-nonlinear-d5-s212005-B100-c0.2-none,nonlinear,5,212005,100,0.2,checkpoint_random_fit_seconds_180,fit_seconds,180,0.0823548014,4000,103.395815
p2-main-nonlinear-d5-s212005-B100-c0.5-none,nonlinear,5,212005,100,0.5,checkpoint_random_fit_seconds_180,fit_seconds,180,0.117159694,5750,147.027658
p2-main-nonlinear-d5-s212005-B400-c0.2-none,nonlinear,5,212005,400,0.2,checkpoint_random_fit_seconds_180,fit_seconds,180,0.0820032308,5600,139.532288
p2-main-nonlinear-d5-s212005-B400-c0.5-none,nonlinear,5,212005,400,0.5,checkpoint_random_fit_seconds_180,fit_seconds,180,0.127313286,6750,173.622666
p2-main-heteroscedastic-d5-s213001-B100-c0.2-none,heteroscedastic,5,213001,100,0.2,checkpoint_random_fit_seconds_180,fit_seconds,180,0.321212207,4100,103.871896
p2-main-heteroscedastic-d5-s213001-B100-c0.5-none,heteroscedastic,5,213001,100,0.5,checkpoint_random_fit_seconds_180,fit_seconds,180,0.371735071,5650,144.37985
p2-main-heteroscedastic-d5-s213001-B400-c0.2-none,heteroscedastic,5,213001,400,0.2,checkpoint_random_fit_seconds_180,fit_seconds,180,0.0453310596,6600,153.190056
p2-main-heteroscedastic-d5-s213001-B400-c0.5-none,heteroscedastic,5,213001,400,0.5,checkpoint_random_fit_seconds_180,fit_seconds,180,0.133359522,7000,164.835871
p2-main-heteroscedastic-d5-s213002-B100-c0.2-none,heteroscedastic,5,213002,100,0.2,checkpoint_random_fit_seconds_180,fit_seconds,180,0.0666200717,6700,161.953647
p2-main-heteroscedastic-d5-s213002-B100-c0.5-none,heteroscedastic,5,213002,100,0.5,checkpoint_random_fit_seconds_180,fit_seconds,180,0.0674870883,6600,160.098471
p2-main-heteroscedastic-d5-s213002-B400-c0.2-none,heteroscedastic,5,213002,400,0.2,checkpoint_random_fit_seconds_180,fit_seconds,180,0.092699488,6300,154.657527
p2-main-heteroscedastic-d5-s213002-B400-c0.5-none,heteroscedastic,5,213002,400,0.5,checkpoint_random_fit_seconds_180,fit_seconds,180,0.109931389,6500,158.901254
p2-main-heteroscedastic-d5-s213003-B100-c0.2-none,heteroscedastic,5,213003,100,0.2,checkpoint_random_fit_seconds_180,fit_seconds,180,0.30209143,4100,97.4543028
p2-main-heteroscedastic-d5-s213003-B100-c0.5-none,heteroscedastic,5,213003,100,0.5,checkpoint_random_fit_seconds_180,fit_seconds,180,0.201219392,3900,98.4181739
p2-main-heteroscedastic-d5-s213003-B400-c0.2-none,heteroscedastic,5,213003,400,0.2,checkpoint_random_fit_seconds_180,fit_seconds,180,0.349091291,6650,167.223224
p2-main-heteroscedastic-d5-s213003-B400-c0.5-none,heteroscedastic,5,213003,400,0.5,checkpoint_random_fit_seconds_180,fit_seconds,180,0.231210113,7100,179.31174
p2-main-heteroscedastic-d5-s213004-B100-c0.2-none,heteroscedastic,5,213004,100,0.2,checkpoint_random_fit_seconds_180,fit_seconds,180,0.268024544,7100,178.642598
p2-main-heteroscedastic-d5-s213004-B100-c0.5-none,heteroscedastic,5,213004,100,0.5,checkpoint_random_fit_seconds_180,fit_seconds,180,0.0890709286,7050,177.91667
p2-main-heteroscedastic-d5-s213004-B400-c0.2-none,heteroscedastic,5,213004,400,0.2,checkpoint_random_fit_seconds_180,fit_seconds,180,0.287883431,7100,177.795827
p2-main-heteroscedastic-d5-s213004-B400-c0.5-none,heteroscedastic,5,213004,400,0.5,checkpoint_random_fit_seconds_180,fit_seconds,180,0.162687386,7050,177.13969
p2-main-heteroscedastic-d5-s213005-B100-c0.2-none,heteroscedastic,5,213005,100,0.2,checkpoint_random_fit_seconds_180,fit_seconds,180,0.0826224883,5500,114.06379
p2-main-heteroscedastic-d5-s213005-B100-c0.5-none,heteroscedastic,5,213005,100,0.5,checkpoint_random_fit_seconds_180,fit_seconds,180,0.164865817,5450,112.302696
p2-main-heteroscedastic-d5-s213005-B400-c0.2-none,heteroscedastic,5,213005,400,0.2,checkpoint_random_fit_seconds_180,fit_seconds,180,0.0645001469,6300,130.551635
p2-main-heteroscedastic-d5-s213005-B400-c0.5-none,heteroscedastic,5,213005,400,0.5,checkpoint_random_fit_seconds_180,fit_seconds,180,0.0598624858,7200,144.639191
p2-main-linear-d5-s211001-B100-c0.2-none,linear,5,211001,100,0.2,checkpoint_diagnostic_fit_seconds_240,fit_seconds,240,0.0961105675,6500,165.470542
p2-main-linear-d5-s211001-B100-c0.5-none,linear,5,211001,100,0.5,checkpoint_diagnostic_fit_seconds_240,fit_seconds,240,0.109175121,5900,147.386798
p2-main-linear-d5-s211001-B400-c0.2-none,linear,5,211001,400,0.2,checkpoint_diagnostic_fit_seconds_240,fit_seconds,240,0.0733200908,4900,126.198029
p2-main-linear-d5-s211001-B400-c0.5-none,linear,5,211001,400,0.5,checkpoint_diagnostic_fit_seconds_240,fit_seconds,240,0.127537012,6300,165.569516
p2-main-linear-d5-s211002-B100-c0.2-none,linear,5,211002,100,0.2,checkpoint_diagnostic_fit_seconds_240,fit_seconds,240,0.190943524,6000,147.304333
p2-main-linear-d5-s211002-B100-c0.5-none,linear,5,211002,100,0.5,checkpoint_diagnostic_fit_seconds_240,fit_seconds,240,0.144098664,8300,198.417527
p2-main-linear-d5-s211002-B400-c0.2-none,linear,5,211002,400,0.2,checkpoint_diagnostic_fit_seconds_240,fit_seconds,240,0.0841981893,5300,128.085347
p2-main-linear-d5-s211002-B400-c0.5-none,linear,5,211002,400,0.5,checkpoint_diagnostic_fit_seconds_240,fit_seconds,240,0.0841981893,7500,186.170215
p2-main-linear-d5-s211003-B100-c0.2-none,linear,5,211003,100,0.2,checkpoint_diagnostic_fit_seconds_240,fit_seconds,240,0.0829384103,7100,174.833514
p2-main-linear-d5-s211003-B100-c0.5-none,linear,5,211003,100,0.5,checkpoint_diagnostic_fit_seconds_240,fit_seconds,240,0.148891819,8600,212.913335
p2-main-linear-d5-s211003-B400-c0.2-none,linear,5,211003,400,0.2,checkpoint_diagnostic_fit_seconds_240,fit_seconds,240,0.05485597,7950,198.781173
p2-main-linear-d5-s211003-B400-c0.5-none,linear,5,211003,400,0.5,checkpoint_diagnostic_fit_seconds_240,fit_seconds,240,0.0589657376,9350,234.02965
p2-main-linear-d5-s211004-B100-c0.2-none,linear,5,211004,100,0.2,checkpoint_diagnostic_fit_seconds_240,fit_seconds,240,0.175111274,6600,164.24544
p2-main-linear-d5-s211004-B100-c0.5-none,linear,5,211004,100,0.5,checkpoint_diagnostic_fit_seconds_240,fit_seconds,240,0.30910478,7200,179.306054
p2-main-linear-d5-s211004-B400-c0.2-none,linear,5,211004,400,0.2,checkpoint_diagnostic_fit_seconds_240,fit_seconds,240,0.0647349196,5150,122.025068
p2-main-linear-d5-s211004-B400-c0.5-none,linear,5,211004,400,0.5,checkpoint_diagnostic_fit_seconds_240,fit_seconds,240,0.0563385797,7900,194.887218
p2-main-linear-d5-s211005-B100-c0.2-none,linear,5,211005,100,0.2,checkpoint_diagnostic_fit_seconds_240,fit_seconds,240,0.0796955054,4550,111.293923
p2-main-linear-d5-s211005-B100-c0.5-none,linear,5,211005,100,0.5,checkpoint_diagnostic_fit_seconds_240,fit_seconds,240,0.0796955054,7350,176.267009
p2-main-linear-d5-s211005-B400-c0.2-none,linear,5,211005,400,0.2,checkpoint_diagnostic_fit_seconds_240,fit_seconds,240,0.0721770947,5450,131.863196
p2-main-linear-d5-s211005-B400-c0.5-none,linear,5,211005,400,0.5,checkpoint_diagnostic_fit_seconds_240,fit_seconds,240,0.0721770947,7700,188.201722
p2-main-nonlinear-d5-s212001-B100-c0.2-none,nonlinear,5,212001,100,0.2,checkpoint_diagnostic_fit_seconds_240,fit_seconds,240,0.173533442,5400,129.747352
p2-main-nonlinear-d5-s212001-B100-c0.5-none,nonlinear,5,212001,100,0.5,checkpoint_diagnostic_fit_seconds_240,fit_seconds,240,0.0750288665,6800,165.289174
p2-main-nonlinear-d5-s212001-B400-c0.2-none,nonlinear,5,212001,400,0.2,checkpoint_diagnostic_fit_seconds_240,fit_seconds,240,0.100597235,8600,207.898124
p2-main-nonlinear-d5-s212001-B400-c0.5-none,nonlinear,5,212001,400,0.5,checkpoint_diagnostic_fit_seconds_240,fit_seconds,240,0.100597235,8050,195.460441
p2-main-nonlinear-d5-s212002-B100-c0.2-none,nonlinear,5,212002,100,0.2,checkpoint_diagnostic_fit_seconds_240,fit_seconds,240,0.0919633533,4750,111.970044
p2-main-nonlinear-d5-s212002-B100-c0.5-none,nonlinear,5,212002,100,0.5,checkpoint_diagnostic_fit_seconds_240,fit_seconds,240,0.0977151667,6100,146.182816
p2-main-nonlinear-d5-s212002-B400-c0.2-none,nonlinear,5,212002,400,0.2,checkpoint_diagnostic_fit_seconds_240,fit_seconds,240,0.0883816704,6350,157.886167
p2-main-nonlinear-d5-s212002-B400-c0.5-none,nonlinear,5,212002,400,0.5,checkpoint_diagnostic_fit_seconds_240,fit_seconds,240,0.0811470846,9200,227.752565
p2-main-nonlinear-d5-s212003-B100-c0.2-none,nonlinear,5,212003,100,0.2,checkpoint_diagnostic_fit_seconds_240,fit_seconds,240,0.0699832502,7950,195.334893
p2-main-nonlinear-d5-s212003-B100-c0.5-none,nonlinear,5,212003,100,0.5,checkpoint_diagnostic_fit_seconds_240,fit_seconds,240,0.138999254,7250,176.354083
p2-main-nonlinear-d5-s212003-B400-c0.2-none,nonlinear,5,212003,400,0.2,checkpoint_diagnostic_fit_seconds_240,fit_seconds,240,0.0783856846,9200,220.879553
p2-main-nonlinear-d5-s212003-B400-c0.5-none,nonlinear,5,212003,400,0.5,checkpoint_diagnostic_fit_seconds_240,fit_seconds,240,0.134731236,8250,199.639157
p2-main-nonlinear-d5-s212004-B100-c0.2-none,nonlinear,5,212004,100,0.2,checkpoint_diagnostic_fit_seconds_240,fit_seconds,240,0.0796816945,6300,159.321328
p2-main-nonlinear-d5-s212004-B100-c0.5-none,nonlinear,5,212004,100,0.5,checkpoint_diagnostic_fit_seconds_240,fit_seconds,240,0.0827163433,6250,156.552883
p2-main-nonlinear-d5-s212004-B400-c0.2-none,nonlinear,5,212004,400,0.2,checkpoint_diagnostic_fit_seconds_240,fit_seconds,240,0.0662170748,7800,194.594194
p2-main-nonlinear-d5-s212004-B400-c0.5-none,nonlinear,5,212004,400,0.5,checkpoint_diagnostic_fit_seconds_240,fit_seconds,240,0.0824025087,4400,110.380156
p2-main-nonlinear-d5-s212005-B100-c0.2-none,nonlinear,5,212005,100,0.2,checkpoint_diagnostic_fit_seconds_240,fit_seconds,240,0.0885032589,5350,136.478698
p2-main-nonlinear-d5-s212005-B100-c0.5-none,nonlinear,5,212005,100,0.5,checkpoint_diagnostic_fit_seconds_240,fit_seconds,240,0.0850845811,6800,175.746608
p2-main-nonlinear-d5-s212005-B400-c0.2-none,nonlinear,5,212005,400,0.2,checkpoint_diagnostic_fit_seconds_240,fit_seconds,240,0.0820032308,5400,130.681514
p2-main-nonlinear-d5-s212005-B400-c0.5-none,nonlinear,5,212005,400,0.5,checkpoint_diagnostic_fit_seconds_240,fit_seconds,240,0.129143409,8150,209.371435
p2-main-heteroscedastic-d5-s213001-B100-c0.2-none,heteroscedastic,5,213001,100,0.2,checkpoint_diagnostic_fit_seconds_240,fit_seconds,240,0.305800349,5850,155.412819
p2-main-heteroscedastic-d5-s213001-B100-c0.5-none,heteroscedastic,5,213001,100,0.5,checkpoint_diagnostic_fit_seconds_240,fit_seconds,240,0.371735071,6500,171.34426
p2-main-heteroscedastic-d5-s213001-B400-c0.2-none,heteroscedastic,5,213001,400,0.2,checkpoint_diagnostic_fit_seconds_240,fit_seconds,240,0.0430853665,6600,151.278645
p2-main-heteroscedastic-d5-s213001-B400-c0.5-none,heteroscedastic,5,213001,400,0.5,checkpoint_diagnostic_fit_seconds_240,fit_seconds,240,0.0477863699,8450,195.985928
p2-main-heteroscedastic-d5-s213002-B100-c0.2-none,heteroscedastic,5,213002,100,0.2,checkpoint_diagnostic_fit_seconds_240,fit_seconds,240,0.0666200717,6500,157.919758
p2-main-heteroscedastic-d5-s213002-B100-c0.5-none,heteroscedastic,5,213002,100,0.5,checkpoint_diagnostic_fit_seconds_240,fit_seconds,240,0.0760624235,7500,182.190405
p2-main-heteroscedastic-d5-s213002-B400-c0.2-none,heteroscedastic,5,213002,400,0.2,checkpoint_diagnostic_fit_seconds_240,fit_seconds,240,0.0769955255,6400,156.359495
p2-main-heteroscedastic-d5-s213002-B400-c0.5-none,heteroscedastic,5,213002,400,0.5,checkpoint_diagnostic_fit_seconds_240,fit_seconds,240,0.0544384482,6000,147.113749
p2-main-heteroscedastic-d5-s213003-B100-c0.2-none,heteroscedastic,5,213003,100,0.2,checkpoint_diagnostic_fit_seconds_240,fit_seconds,240,0.150322263,5750,139.575557
p2-main-heteroscedastic-d5-s213003-B100-c0.5-none,heteroscedastic,5,213003,100,0.5,checkpoint_diagnostic_fit_seconds_240,fit_seconds,240,0.132190794,6200,152.445779
p2-main-heteroscedastic-d5-s213003-B400-c0.2-none,heteroscedastic,5,213003,400,0.2,checkpoint_diagnostic_fit_seconds_240,fit_seconds,240,0.071570918,8600,215.838993
p2-main-heteroscedastic-d5-s213003-B400-c0.5-none,heteroscedastic,5,213003,400,0.5,checkpoint_diagnostic_fit_seconds_240,fit_seconds,240,0.0797285053,6800,174.627953
p2-main-heteroscedastic-d5-s213004-B100-c0.2-none,heteroscedastic,5,213004,100,0.2,checkpoint_diagnostic_fit_seconds_240,fit_seconds,240,0.078900598,8100,205.27594
p2-main-heteroscedastic-d5-s213004-B100-c0.5-none,heteroscedastic,5,213004,100,0.5,checkpoint_diagnostic_fit_seconds_240,fit_seconds,240,0.155868823,7000,175.937903
p2-main-heteroscedastic-d5-s213004-B400-c0.2-none,heteroscedastic,5,213004,400,0.2,checkpoint_diagnostic_fit_seconds_240,fit_seconds,240,0.0850312586,9300,231.249301
p2-main-heteroscedastic-d5-s213004-B400-c0.5-none,heteroscedastic,5,213004,400,0.5,checkpoint_diagnostic_fit_seconds_240,fit_seconds,240,0.154566906,8900,225.253693
p2-main-heteroscedastic-d5-s213005-B100-c0.2-none,heteroscedastic,5,213005,100,0.2,checkpoint_diagnostic_fit_seconds_240,fit_seconds,240,0.127249579,5550,115.720237
p2-main-heteroscedastic-d5-s213005-B100-c0.5-none,heteroscedastic,5,213005,100,0.5,checkpoint_diagnostic_fit_seconds_240,fit_seconds,240,0.158364316,4400,92.3039396
p2-main-heteroscedastic-d5-s213005-B400-c0.2-none,heteroscedastic,5,213005,400,0.2,checkpoint_diagnostic_fit_seconds_240,fit_seconds,240,0.0645001469,6150,128.21167
p2-main-heteroscedastic-d5-s213005-B400-c0.5-none,heteroscedastic,5,213005,400,0.5,checkpoint_diagnostic_fit_seconds_240,fit_seconds,240,0.0598624858,8350,167.469012
p2-main-linear-d5-s211001-B100-c0.2-none,linear,5,211001,100,0.2,checkpoint_random_fit_seconds_240,fit_seconds,240,0.0961105675,5450,139.628284
p2-main-linear-d5-s211001-B100-c0.5-none,linear,5,211001,100,0.5,checkpoint_random_fit_seconds_240,fit_seconds,240,0.177715694,5300,133.470865
p2-main-linear-d5-s211001-B400-c0.2-none,linear,5,211001,400,0.2,checkpoint_random_fit_seconds_240,fit_seconds,240,0.0722379386,5250,134.515222
p2-main-linear-d5-s211001-B400-c0.5-none,linear,5,211001,400,0.5,checkpoint_random_fit_seconds_240,fit_seconds,240,0.119613332,6150,160.100981
p2-main-linear-d5-s211002-B100-c0.2-none,linear,5,211002,100,0.2,checkpoint_random_fit_seconds_240,fit_seconds,240,0.167987923,7100,176.204265
p2-main-linear-d5-s211002-B100-c0.5-none,linear,5,211002,100,0.5,checkpoint_random_fit_seconds_240,fit_seconds,240,0.26015075,5700,137.913933
p2-main-linear-d5-s211002-B400-c0.2-none,linear,5,211002,400,0.2,checkpoint_random_fit_seconds_240,fit_seconds,240,0.149723714,5750,140.089409
p2-main-linear-d5-s211002-B400-c0.5-none,linear,5,211002,400,0.5,checkpoint_random_fit_seconds_240,fit_seconds,240,0.244679744,5400,133.072774
p2-main-linear-d5-s211003-B100-c0.2-none,linear,5,211003,100,0.2,checkpoint_random_fit_seconds_240,fit_seconds,240,0.0915381014,6250,154.950062
p2-main-linear-d5-s211003-B100-c0.5-none,linear,5,211003,100,0.5,checkpoint_random_fit_seconds_240,fit_seconds,240,0.148891819,7400,183.326587
p2-main-linear-d5-s211003-B400-c0.2-none,linear,5,211003,400,0.2,checkpoint_random_fit_seconds_240,fit_seconds,240,0.05485597,4800,118.614303
p2-main-linear-d5-s211003-B400-c0.5-none,linear,5,211003,400,0.5,checkpoint_random_fit_seconds_240,fit_seconds,240,0.0584413732,7050,177.201238
p2-main-linear-d5-s211004-B100-c0.2-none,linear,5,211004,100,0.2,checkpoint_random_fit_seconds_240,fit_seconds,240,0.0981462176,7100,172.447432
p2-main-linear-d5-s211004-B100-c0.5-none,linear,5,211004,100,0.5,checkpoint_random_fit_seconds_240,fit_seconds,240,0.34742941,6200,151.664957
p2-main-linear-d5-s211004-B400-c0.2-none,linear,5,211004,400,0.2,checkpoint_random_fit_seconds_240,fit_seconds,240,0.0581403176,6700,164.383375
p2-main-linear-d5-s211004-B400-c0.5-none,linear,5,211004,400,0.5,checkpoint_random_fit_seconds_240,fit_seconds,240,0.360672851,5400,131.146962
p2-main-linear-d5-s211005-B100-c0.2-none,linear,5,211005,100,0.2,checkpoint_random_fit_seconds_240,fit_seconds,240,0.0796955054,5400,132.753381
p2-main-linear-d5-s211005-B100-c0.5-none,linear,5,211005,100,0.5,checkpoint_random_fit_seconds_240,fit_seconds,240,0.0786090444,6300,153.011431
p2-main-linear-d5-s211005-B400-c0.2-none,linear,5,211005,400,0.2,checkpoint_random_fit_seconds_240,fit_seconds,240,0.0708716065,4600,112.940683
p2-main-linear-d5-s211005-B400-c0.5-none,linear,5,211005,400,0.5,checkpoint_random_fit_seconds_240,fit_seconds,240,0.0708716065,6200,148.516753
p2-main-nonlinear-d5-s212001-B100-c0.2-none,nonlinear,5,212001,100,0.2,checkpoint_random_fit_seconds_240,fit_seconds,240,0.0750288665,6100,147.805458
p2-main-nonlinear-d5-s212001-B100-c0.5-none,nonlinear,5,212001,100,0.5,checkpoint_random_fit_seconds_240,fit_seconds,240,0.318806196,4550,110.798711
p2-main-nonlinear-d5-s212001-B400-c0.2-none,nonlinear,5,212001,400,0.2,checkpoint_random_fit_seconds_240,fit_seconds,240,0.100597235,8000,192.504962
p2-main-nonlinear-d5-s212001-B400-c0.5-none,nonlinear,5,212001,400,0.5,checkpoint_random_fit_seconds_240,fit_seconds,240,0.349838724,5750,137.94265
p2-main-nonlinear-d5-s212002-B100-c0.2-none,nonlinear,5,212002,100,0.2,checkpoint_random_fit_seconds_240,fit_seconds,240,0.112988425,5900,144.12952
p2-main-nonlinear-d5-s212002-B100-c0.5-none,nonlinear,5,212002,100,0.5,checkpoint_random_fit_seconds_240,fit_seconds,240,0.161985869,3700,87.9982564
p2-main-nonlinear-d5-s212002-B400-c0.2-none,nonlinear,5,212002,400,0.2,checkpoint_random_fit_seconds_240,fit_seconds,240,0.0811470846,6800,170.815958
p2-main-nonlinear-d5-s212002-B400-c0.5-none,nonlinear,5,212002,400,0.5,checkpoint_random_fit_seconds_240,fit_seconds,240,0.15001636,5150,127.439749
p2-main-nonlinear-d5-s212003-B100-c0.2-none,nonlinear,5,212003,100,0.2,checkpoint_random_fit_seconds_240,fit_seconds,240,0.0866355797,6700,164.833766
p2-main-nonlinear-d5-s212003-B100-c0.5-none,nonlinear,5,212003,100,0.5,checkpoint_random_fit_seconds_240,fit_seconds,240,0.0765925075,7350,180.502816
p2-main-nonlinear-d5-s212003-B400-c0.2-none,nonlinear,5,212003,400,0.2,checkpoint_random_fit_seconds_240,fit_seconds,240,0.0590520067,7000,170.503425
p2-main-nonlinear-d5-s212003-B400-c0.5-none,nonlinear,5,212003,400,0.5,checkpoint_random_fit_seconds_240,fit_seconds,240,0.064971062,8650,210.526345
p2-main-nonlinear-d5-s212004-B100-c0.2-none,nonlinear,5,212004,100,0.2,checkpoint_random_fit_seconds_240,fit_seconds,240,0.0827163433,6000,150.080636
p2-main-nonlinear-d5-s212004-B100-c0.5-none,nonlinear,5,212004,100,0.5,checkpoint_random_fit_seconds_240,fit_seconds,240,0.125822787,6500,164.56586
p2-main-nonlinear-d5-s212004-B400-c0.2-none,nonlinear,5,212004,400,0.2,checkpoint_random_fit_seconds_240,fit_seconds,240,0.0662170748,7050,174.747142
p2-main-nonlinear-d5-s212004-B400-c0.5-none,nonlinear,5,212004,400,0.5,checkpoint_random_fit_seconds_240,fit_seconds,240,0.0824025087,7000,173.03272
p2-main-nonlinear-d5-s212005-B100-c0.2-none,nonlinear,5,212005,100,0.2,checkpoint_random_fit_seconds_240,fit_seconds,240,0.0823548014,4000,103.395815
p2-main-nonlinear-d5-s212005-B100-c0.5-none,nonlinear,5,212005,100,0.5,checkpoint_random_fit_seconds_240,fit_seconds,240,0.117159694,5750,147.027658
p2-main-nonlinear-d5-s212005-B400-c0.2-none,nonlinear,5,212005,400,0.2,checkpoint_random_fit_seconds_240,fit_seconds,240,0.0820032308,5600,139.532288
p2-main-nonlinear-d5-s212005-B400-c0.5-none,nonlinear,5,212005,400,0.5,checkpoint_random_fit_seconds_240,fit_seconds,240,0.127313286,7050,182.535928
p2-main-heteroscedastic-d5-s213001-B100-c0.2-none,heteroscedastic,5,213001,100,0.2,checkpoint_random_fit_seconds_240,fit_seconds,240,0.321212207,4100,103.871896
p2-main-heteroscedastic-d5-s213001-B100-c0.5-none,heteroscedastic,5,213001,100,0.5,checkpoint_random_fit_seconds_240,fit_seconds,240,0.371735071,5650,144.37985
p2-main-heteroscedastic-d5-s213001-B400-c0.2-none,heteroscedastic,5,213001,400,0.2,checkpoint_random_fit_seconds_240,fit_seconds,240,0.0453310596,6600,153.190056
p2-main-heteroscedastic-d5-s213001-B400-c0.5-none,heteroscedastic,5,213001,400,0.5,checkpoint_random_fit_seconds_240,fit_seconds,240,0.133359522,7000,164.835871
p2-main-heteroscedastic-d5-s213002-B100-c0.2-none,heteroscedastic,5,213002,100,0.2,checkpoint_random_fit_seconds_240,fit_seconds,240,0.0666200717,6700,161.953647
p2-main-heteroscedastic-d5-s213002-B100-c0.5-none,heteroscedastic,5,213002,100,0.5,checkpoint_random_fit_seconds_240,fit_seconds,240,0.0674870883,6600,160.098471
p2-main-heteroscedastic-d5-s213002-B400-c0.2-none,heteroscedastic,5,213002,400,0.2,checkpoint_random_fit_seconds_240,fit_seconds,240,0.092699488,6300,154.657527
p2-main-heteroscedastic-d5-s213002-B400-c0.5-none,heteroscedastic,5,213002,400,0.5,checkpoint_random_fit_seconds_240,fit_seconds,240,0.109931389,6500,158.901254
p2-main-heteroscedastic-d5-s213003-B100-c0.2-none,heteroscedastic,5,213003,100,0.2,checkpoint_random_fit_seconds_240,fit_seconds,240,0.30209143,4100,97.4543028
p2-main-heteroscedastic-d5-s213003-B100-c0.5-none,heteroscedastic,5,213003,100,0.5,checkpoint_random_fit_seconds_240,fit_seconds,240,0.201219392,3900,98.4181739
p2-main-heteroscedastic-d5-s213003-B400-c0.2-none,heteroscedastic,5,213003,400,0.2,checkpoint_random_fit_seconds_240,fit_seconds,240,0.349091291,7800,196.628873
p2-main-heteroscedastic-d5-s213003-B400-c0.5-none,heteroscedastic,5,213003,400,0.5,checkpoint_random_fit_seconds_240,fit_seconds,240,0.231210113,7100,179.31174
p2-main-heteroscedastic-d5-s213004-B100-c0.2-none,heteroscedastic,5,213004,100,0.2,checkpoint_random_fit_seconds_240,fit_seconds,240,0.278302133,7700,195.035938
p2-main-heteroscedastic-d5-s213004-B100-c0.5-none,heteroscedastic,5,213004,100,0.5,checkpoint_random_fit_seconds_240,fit_seconds,240,0.0890709286,7600,191.602705
p2-main-heteroscedastic-d5-s213004-B400-c0.2-none,heteroscedastic,5,213004,400,0.2,checkpoint_random_fit_seconds_240,fit_seconds,240,0.287883431,8600,213.562598
p2-main-heteroscedastic-d5-s213004-B400-c0.5-none,heteroscedastic,5,213004,400,0.5,checkpoint_random_fit_seconds_240,fit_seconds,240,0.0728884488,9300,231.467973
p2-main-heteroscedastic-d5-s213005-B100-c0.2-none,heteroscedastic,5,213005,100,0.2,checkpoint_random_fit_seconds_240,fit_seconds,240,0.0826224883,5500,114.06379
p2-main-heteroscedastic-d5-s213005-B100-c0.5-none,heteroscedastic,5,213005,100,0.5,checkpoint_random_fit_seconds_240,fit_seconds,240,0.164865817,5450,112.302696
p2-main-heteroscedastic-d5-s213005-B400-c0.2-none,heteroscedastic,5,213005,400,0.2,checkpoint_random_fit_seconds_240,fit_seconds,240,0.0645001469,6300,130.551635
p2-main-heteroscedastic-d5-s213005-B400-c0.5-none,heteroscedastic,5,213005,400,0.5,checkpoint_random_fit_seconds_240,fit_seconds,240,0.0598624858,7200,144.639191
p2-main-linear-d5-s211001-B100-c0.2-none,linear,5,211001,100,0.2,checkpoint_diagnostic_fit_seconds_360,fit_seconds,360,0.0961105675,6500,165.470542
p2-main-linear-d5-s211001-B100-c0.5-none,linear,5,211001,100,0.5,checkpoint_diagnostic_fit_seconds_360,fit_seconds,360,0.109175121,5900,147.386798
p2-main-linear-d5-s211001-B400-c0.2-none,linear,5,211001,400,0.2,checkpoint_diagnostic_fit_seconds_360,fit_seconds,360,0.0733200908,4900,126.198029
p2-main-linear-d5-s211001-B400-c0.5-none,linear,5,211001,400,0.5,checkpoint_diagnostic_fit_seconds_360,fit_seconds,360,0.127537012,6300,165.569516
p2-main-linear-d5-s211002-B100-c0.2-none,linear,5,211002,100,0.2,checkpoint_diagnostic_fit_seconds_360,fit_seconds,360,0.190943524,6000,147.304333
p2-main-linear-d5-s211002-B100-c0.5-none,linear,5,211002,100,0.5,checkpoint_diagnostic_fit_seconds_360,fit_seconds,360,0.144098664,8300,198.417527
p2-main-linear-d5-s211002-B400-c0.2-none,linear,5,211002,400,0.2,checkpoint_diagnostic_fit_seconds_360,fit_seconds,360,0.0841981893,5300,128.085347
p2-main-linear-d5-s211002-B400-c0.5-none,linear,5,211002,400,0.5,checkpoint_diagnostic_fit_seconds_360,fit_seconds,360,0.0841981893,7500,186.170215
p2-main-linear-d5-s211003-B100-c0.2-none,linear,5,211003,100,0.2,checkpoint_diagnostic_fit_seconds_360,fit_seconds,360,0.0829384103,7100,174.833514
p2-main-linear-d5-s211003-B100-c0.5-none,linear,5,211003,100,0.5,checkpoint_diagnostic_fit_seconds_360,fit_seconds,360,0.148891819,8600,212.913335
p2-main-linear-d5-s211003-B400-c0.2-none,linear,5,211003,400,0.2,checkpoint_diagnostic_fit_seconds_360,fit_seconds,360,0.05485597,7950,198.781173
p2-main-linear-d5-s211003-B400-c0.5-none,linear,5,211003,400,0.5,checkpoint_diagnostic_fit_seconds_360,fit_seconds,360,0.0589657376,9350,234.02965
p2-main-linear-d5-s211004-B100-c0.2-none,linear,5,211004,100,0.2,checkpoint_diagnostic_fit_seconds_360,fit_seconds,360,0.175111274,6600,164.24544
p2-main-linear-d5-s211004-B100-c0.5-none,linear,5,211004,100,0.5,checkpoint_diagnostic_fit_seconds_360,fit_seconds,360,0.30910478,7200,179.306054
p2-main-linear-d5-s211004-B400-c0.2-none,linear,5,211004,400,0.2,checkpoint_diagnostic_fit_seconds_360,fit_seconds,360,0.0647349196,5150,122.025068
p2-main-linear-d5-s211004-B400-c0.5-none,linear,5,211004,400,0.5,checkpoint_diagnostic_fit_seconds_360,fit_seconds,360,0.0563385797,7900,194.887218
p2-main-linear-d5-s211005-B100-c0.2-none,linear,5,211005,100,0.2,checkpoint_diagnostic_fit_seconds_360,fit_seconds,360,0.0796955054,4550,111.293923
p2-main-linear-d5-s211005-B100-c0.5-none,linear,5,211005,100,0.5,checkpoint_diagnostic_fit_seconds_360,fit_seconds,360,0.0796955054,7350,176.267009
p2-main-linear-d5-s211005-B400-c0.2-none,linear,5,211005,400,0.2,checkpoint_diagnostic_fit_seconds_360,fit_seconds,360,0.0721770947,5450,131.863196
p2-main-linear-d5-s211005-B400-c0.5-none,linear,5,211005,400,0.5,checkpoint_diagnostic_fit_seconds_360,fit_seconds,360,0.0721770947,7700,188.201722
p2-main-nonlinear-d5-s212001-B100-c0.2-none,nonlinear,5,212001,100,0.2,checkpoint_diagnostic_fit_seconds_360,fit_seconds,360,0.173533442,5400,129.747352
p2-main-nonlinear-d5-s212001-B100-c0.5-none,nonlinear,5,212001,100,0.5,checkpoint_diagnostic_fit_seconds_360,fit_seconds,360,0.0750288665,6800,165.289174
p2-main-nonlinear-d5-s212001-B400-c0.2-none,nonlinear,5,212001,400,0.2,checkpoint_diagnostic_fit_seconds_360,fit_seconds,360,0.100597235,8600,207.898124
p2-main-nonlinear-d5-s212001-B400-c0.5-none,nonlinear,5,212001,400,0.5,checkpoint_diagnostic_fit_seconds_360,fit_seconds,360,0.100597235,8050,195.460441
p2-main-nonlinear-d5-s212002-B100-c0.2-none,nonlinear,5,212002,100,0.2,checkpoint_diagnostic_fit_seconds_360,fit_seconds,360,0.0919633533,4750,111.970044
p2-main-nonlinear-d5-s212002-B100-c0.5-none,nonlinear,5,212002,100,0.5,checkpoint_diagnostic_fit_seconds_360,fit_seconds,360,0.0977151667,6100,146.182816
p2-main-nonlinear-d5-s212002-B400-c0.2-none,nonlinear,5,212002,400,0.2,checkpoint_diagnostic_fit_seconds_360,fit_seconds,360,0.0883816704,6350,157.886167
p2-main-nonlinear-d5-s212002-B400-c0.5-none,nonlinear,5,212002,400,0.5,checkpoint_diagnostic_fit_seconds_360,fit_seconds,360,0.0811470846,9200,227.752565
p2-main-nonlinear-d5-s212003-B100-c0.2-none,nonlinear,5,212003,100,0.2,checkpoint_diagnostic_fit_seconds_360,fit_seconds,360,0.0699832502,7950,195.334893
p2-main-nonlinear-d5-s212003-B100-c0.5-none,nonlinear,5,212003,100,0.5,checkpoint_diagnostic_fit_seconds_360,fit_seconds,360,0.138999254,7250,176.354083
p2-main-nonlinear-d5-s212003-B400-c0.2-none,nonlinear,5,212003,400,0.2,checkpoint_diagnostic_fit_seconds_360,fit_seconds,360,0.0783856846,9200,220.879553
p2-main-nonlinear-d5-s212003-B400-c0.5-none,nonlinear,5,212003,400,0.5,checkpoint_diagnostic_fit_seconds_360,fit_seconds,360,0.134731236,8250,199.639157
p2-main-nonlinear-d5-s212004-B100-c0.2-none,nonlinear,5,212004,100,0.2,checkpoint_diagnostic_fit_seconds_360,fit_seconds,360,0.0796816945,6300,159.321328
p2-main-nonlinear-d5-s212004-B100-c0.5-none,nonlinear,5,212004,100,0.5,checkpoint_diagnostic_fit_seconds_360,fit_seconds,360,0.0827163433,6250,156.552883
p2-main-nonlinear-d5-s212004-B400-c0.2-none,nonlinear,5,212004,400,0.2,checkpoint_diagnostic_fit_seconds_360,fit_seconds,360,0.0662170748,7800,194.594194
p2-main-nonlinear-d5-s212004-B400-c0.5-none,nonlinear,5,212004,400,0.5,checkpoint_diagnostic_fit_seconds_360,fit_seconds,360,0.0824025087,4400,110.380156
p2-main-nonlinear-d5-s212005-B100-c0.2-none,nonlinear,5,212005,100,0.2,checkpoint_diagnostic_fit_seconds_360,fit_seconds,360,0.0885032589,5350,136.478698
p2-main-nonlinear-d5-s212005-B100-c0.5-none,nonlinear,5,212005,100,0.5,checkpoint_diagnostic_fit_seconds_360,fit_seconds,360,0.0850845811,6800,175.746608
p2-main-nonlinear-d5-s212005-B400-c0.2-none,nonlinear,5,212005,400,0.2,checkpoint_diagnostic_fit_seconds_360,fit_seconds,360,0.0820032308,5400,130.681514
p2-main-nonlinear-d5-s212005-B400-c0.5-none,nonlinear,5,212005,400,0.5,checkpoint_diagnostic_fit_seconds_360,fit_seconds,360,0.129143409,8150,209.371435
p2-main-heteroscedastic-d5-s213001-B100-c0.2-none,heteroscedastic,5,213001,100,0.2,checkpoint_diagnostic_fit_seconds_360,fit_seconds,360,0.305800349,5850,155.412819
p2-main-heteroscedastic-d5-s213001-B100-c0.5-none,heteroscedastic,5,213001,100,0.5,checkpoint_diagnostic_fit_seconds_360,fit_seconds,360,0.371735071,6500,171.34426
p2-main-heteroscedastic-d5-s213001-B400-c0.2-none,heteroscedastic,5,213001,400,0.2,checkpoint_diagnostic_fit_seconds_360,fit_seconds,360,0.0430853665,6600,151.278645
p2-main-heteroscedastic-d5-s213001-B400-c0.5-none,heteroscedastic,5,213001,400,0.5,checkpoint_diagnostic_fit_seconds_360,fit_seconds,360,0.0477863699,8450,195.985928
p2-main-heteroscedastic-d5-s213002-B100-c0.2-none,heteroscedastic,5,213002,100,0.2,checkpoint_diagnostic_fit_seconds_360,fit_seconds,360,0.0666200717,6500,157.919758
p2-main-heteroscedastic-d5-s213002-B100-c0.5-none,heteroscedastic,5,213002,100,0.5,checkpoint_diagnostic_fit_seconds_360,fit_seconds,360,0.0760624235,7500,182.190405
p2-main-heteroscedastic-d5-s213002-B400-c0.2-none,heteroscedastic,5,213002,400,0.2,checkpoint_diagnostic_fit_seconds_360,fit_seconds,360,0.0769955255,6400,156.359495
p2-main-heteroscedastic-d5-s213002-B400-c0.5-none,heteroscedastic,5,213002,400,0.5,checkpoint_diagnostic_fit_seconds_360,fit_seconds,360,0.0544384482,6000,147.113749
p2-main-heteroscedastic-d5-s213003-B100-c0.2-none,heteroscedastic,5,213003,100,0.2,checkpoint_diagnostic_fit_seconds_360,fit_seconds,360,0.150322263,5750,139.575557
p2-main-heteroscedastic-d5-s213003-B100-c0.5-none,heteroscedastic,5,213003,100,0.5,checkpoint_diagnostic_fit_seconds_360,fit_seconds,360,0.132190794,6200,152.445779
p2-main-heteroscedastic-d5-s213003-B400-c0.2-none,heteroscedastic,5,213003,400,0.2,checkpoint_diagnostic_fit_seconds_360,fit_seconds,360,0.071570918,8600,215.838993
p2-main-heteroscedastic-d5-s213003-B400-c0.5-none,heteroscedastic,5,213003,400,0.5,checkpoint_diagnostic_fit_seconds_360,fit_seconds,360,0.0797285053,6800,174.627953
p2-main-heteroscedastic-d5-s213004-B100-c0.2-none,heteroscedastic,5,213004,100,0.2,checkpoint_diagnostic_fit_seconds_360,fit_seconds,360,0.078900598,8100,205.27594
p2-main-heteroscedastic-d5-s213004-B100-c0.5-none,heteroscedastic,5,213004,100,0.5,checkpoint_diagnostic_fit_seconds_360,fit_seconds,360,0.155868823,7000,175.937903
p2-main-heteroscedastic-d5-s213004-B400-c0.2-none,heteroscedastic,5,213004,400,0.2,checkpoint_diagnostic_fit_seconds_360,fit_seconds,360,0.0850312586,9300,231.249301
p2-main-heteroscedastic-d5-s213004-B400-c0.5-none,heteroscedastic,5,213004,400,0.5,checkpoint_diagnostic_fit_seconds_360,fit_seconds,360,0.0728884488,11650,293.009915
p2-main-heteroscedastic-d5-s213005-B100-c0.2-none,heteroscedastic,5,213005,100,0.2,checkpoint_diagnostic_fit_seconds_360,fit_seconds,360,0.127249579,5550,115.720237
p2-main-heteroscedastic-d5-s213005-B100-c0.5-none,heteroscedastic,5,213005,100,0.5,checkpoint_diagnostic_fit_seconds_360,fit_seconds,360,0.158364316,4400,92.3039396
p2-main-heteroscedastic-d5-s213005-B400-c0.2-none,heteroscedastic,5,213005,400,0.2,checkpoint_diagnostic_fit_seconds_360,fit_seconds,360,0.0645001469,6150,128.21167
p2-main-heteroscedastic-d5-s213005-B400-c0.5-none,heteroscedastic,5,213005,400,0.5,checkpoint_diagnostic_fit_seconds_360,fit_seconds,360,0.0598624858,8350,167.469012
p2-main-linear-d5-s211001-B100-c0.2-none,linear,5,211001,100,0.2,checkpoint_random_fit_seconds_360,fit_seconds,360,0.0961105675,5450,139.628284
p2-main-linear-d5-s211001-B100-c0.5-none,linear,5,211001,100,0.5,checkpoint_random_fit_seconds_360,fit_seconds,360,0.177715694,5300,133.470865
p2-main-linear-d5-s211001-B400-c0.2-none,linear,5,211001,400,0.2,checkpoint_random_fit_seconds_360,fit_seconds,360,0.0722379386,5250,134.515222
p2-main-linear-d5-s211001-B400-c0.5-none,linear,5,211001,400,0.5,checkpoint_random_fit_seconds_360,fit_seconds,360,0.119613332,6150,160.100981
p2-main-linear-d5-s211002-B100-c0.2-none,linear,5,211002,100,0.2,checkpoint_random_fit_seconds_360,fit_seconds,360,0.167987923,7100,176.204265
p2-main-linear-d5-s211002-B100-c0.5-none,linear,5,211002,100,0.5,checkpoint_random_fit_seconds_360,fit_seconds,360,0.26015075,5700,137.913933
p2-main-linear-d5-s211002-B400-c0.2-none,linear,5,211002,400,0.2,checkpoint_random_fit_seconds_360,fit_seconds,360,0.149723714,5750,140.089409
p2-main-linear-d5-s211002-B400-c0.5-none,linear,5,211002,400,0.5,checkpoint_random_fit_seconds_360,fit_seconds,360,0.244679744,5400,133.072774
p2-main-linear-d5-s211003-B100-c0.2-none,linear,5,211003,100,0.2,checkpoint_random_fit_seconds_360,fit_seconds,360,0.0915381014,6250,154.950062
p2-main-linear-d5-s211003-B100-c0.5-none,linear,5,211003,100,0.5,checkpoint_random_fit_seconds_360,fit_seconds,360,0.148891819,7400,183.326587
p2-main-linear-d5-s211003-B400-c0.2-none,linear,5,211003,400,0.2,checkpoint_random_fit_seconds_360,fit_seconds,360,0.05485597,4800,118.614303
p2-main-linear-d5-s211003-B400-c0.5-none,linear,5,211003,400,0.5,checkpoint_random_fit_seconds_360,fit_seconds,360,0.0584413732,7050,177.201238
p2-main-linear-d5-s211004-B100-c0.2-none,linear,5,211004,100,0.2,checkpoint_random_fit_seconds_360,fit_seconds,360,0.0981462176,7100,172.447432
p2-main-linear-d5-s211004-B100-c0.5-none,linear,5,211004,100,0.5,checkpoint_random_fit_seconds_360,fit_seconds,360,0.34742941,6200,151.664957
p2-main-linear-d5-s211004-B400-c0.2-none,linear,5,211004,400,0.2,checkpoint_random_fit_seconds_360,fit_seconds,360,0.0581403176,6700,164.383375
p2-main-linear-d5-s211004-B400-c0.5-none,linear,5,211004,400,0.5,checkpoint_random_fit_seconds_360,fit_seconds,360,0.360672851,5400,131.146962
p2-main-linear-d5-s211005-B100-c0.2-none,linear,5,211005,100,0.2,checkpoint_random_fit_seconds_360,fit_seconds,360,0.0796955054,5400,132.753381
p2-main-linear-d5-s211005-B100-c0.5-none,linear,5,211005,100,0.5,checkpoint_random_fit_seconds_360,fit_seconds,360,0.0786090444,6300,153.011431
p2-main-linear-d5-s211005-B400-c0.2-none,linear,5,211005,400,0.2,checkpoint_random_fit_seconds_360,fit_seconds,360,0.0708716065,4600,112.940683
p2-main-linear-d5-s211005-B400-c0.5-none,linear,5,211005,400,0.5,checkpoint_random_fit_seconds_360,fit_seconds,360,0.0708716065,6200,148.516753
p2-main-nonlinear-d5-s212001-B100-c0.2-none,nonlinear,5,212001,100,0.2,checkpoint_random_fit_seconds_360,fit_seconds,360,0.0750288665,6100,147.805458
p2-main-nonlinear-d5-s212001-B100-c0.5-none,nonlinear,5,212001,100,0.5,checkpoint_random_fit_seconds_360,fit_seconds,360,0.318806196,4550,110.798711
p2-main-nonlinear-d5-s212001-B400-c0.2-none,nonlinear,5,212001,400,0.2,checkpoint_random_fit_seconds_360,fit_seconds,360,0.100597235,8000,192.504962
p2-main-nonlinear-d5-s212001-B400-c0.5-none,nonlinear,5,212001,400,0.5,checkpoint_random_fit_seconds_360,fit_seconds,360,0.349838724,5750,137.94265
p2-main-nonlinear-d5-s212002-B100-c0.2-none,nonlinear,5,212002,100,0.2,checkpoint_random_fit_seconds_360,fit_seconds,360,0.112988425,5900,144.12952
p2-main-nonlinear-d5-s212002-B100-c0.5-none,nonlinear,5,212002,100,0.5,checkpoint_random_fit_seconds_360,fit_seconds,360,0.161985869,3700,87.9982564
p2-main-nonlinear-d5-s212002-B400-c0.2-none,nonlinear,5,212002,400,0.2,checkpoint_random_fit_seconds_360,fit_seconds,360,0.0811470846,6800,170.815958
p2-main-nonlinear-d5-s212002-B400-c0.5-none,nonlinear,5,212002,400,0.5,checkpoint_random_fit_seconds_360,fit_seconds,360,0.15001636,5150,127.439749
p2-main-nonlinear-d5-s212003-B100-c0.2-none,nonlinear,5,212003,100,0.2,checkpoint_random_fit_seconds_360,fit_seconds,360,0.0866355797,6700,164.833766
p2-main-nonlinear-d5-s212003-B100-c0.5-none,nonlinear,5,212003,100,0.5,checkpoint_random_fit_seconds_360,fit_seconds,360,0.0765925075,7350,180.502816
p2-main-nonlinear-d5-s212003-B400-c0.2-none,nonlinear,5,212003,400,0.2,checkpoint_random_fit_seconds_360,fit_seconds,360,0.0590520067,7000,170.503425
p2-main-nonlinear-d5-s212003-B400-c0.5-none,nonlinear,5,212003,400,0.5,checkpoint_random_fit_seconds_360,fit_seconds,360,0.064971062,8650,210.526345
p2-main-nonlinear-d5-s212004-B100-c0.2-none,nonlinear,5,212004,100,0.2,checkpoint_random_fit_seconds_360,fit_seconds,360,0.0827163433,6000,150.080636
p2-main-nonlinear-d5-s212004-B100-c0.5-none,nonlinear,5,212004,100,0.5,checkpoint_random_fit_seconds_360,fit_seconds,360,0.125822787,6500,164.56586
p2-main-nonlinear-d5-s212004-B400-c0.2-none,nonlinear,5,212004,400,0.2,checkpoint_random_fit_seconds_360,fit_seconds,360,0.0662170748,7050,174.747142
p2-main-nonlinear-d5-s212004-B400-c0.5-none,nonlinear,5,212004,400,0.5,checkpoint_random_fit_seconds_360,fit_seconds,360,0.0824025087,7000,173.03272
p2-main-nonlinear-d5-s212005-B100-c0.2-none,nonlinear,5,212005,100,0.2,checkpoint_random_fit_seconds_360,fit_seconds,360,0.0823548014,4000,103.395815
p2-main-nonlinear-d5-s212005-B100-c0.5-none,nonlinear,5,212005,100,0.5,checkpoint_random_fit_seconds_360,fit_seconds,360,0.117159694,5750,147.027658
p2-main-nonlinear-d5-s212005-B400-c0.2-none,nonlinear,5,212005,400,0.2,checkpoint_random_fit_seconds_360,fit_seconds,360,0.0820032308,5600,139.532288
p2-main-nonlinear-d5-s212005-B400-c0.5-none,nonlinear,5,212005,400,0.5,checkpoint_random_fit_seconds_360,fit_seconds,360,0.127313286,7050,182.535928
p2-main-heteroscedastic-d5-s213001-B100-c0.2-none,heteroscedastic,5,213001,100,0.2,checkpoint_random_fit_seconds_360,fit_seconds,360,0.321212207,4100,103.871896
p2-main-heteroscedastic-d5-s213001-B100-c0.5-none,heteroscedastic,5,213001,100,0.5,checkpoint_random_fit_seconds_360,fit_seconds,360,0.371735071,5650,144.37985
p2-main-heteroscedastic-d5-s213001-B400-c0.2-none,heteroscedastic,5,213001,400,0.2,checkpoint_random_fit_seconds_360,fit_seconds,360,0.0453310596,6600,153.190056
p2-main-heteroscedastic-d5-s213001-B400-c0.5-none,heteroscedastic,5,213001,400,0.5,checkpoint_random_fit_seconds_360,fit_seconds,360,0.133359522,7000,164.835871
p2-main-heteroscedastic-d5-s213002-B100-c0.2-none,heteroscedastic,5,213002,100,0.2,checkpoint_random_fit_seconds_360,fit_seconds,360,0.0666200717,6700,161.953647
p2-main-heteroscedastic-d5-s213002-B100-c0.5-none,heteroscedastic,5,213002,100,0.5,checkpoint_random_fit_seconds_360,fit_seconds,360,0.0674870883,6600,160.098471
p2-main-heteroscedastic-d5-s213002-B400-c0.2-none,heteroscedastic,5,213002,400,0.2,checkpoint_random_fit_seconds_360,fit_seconds,360,0.092699488,6300,154.657527
p2-main-heteroscedastic-d5-s213002-B400-c0.5-none,heteroscedastic,5,213002,400,0.5,checkpoint_random_fit_seconds_360,fit_seconds,360,0.109931389,6500,158.901254
p2-main-heteroscedastic-d5-s213003-B100-c0.2-none,heteroscedastic,5,213003,100,0.2,checkpoint_random_fit_seconds_360,fit_seconds,360,0.30209143,4100,97.4543028
p2-main-heteroscedastic-d5-s213003-B100-c0.5-none,heteroscedastic,5,213003,100,0.5,checkpoint_random_fit_seconds_360,fit_seconds,360,0.201219392,3900,98.4181739
p2-main-heteroscedastic-d5-s213003-B400-c0.2-none,heteroscedastic,5,213003,400,0.2,checkpoint_random_fit_seconds_360,fit_seconds,360,0.349091291,7800,196.628873
p2-main-heteroscedastic-d5-s213003-B400-c0.5-none,heteroscedastic,5,213003,400,0.5,checkpoint_random_fit_seconds_360,fit_seconds,360,0.231210113,7100,179.31174
p2-main-heteroscedastic-d5-s213004-B100-c0.2-none,heteroscedastic,5,213004,100,0.2,checkpoint_random_fit_seconds_360,fit_seconds,360,0.278302133,7700,195.035938
p2-main-heteroscedastic-d5-s213004-B100-c0.5-none,heteroscedastic,5,213004,100,0.5,checkpoint_random_fit_seconds_360,fit_seconds,360,0.0890709286,7600,191.602705
p2-main-heteroscedastic-d5-s213004-B400-c0.2-none,heteroscedastic,5,213004,400,0.2,checkpoint_random_fit_seconds_360,fit_seconds,360,0.214503457,10650,264.82663
p2-main-heteroscedastic-d5-s213004-B400-c0.5-none,heteroscedastic,5,213004,400,0.5,checkpoint_random_fit_seconds_360,fit_seconds,360,0.0722707125,10550,262.638852
p2-main-heteroscedastic-d5-s213005-B100-c0.2-none,heteroscedastic,5,213005,100,0.2,checkpoint_random_fit_seconds_360,fit_seconds,360,0.0826224883,5500,114.06379
p2-main-heteroscedastic-d5-s213005-B100-c0.5-none,heteroscedastic,5,213005,100,0.5,checkpoint_random_fit_seconds_360,fit_seconds,360,0.164865817,5450,112.302696
p2-main-heteroscedastic-d5-s213005-B400-c0.2-none,heteroscedastic,5,213005,400,0.2,checkpoint_random_fit_seconds_360,fit_seconds,360,0.0645001469,6300,130.551635
p2-main-heteroscedastic-d5-s213005-B400-c0.5-none,heteroscedastic,5,213005,400,0.5,checkpoint_random_fit_seconds_360,fit_seconds,360,0.0598624858,7200,144.639191
p2-main-linear-d5-s211001-B100-c0.2-none,linear,5,211001,100,0.2,checkpoint_diagnostic_fitting_updates_4000,fitting_updates,4000,0.0961105675,3750,96.7182745
p2-main-linear-d5-s211001-B100-c0.5-none,linear,5,211001,100,0.5,checkpoint_diagnostic_fitting_updates_4000,fitting_updates,4000,0.282534798,4000,99.9873246
p2-main-linear-d5-s211001-B400-c0.2-none,linear,5,211001,400,0.2,checkpoint_diagnostic_fitting_updates_4000,fitting_updates,4000,0.0733200908,3550,91.5767428
p2-main-linear-d5-s211001-B400-c0.5-none,linear,5,211001,400,0.5,checkpoint_diagnostic_fitting_updates_4000,fitting_updates,4000,0.127537012,3750,96.3497149
p2-main-linear-d5-s211002-B100-c0.2-none,linear,5,211002,100,0.2,checkpoint_diagnostic_fitting_updates_4000,fitting_updates,4000,0.146971847,3150,76.1157429
p2-main-linear-d5-s211002-B100-c0.5-none,linear,5,211002,100,0.5,checkpoint_diagnostic_fitting_updates_4000,fitting_updates,4000,0.265131419,3400,79.2610926
p2-main-linear-d5-s211002-B400-c0.2-none,linear,5,211002,400,0.2,checkpoint_diagnostic_fitting_updates_4000,fitting_updates,4000,0.0841981893,3550,85.7074152
p2-main-linear-d5-s211002-B400-c0.5-none,linear,5,211002,400,0.5,checkpoint_diagnostic_fitting_updates_4000,fitting_updates,4000,0.12768675,3900,97.8010062
p2-main-linear-d5-s211003-B100-c0.2-none,linear,5,211003,100,0.2,checkpoint_diagnostic_fitting_updates_4000,fitting_updates,4000,0.0829384103,3500,84.5971676
p2-main-linear-d5-s211003-B100-c0.5-none,linear,5,211003,100,0.5,checkpoint_diagnostic_fitting_updates_4000,fitting_updates,4000,0.148891819,4000,97.3512163
p2-main-linear-d5-s211003-B400-c0.2-none,linear,5,211003,400,0.2,checkpoint_diagnostic_fitting_updates_4000,fitting_updates,4000,0.05485597,3900,95.7544129
p2-main-linear-d5-s211003-B400-c0.5-none,linear,5,211003,400,0.5,checkpoint_diagnostic_fitting_updates_4000,fitting_updates,4000,0.121372978,3500,85.6363309
p2-main-linear-d5-s211004-B100-c0.2-none,linear,5,211004,100,0.2,checkpoint_diagnostic_fitting_updates_4000,fitting_updates,4000,0.175111274,3150,79.3802136
p2-main-linear-d5-s211004-B100-c0.5-none,linear,5,211004,100,0.5,checkpoint_diagnostic_fitting_updates_4000,fitting_updates,4000,0.34377789,3800,92.1593479
p2-main-linear-d5-s211004-B400-c0.2-none,linear,5,211004,400,0.2,checkpoint_diagnostic_fitting_updates_4000,fitting_updates,4000,0.0647349196,3550,82.8193939
p2-main-linear-d5-s211004-B400-c0.5-none,linear,5,211004,400,0.5,checkpoint_diagnostic_fitting_updates_4000,fitting_updates,4000,0.360672851,3700,88.6978275
p2-main-linear-d5-s211005-B100-c0.2-none,linear,5,211005,100,0.2,checkpoint_diagnostic_fitting_updates_4000,fitting_updates,4000,0.0796955054,3650,90.3994648
p2-main-linear-d5-s211005-B100-c0.5-none,linear,5,211005,100,0.5,checkpoint_diagnostic_fitting_updates_4000,fitting_updates,4000,0.113479793,3900,93.7815326
p2-main-linear-d5-s211005-B400-c0.2-none,linear,5,211005,400,0.2,checkpoint_diagnostic_fitting_updates_4000,fitting_updates,4000,0.0721770947,4000,96.8826417
p2-main-linear-d5-s211005-B400-c0.5-none,linear,5,211005,400,0.5,checkpoint_diagnostic_fitting_updates_4000,fitting_updates,4000,0.112812867,3500,84.0377191
p2-main-nonlinear-d5-s212001-B100-c0.2-none,nonlinear,5,212001,100,0.2,checkpoint_diagnostic_fitting_updates_4000,fitting_updates,4000,0.173533442,3600,86.4429762
p2-main-nonlinear-d5-s212001-B100-c0.5-none,nonlinear,5,212001,100,0.5,checkpoint_diagnostic_fitting_updates_4000,fitting_updates,4000,0.318806196,3850,93.1228782
p2-main-nonlinear-d5-s212001-B400-c0.2-none,nonlinear,5,212001,400,0.2,checkpoint_diagnostic_fitting_updates_4000,fitting_updates,4000,0.186340995,3350,75.9930041
p2-main-nonlinear-d5-s212001-B400-c0.5-none,nonlinear,5,212001,400,0.5,checkpoint_diagnostic_fitting_updates_4000,fitting_updates,4000,0.156933332,3850,88.1805666
p2-main-nonlinear-d5-s212002-B100-c0.2-none,nonlinear,5,212002,100,0.2,checkpoint_diagnostic_fitting_updates_4000,fitting_updates,4000,0.0977151667,3300,75.7978996
p2-main-nonlinear-d5-s212002-B100-c0.5-none,nonlinear,5,212002,100,0.5,checkpoint_diagnostic_fitting_updates_4000,fitting_updates,4000,0.196737344,3750,88.9019114
p2-main-nonlinear-d5-s212002-B400-c0.2-none,nonlinear,5,212002,400,0.2,checkpoint_diagnostic_fitting_updates_4000,fitting_updates,4000,0.0811470846,3500,87.3243268
p2-main-nonlinear-d5-s212002-B400-c0.5-none,nonlinear,5,212002,400,0.5,checkpoint_diagnostic_fitting_updates_4000,fitting_updates,4000,0.0808653186,3700,91.2738103
p2-main-nonlinear-d5-s212003-B100-c0.2-none,nonlinear,5,212003,100,0.2,checkpoint_diagnostic_fitting_updates_4000,fitting_updates,4000,0.0866355797,3600,90.5705478
p2-main-nonlinear-d5-s212003-B100-c0.5-none,nonlinear,5,212003,100,0.5,checkpoint_diagnostic_fitting_updates_4000,fitting_updates,4000,0.140520831,2900,69.157814
p2-main-nonlinear-d5-s212003-B400-c0.2-none,nonlinear,5,212003,400,0.2,checkpoint_diagnostic_fitting_updates_4000,fitting_updates,4000,0.067319788,4000,93.7373534
p2-main-nonlinear-d5-s212003-B400-c0.5-none,nonlinear,5,212003,400,0.5,checkpoint_diagnostic_fitting_updates_4000,fitting_updates,4000,0.116246832,3800,90.0298651
p2-main-nonlinear-d5-s212004-B100-c0.2-none,nonlinear,5,212004,100,0.2,checkpoint_diagnostic_fitting_updates_4000,fitting_updates,4000,0.11815126,4000,100.743174
p2-main-nonlinear-d5-s212004-B100-c0.5-none,nonlinear,5,212004,100,0.5,checkpoint_diagnostic_fitting_updates_4000,fitting_updates,4000,0.0926981022,3500,89.8567678
p2-main-nonlinear-d5-s212004-B400-c0.2-none,nonlinear,5,212004,400,0.2,checkpoint_diagnostic_fitting_updates_4000,fitting_updates,4000,0.0662170748,3150,80.0181539
p2-main-nonlinear-d5-s212004-B400-c0.5-none,nonlinear,5,212004,400,0.5,checkpoint_diagnostic_fitting_updates_4000,fitting_updates,4000,0.0824025087,3400,86.469303
p2-main-nonlinear-d5-s212005-B100-c0.2-none,nonlinear,5,212005,100,0.2,checkpoint_diagnostic_fitting_updates_4000,fitting_updates,4000,0.0885032589,3800,98.6631978
p2-main-nonlinear-d5-s212005-B100-c0.5-none,nonlinear,5,212005,100,0.5,checkpoint_diagnostic_fitting_updates_4000,fitting_updates,4000,0.132843028,3750,93.0769301
p2-main-nonlinear-d5-s212005-B400-c0.2-none,nonlinear,5,212005,400,0.2,checkpoint_diagnostic_fitting_updates_4000,fitting_updates,4000,0.0820032308,3300,80.0907063
p2-main-nonlinear-d5-s212005-B400-c0.5-none,nonlinear,5,212005,400,0.5,checkpoint_diagnostic_fitting_updates_4000,fitting_updates,4000,0.121702415,3600,91.675751
p2-main-heteroscedastic-d5-s213001-B100-c0.2-none,heteroscedastic,5,213001,100,0.2,checkpoint_diagnostic_fitting_updates_4000,fitting_updates,4000,0.305800349,3900,101.644792
p2-main-heteroscedastic-d5-s213001-B100-c0.5-none,heteroscedastic,5,213001,100,0.5,checkpoint_diagnostic_fitting_updates_4000,fitting_updates,4000,0.371735071,3900,104.506994
p2-main-heteroscedastic-d5-s213001-B400-c0.2-none,heteroscedastic,5,213001,400,0.2,checkpoint_diagnostic_fitting_updates_4000,fitting_updates,4000,0.0477863699,3750,83.9786846
p2-main-heteroscedastic-d5-s213001-B400-c0.5-none,heteroscedastic,5,213001,400,0.5,checkpoint_diagnostic_fitting_updates_4000,fitting_updates,4000,0.133359522,3900,87.260787
p2-main-heteroscedastic-d5-s213002-B100-c0.2-none,heteroscedastic,5,213002,100,0.2,checkpoint_diagnostic_fitting_updates_4000,fitting_updates,4000,0.0666200717,3550,86.0981144
p2-main-heteroscedastic-d5-s213002-B100-c0.5-none,heteroscedastic,5,213002,100,0.5,checkpoint_diagnostic_fitting_updates_4000,fitting_updates,4000,0.234716977,2600,63.3634499
p2-main-heteroscedastic-d5-s213002-B400-c0.2-none,heteroscedastic,5,213002,400,0.2,checkpoint_diagnostic_fitting_updates_4000,fitting_updates,4000,0.0515592893,3800,92.4097208
p2-main-heteroscedastic-d5-s213002-B400-c0.5-none,heteroscedastic,5,213002,400,0.5,checkpoint_diagnostic_fitting_updates_4000,fitting_updates,4000,0.176240087,4000,97.3132555
p2-main-heteroscedastic-d5-s213003-B100-c0.2-none,heteroscedastic,5,213003,100,0.2,checkpoint_diagnostic_fitting_updates_4000,fitting_updates,4000,0.150322263,3900,94.9545059
p2-main-heteroscedastic-d5-s213003-B100-c0.5-none,heteroscedastic,5,213003,100,0.5,checkpoint_diagnostic_fitting_updates_4000,fitting_updates,4000,0.218266512,3550,89.8475453
p2-main-heteroscedastic-d5-s213003-B400-c0.2-none,heteroscedastic,5,213003,400,0.2,checkpoint_diagnostic_fitting_updates_4000,fitting_updates,4000,0.349091291,3700,91.3333388
p2-main-heteroscedastic-d5-s213003-B400-c0.5-none,heteroscedastic,5,213003,400,0.5,checkpoint_diagnostic_fitting_updates_4000,fitting_updates,4000,0.233936484,3450,90.1321318
p2-main-heteroscedastic-d5-s213004-B100-c0.2-none,heteroscedastic,5,213004,100,0.2,checkpoint_diagnostic_fitting_updates_4000,fitting_updates,4000,0.317974483,2900,69.3314327
p2-main-heteroscedastic-d5-s213004-B100-c0.5-none,heteroscedastic,5,213004,100,0.5,checkpoint_diagnostic_fitting_updates_4000,fitting_updates,4000,0.175495654,3900,100.009267
p2-main-heteroscedastic-d5-s213004-B400-c0.2-none,heteroscedastic,5,213004,400,0.2,checkpoint_diagnostic_fitting_updates_4000,fitting_updates,4000,0.287883431,3400,86.3911696
p2-main-heteroscedastic-d5-s213004-B400-c0.5-none,heteroscedastic,5,213004,400,0.5,checkpoint_diagnostic_fitting_updates_4000,fitting_updates,4000,0.342879335,3950,95.7197864
p2-main-heteroscedastic-d5-s213005-B100-c0.2-none,heteroscedastic,5,213005,100,0.2,checkpoint_diagnostic_fitting_updates_4000,fitting_updates,4000,0.0908666824,3450,70.6598623
p2-main-heteroscedastic-d5-s213005-B100-c0.5-none,heteroscedastic,5,213005,100,0.5,checkpoint_diagnostic_fitting_updates_4000,fitting_updates,4000,0.158364316,3800,79.6939659
p2-main-heteroscedastic-d5-s213005-B400-c0.2-none,heteroscedastic,5,213005,400,0.2,checkpoint_diagnostic_fitting_updates_4000,fitting_updates,4000,0.0645001469,3950,83.6663986
p2-main-heteroscedastic-d5-s213005-B400-c0.5-none,heteroscedastic,5,213005,400,0.5,checkpoint_diagnostic_fitting_updates_4000,fitting_updates,4000,0.138403304,3500,70.7029836
p2-main-linear-d5-s211001-B100-c0.2-none,linear,5,211001,100,0.2,checkpoint_random_fitting_updates_4000,fitting_updates,4000,0.0961105675,3900,99.8972836
p2-main-linear-d5-s211001-B100-c0.5-none,linear,5,211001,100,0.5,checkpoint_random_fitting_updates_4000,fitting_updates,4000,0.177715694,4000,100.048019
p2-main-linear-d5-s211001-B400-c0.2-none,linear,5,211001,400,0.2,checkpoint_random_fitting_updates_4000,fitting_updates,4000,0.0722379386,3700,93.5157094
p2-main-linear-d5-s211001-B400-c0.5-none,linear,5,211001,400,0.5,checkpoint_random_fitting_updates_4000,fitting_updates,4000,0.219723995,3600,92.636093
p2-main-linear-d5-s211002-B100-c0.2-none,linear,5,211002,100,0.2,checkpoint_random_fitting_updates_4000,fitting_updates,4000,0.167987923,3750,91.9131404
p2-main-linear-d5-s211002-B100-c0.5-none,linear,5,211002,100,0.5,checkpoint_random_fitting_updates_4000,fitting_updates,4000,0.251541605,4000,95.3446965
p2-main-linear-d5-s211002-B400-c0.2-none,linear,5,211002,400,0.2,checkpoint_random_fitting_updates_4000,fitting_updates,4000,0.149723714,3750,91.8523772
p2-main-linear-d5-s211002-B400-c0.5-none,linear,5,211002,400,0.5,checkpoint_random_fitting_updates_4000,fitting_updates,4000,0.244679744,3600,88.258959
p2-main-linear-d5-s211003-B100-c0.2-none,linear,5,211003,100,0.2,checkpoint_random_fitting_updates_4000,fitting_updates,4000,0.0915381014,3300,81.6429873
p2-main-linear-d5-s211003-B100-c0.5-none,linear,5,211003,100,0.5,checkpoint_random_fitting_updates_4000,fitting_updates,4000,0.148891819,3750,90.4240846
p2-main-linear-d5-s211003-B400-c0.2-none,linear,5,211003,400,0.2,checkpoint_random_fitting_updates_4000,fitting_updates,4000,0.05485597,4000,98.4794662
p2-main-linear-d5-s211003-B400-c0.5-none,linear,5,211003,400,0.5,checkpoint_random_fitting_updates_4000,fitting_updates,4000,0.0589657376,3300,80.7130241
p2-main-linear-d5-s211004-B100-c0.2-none,linear,5,211004,100,0.2,checkpoint_random_fitting_updates_4000,fitting_updates,4000,0.0981462176,3850,95.6714306
p2-main-linear-d5-s211004-B100-c0.5-none,linear,5,211004,100,0.5,checkpoint_random_fitting_updates_4000,fitting_updates,4000,0.347494274,3800,90.0598883
p2-main-linear-d5-s211004-B400-c0.2-none,linear,5,211004,400,0.2,checkpoint_random_fitting_updates_4000,fitting_updates,4000,0.0647349196,3800,90.4722959
p2-main-linear-d5-s211004-B400-c0.5-none,linear,5,211004,400,0.5,checkpoint_random_fitting_updates_4000,fitting_updates,4000,0.360672851,3100,75.3821714
p2-main-linear-d5-s211005-B100-c0.2-none,linear,5,211005,100,0.2,checkpoint_random_fitting_updates_4000,fitting_updates,4000,0.0796955054,4000,98.9531769
p2-main-linear-d5-s211005-B100-c0.5-none,linear,5,211005,100,0.5,checkpoint_random_fitting_updates_4000,fitting_updates,4000,0.155058374,3750,91.1762031
p2-main-linear-d5-s211005-B400-c0.2-none,linear,5,211005,400,0.2,checkpoint_random_fitting_updates_4000,fitting_updates,4000,0.0708716065,4000,98.3778601
p2-main-linear-d5-s211005-B400-c0.5-none,linear,5,211005,400,0.5,checkpoint_random_fitting_updates_4000,fitting_updates,4000,0.160108996,3850,91.9016373
p2-main-nonlinear-d5-s212001-B100-c0.2-none,nonlinear,5,212001,100,0.2,checkpoint_random_fitting_updates_4000,fitting_updates,4000,0.0750288665,3450,83.7200543
p2-main-nonlinear-d5-s212001-B100-c0.5-none,nonlinear,5,212001,100,0.5,checkpoint_random_fitting_updates_4000,fitting_updates,4000,0.318806196,3550,85.7115439
p2-main-nonlinear-d5-s212001-B400-c0.2-none,nonlinear,5,212001,400,0.2,checkpoint_random_fitting_updates_4000,fitting_updates,4000,0.186340995,3700,84.7651827
p2-main-nonlinear-d5-s212001-B400-c0.5-none,nonlinear,5,212001,400,0.5,checkpoint_random_fitting_updates_4000,fitting_updates,4000,0.349838724,3900,90.2678368
p2-main-nonlinear-d5-s212002-B100-c0.2-none,nonlinear,5,212002,100,0.2,checkpoint_random_fitting_updates_4000,fitting_updates,4000,0.0977151667,3950,93.7130158
p2-main-nonlinear-d5-s212002-B100-c0.5-none,nonlinear,5,212002,100,0.5,checkpoint_random_fitting_updates_4000,fitting_updates,4000,0.161985869,3700,87.9982564
p2-main-nonlinear-d5-s212002-B400-c0.2-none,nonlinear,5,212002,400,0.2,checkpoint_random_fitting_updates_4000,fitting_updates,4000,0.0811470846,3500,86.8389148
p2-main-nonlinear-d5-s212002-B400-c0.5-none,nonlinear,5,212002,400,0.5,checkpoint_random_fitting_updates_4000,fitting_updates,4000,0.148316585,3550,88.0792558
p2-main-nonlinear-d5-s212003-B100-c0.2-none,nonlinear,5,212003,100,0.2,checkpoint_random_fitting_updates_4000,fitting_updates,4000,0.0866355797,3950,99.99061
p2-main-nonlinear-d5-s212003-B100-c0.5-none,nonlinear,5,212003,100,0.5,checkpoint_random_fitting_updates_4000,fitting_updates,4000,0.140520831,3900,96.3331766
p2-main-nonlinear-d5-s212003-B400-c0.2-none,nonlinear,5,212003,400,0.2,checkpoint_random_fitting_updates_4000,fitting_updates,4000,0.0590520067,3800,89.1595717
p2-main-nonlinear-d5-s212003-B400-c0.5-none,nonlinear,5,212003,400,0.5,checkpoint_random_fitting_updates_4000,fitting_updates,4000,0.116246832,3800,90.0298651
p2-main-nonlinear-d5-s212004-B100-c0.2-none,nonlinear,5,212004,100,0.2,checkpoint_random_fitting_updates_4000,fitting_updates,4000,0.0741165405,3700,93.6391765
p2-main-nonlinear-d5-s212004-B100-c0.5-none,nonlinear,5,212004,100,0.5,checkpoint_random_fitting_updates_4000,fitting_updates,4000,0.0827163433,3600,91.1789965
p2-main-nonlinear-d5-s212004-B400-c0.2-none,nonlinear,5,212004,400,0.2,checkpoint_random_fitting_updates_4000,fitting_updates,4000,0.0662170748,3900,95.187343
p2-main-nonlinear-d5-s212004-B400-c0.5-none,nonlinear,5,212004,400,0.5,checkpoint_random_fitting_updates_4000,fitting_updates,4000,0.0824025087,3500,86.1892523
p2-main-nonlinear-d5-s212005-B100-c0.2-none,nonlinear,5,212005,100,0.2,checkpoint_random_fitting_updates_4000,fitting_updates,4000,0.0823548014,4000,103.395815
p2-main-nonlinear-d5-s212005-B100-c0.5-none,nonlinear,5,212005,100,0.5,checkpoint_random_fitting_updates_4000,fitting_updates,4000,0.132843028,3950,100.071444
p2-main-nonlinear-d5-s212005-B400-c0.2-none,nonlinear,5,212005,400,0.2,checkpoint_random_fitting_updates_4000,fitting_updates,4000,0.0820032308,3750,92.6387028
p2-main-nonlinear-d5-s212005-B400-c0.5-none,nonlinear,5,212005,400,0.5,checkpoint_random_fitting_updates_4000,fitting_updates,4000,0.121702415,3950,101.568
p2-main-heteroscedastic-d5-s213001-B100-c0.2-none,heteroscedastic,5,213001,100,0.2,checkpoint_random_fitting_updates_4000,fitting_updates,4000,0.245500272,3800,95.4223444
p2-main-heteroscedastic-d5-s213001-B100-c0.5-none,heteroscedastic,5,213001,100,0.5,checkpoint_random_fitting_updates_4000,fitting_updates,4000,0.371735071,3800,95.9637396
p2-main-heteroscedastic-d5-s213001-B400-c0.2-none,heteroscedastic,5,213001,400,0.2,checkpoint_random_fitting_updates_4000,fitting_updates,4000,0.265553753,3250,75.0637436
p2-main-heteroscedastic-d5-s213001-B400-c0.5-none,heteroscedastic,5,213001,400,0.5,checkpoint_random_fitting_updates_4000,fitting_updates,4000,0.133359522,3800,85.3541023
p2-main-heteroscedastic-d5-s213002-B100-c0.2-none,heteroscedastic,5,213002,100,0.2,checkpoint_random_fitting_updates_4000,fitting_updates,4000,0.0666200717,4000,97.9687799
p2-main-heteroscedastic-d5-s213002-B100-c0.5-none,heteroscedastic,5,213002,100,0.5,checkpoint_random_fitting_updates_4000,fitting_updates,4000,0.234716977,3650,89.2374565
p2-main-heteroscedastic-d5-s213002-B400-c0.2-none,heteroscedastic,5,213002,400,0.2,checkpoint_random_fitting_updates_4000,fitting_updates,4000,0.055064898,3900,93.9793217
p2-main-heteroscedastic-d5-s213002-B400-c0.5-none,heteroscedastic,5,213002,400,0.5,checkpoint_random_fitting_updates_4000,fitting_updates,4000,0.243848289,3500,87.5712107
p2-main-heteroscedastic-d5-s213003-B100-c0.2-none,heteroscedastic,5,213003,100,0.2,checkpoint_random_fitting_updates_4000,fitting_updates,4000,0.30209143,3750,87.901459
p2-main-heteroscedastic-d5-s213003-B100-c0.5-none,heteroscedastic,5,213003,100,0.5,checkpoint_random_fitting_updates_4000,fitting_updates,4000,0.201219392,3900,98.4181739
p2-main-heteroscedastic-d5-s213003-B400-c0.2-none,heteroscedastic,5,213003,400,0.2,checkpoint_random_fitting_updates_4000,fitting_updates,4000,0.349091291,2950,72.6094583
p2-main-heteroscedastic-d5-s213003-B400-c0.5-none,heteroscedastic,5,213003,400,0.5,checkpoint_random_fitting_updates_4000,fitting_updates,4000,0.233936484,3600,93.4431568
p2-main-heteroscedastic-d5-s213004-B100-c0.2-none,heteroscedastic,5,213004,100,0.2,checkpoint_random_fitting_updates_4000,fitting_updates,4000,0.317974483,3950,97.0148252
p2-main-heteroscedastic-d5-s213004-B100-c0.5-none,heteroscedastic,5,213004,100,0.5,checkpoint_random_fitting_updates_4000,fitting_updates,4000,0.175495654,3450,87.090746
p2-main-heteroscedastic-d5-s213004-B400-c0.2-none,heteroscedastic,5,213004,400,0.2,checkpoint_random_fitting_updates_4000,fitting_updates,4000,0.287883431,3400,86.3911696
p2-main-heteroscedastic-d5-s213004-B400-c0.5-none,heteroscedastic,5,213004,400,0.5,checkpoint_random_fitting_updates_4000,fitting_updates,4000,0.342879335,3950,95.7197864
p2-main-heteroscedastic-d5-s213005-B100-c0.2-none,heteroscedastic,5,213005,100,0.2,checkpoint_random_fitting_updates_4000,fitting_updates,4000,0.0908666824,2850,59.2626532
p2-main-heteroscedastic-d5-s213005-B100-c0.5-none,heteroscedastic,5,213005,100,0.5,checkpoint_random_fitting_updates_4000,fitting_updates,4000,0.164865817,3450,70.7483937
p2-main-heteroscedastic-d5-s213005-B400-c0.2-none,heteroscedastic,5,213005,400,0.2,checkpoint_random_fitting_updates_4000,fitting_updates,4000,0.0645001469,3800,80.1315654
p2-main-heteroscedastic-d5-s213005-B400-c0.5-none,heteroscedastic,5,213005,400,0.5,checkpoint_random_fitting_updates_4000,fitting_updates,4000,0.161628599,3800,75.312217
p2-main-linear-d5-s211001-B100-c0.2-none,linear,5,211001,100,0.2,checkpoint_diagnostic_fitting_updates_6000,fitting_updates,6000,0.0961105675,5350,137.333474
p2-main-linear-d5-s211001-B100-c0.5-none,linear,5,211001,100,0.5,checkpoint_diagnostic_fitting_updates_6000,fitting_updates,6000,0.109175121,5900,147.386798
p2-main-linear-d5-s211001-B400-c0.2-none,linear,5,211001,400,0.2,checkpoint_diagnostic_fitting_updates_6000,fitting_updates,6000,0.0733200908,4900,126.198029
p2-main-linear-d5-s211001-B400-c0.5-none,linear,5,211001,400,0.5,checkpoint_diagnostic_fitting_updates_6000,fitting_updates,6000,0.127537012,6000,158.045976
p2-main-linear-d5-s211002-B100-c0.2-none,linear,5,211002,100,0.2,checkpoint_diagnostic_fitting_updates_6000,fitting_updates,6000,0.190943524,6000,147.304333
p2-main-linear-d5-s211002-B100-c0.5-none,linear,5,211002,100,0.5,checkpoint_diagnostic_fitting_updates_6000,fitting_updates,6000,0.093120046,6000,141.732161
p2-main-linear-d5-s211002-B400-c0.2-none,linear,5,211002,400,0.2,checkpoint_diagnostic_fitting_updates_6000,fitting_updates,6000,0.0841981893,5300,128.085347
p2-main-linear-d5-s211002-B400-c0.5-none,linear,5,211002,400,0.5,checkpoint_diagnostic_fitting_updates_6000,fitting_updates,6000,0.0841981893,6000,148.657066
p2-main-linear-d5-s211003-B100-c0.2-none,linear,5,211003,100,0.2,checkpoint_diagnostic_fitting_updates_6000,fitting_updates,6000,0.0829384103,5800,141.489526
p2-main-linear-d5-s211003-B100-c0.5-none,linear,5,211003,100,0.5,checkpoint_diagnostic_fitting_updates_6000,fitting_updates,6000,0.148891819,5550,136.935328
p2-main-linear-d5-s211003-B400-c0.2-none,linear,5,211003,400,0.2,checkpoint_diagnostic_fitting_updates_6000,fitting_updates,6000,0.05485597,5350,133.902455
p2-main-linear-d5-s211003-B400-c0.5-none,linear,5,211003,400,0.5,checkpoint_diagnostic_fitting_updates_6000,fitting_updates,6000,0.121372978,5650,140.550131
p2-main-linear-d5-s211004-B100-c0.2-none,linear,5,211004,100,0.2,checkpoint_diagnostic_fitting_updates_6000,fitting_updates,6000,0.175111274,6000,149.396595
p2-main-linear-d5-s211004-B100-c0.5-none,linear,5,211004,100,0.5,checkpoint_diagnostic_fitting_updates_6000,fitting_updates,6000,0.32512406,5500,133.981951
p2-main-linear-d5-s211004-B400-c0.2-none,linear,5,211004,400,0.2,checkpoint_diagnostic_fitting_updates_6000,fitting_updates,6000,0.0647349196,5150,122.025068
p2-main-linear-d5-s211004-B400-c0.5-none,linear,5,211004,400,0.5,checkpoint_diagnostic_fitting_updates_6000,fitting_updates,6000,0.0647357032,5500,134.230405
p2-main-linear-d5-s211005-B100-c0.2-none,linear,5,211005,100,0.2,checkpoint_diagnostic_fitting_updates_6000,fitting_updates,6000,0.0796955054,4550,111.293923
p2-main-linear-d5-s211005-B100-c0.5-none,linear,5,211005,100,0.5,checkpoint_diagnostic_fitting_updates_6000,fitting_updates,6000,0.0963542139,5650,135.884043
p2-main-linear-d5-s211005-B400-c0.2-none,linear,5,211005,400,0.2,checkpoint_diagnostic_fitting_updates_6000,fitting_updates,6000,0.0721770947,5450,131.863196
p2-main-linear-d5-s211005-B400-c0.5-none,linear,5,211005,400,0.5,checkpoint_diagnostic_fitting_updates_6000,fitting_updates,6000,0.100091193,5950,145.47878
p2-main-nonlinear-d5-s212001-B100-c0.2-none,nonlinear,5,212001,100,0.2,checkpoint_diagnostic_fitting_updates_6000,fitting_updates,6000,0.173533442,5400,129.747352
p2-main-nonlinear-d5-s212001-B100-c0.5-none,nonlinear,5,212001,100,0.5,checkpoint_diagnostic_fitting_updates_6000,fitting_updates,6000,0.318806196,5900,144.020964
p2-main-nonlinear-d5-s212001-B400-c0.2-none,nonlinear,5,212001,400,0.2,checkpoint_diagnostic_fitting_updates_6000,fitting_updates,6000,0.100597235,5950,142.608792
p2-main-nonlinear-d5-s212001-B400-c0.5-none,nonlinear,5,212001,400,0.5,checkpoint_diagnostic_fitting_updates_6000,fitting_updates,6000,0.156933332,5900,141.713451
p2-main-nonlinear-d5-s212002-B100-c0.2-none,nonlinear,5,212002,100,0.2,checkpoint_diagnostic_fitting_updates_6000,fitting_updates,6000,0.0919633533,4750,111.970044
p2-main-nonlinear-d5-s212002-B100-c0.5-none,nonlinear,5,212002,100,0.5,checkpoint_diagnostic_fitting_updates_6000,fitting_updates,6000,0.0977151667,5500,131.205807
p2-main-nonlinear-d5-s212002-B400-c0.2-none,nonlinear,5,212002,400,0.2,checkpoint_diagnostic_fitting_updates_6000,fitting_updates,6000,0.0811470846,5700,140.527888
p2-main-nonlinear-d5-s212002-B400-c0.5-none,nonlinear,5,212002,400,0.5,checkpoint_diagnostic_fitting_updates_6000,fitting_updates,6000,0.0808653186,5850,144.243774
p2-main-nonlinear-d5-s212003-B100-c0.2-none,nonlinear,5,212003,100,0.2,checkpoint_diagnostic_fitting_updates_6000,fitting_updates,6000,0.0786671489,5050,126.867287
p2-main-nonlinear-d5-s212003-B100-c0.5-none,nonlinear,5,212003,100,0.5,checkpoint_diagnostic_fitting_updates_6000,fitting_updates,6000,0.138999254,5950,144.033879
p2-main-nonlinear-d5-s212003-B400-c0.2-none,nonlinear,5,212003,400,0.2,checkpoint_diagnostic_fitting_updates_6000,fitting_updates,6000,0.067319788,5800,138.103767
p2-main-nonlinear-d5-s212003-B400-c0.5-none,nonlinear,5,212003,400,0.5,checkpoint_diagnostic_fitting_updates_6000,fitting_updates,6000,0.134731236,5050,122.08741
p2-main-nonlinear-d5-s212004-B100-c0.2-none,nonlinear,5,212004,100,0.2,checkpoint_diagnostic_fitting_updates_6000,fitting_updates,6000,0.0796816945,5950,150.453436
p2-main-nonlinear-d5-s212004-B100-c0.5-none,nonlinear,5,212004,100,0.5,checkpoint_diagnostic_fitting_updates_6000,fitting_updates,6000,0.0827163433,5950,148.903039
p2-main-nonlinear-d5-s212004-B400-c0.2-none,nonlinear,5,212004,400,0.2,checkpoint_diagnostic_fitting_updates_6000,fitting_updates,6000,0.0662170748,5850,144.090964
p2-main-nonlinear-d5-s212004-B400-c0.5-none,nonlinear,5,212004,400,0.5,checkpoint_diagnostic_fitting_updates_6000,fitting_updates,6000,0.0824025087,4400,110.380156
p2-main-nonlinear-d5-s212005-B100-c0.2-none,nonlinear,5,212005,100,0.2,checkpoint_diagnostic_fitting_updates_6000,fitting_updates,6000,0.0885032589,5350,136.478698
p2-main-nonlinear-d5-s212005-B100-c0.5-none,nonlinear,5,212005,100,0.5,checkpoint_diagnostic_fitting_updates_6000,fitting_updates,6000,0.0921771352,5900,150.835599
p2-main-nonlinear-d5-s212005-B400-c0.2-none,nonlinear,5,212005,400,0.2,checkpoint_diagnostic_fitting_updates_6000,fitting_updates,6000,0.0820032308,5400,130.681514
p2-main-nonlinear-d5-s212005-B400-c0.5-none,nonlinear,5,212005,400,0.5,checkpoint_diagnostic_fitting_updates_6000,fitting_updates,6000,0.121702415,5150,129.653478
p2-main-heteroscedastic-d5-s213001-B100-c0.2-none,heteroscedastic,5,213001,100,0.2,checkpoint_diagnostic_fitting_updates_6000,fitting_updates,6000,0.305800349,5850,155.412819
p2-main-heteroscedastic-d5-s213001-B100-c0.5-none,heteroscedastic,5,213001,100,0.5,checkpoint_diagnostic_fitting_updates_6000,fitting_updates,6000,0.371735071,5550,147.145488
p2-main-heteroscedastic-d5-s213001-B400-c0.2-none,heteroscedastic,5,213001,400,0.2,checkpoint_diagnostic_fitting_updates_6000,fitting_updates,6000,0.0430853665,5950,136.147784
p2-main-heteroscedastic-d5-s213001-B400-c0.5-none,heteroscedastic,5,213001,400,0.5,checkpoint_diagnostic_fitting_updates_6000,fitting_updates,6000,0.0477863699,5650,129.525206
p2-main-heteroscedastic-d5-s213002-B100-c0.2-none,heteroscedastic,5,213002,100,0.2,checkpoint_diagnostic_fitting_updates_6000,fitting_updates,6000,0.0666200717,5850,141.995922
p2-main-heteroscedastic-d5-s213002-B100-c0.5-none,heteroscedastic,5,213002,100,0.5,checkpoint_diagnostic_fitting_updates_6000,fitting_updates,6000,0.218890458,5700,138.475304
p2-main-heteroscedastic-d5-s213002-B400-c0.2-none,heteroscedastic,5,213002,400,0.2,checkpoint_diagnostic_fitting_updates_6000,fitting_updates,6000,0.0769955255,5950,145.473653
p2-main-heteroscedastic-d5-s213002-B400-c0.5-none,heteroscedastic,5,213002,400,0.5,checkpoint_diagnostic_fitting_updates_6000,fitting_updates,6000,0.0544384482,6000,147.113749
p2-main-heteroscedastic-d5-s213003-B100-c0.2-none,heteroscedastic,5,213003,100,0.2,checkpoint_diagnostic_fitting_updates_6000,fitting_updates,6000,0.150322263,5750,139.575557
p2-main-heteroscedastic-d5-s213003-B100-c0.5-none,heteroscedastic,5,213003,100,0.5,checkpoint_diagnostic_fitting_updates_6000,fitting_updates,6000,0.136771644,5150,128.003647
p2-main-heteroscedastic-d5-s213003-B400-c0.2-none,heteroscedastic,5,213003,400,0.2,checkpoint_diagnostic_fitting_updates_6000,fitting_updates,6000,0.119614056,5700,141.999004
p2-main-heteroscedastic-d5-s213003-B400-c0.5-none,heteroscedastic,5,213003,400,0.5,checkpoint_diagnostic_fitting_updates_6000,fitting_updates,6000,0.132378966,5400,139.747974
p2-main-heteroscedastic-d5-s213004-B100-c0.2-none,heteroscedastic,5,213004,100,0.2,checkpoint_diagnostic_fitting_updates_6000,fitting_updates,6000,0.078900598,6000,148.892554
p2-main-heteroscedastic-d5-s213004-B100-c0.5-none,heteroscedastic,5,213004,100,0.5,checkpoint_diagnostic_fitting_updates_6000,fitting_updates,6000,0.16070279,5750,146.662289
p2-main-heteroscedastic-d5-s213004-B400-c0.2-none,heteroscedastic,5,213004,400,0.2,checkpoint_diagnostic_fitting_updates_6000,fitting_updates,6000,0.0710762491,5450,135.833436
p2-main-heteroscedastic-d5-s213004-B400-c0.5-none,heteroscedastic,5,213004,400,0.5,checkpoint_diagnostic_fitting_updates_6000,fitting_updates,6000,0.162687386,5600,138.93201
p2-main-heteroscedastic-d5-s213005-B100-c0.2-none,heteroscedastic,5,213005,100,0.2,checkpoint_diagnostic_fitting_updates_6000,fitting_updates,6000,0.127249579,5550,115.720237
p2-main-heteroscedastic-d5-s213005-B100-c0.5-none,heteroscedastic,5,213005,100,0.5,checkpoint_diagnostic_fitting_updates_6000,fitting_updates,6000,0.158364316,4400,92.3039396
p2-main-heteroscedastic-d5-s213005-B400-c0.2-none,heteroscedastic,5,213005,400,0.2,checkpoint_diagnostic_fitting_updates_6000,fitting_updates,6000,0.0645001469,5350,111.876162
p2-main-heteroscedastic-d5-s213005-B400-c0.5-none,heteroscedastic,5,213005,400,0.5,checkpoint_diagnostic_fitting_updates_6000,fitting_updates,6000,0.138403304,5550,109.695779
p2-main-linear-d5-s211001-B100-c0.2-none,linear,5,211001,100,0.2,checkpoint_random_fitting_updates_6000,fitting_updates,6000,0.0961105675,5450,139.628284
p2-main-linear-d5-s211001-B100-c0.5-none,linear,5,211001,100,0.5,checkpoint_random_fitting_updates_6000,fitting_updates,6000,0.177715694,5300,133.470865
p2-main-linear-d5-s211001-B400-c0.2-none,linear,5,211001,400,0.2,checkpoint_random_fitting_updates_6000,fitting_updates,6000,0.0722379386,5250,134.515222
p2-main-linear-d5-s211001-B400-c0.5-none,linear,5,211001,400,0.5,checkpoint_random_fitting_updates_6000,fitting_updates,6000,0.119613332,5800,150.814437
p2-main-linear-d5-s211002-B100-c0.2-none,linear,5,211002,100,0.2,checkpoint_random_fitting_updates_6000,fitting_updates,6000,0.167987923,5450,135.474988
p2-main-linear-d5-s211002-B100-c0.5-none,linear,5,211002,100,0.5,checkpoint_random_fitting_updates_6000,fitting_updates,6000,0.26015075,5700,137.913933
p2-main-linear-d5-s211002-B400-c0.2-none,linear,5,211002,400,0.2,checkpoint_random_fitting_updates_6000,fitting_updates,6000,0.149723714,5750,140.089409
p2-main-linear-d5-s211002-B400-c0.5-none,linear,5,211002,400,0.5,checkpoint_random_fitting_updates_6000,fitting_updates,6000,0.244679744,5400,133.072774
p2-main-linear-d5-s211003-B100-c0.2-none,linear,5,211003,100,0.2,checkpoint_random_fitting_updates_6000,fitting_updates,6000,0.0915381014,5950,147.433412
p2-main-linear-d5-s211003-B100-c0.5-none,linear,5,211003,100,0.5,checkpoint_random_fitting_updates_6000,fitting_updates,6000,0.148891819,5850,143.269146
p2-main-linear-d5-s211003-B400-c0.2-none,linear,5,211003,400,0.2,checkpoint_random_fitting_updates_6000,fitting_updates,6000,0.05485597,4800,118.614303
p2-main-linear-d5-s211003-B400-c0.5-none,linear,5,211003,400,0.5,checkpoint_random_fitting_updates_6000,fitting_updates,6000,0.0589657376,5050,126.196364
p2-main-linear-d5-s211004-B100-c0.2-none,linear,5,211004,100,0.2,checkpoint_random_fitting_updates_6000,fitting_updates,6000,0.0879403899,5550,137.778855
p2-main-linear-d5-s211004-B100-c0.5-none,linear,5,211004,100,0.5,checkpoint_random_fitting_updates_6000,fitting_updates,6000,0.34742941,5250,128.767079
p2-main-linear-d5-s211004-B400-c0.2-none,linear,5,211004,400,0.2,checkpoint_random_fitting_updates_6000,fitting_updates,6000,0.0647349196,5750,141.002291
p2-main-linear-d5-s211004-B400-c0.5-none,linear,5,211004,400,0.5,checkpoint_random_fitting_updates_6000,fitting_updates,6000,0.360672851,5400,131.146962
p2-main-linear-d5-s211005-B100-c0.2-none,linear,5,211005,100,0.2,checkpoint_random_fitting_updates_6000,fitting_updates,6000,0.0796955054,5400,132.753381
p2-main-linear-d5-s211005-B100-c0.5-none,linear,5,211005,100,0.5,checkpoint_random_fitting_updates_6000,fitting_updates,6000,0.0786090444,5500,133.331975
p2-main-linear-d5-s211005-B400-c0.2-none,linear,5,211005,400,0.2,checkpoint_random_fitting_updates_6000,fitting_updates,6000,0.0708716065,4600,112.940683
p2-main-linear-d5-s211005-B400-c0.5-none,linear,5,211005,400,0.5,checkpoint_random_fitting_updates_6000,fitting_updates,6000,0.0708716065,5500,131.418702
p2-main-nonlinear-d5-s212001-B100-c0.2-none,nonlinear,5,212001,100,0.2,checkpoint_random_fitting_updates_6000,fitting_updates,6000,0.0750288665,5800,140.264612
p2-main-nonlinear-d5-s212001-B100-c0.5-none,nonlinear,5,212001,100,0.5,checkpoint_random_fitting_updates_6000,fitting_updates,6000,0.318806196,4550,110.798711
p2-main-nonlinear-d5-s212001-B400-c0.2-none,nonlinear,5,212001,400,0.2,checkpoint_random_fitting_updates_6000,fitting_updates,6000,0.100597235,5750,136.883636
p2-main-nonlinear-d5-s212001-B400-c0.5-none,nonlinear,5,212001,400,0.5,checkpoint_random_fitting_updates_6000,fitting_updates,6000,0.349838724,5750,137.94265
p2-main-nonlinear-d5-s212002-B100-c0.2-none,nonlinear,5,212002,100,0.2,checkpoint_random_fitting_updates_6000,fitting_updates,6000,0.112988425,5900,144.12952
p2-main-nonlinear-d5-s212002-B100-c0.5-none,nonlinear,5,212002,100,0.5,checkpoint_random_fitting_updates_6000,fitting_updates,6000,0.161985869,3700,87.9982564
p2-main-nonlinear-d5-s212002-B400-c0.2-none,nonlinear,5,212002,400,0.2,checkpoint_random_fitting_updates_6000,fitting_updates,6000,0.0811470846,6000,150.091902
p2-main-nonlinear-d5-s212002-B400-c0.5-none,nonlinear,5,212002,400,0.5,checkpoint_random_fitting_updates_6000,fitting_updates,6000,0.15001636,5150,127.439749
p2-main-nonlinear-d5-s212003-B100-c0.2-none,nonlinear,5,212003,100,0.2,checkpoint_random_fitting_updates_6000,fitting_updates,6000,0.0866355797,5100,126.326871
p2-main-nonlinear-d5-s212003-B100-c0.5-none,nonlinear,5,212003,100,0.5,checkpoint_random_fitting_updates_6000,fitting_updates,6000,0.0945469687,5900,145.086531
p2-main-nonlinear-d5-s212003-B400-c0.2-none,nonlinear,5,212003,400,0.2,checkpoint_random_fitting_updates_6000,fitting_updates,6000,0.0590520067,6000,145.112275
p2-main-nonlinear-d5-s212003-B400-c0.5-none,nonlinear,5,212003,400,0.5,checkpoint_random_fitting_updates_6000,fitting_updates,6000,0.134731236,5600,134.793392
p2-main-nonlinear-d5-s212004-B100-c0.2-none,nonlinear,5,212004,100,0.2,checkpoint_random_fitting_updates_6000,fitting_updates,6000,0.0827163433,6000,150.080636
p2-main-nonlinear-d5-s212004-B100-c0.5-none,nonlinear,5,212004,100,0.5,checkpoint_random_fitting_updates_6000,fitting_updates,6000,0.125822787,5800,146.83277
p2-main-nonlinear-d5-s212004-B400-c0.2-none,nonlinear,5,212004,400,0.2,checkpoint_random_fitting_updates_6000,fitting_updates,6000,0.0662170748,5950,145.928669
p2-main-nonlinear-d5-s212004-B400-c0.5-none,nonlinear,5,212004,400,0.5,checkpoint_random_fitting_updates_6000,fitting_updates,6000,0.0824025087,5950,145.64788
p2-main-nonlinear-d5-s212005-B100-c0.2-none,nonlinear,5,212005,100,0.2,checkpoint_random_fitting_updates_6000,fitting_updates,6000,0.0823548014,4000,103.395815
p2-main-nonlinear-d5-s212005-B100-c0.5-none,nonlinear,5,212005,100,0.5,checkpoint_random_fitting_updates_6000,fitting_updates,6000,0.117159694,5750,147.027658
p2-main-nonlinear-d5-s212005-B400-c0.2-none,nonlinear,5,212005,400,0.2,checkpoint_random_fitting_updates_6000,fitting_updates,6000,0.0820032308,5600,139.532288
p2-main-nonlinear-d5-s212005-B400-c0.5-none,nonlinear,5,212005,400,0.5,checkpoint_random_fitting_updates_6000,fitting_updates,6000,0.112253179,5150,132.19882
p2-main-heteroscedastic-d5-s213001-B100-c0.2-none,heteroscedastic,5,213001,100,0.2,checkpoint_random_fitting_updates_6000,fitting_updates,6000,0.321212207,4100,103.871896
p2-main-heteroscedastic-d5-s213001-B100-c0.5-none,heteroscedastic,5,213001,100,0.5,checkpoint_random_fitting_updates_6000,fitting_updates,6000,0.371735071,5650,144.37985
p2-main-heteroscedastic-d5-s213001-B400-c0.2-none,heteroscedastic,5,213001,400,0.2,checkpoint_random_fitting_updates_6000,fitting_updates,6000,0.0477863699,5650,129.967751
p2-main-heteroscedastic-d5-s213001-B400-c0.5-none,heteroscedastic,5,213001,400,0.5,checkpoint_random_fitting_updates_6000,fitting_updates,6000,0.133359522,5600,130.284211
p2-main-heteroscedastic-d5-s213002-B100-c0.2-none,heteroscedastic,5,213002,100,0.2,checkpoint_random_fitting_updates_6000,fitting_updates,6000,0.0666200717,5050,122.77644
p2-main-heteroscedastic-d5-s213002-B100-c0.5-none,heteroscedastic,5,213002,100,0.5,checkpoint_random_fitting_updates_6000,fitting_updates,6000,0.218890458,4850,118.367647
p2-main-heteroscedastic-d5-s213002-B400-c0.2-none,heteroscedastic,5,213002,400,0.2,checkpoint_random_fitting_updates_6000,fitting_updates,6000,0.055064898,5650,138.019613
p2-main-heteroscedastic-d5-s213002-B400-c0.5-none,heteroscedastic,5,213002,400,0.5,checkpoint_random_fitting_updates_6000,fitting_updates,6000,0.243848289,5300,129.932931
p2-main-heteroscedastic-d5-s213003-B100-c0.2-none,heteroscedastic,5,213003,100,0.2,checkpoint_random_fitting_updates_6000,fitting_updates,6000,0.30209143,4100,97.4543028
p2-main-heteroscedastic-d5-s213003-B100-c0.5-none,heteroscedastic,5,213003,100,0.5,checkpoint_random_fitting_updates_6000,fitting_updates,6000,0.201219392,3900,98.4181739
p2-main-heteroscedastic-d5-s213003-B400-c0.2-none,heteroscedastic,5,213003,400,0.2,checkpoint_random_fitting_updates_6000,fitting_updates,6000,0.349091291,5750,145.047413
p2-main-heteroscedastic-d5-s213003-B400-c0.5-none,heteroscedastic,5,213003,400,0.5,checkpoint_random_fitting_updates_6000,fitting_updates,6000,0.251592256,5050,129.564978
p2-main-heteroscedastic-d5-s213004-B100-c0.2-none,heteroscedastic,5,213004,100,0.2,checkpoint_random_fitting_updates_6000,fitting_updates,6000,0.317974483,5300,133.662798
p2-main-heteroscedastic-d5-s213004-B100-c0.5-none,heteroscedastic,5,213004,100,0.5,checkpoint_random_fitting_updates_6000,fitting_updates,6000,0.0890709286,5550,140.452291
p2-main-heteroscedastic-d5-s213004-B400-c0.2-none,heteroscedastic,5,213004,400,0.2,checkpoint_random_fitting_updates_6000,fitting_updates,6000,0.287883431,5950,149.493528
p2-main-heteroscedastic-d5-s213004-B400-c0.5-none,heteroscedastic,5,213004,400,0.5,checkpoint_random_fitting_updates_6000,fitting_updates,6000,0.162687386,5500,136.333619
p2-main-heteroscedastic-d5-s213005-B100-c0.2-none,heteroscedastic,5,213005,100,0.2,checkpoint_random_fitting_updates_6000,fitting_updates,6000,0.0826224883,5500,114.06379
p2-main-heteroscedastic-d5-s213005-B100-c0.5-none,heteroscedastic,5,213005,100,0.5,checkpoint_random_fitting_updates_6000,fitting_updates,6000,0.164865817,5450,112.302696
p2-main-heteroscedastic-d5-s213005-B400-c0.2-none,heteroscedastic,5,213005,400,0.2,checkpoint_random_fitting_updates_6000,fitting_updates,6000,0.0645001469,5300,110.170714
p2-main-heteroscedastic-d5-s213005-B400-c0.5-none,heteroscedastic,5,213005,400,0.5,checkpoint_random_fitting_updates_6000,fitting_updates,6000,0.161628599,5650,113.406115
p2-main-linear-d5-s211001-B100-c0.2-none,linear,5,211001,100,0.2,checkpoint_diagnostic_fitting_updates_8000,fitting_updates,8000,0.0961105675,6500,165.470542
p2-main-linear-d5-s211001-B100-c0.5-none,linear,5,211001,100,0.5,checkpoint_diagnostic_fitting_updates_8000,fitting_updates,8000,0.109175121,5900,147.386798
p2-main-linear-d5-s211001-B400-c0.2-none,linear,5,211001,400,0.2,checkpoint_diagnostic_fitting_updates_8000,fitting_updates,8000,0.0733200908,4900,126.198029
p2-main-linear-d5-s211001-B400-c0.5-none,linear,5,211001,400,0.5,checkpoint_diagnostic_fitting_updates_8000,fitting_updates,8000,0.127537012,6300,165.569516
p2-main-linear-d5-s211002-B100-c0.2-none,linear,5,211002,100,0.2,checkpoint_diagnostic_fitting_updates_8000,fitting_updates,8000,0.190943524,6000,147.304333
p2-main-linear-d5-s211002-B100-c0.5-none,linear,5,211002,100,0.5,checkpoint_diagnostic_fitting_updates_8000,fitting_updates,8000,0.144098664,8000,190.80768
p2-main-linear-d5-s211002-B400-c0.2-none,linear,5,211002,400,0.2,checkpoint_diagnostic_fitting_updates_8000,fitting_updates,8000,0.0841981893,5300,128.085347
p2-main-linear-d5-s211002-B400-c0.5-none,linear,5,211002,400,0.5,checkpoint_diagnostic_fitting_updates_8000,fitting_updates,8000,0.0841981893,7500,186.170215
p2-main-linear-d5-s211003-B100-c0.2-none,linear,5,211003,100,0.2,checkpoint_diagnostic_fitting_updates_8000,fitting_updates,8000,0.0829384103,7100,174.833514
p2-main-linear-d5-s211003-B100-c0.5-none,linear,5,211003,100,0.5,checkpoint_diagnostic_fitting_updates_8000,fitting_updates,8000,0.148891819,7900,195.206674
p2-main-linear-d5-s211003-B400-c0.2-none,linear,5,211003,400,0.2,checkpoint_diagnostic_fitting_updates_8000,fitting_updates,8000,0.05485597,7950,198.781173
p2-main-linear-d5-s211003-B400-c0.5-none,linear,5,211003,400,0.5,checkpoint_diagnostic_fitting_updates_8000,fitting_updates,8000,0.0589657376,7300,182.850784
p2-main-linear-d5-s211004-B100-c0.2-none,linear,5,211004,100,0.2,checkpoint_diagnostic_fitting_updates_8000,fitting_updates,8000,0.175111274,6600,164.24544
p2-main-linear-d5-s211004-B100-c0.5-none,linear,5,211004,100,0.5,checkpoint_diagnostic_fitting_updates_8000,fitting_updates,8000,0.30910478,7200,179.306054
p2-main-linear-d5-s211004-B400-c0.2-none,linear,5,211004,400,0.2,checkpoint_diagnostic_fitting_updates_8000,fitting_updates,8000,0.0647349196,5150,122.025068
p2-main-linear-d5-s211004-B400-c0.5-none,linear,5,211004,400,0.5,checkpoint_diagnostic_fitting_updates_8000,fitting_updates,8000,0.0563385797,7900,194.887218
p2-main-linear-d5-s211005-B100-c0.2-none,linear,5,211005,100,0.2,checkpoint_diagnostic_fitting_updates_8000,fitting_updates,8000,0.0796955054,4550,111.293923
p2-main-linear-d5-s211005-B100-c0.5-none,linear,5,211005,100,0.5,checkpoint_diagnostic_fitting_updates_8000,fitting_updates,8000,0.0796955054,7350,176.267009
p2-main-linear-d5-s211005-B400-c0.2-none,linear,5,211005,400,0.2,checkpoint_diagnostic_fitting_updates_8000,fitting_updates,8000,0.0721770947,5450,131.863196
p2-main-linear-d5-s211005-B400-c0.5-none,linear,5,211005,400,0.5,checkpoint_diagnostic_fitting_updates_8000,fitting_updates,8000,0.0721770947,7700,188.201722
p2-main-nonlinear-d5-s212001-B100-c0.2-none,nonlinear,5,212001,100,0.2,checkpoint_diagnostic_fitting_updates_8000,fitting_updates,8000,0.173533442,5400,129.747352
p2-main-nonlinear-d5-s212001-B100-c0.5-none,nonlinear,5,212001,100,0.5,checkpoint_diagnostic_fitting_updates_8000,fitting_updates,8000,0.0750288665,6800,165.289174
p2-main-nonlinear-d5-s212001-B400-c0.2-none,nonlinear,5,212001,400,0.2,checkpoint_diagnostic_fitting_updates_8000,fitting_updates,8000,0.100597235,7100,171.87209
p2-main-nonlinear-d5-s212001-B400-c0.5-none,nonlinear,5,212001,400,0.5,checkpoint_diagnostic_fitting_updates_8000,fitting_updates,8000,0.100597235,7750,187.634043
p2-main-nonlinear-d5-s212002-B100-c0.2-none,nonlinear,5,212002,100,0.2,checkpoint_diagnostic_fitting_updates_8000,fitting_updates,8000,0.0919633533,4750,111.970044
p2-main-nonlinear-d5-s212002-B100-c0.5-none,nonlinear,5,212002,100,0.5,checkpoint_diagnostic_fitting_updates_8000,fitting_updates,8000,0.0977151667,6100,146.182816
p2-main-nonlinear-d5-s212002-B400-c0.2-none,nonlinear,5,212002,400,0.2,checkpoint_diagnostic_fitting_updates_8000,fitting_updates,8000,0.0883816704,6350,157.886167
p2-main-nonlinear-d5-s212002-B400-c0.5-none,nonlinear,5,212002,400,0.5,checkpoint_diagnostic_fitting_updates_8000,fitting_updates,8000,0.0811470846,7750,193.425557
p2-main-nonlinear-d5-s212003-B100-c0.2-none,nonlinear,5,212003,100,0.2,checkpoint_diagnostic_fitting_updates_8000,fitting_updates,8000,0.0699832502,7950,195.334893
p2-main-nonlinear-d5-s212003-B100-c0.5-none,nonlinear,5,212003,100,0.5,checkpoint_diagnostic_fitting_updates_8000,fitting_updates,8000,0.138999254,7250,176.354083
p2-main-nonlinear-d5-s212003-B400-c0.2-none,nonlinear,5,212003,400,0.2,checkpoint_diagnostic_fitting_updates_8000,fitting_updates,8000,0.0783856846,7750,185.424092
p2-main-nonlinear-d5-s212003-B400-c0.5-none,nonlinear,5,212003,400,0.5,checkpoint_diagnostic_fitting_updates_8000,fitting_updates,8000,0.134731236,7750,187.531916
p2-main-nonlinear-d5-s212004-B100-c0.2-none,nonlinear,5,212004,100,0.2,checkpoint_diagnostic_fitting_updates_8000,fitting_updates,8000,0.0796816945,6300,159.321328
p2-main-nonlinear-d5-s212004-B100-c0.5-none,nonlinear,5,212004,100,0.5,checkpoint_diagnostic_fitting_updates_8000,fitting_updates,8000,0.0827163433,6250,156.552883
p2-main-nonlinear-d5-s212004-B400-c0.2-none,nonlinear,5,212004,400,0.2,checkpoint_diagnostic_fitting_updates_8000,fitting_updates,8000,0.0662170748,7800,194.594194
p2-main-nonlinear-d5-s212004-B400-c0.5-none,nonlinear,5,212004,400,0.5,checkpoint_diagnostic_fitting_updates_8000,fitting_updates,8000,0.0824025087,4400,110.380156
p2-main-nonlinear-d5-s212005-B100-c0.2-none,nonlinear,5,212005,100,0.2,checkpoint_diagnostic_fitting_updates_8000,fitting_updates,8000,0.0885032589,5350,136.478698
p2-main-nonlinear-d5-s212005-B100-c0.5-none,nonlinear,5,212005,100,0.5,checkpoint_diagnostic_fitting_updates_8000,fitting_updates,8000,0.0850845811,6800,175.746608
p2-main-nonlinear-d5-s212005-B400-c0.2-none,nonlinear,5,212005,400,0.2,checkpoint_diagnostic_fitting_updates_8000,fitting_updates,8000,0.0820032308,5400,130.681514
p2-main-nonlinear-d5-s212005-B400-c0.5-none,nonlinear,5,212005,400,0.5,checkpoint_diagnostic_fitting_updates_8000,fitting_updates,8000,0.131159827,7500,192.09272
p2-main-heteroscedastic-d5-s213001-B100-c0.2-none,heteroscedastic,5,213001,100,0.2,checkpoint_diagnostic_fitting_updates_8000,fitting_updates,8000,0.305800349,5850,155.412819
p2-main-heteroscedastic-d5-s213001-B100-c0.5-none,heteroscedastic,5,213001,100,0.5,checkpoint_diagnostic_fitting_updates_8000,fitting_updates,8000,0.371735071,6500,171.34426
p2-main-heteroscedastic-d5-s213001-B400-c0.2-none,heteroscedastic,5,213001,400,0.2,checkpoint_diagnostic_fitting_updates_8000,fitting_updates,8000,0.0430853665,6600,151.278645
p2-main-heteroscedastic-d5-s213001-B400-c0.5-none,heteroscedastic,5,213001,400,0.5,checkpoint_diagnostic_fitting_updates_8000,fitting_updates,8000,0.0477863699,8000,185.048809
p2-main-heteroscedastic-d5-s213002-B100-c0.2-none,heteroscedastic,5,213002,100,0.2,checkpoint_diagnostic_fitting_updates_8000,fitting_updates,8000,0.0666200717,6500,157.919758
p2-main-heteroscedastic-d5-s213002-B100-c0.5-none,heteroscedastic,5,213002,100,0.5,checkpoint_diagnostic_fitting_updates_8000,fitting_updates,8000,0.0760624235,7500,182.190405
p2-main-heteroscedastic-d5-s213002-B400-c0.2-none,heteroscedastic,5,213002,400,0.2,checkpoint_diagnostic_fitting_updates_8000,fitting_updates,8000,0.0769955255,6400,156.359495
p2-main-heteroscedastic-d5-s213002-B400-c0.5-none,heteroscedastic,5,213002,400,0.5,checkpoint_diagnostic_fitting_updates_8000,fitting_updates,8000,0.0544384482,6000,147.113749
p2-main-heteroscedastic-d5-s213003-B100-c0.2-none,heteroscedastic,5,213003,100,0.2,checkpoint_diagnostic_fitting_updates_8000,fitting_updates,8000,0.150322263,5750,139.575557
p2-main-heteroscedastic-d5-s213003-B100-c0.5-none,heteroscedastic,5,213003,100,0.5,checkpoint_diagnostic_fitting_updates_8000,fitting_updates,8000,0.132190794,6200,152.445779
p2-main-heteroscedastic-d5-s213003-B400-c0.2-none,heteroscedastic,5,213003,400,0.2,checkpoint_diagnostic_fitting_updates_8000,fitting_updates,8000,0.071570918,7850,196.356964
p2-main-heteroscedastic-d5-s213003-B400-c0.5-none,heteroscedastic,5,213003,400,0.5,checkpoint_diagnostic_fitting_updates_8000,fitting_updates,8000,0.0797285053,6800,174.627953
p2-main-heteroscedastic-d5-s213004-B100-c0.2-none,heteroscedastic,5,213004,100,0.2,checkpoint_diagnostic_fitting_updates_8000,fitting_updates,8000,0.078900598,7450,187.480075
p2-main-heteroscedastic-d5-s213004-B100-c0.5-none,heteroscedastic,5,213004,100,0.5,checkpoint_diagnostic_fitting_updates_8000,fitting_updates,8000,0.155868823,7000,175.937903
p2-main-heteroscedastic-d5-s213004-B400-c0.2-none,heteroscedastic,5,213004,400,0.2,checkpoint_diagnostic_fitting_updates_8000,fitting_updates,8000,0.0710762491,7700,190.012323
p2-main-heteroscedastic-d5-s213004-B400-c0.5-none,heteroscedastic,5,213004,400,0.5,checkpoint_diagnostic_fitting_updates_8000,fitting_updates,8000,0.162687386,7650,191.671742
p2-main-heteroscedastic-d5-s213005-B100-c0.2-none,heteroscedastic,5,213005,100,0.2,checkpoint_diagnostic_fitting_updates_8000,fitting_updates,8000,0.127249579,5550,115.720237
p2-main-heteroscedastic-d5-s213005-B100-c0.5-none,heteroscedastic,5,213005,100,0.5,checkpoint_diagnostic_fitting_updates_8000,fitting_updates,8000,0.158364316,4400,92.3039396
p2-main-heteroscedastic-d5-s213005-B400-c0.2-none,heteroscedastic,5,213005,400,0.2,checkpoint_diagnostic_fitting_updates_8000,fitting_updates,8000,0.0645001469,6150,128.21167
p2-main-heteroscedastic-d5-s213005-B400-c0.5-none,heteroscedastic,5,213005,400,0.5,checkpoint_diagnostic_fitting_updates_8000,fitting_updates,8000,0.0598624858,7950,158.925391
p2-main-linear-d5-s211001-B100-c0.2-none,linear,5,211001,100,0.2,checkpoint_random_fitting_updates_8000,fitting_updates,8000,0.0961105675,5450,139.628284
p2-main-linear-d5-s211001-B100-c0.5-none,linear,5,211001,100,0.5,checkpoint_random_fitting_updates_8000,fitting_updates,8000,0.177715694,5300,133.470865
p2-main-linear-d5-s211001-B400-c0.2-none,linear,5,211001,400,0.2,checkpoint_random_fitting_updates_8000,fitting_updates,8000,0.0722379386,5250,134.515222
p2-main-linear-d5-s211001-B400-c0.5-none,linear,5,211001,400,0.5,checkpoint_random_fitting_updates_8000,fitting_updates,8000,0.119613332,6150,160.100981
p2-main-linear-d5-s211002-B100-c0.2-none,linear,5,211002,100,0.2,checkpoint_random_fitting_updates_8000,fitting_updates,8000,0.167987923,7100,176.204265
p2-main-linear-d5-s211002-B100-c0.5-none,linear,5,211002,100,0.5,checkpoint_random_fitting_updates_8000,fitting_updates,8000,0.26015075,5700,137.913933
p2-main-linear-d5-s211002-B400-c0.2-none,linear,5,211002,400,0.2,checkpoint_random_fitting_updates_8000,fitting_updates,8000,0.149723714,5750,140.089409
p2-main-linear-d5-s211002-B400-c0.5-none,linear,5,211002,400,0.5,checkpoint_random_fitting_updates_8000,fitting_updates,8000,0.244679744,5400,133.072774
p2-main-linear-d5-s211003-B100-c0.2-none,linear,5,211003,100,0.2,checkpoint_random_fitting_updates_8000,fitting_updates,8000,0.0915381014,6250,154.950062
p2-main-linear-d5-s211003-B100-c0.5-none,linear,5,211003,100,0.5,checkpoint_random_fitting_updates_8000,fitting_updates,8000,0.148891819,7400,183.326587
p2-main-linear-d5-s211003-B400-c0.2-none,linear,5,211003,400,0.2,checkpoint_random_fitting_updates_8000,fitting_updates,8000,0.05485597,4800,118.614303
p2-main-linear-d5-s211003-B400-c0.5-none,linear,5,211003,400,0.5,checkpoint_random_fitting_updates_8000,fitting_updates,8000,0.0584413732,7050,177.201238
p2-main-linear-d5-s211004-B100-c0.2-none,linear,5,211004,100,0.2,checkpoint_random_fitting_updates_8000,fitting_updates,8000,0.0981462176,7100,172.447432
p2-main-linear-d5-s211004-B100-c0.5-none,linear,5,211004,100,0.5,checkpoint_random_fitting_updates_8000,fitting_updates,8000,0.34742941,6200,151.664957
p2-main-linear-d5-s211004-B400-c0.2-none,linear,5,211004,400,0.2,checkpoint_random_fitting_updates_8000,fitting_updates,8000,0.0581403176,6700,164.383375
p2-main-linear-d5-s211004-B400-c0.5-none,linear,5,211004,400,0.5,checkpoint_random_fitting_updates_8000,fitting_updates,8000,0.360672851,5400,131.146962
p2-main-linear-d5-s211005-B100-c0.2-none,linear,5,211005,100,0.2,checkpoint_random_fitting_updates_8000,fitting_updates,8000,0.0796955054,5400,132.753381
p2-main-linear-d5-s211005-B100-c0.5-none,linear,5,211005,100,0.5,checkpoint_random_fitting_updates_8000,fitting_updates,8000,0.0786090444,6300,153.011431
p2-main-linear-d5-s211005-B400-c0.2-none,linear,5,211005,400,0.2,checkpoint_random_fitting_updates_8000,fitting_updates,8000,0.0708716065,4600,112.940683
p2-main-linear-d5-s211005-B400-c0.5-none,linear,5,211005,400,0.5,checkpoint_random_fitting_updates_8000,fitting_updates,8000,0.0708716065,6200,148.516753
p2-main-nonlinear-d5-s212001-B100-c0.2-none,nonlinear,5,212001,100,0.2,checkpoint_random_fitting_updates_8000,fitting_updates,8000,0.0750288665,6100,147.805458
p2-main-nonlinear-d5-s212001-B100-c0.5-none,nonlinear,5,212001,100,0.5,checkpoint_random_fitting_updates_8000,fitting_updates,8000,0.318806196,4550,110.798711
p2-main-nonlinear-d5-s212001-B400-c0.2-none,nonlinear,5,212001,400,0.2,checkpoint_random_fitting_updates_8000,fitting_updates,8000,0.100597235,8000,192.504962
p2-main-nonlinear-d5-s212001-B400-c0.5-none,nonlinear,5,212001,400,0.5,checkpoint_random_fitting_updates_8000,fitting_updates,8000,0.349838724,5750,137.94265
p2-main-nonlinear-d5-s212002-B100-c0.2-none,nonlinear,5,212002,100,0.2,checkpoint_random_fitting_updates_8000,fitting_updates,8000,0.112988425,5900,144.12952
p2-main-nonlinear-d5-s212002-B100-c0.5-none,nonlinear,5,212002,100,0.5,checkpoint_random_fitting_updates_8000,fitting_updates,8000,0.161985869,3700,87.9982564
p2-main-nonlinear-d5-s212002-B400-c0.2-none,nonlinear,5,212002,400,0.2,checkpoint_random_fitting_updates_8000,fitting_updates,8000,0.0811470846,6800,170.815958
p2-main-nonlinear-d5-s212002-B400-c0.5-none,nonlinear,5,212002,400,0.5,checkpoint_random_fitting_updates_8000,fitting_updates,8000,0.15001636,5150,127.439749
p2-main-nonlinear-d5-s212003-B100-c0.2-none,nonlinear,5,212003,100,0.2,checkpoint_random_fitting_updates_8000,fitting_updates,8000,0.0866355797,6700,164.833766
p2-main-nonlinear-d5-s212003-B100-c0.5-none,nonlinear,5,212003,100,0.5,checkpoint_random_fitting_updates_8000,fitting_updates,8000,0.0765925075,7350,180.502816
p2-main-nonlinear-d5-s212003-B400-c0.2-none,nonlinear,5,212003,400,0.2,checkpoint_random_fitting_updates_8000,fitting_updates,8000,0.0590520067,7000,170.503425
p2-main-nonlinear-d5-s212003-B400-c0.5-none,nonlinear,5,212003,400,0.5,checkpoint_random_fitting_updates_8000,fitting_updates,8000,0.064971062,8000,195.05554
p2-main-nonlinear-d5-s212004-B100-c0.2-none,nonlinear,5,212004,100,0.2,checkpoint_random_fitting_updates_8000,fitting_updates,8000,0.0827163433,6000,150.080636
p2-main-nonlinear-d5-s212004-B100-c0.5-none,nonlinear,5,212004,100,0.5,checkpoint_random_fitting_updates_8000,fitting_updates,8000,0.125822787,6500,164.56586
p2-main-nonlinear-d5-s212004-B400-c0.2-none,nonlinear,5,212004,400,0.2,checkpoint_random_fitting_updates_8000,fitting_updates,8000,0.0662170748,7050,174.747142
p2-main-nonlinear-d5-s212004-B400-c0.5-none,nonlinear,5,212004,400,0.5,checkpoint_random_fitting_updates_8000,fitting_updates,8000,0.0824025087,7000,173.03272
p2-main-nonlinear-d5-s212005-B100-c0.2-none,nonlinear,5,212005,100,0.2,checkpoint_random_fitting_updates_8000,fitting_updates,8000,0.0823548014,4000,103.395815
p2-main-nonlinear-d5-s212005-B100-c0.5-none,nonlinear,5,212005,100,0.5,checkpoint_random_fitting_updates_8000,fitting_updates,8000,0.117159694,5750,147.027658
p2-main-nonlinear-d5-s212005-B400-c0.2-none,nonlinear,5,212005,400,0.2,checkpoint_random_fitting_updates_8000,fitting_updates,8000,0.0820032308,5600,139.532288
p2-main-nonlinear-d5-s212005-B400-c0.5-none,nonlinear,5,212005,400,0.5,checkpoint_random_fitting_updates_8000,fitting_updates,8000,0.127313286,7050,182.535928
p2-main-heteroscedastic-d5-s213001-B100-c0.2-none,heteroscedastic,5,213001,100,0.2,checkpoint_random_fitting_updates_8000,fitting_updates,8000,0.321212207,4100,103.871896
p2-main-heteroscedastic-d5-s213001-B100-c0.5-none,heteroscedastic,5,213001,100,0.5,checkpoint_random_fitting_updates_8000,fitting_updates,8000,0.371735071,5650,144.37985
p2-main-heteroscedastic-d5-s213001-B400-c0.2-none,heteroscedastic,5,213001,400,0.2,checkpoint_random_fitting_updates_8000,fitting_updates,8000,0.0453310596,6600,153.190056
p2-main-heteroscedastic-d5-s213001-B400-c0.5-none,heteroscedastic,5,213001,400,0.5,checkpoint_random_fitting_updates_8000,fitting_updates,8000,0.133359522,7000,164.835871
p2-main-heteroscedastic-d5-s213002-B100-c0.2-none,heteroscedastic,5,213002,100,0.2,checkpoint_random_fitting_updates_8000,fitting_updates,8000,0.0666200717,6700,161.953647
p2-main-heteroscedastic-d5-s213002-B100-c0.5-none,heteroscedastic,5,213002,100,0.5,checkpoint_random_fitting_updates_8000,fitting_updates,8000,0.0674870883,6600,160.098471
p2-main-heteroscedastic-d5-s213002-B400-c0.2-none,heteroscedastic,5,213002,400,0.2,checkpoint_random_fitting_updates_8000,fitting_updates,8000,0.092699488,6300,154.657527
p2-main-heteroscedastic-d5-s213002-B400-c0.5-none,heteroscedastic,5,213002,400,0.5,checkpoint_random_fitting_updates_8000,fitting_updates,8000,0.109931389,6500,158.901254
p2-main-heteroscedastic-d5-s213003-B100-c0.2-none,heteroscedastic,5,213003,100,0.2,checkpoint_random_fitting_updates_8000,fitting_updates,8000,0.30209143,4100,97.4543028
p2-main-heteroscedastic-d5-s213003-B100-c0.5-none,heteroscedastic,5,213003,100,0.5,checkpoint_random_fitting_updates_8000,fitting_updates,8000,0.201219392,3900,98.4181739
p2-main-heteroscedastic-d5-s213003-B400-c0.2-none,heteroscedastic,5,213003,400,0.2,checkpoint_random_fitting_updates_8000,fitting_updates,8000,0.349091291,7800,196.628873
p2-main-heteroscedastic-d5-s213003-B400-c0.5-none,heteroscedastic,5,213003,400,0.5,checkpoint_random_fitting_updates_8000,fitting_updates,8000,0.231210113,7100,179.31174
p2-main-heteroscedastic-d5-s213004-B100-c0.2-none,heteroscedastic,5,213004,100,0.2,checkpoint_random_fitting_updates_8000,fitting_updates,8000,0.278302133,7700,195.035938
p2-main-heteroscedastic-d5-s213004-B100-c0.5-none,heteroscedastic,5,213004,100,0.5,checkpoint_random_fitting_updates_8000,fitting_updates,8000,0.0890709286,7600,191.602705
p2-main-heteroscedastic-d5-s213004-B400-c0.2-none,heteroscedastic,5,213004,400,0.2,checkpoint_random_fitting_updates_8000,fitting_updates,8000,0.287883431,7100,177.795827
p2-main-heteroscedastic-d5-s213004-B400-c0.5-none,heteroscedastic,5,213004,400,0.5,checkpoint_random_fitting_updates_8000,fitting_updates,8000,0.0728884488,7800,195.701202
p2-main-heteroscedastic-d5-s213005-B100-c0.2-none,heteroscedastic,5,213005,100,0.2,checkpoint_random_fitting_updates_8000,fitting_updates,8000,0.0826224883,5500,114.06379
p2-main-heteroscedastic-d5-s213005-B100-c0.5-none,heteroscedastic,5,213005,100,0.5,checkpoint_random_fitting_updates_8000,fitting_updates,8000,0.164865817,5450,112.302696
p2-main-heteroscedastic-d5-s213005-B400-c0.2-none,heteroscedastic,5,213005,400,0.2,checkpoint_random_fitting_updates_8000,fitting_updates,8000,0.0645001469,6300,130.551635
p2-main-heteroscedastic-d5-s213005-B400-c0.5-none,heteroscedastic,5,213005,400,0.5,checkpoint_random_fitting_updates_8000,fitting_updates,8000,0.0598624858,7200,144.639191
p2-main-linear-d5-s211001-B100-c0.2-none,linear,5,211001,100,0.2,checkpoint_diagnostic_fitting_updates_10000,fitting_updates,10000,0.0961105675,6500,165.470542
p2-main-linear-d5-s211001-B100-c0.5-none,linear,5,211001,100,0.5,checkpoint_diagnostic_fitting_updates_10000,fitting_updates,10000,0.109175121,5900,147.386798
p2-main-linear-d5-s211001-B400-c0.2-none,linear,5,211001,400,0.2,checkpoint_diagnostic_fitting_updates_10000,fitting_updates,10000,0.0733200908,4900,126.198029
p2-main-linear-d5-s211001-B400-c0.5-none,linear,5,211001,400,0.5,checkpoint_diagnostic_fitting_updates_10000,fitting_updates,10000,0.127537012,6300,165.569516
p2-main-linear-d5-s211002-B100-c0.2-none,linear,5,211002,100,0.2,checkpoint_diagnostic_fitting_updates_10000,fitting_updates,10000,0.190943524,6000,147.304333
p2-main-linear-d5-s211002-B100-c0.5-none,linear,5,211002,100,0.5,checkpoint_diagnostic_fitting_updates_10000,fitting_updates,10000,0.144098664,8300,198.417527
p2-main-linear-d5-s211002-B400-c0.2-none,linear,5,211002,400,0.2,checkpoint_diagnostic_fitting_updates_10000,fitting_updates,10000,0.0841981893,5300,128.085347
p2-main-linear-d5-s211002-B400-c0.5-none,linear,5,211002,400,0.5,checkpoint_diagnostic_fitting_updates_10000,fitting_updates,10000,0.0841981893,7500,186.170215
p2-main-linear-d5-s211003-B100-c0.2-none,linear,5,211003,100,0.2,checkpoint_diagnostic_fitting_updates_10000,fitting_updates,10000,0.0829384103,7100,174.833514
p2-main-linear-d5-s211003-B100-c0.5-none,linear,5,211003,100,0.5,checkpoint_diagnostic_fitting_updates_10000,fitting_updates,10000,0.148891819,8600,212.913335
p2-main-linear-d5-s211003-B400-c0.2-none,linear,5,211003,400,0.2,checkpoint_diagnostic_fitting_updates_10000,fitting_updates,10000,0.05485597,7950,198.781173
p2-main-linear-d5-s211003-B400-c0.5-none,linear,5,211003,400,0.5,checkpoint_diagnostic_fitting_updates_10000,fitting_updates,10000,0.0589657376,9350,234.02965
p2-main-linear-d5-s211004-B100-c0.2-none,linear,5,211004,100,0.2,checkpoint_diagnostic_fitting_updates_10000,fitting_updates,10000,0.175111274,6600,164.24544
p2-main-linear-d5-s211004-B100-c0.5-none,linear,5,211004,100,0.5,checkpoint_diagnostic_fitting_updates_10000,fitting_updates,10000,0.30910478,7200,179.306054
p2-main-linear-d5-s211004-B400-c0.2-none,linear,5,211004,400,0.2,checkpoint_diagnostic_fitting_updates_10000,fitting_updates,10000,0.0647349196,5150,122.025068
p2-main-linear-d5-s211004-B400-c0.5-none,linear,5,211004,400,0.5,checkpoint_diagnostic_fitting_updates_10000,fitting_updates,10000,0.0563385797,7900,194.887218
p2-main-linear-d5-s211005-B100-c0.2-none,linear,5,211005,100,0.2,checkpoint_diagnostic_fitting_updates_10000,fitting_updates,10000,0.0796955054,4550,111.293923
p2-main-linear-d5-s211005-B100-c0.5-none,linear,5,211005,100,0.5,checkpoint_diagnostic_fitting_updates_10000,fitting_updates,10000,0.0796955054,7350,176.267009
p2-main-linear-d5-s211005-B400-c0.2-none,linear,5,211005,400,0.2,checkpoint_diagnostic_fitting_updates_10000,fitting_updates,10000,0.0721770947,5450,131.863196
p2-main-linear-d5-s211005-B400-c0.5-none,linear,5,211005,400,0.5,checkpoint_diagnostic_fitting_updates_10000,fitting_updates,10000,0.0721770947,7700,188.201722
p2-main-nonlinear-d5-s212001-B100-c0.2-none,nonlinear,5,212001,100,0.2,checkpoint_diagnostic_fitting_updates_10000,fitting_updates,10000,0.173533442,5400,129.747352
p2-main-nonlinear-d5-s212001-B100-c0.5-none,nonlinear,5,212001,100,0.5,checkpoint_diagnostic_fitting_updates_10000,fitting_updates,10000,0.0750288665,6800,165.289174
p2-main-nonlinear-d5-s212001-B400-c0.2-none,nonlinear,5,212001,400,0.2,checkpoint_diagnostic_fitting_updates_10000,fitting_updates,10000,0.100597235,8600,207.898124
p2-main-nonlinear-d5-s212001-B400-c0.5-none,nonlinear,5,212001,400,0.5,checkpoint_diagnostic_fitting_updates_10000,fitting_updates,10000,0.100597235,8050,195.460441
p2-main-nonlinear-d5-s212002-B100-c0.2-none,nonlinear,5,212002,100,0.2,checkpoint_diagnostic_fitting_updates_10000,fitting_updates,10000,0.0919633533,4750,111.970044
p2-main-nonlinear-d5-s212002-B100-c0.5-none,nonlinear,5,212002,100,0.5,checkpoint_diagnostic_fitting_updates_10000,fitting_updates,10000,0.0977151667,6100,146.182816
p2-main-nonlinear-d5-s212002-B400-c0.2-none,nonlinear,5,212002,400,0.2,checkpoint_diagnostic_fitting_updates_10000,fitting_updates,10000,0.0883816704,6350,157.886167
p2-main-nonlinear-d5-s212002-B400-c0.5-none,nonlinear,5,212002,400,0.5,checkpoint_diagnostic_fitting_updates_10000,fitting_updates,10000,0.0811470846,9200,227.752565
p2-main-nonlinear-d5-s212003-B100-c0.2-none,nonlinear,5,212003,100,0.2,checkpoint_diagnostic_fitting_updates_10000,fitting_updates,10000,0.0699832502,7950,195.334893
p2-main-nonlinear-d5-s212003-B100-c0.5-none,nonlinear,5,212003,100,0.5,checkpoint_diagnostic_fitting_updates_10000,fitting_updates,10000,0.138999254,7250,176.354083
p2-main-nonlinear-d5-s212003-B400-c0.2-none,nonlinear,5,212003,400,0.2,checkpoint_diagnostic_fitting_updates_10000,fitting_updates,10000,0.0783856846,9200,220.879553
p2-main-nonlinear-d5-s212003-B400-c0.5-none,nonlinear,5,212003,400,0.5,checkpoint_diagnostic_fitting_updates_10000,fitting_updates,10000,0.134731236,8250,199.639157
p2-main-nonlinear-d5-s212004-B100-c0.2-none,nonlinear,5,212004,100,0.2,checkpoint_diagnostic_fitting_updates_10000,fitting_updates,10000,0.0796816945,6300,159.321328
p2-main-nonlinear-d5-s212004-B100-c0.5-none,nonlinear,5,212004,100,0.5,checkpoint_diagnostic_fitting_updates_10000,fitting_updates,10000,0.0827163433,6250,156.552883
p2-main-nonlinear-d5-s212004-B400-c0.2-none,nonlinear,5,212004,400,0.2,checkpoint_diagnostic_fitting_updates_10000,fitting_updates,10000,0.0662170748,7800,194.594194
p2-main-nonlinear-d5-s212004-B400-c0.5-none,nonlinear,5,212004,400,0.5,checkpoint_diagnostic_fitting_updates_10000,fitting_updates,10000,0.0824025087,4400,110.380156
p2-main-nonlinear-d5-s212005-B100-c0.2-none,nonlinear,5,212005,100,0.2,checkpoint_diagnostic_fitting_updates_10000,fitting_updates,10000,0.0885032589,5350,136.478698
p2-main-nonlinear-d5-s212005-B100-c0.5-none,nonlinear,5,212005,100,0.5,checkpoint_diagnostic_fitting_updates_10000,fitting_updates,10000,0.0850845811,6800,175.746608
p2-main-nonlinear-d5-s212005-B400-c0.2-none,nonlinear,5,212005,400,0.2,checkpoint_diagnostic_fitting_updates_10000,fitting_updates,10000,0.0820032308,5400,130.681514
p2-main-nonlinear-d5-s212005-B400-c0.5-none,nonlinear,5,212005,400,0.5,checkpoint_diagnostic_fitting_updates_10000,fitting_updates,10000,0.129143409,8150,209.371435
p2-main-heteroscedastic-d5-s213001-B100-c0.2-none,heteroscedastic,5,213001,100,0.2,checkpoint_diagnostic_fitting_updates_10000,fitting_updates,10000,0.305800349,5850,155.412819
p2-main-heteroscedastic-d5-s213001-B100-c0.5-none,heteroscedastic,5,213001,100,0.5,checkpoint_diagnostic_fitting_updates_10000,fitting_updates,10000,0.371735071,6500,171.34426
p2-main-heteroscedastic-d5-s213001-B400-c0.2-none,heteroscedastic,5,213001,400,0.2,checkpoint_diagnostic_fitting_updates_10000,fitting_updates,10000,0.0430853665,6600,151.278645
p2-main-heteroscedastic-d5-s213001-B400-c0.5-none,heteroscedastic,5,213001,400,0.5,checkpoint_diagnostic_fitting_updates_10000,fitting_updates,10000,0.0477863699,8450,195.985928
p2-main-heteroscedastic-d5-s213002-B100-c0.2-none,heteroscedastic,5,213002,100,0.2,checkpoint_diagnostic_fitting_updates_10000,fitting_updates,10000,0.0666200717,6500,157.919758
p2-main-heteroscedastic-d5-s213002-B100-c0.5-none,heteroscedastic,5,213002,100,0.5,checkpoint_diagnostic_fitting_updates_10000,fitting_updates,10000,0.0760624235,7500,182.190405
p2-main-heteroscedastic-d5-s213002-B400-c0.2-none,heteroscedastic,5,213002,400,0.2,checkpoint_diagnostic_fitting_updates_10000,fitting_updates,10000,0.0769955255,6400,156.359495
p2-main-heteroscedastic-d5-s213002-B400-c0.5-none,heteroscedastic,5,213002,400,0.5,checkpoint_diagnostic_fitting_updates_10000,fitting_updates,10000,0.0544384482,6000,147.113749
p2-main-heteroscedastic-d5-s213003-B100-c0.2-none,heteroscedastic,5,213003,100,0.2,checkpoint_diagnostic_fitting_updates_10000,fitting_updates,10000,0.150322263,5750,139.575557
p2-main-heteroscedastic-d5-s213003-B100-c0.5-none,heteroscedastic,5,213003,100,0.5,checkpoint_diagnostic_fitting_updates_10000,fitting_updates,10000,0.132190794,6200,152.445779
p2-main-heteroscedastic-d5-s213003-B400-c0.2-none,heteroscedastic,5,213003,400,0.2,checkpoint_diagnostic_fitting_updates_10000,fitting_updates,10000,0.071570918,8600,215.838993
p2-main-heteroscedastic-d5-s213003-B400-c0.5-none,heteroscedastic,5,213003,400,0.5,checkpoint_diagnostic_fitting_updates_10000,fitting_updates,10000,0.0797285053,6800,174.627953
p2-main-heteroscedastic-d5-s213004-B100-c0.2-none,heteroscedastic,5,213004,100,0.2,checkpoint_diagnostic_fitting_updates_10000,fitting_updates,10000,0.078900598,8100,205.27594
p2-main-heteroscedastic-d5-s213004-B100-c0.5-none,heteroscedastic,5,213004,100,0.5,checkpoint_diagnostic_fitting_updates_10000,fitting_updates,10000,0.155868823,7000,175.937903
p2-main-heteroscedastic-d5-s213004-B400-c0.2-none,heteroscedastic,5,213004,400,0.2,checkpoint_diagnostic_fitting_updates_10000,fitting_updates,10000,0.0850312586,9300,231.249301
p2-main-heteroscedastic-d5-s213004-B400-c0.5-none,heteroscedastic,5,213004,400,0.5,checkpoint_diagnostic_fitting_updates_10000,fitting_updates,10000,0.154566906,9650,242.292671
p2-main-heteroscedastic-d5-s213005-B100-c0.2-none,heteroscedastic,5,213005,100,0.2,checkpoint_diagnostic_fitting_updates_10000,fitting_updates,10000,0.127249579,5550,115.720237
p2-main-heteroscedastic-d5-s213005-B100-c0.5-none,heteroscedastic,5,213005,100,0.5,checkpoint_diagnostic_fitting_updates_10000,fitting_updates,10000,0.158364316,4400,92.3039396
p2-main-heteroscedastic-d5-s213005-B400-c0.2-none,heteroscedastic,5,213005,400,0.2,checkpoint_diagnostic_fitting_updates_10000,fitting_updates,10000,0.0645001469,6150,128.21167
p2-main-heteroscedastic-d5-s213005-B400-c0.5-none,heteroscedastic,5,213005,400,0.5,checkpoint_diagnostic_fitting_updates_10000,fitting_updates,10000,0.0598624858,8350,167.469012
p2-main-linear-d5-s211001-B100-c0.2-none,linear,5,211001,100,0.2,checkpoint_random_fitting_updates_10000,fitting_updates,10000,0.0961105675,5450,139.628284
p2-main-linear-d5-s211001-B100-c0.5-none,linear,5,211001,100,0.5,checkpoint_random_fitting_updates_10000,fitting_updates,10000,0.177715694,5300,133.470865
p2-main-linear-d5-s211001-B400-c0.2-none,linear,5,211001,400,0.2,checkpoint_random_fitting_updates_10000,fitting_updates,10000,0.0722379386,5250,134.515222
p2-main-linear-d5-s211001-B400-c0.5-none,linear,5,211001,400,0.5,checkpoint_random_fitting_updates_10000,fitting_updates,10000,0.119613332,6150,160.100981
p2-main-linear-d5-s211002-B100-c0.2-none,linear,5,211002,100,0.2,checkpoint_random_fitting_updates_10000,fitting_updates,10000,0.167987923,7100,176.204265
p2-main-linear-d5-s211002-B100-c0.5-none,linear,5,211002,100,0.5,checkpoint_random_fitting_updates_10000,fitting_updates,10000,0.26015075,5700,137.913933
p2-main-linear-d5-s211002-B400-c0.2-none,linear,5,211002,400,0.2,checkpoint_random_fitting_updates_10000,fitting_updates,10000,0.149723714,5750,140.089409
p2-main-linear-d5-s211002-B400-c0.5-none,linear,5,211002,400,0.5,checkpoint_random_fitting_updates_10000,fitting_updates,10000,0.244679744,5400,133.072774
p2-main-linear-d5-s211003-B100-c0.2-none,linear,5,211003,100,0.2,checkpoint_random_fitting_updates_10000,fitting_updates,10000,0.0915381014,6250,154.950062
p2-main-linear-d5-s211003-B100-c0.5-none,linear,5,211003,100,0.5,checkpoint_random_fitting_updates_10000,fitting_updates,10000,0.148891819,7400,183.326587
p2-main-linear-d5-s211003-B400-c0.2-none,linear,5,211003,400,0.2,checkpoint_random_fitting_updates_10000,fitting_updates,10000,0.05485597,4800,118.614303
p2-main-linear-d5-s211003-B400-c0.5-none,linear,5,211003,400,0.5,checkpoint_random_fitting_updates_10000,fitting_updates,10000,0.0584413732,7050,177.201238
p2-main-linear-d5-s211004-B100-c0.2-none,linear,5,211004,100,0.2,checkpoint_random_fitting_updates_10000,fitting_updates,10000,0.0981462176,7100,172.447432
p2-main-linear-d5-s211004-B100-c0.5-none,linear,5,211004,100,0.5,checkpoint_random_fitting_updates_10000,fitting_updates,10000,0.34742941,6200,151.664957
p2-main-linear-d5-s211004-B400-c0.2-none,linear,5,211004,400,0.2,checkpoint_random_fitting_updates_10000,fitting_updates,10000,0.0581403176,6700,164.383375
p2-main-linear-d5-s211004-B400-c0.5-none,linear,5,211004,400,0.5,checkpoint_random_fitting_updates_10000,fitting_updates,10000,0.360672851,5400,131.146962
p2-main-linear-d5-s211005-B100-c0.2-none,linear,5,211005,100,0.2,checkpoint_random_fitting_updates_10000,fitting_updates,10000,0.0796955054,5400,132.753381
p2-main-linear-d5-s211005-B100-c0.5-none,linear,5,211005,100,0.5,checkpoint_random_fitting_updates_10000,fitting_updates,10000,0.0786090444,6300,153.011431
p2-main-linear-d5-s211005-B400-c0.2-none,linear,5,211005,400,0.2,checkpoint_random_fitting_updates_10000,fitting_updates,10000,0.0708716065,4600,112.940683
p2-main-linear-d5-s211005-B400-c0.5-none,linear,5,211005,400,0.5,checkpoint_random_fitting_updates_10000,fitting_updates,10000,0.0708716065,6200,148.516753
p2-main-nonlinear-d5-s212001-B100-c0.2-none,nonlinear,5,212001,100,0.2,checkpoint_random_fitting_updates_10000,fitting_updates,10000,0.0750288665,6100,147.805458
p2-main-nonlinear-d5-s212001-B100-c0.5-none,nonlinear,5,212001,100,0.5,checkpoint_random_fitting_updates_10000,fitting_updates,10000,0.318806196,4550,110.798711
p2-main-nonlinear-d5-s212001-B400-c0.2-none,nonlinear,5,212001,400,0.2,checkpoint_random_fitting_updates_10000,fitting_updates,10000,0.100597235,8000,192.504962
p2-main-nonlinear-d5-s212001-B400-c0.5-none,nonlinear,5,212001,400,0.5,checkpoint_random_fitting_updates_10000,fitting_updates,10000,0.349838724,5750,137.94265
p2-main-nonlinear-d5-s212002-B100-c0.2-none,nonlinear,5,212002,100,0.2,checkpoint_random_fitting_updates_10000,fitting_updates,10000,0.112988425,5900,144.12952
p2-main-nonlinear-d5-s212002-B100-c0.5-none,nonlinear,5,212002,100,0.5,checkpoint_random_fitting_updates_10000,fitting_updates,10000,0.161985869,3700,87.9982564
p2-main-nonlinear-d5-s212002-B400-c0.2-none,nonlinear,5,212002,400,0.2,checkpoint_random_fitting_updates_10000,fitting_updates,10000,0.0811470846,6800,170.815958
p2-main-nonlinear-d5-s212002-B400-c0.5-none,nonlinear,5,212002,400,0.5,checkpoint_random_fitting_updates_10000,fitting_updates,10000,0.15001636,5150,127.439749
p2-main-nonlinear-d5-s212003-B100-c0.2-none,nonlinear,5,212003,100,0.2,checkpoint_random_fitting_updates_10000,fitting_updates,10000,0.0866355797,6700,164.833766
p2-main-nonlinear-d5-s212003-B100-c0.5-none,nonlinear,5,212003,100,0.5,checkpoint_random_fitting_updates_10000,fitting_updates,10000,0.0765925075,7350,180.502816
p2-main-nonlinear-d5-s212003-B400-c0.2-none,nonlinear,5,212003,400,0.2,checkpoint_random_fitting_updates_10000,fitting_updates,10000,0.0590520067,7000,170.503425
p2-main-nonlinear-d5-s212003-B400-c0.5-none,nonlinear,5,212003,400,0.5,checkpoint_random_fitting_updates_10000,fitting_updates,10000,0.064971062,8650,210.526345
p2-main-nonlinear-d5-s212004-B100-c0.2-none,nonlinear,5,212004,100,0.2,checkpoint_random_fitting_updates_10000,fitting_updates,10000,0.0827163433,6000,150.080636
p2-main-nonlinear-d5-s212004-B100-c0.5-none,nonlinear,5,212004,100,0.5,checkpoint_random_fitting_updates_10000,fitting_updates,10000,0.125822787,6500,164.56586
p2-main-nonlinear-d5-s212004-B400-c0.2-none,nonlinear,5,212004,400,0.2,checkpoint_random_fitting_updates_10000,fitting_updates,10000,0.0662170748,7050,174.747142
p2-main-nonlinear-d5-s212004-B400-c0.5-none,nonlinear,5,212004,400,0.5,checkpoint_random_fitting_updates_10000,fitting_updates,10000,0.0824025087,7000,173.03272
p2-main-nonlinear-d5-s212005-B100-c0.2-none,nonlinear,5,212005,100,0.2,checkpoint_random_fitting_updates_10000,fitting_updates,10000,0.0823548014,4000,103.395815
p2-main-nonlinear-d5-s212005-B100-c0.5-none,nonlinear,5,212005,100,0.5,checkpoint_random_fitting_updates_10000,fitting_updates,10000,0.117159694,5750,147.027658
p2-main-nonlinear-d5-s212005-B400-c0.2-none,nonlinear,5,212005,400,0.2,checkpoint_random_fitting_updates_10000,fitting_updates,10000,0.0820032308,5600,139.532288
p2-main-nonlinear-d5-s212005-B400-c0.5-none,nonlinear,5,212005,400,0.5,checkpoint_random_fitting_updates_10000,fitting_updates,10000,0.127313286,7050,182.535928
p2-main-heteroscedastic-d5-s213001-B100-c0.2-none,heteroscedastic,5,213001,100,0.2,checkpoint_random_fitting_updates_10000,fitting_updates,10000,0.321212207,4100,103.871896
p2-main-heteroscedastic-d5-s213001-B100-c0.5-none,heteroscedastic,5,213001,100,0.5,checkpoint_random_fitting_updates_10000,fitting_updates,10000,0.371735071,5650,144.37985
p2-main-heteroscedastic-d5-s213001-B400-c0.2-none,heteroscedastic,5,213001,400,0.2,checkpoint_random_fitting_updates_10000,fitting_updates,10000,0.0453310596,6600,153.190056
p2-main-heteroscedastic-d5-s213001-B400-c0.5-none,heteroscedastic,5,213001,400,0.5,checkpoint_random_fitting_updates_10000,fitting_updates,10000,0.133359522,7000,164.835871
p2-main-heteroscedastic-d5-s213002-B100-c0.2-none,heteroscedastic,5,213002,100,0.2,checkpoint_random_fitting_updates_10000,fitting_updates,10000,0.0666200717,6700,161.953647
p2-main-heteroscedastic-d5-s213002-B100-c0.5-none,heteroscedastic,5,213002,100,0.5,checkpoint_random_fitting_updates_10000,fitting_updates,10000,0.0674870883,6600,160.098471
p2-main-heteroscedastic-d5-s213002-B400-c0.2-none,heteroscedastic,5,213002,400,0.2,checkpoint_random_fitting_updates_10000,fitting_updates,10000,0.092699488,6300,154.657527
p2-main-heteroscedastic-d5-s213002-B400-c0.5-none,heteroscedastic,5,213002,400,0.5,checkpoint_random_fitting_updates_10000,fitting_updates,10000,0.109931389,6500,158.901254
p2-main-heteroscedastic-d5-s213003-B100-c0.2-none,heteroscedastic,5,213003,100,0.2,checkpoint_random_fitting_updates_10000,fitting_updates,10000,0.30209143,4100,97.4543028
p2-main-heteroscedastic-d5-s213003-B100-c0.5-none,heteroscedastic,5,213003,100,0.5,checkpoint_random_fitting_updates_10000,fitting_updates,10000,0.201219392,3900,98.4181739
p2-main-heteroscedastic-d5-s213003-B400-c0.2-none,heteroscedastic,5,213003,400,0.2,checkpoint_random_fitting_updates_10000,fitting_updates,10000,0.349091291,7800,196.628873
p2-main-heteroscedastic-d5-s213003-B400-c0.5-none,heteroscedastic,5,213003,400,0.5,checkpoint_random_fitting_updates_10000,fitting_updates,10000,0.231210113,7100,179.31174
p2-main-heteroscedastic-d5-s213004-B100-c0.2-none,heteroscedastic,5,213004,100,0.2,checkpoint_random_fitting_updates_10000,fitting_updates,10000,0.278302133,7700,195.035938
p2-main-heteroscedastic-d5-s213004-B100-c0.5-none,heteroscedastic,5,213004,100,0.5,checkpoint_random_fitting_updates_10000,fitting_updates,10000,0.0890709286,7600,191.602705
p2-main-heteroscedastic-d5-s213004-B400-c0.2-none,heteroscedastic,5,213004,400,0.2,checkpoint_random_fitting_updates_10000,fitting_updates,10000,0.227475956,9800,242.691964
p2-main-heteroscedastic-d5-s213004-B400-c0.5-none,heteroscedastic,5,213004,400,0.5,checkpoint_random_fitting_updates_10000,fitting_updates,10000,0.0728884488,9700,241.358157
p2-main-heteroscedastic-d5-s213005-B100-c0.2-none,heteroscedastic,5,213005,100,0.2,checkpoint_random_fitting_updates_10000,fitting_updates,10000,0.0826224883,5500,114.06379
p2-main-heteroscedastic-d5-s213005-B100-c0.5-none,heteroscedastic,5,213005,100,0.5,checkpoint_random_fitting_updates_10000,fitting_updates,10000,0.164865817,5450,112.302696
p2-main-heteroscedastic-d5-s213005-B400-c0.2-none,heteroscedastic,5,213005,400,0.2,checkpoint_random_fitting_updates_10000,fitting_updates,10000,0.0645001469,6300,130.551635
p2-main-heteroscedastic-d5-s213005-B400-c0.5-none,heteroscedastic,5,213005,400,0.5,checkpoint_random_fitting_updates_10000,fitting_updates,10000,0.0598624858,7200,144.639191
p2-main-linear-d5-s211001-B100-c0.2-none,linear,5,211001,100,0.2,checkpoint_diagnostic_fitting_updates_12000,fitting_updates,12000,0.0961105675,6500,165.470542
p2-main-linear-d5-s211001-B100-c0.5-none,linear,5,211001,100,0.5,checkpoint_diagnostic_fitting_updates_12000,fitting_updates,12000,0.109175121,5900,147.386798
p2-main-linear-d5-s211001-B400-c0.2-none,linear,5,211001,400,0.2,checkpoint_diagnostic_fitting_updates_12000,fitting_updates,12000,0.0733200908,4900,126.198029
p2-main-linear-d5-s211001-B400-c0.5-none,linear,5,211001,400,0.5,checkpoint_diagnostic_fitting_updates_12000,fitting_updates,12000,0.127537012,6300,165.569516
p2-main-linear-d5-s211002-B100-c0.2-none,linear,5,211002,100,0.2,checkpoint_diagnostic_fitting_updates_12000,fitting_updates,12000,0.190943524,6000,147.304333
p2-main-linear-d5-s211002-B100-c0.5-none,linear,5,211002,100,0.5,checkpoint_diagnostic_fitting_updates_12000,fitting_updates,12000,0.144098664,8300,198.417527
p2-main-linear-d5-s211002-B400-c0.2-none,linear,5,211002,400,0.2,checkpoint_diagnostic_fitting_updates_12000,fitting_updates,12000,0.0841981893,5300,128.085347
p2-main-linear-d5-s211002-B400-c0.5-none,linear,5,211002,400,0.5,checkpoint_diagnostic_fitting_updates_12000,fitting_updates,12000,0.0841981893,7500,186.170215
p2-main-linear-d5-s211003-B100-c0.2-none,linear,5,211003,100,0.2,checkpoint_diagnostic_fitting_updates_12000,fitting_updates,12000,0.0829384103,7100,174.833514
p2-main-linear-d5-s211003-B100-c0.5-none,linear,5,211003,100,0.5,checkpoint_diagnostic_fitting_updates_12000,fitting_updates,12000,0.148891819,8600,212.913335
p2-main-linear-d5-s211003-B400-c0.2-none,linear,5,211003,400,0.2,checkpoint_diagnostic_fitting_updates_12000,fitting_updates,12000,0.05485597,7950,198.781173
p2-main-linear-d5-s211003-B400-c0.5-none,linear,5,211003,400,0.5,checkpoint_diagnostic_fitting_updates_12000,fitting_updates,12000,0.0589657376,9350,234.02965
p2-main-linear-d5-s211004-B100-c0.2-none,linear,5,211004,100,0.2,checkpoint_diagnostic_fitting_updates_12000,fitting_updates,12000,0.175111274,6600,164.24544
p2-main-linear-d5-s211004-B100-c0.5-none,linear,5,211004,100,0.5,checkpoint_diagnostic_fitting_updates_12000,fitting_updates,12000,0.30910478,7200,179.306054
p2-main-linear-d5-s211004-B400-c0.2-none,linear,5,211004,400,0.2,checkpoint_diagnostic_fitting_updates_12000,fitting_updates,12000,0.0647349196,5150,122.025068
p2-main-linear-d5-s211004-B400-c0.5-none,linear,5,211004,400,0.5,checkpoint_diagnostic_fitting_updates_12000,fitting_updates,12000,0.0563385797,7900,194.887218
p2-main-linear-d5-s211005-B100-c0.2-none,linear,5,211005,100,0.2,checkpoint_diagnostic_fitting_updates_12000,fitting_updates,12000,0.0796955054,4550,111.293923
p2-main-linear-d5-s211005-B100-c0.5-none,linear,5,211005,100,0.5,checkpoint_diagnostic_fitting_updates_12000,fitting_updates,12000,0.0796955054,7350,176.267009
p2-main-linear-d5-s211005-B400-c0.2-none,linear,5,211005,400,0.2,checkpoint_diagnostic_fitting_updates_12000,fitting_updates,12000,0.0721770947,5450,131.863196
p2-main-linear-d5-s211005-B400-c0.5-none,linear,5,211005,400,0.5,checkpoint_diagnostic_fitting_updates_12000,fitting_updates,12000,0.0721770947,7700,188.201722
p2-main-nonlinear-d5-s212001-B100-c0.2-none,nonlinear,5,212001,100,0.2,checkpoint_diagnostic_fitting_updates_12000,fitting_updates,12000,0.173533442,5400,129.747352
p2-main-nonlinear-d5-s212001-B100-c0.5-none,nonlinear,5,212001,100,0.5,checkpoint_diagnostic_fitting_updates_12000,fitting_updates,12000,0.0750288665,6800,165.289174
p2-main-nonlinear-d5-s212001-B400-c0.2-none,nonlinear,5,212001,400,0.2,checkpoint_diagnostic_fitting_updates_12000,fitting_updates,12000,0.100597235,8600,207.898124
p2-main-nonlinear-d5-s212001-B400-c0.5-none,nonlinear,5,212001,400,0.5,checkpoint_diagnostic_fitting_updates_12000,fitting_updates,12000,0.100597235,8050,195.460441
p2-main-nonlinear-d5-s212002-B100-c0.2-none,nonlinear,5,212002,100,0.2,checkpoint_diagnostic_fitting_updates_12000,fitting_updates,12000,0.0919633533,4750,111.970044
p2-main-nonlinear-d5-s212002-B100-c0.5-none,nonlinear,5,212002,100,0.5,checkpoint_diagnostic_fitting_updates_12000,fitting_updates,12000,0.0977151667,6100,146.182816
p2-main-nonlinear-d5-s212002-B400-c0.2-none,nonlinear,5,212002,400,0.2,checkpoint_diagnostic_fitting_updates_12000,fitting_updates,12000,0.0883816704,6350,157.886167
p2-main-nonlinear-d5-s212002-B400-c0.5-none,nonlinear,5,212002,400,0.5,checkpoint_diagnostic_fitting_updates_12000,fitting_updates,12000,0.0811470846,9200,227.752565
p2-main-nonlinear-d5-s212003-B100-c0.2-none,nonlinear,5,212003,100,0.2,checkpoint_diagnostic_fitting_updates_12000,fitting_updates,12000,0.0699832502,7950,195.334893
p2-main-nonlinear-d5-s212003-B100-c0.5-none,nonlinear,5,212003,100,0.5,checkpoint_diagnostic_fitting_updates_12000,fitting_updates,12000,0.138999254,7250,176.354083
p2-main-nonlinear-d5-s212003-B400-c0.2-none,nonlinear,5,212003,400,0.2,checkpoint_diagnostic_fitting_updates_12000,fitting_updates,12000,0.0783856846,9200,220.879553
p2-main-nonlinear-d5-s212003-B400-c0.5-none,nonlinear,5,212003,400,0.5,checkpoint_diagnostic_fitting_updates_12000,fitting_updates,12000,0.134731236,8250,199.639157
p2-main-nonlinear-d5-s212004-B100-c0.2-none,nonlinear,5,212004,100,0.2,checkpoint_diagnostic_fitting_updates_12000,fitting_updates,12000,0.0796816945,6300,159.321328
p2-main-nonlinear-d5-s212004-B100-c0.5-none,nonlinear,5,212004,100,0.5,checkpoint_diagnostic_fitting_updates_12000,fitting_updates,12000,0.0827163433,6250,156.552883
p2-main-nonlinear-d5-s212004-B400-c0.2-none,nonlinear,5,212004,400,0.2,checkpoint_diagnostic_fitting_updates_12000,fitting_updates,12000,0.0662170748,7800,194.594194
p2-main-nonlinear-d5-s212004-B400-c0.5-none,nonlinear,5,212004,400,0.5,checkpoint_diagnostic_fitting_updates_12000,fitting_updates,12000,0.0824025087,4400,110.380156
p2-main-nonlinear-d5-s212005-B100-c0.2-none,nonlinear,5,212005,100,0.2,checkpoint_diagnostic_fitting_updates_12000,fitting_updates,12000,0.0885032589,5350,136.478698
p2-main-nonlinear-d5-s212005-B100-c0.5-none,nonlinear,5,212005,100,0.5,checkpoint_diagnostic_fitting_updates_12000,fitting_updates,12000,0.0850845811,6800,175.746608
p2-main-nonlinear-d5-s212005-B400-c0.2-none,nonlinear,5,212005,400,0.2,checkpoint_diagnostic_fitting_updates_12000,fitting_updates,12000,0.0820032308,5400,130.681514
p2-main-nonlinear-d5-s212005-B400-c0.5-none,nonlinear,5,212005,400,0.5,checkpoint_diagnostic_fitting_updates_12000,fitting_updates,12000,0.129143409,8150,209.371435
p2-main-heteroscedastic-d5-s213001-B100-c0.2-none,heteroscedastic,5,213001,100,0.2,checkpoint_diagnostic_fitting_updates_12000,fitting_updates,12000,0.305800349,5850,155.412819
p2-main-heteroscedastic-d5-s213001-B100-c0.5-none,heteroscedastic,5,213001,100,0.5,checkpoint_diagnostic_fitting_updates_12000,fitting_updates,12000,0.371735071,6500,171.34426
p2-main-heteroscedastic-d5-s213001-B400-c0.2-none,heteroscedastic,5,213001,400,0.2,checkpoint_diagnostic_fitting_updates_12000,fitting_updates,12000,0.0430853665,6600,151.278645
p2-main-heteroscedastic-d5-s213001-B400-c0.5-none,heteroscedastic,5,213001,400,0.5,checkpoint_diagnostic_fitting_updates_12000,fitting_updates,12000,0.0477863699,8450,195.985928
p2-main-heteroscedastic-d5-s213002-B100-c0.2-none,heteroscedastic,5,213002,100,0.2,checkpoint_diagnostic_fitting_updates_12000,fitting_updates,12000,0.0666200717,6500,157.919758
p2-main-heteroscedastic-d5-s213002-B100-c0.5-none,heteroscedastic,5,213002,100,0.5,checkpoint_diagnostic_fitting_updates_12000,fitting_updates,12000,0.0760624235,7500,182.190405
p2-main-heteroscedastic-d5-s213002-B400-c0.2-none,heteroscedastic,5,213002,400,0.2,checkpoint_diagnostic_fitting_updates_12000,fitting_updates,12000,0.0769955255,6400,156.359495
p2-main-heteroscedastic-d5-s213002-B400-c0.5-none,heteroscedastic,5,213002,400,0.5,checkpoint_diagnostic_fitting_updates_12000,fitting_updates,12000,0.0544384482,6000,147.113749
p2-main-heteroscedastic-d5-s213003-B100-c0.2-none,heteroscedastic,5,213003,100,0.2,checkpoint_diagnostic_fitting_updates_12000,fitting_updates,12000,0.150322263,5750,139.575557
p2-main-heteroscedastic-d5-s213003-B100-c0.5-none,heteroscedastic,5,213003,100,0.5,checkpoint_diagnostic_fitting_updates_12000,fitting_updates,12000,0.132190794,6200,152.445779
p2-main-heteroscedastic-d5-s213003-B400-c0.2-none,heteroscedastic,5,213003,400,0.2,checkpoint_diagnostic_fitting_updates_12000,fitting_updates,12000,0.071570918,8600,215.838993
p2-main-heteroscedastic-d5-s213003-B400-c0.5-none,heteroscedastic,5,213003,400,0.5,checkpoint_diagnostic_fitting_updates_12000,fitting_updates,12000,0.0797285053,6800,174.627953
p2-main-heteroscedastic-d5-s213004-B100-c0.2-none,heteroscedastic,5,213004,100,0.2,checkpoint_diagnostic_fitting_updates_12000,fitting_updates,12000,0.078900598,8100,205.27594
p2-main-heteroscedastic-d5-s213004-B100-c0.5-none,heteroscedastic,5,213004,100,0.5,checkpoint_diagnostic_fitting_updates_12000,fitting_updates,12000,0.155868823,7000,175.937903
p2-main-heteroscedastic-d5-s213004-B400-c0.2-none,heteroscedastic,5,213004,400,0.2,checkpoint_diagnostic_fitting_updates_12000,fitting_updates,12000,0.0850312586,9300,231.249301
p2-main-heteroscedastic-d5-s213004-B400-c0.5-none,heteroscedastic,5,213004,400,0.5,checkpoint_diagnostic_fitting_updates_12000,fitting_updates,12000,0.0728884488,11650,293.009915
p2-main-heteroscedastic-d5-s213005-B100-c0.2-none,heteroscedastic,5,213005,100,0.2,checkpoint_diagnostic_fitting_updates_12000,fitting_updates,12000,0.127249579,5550,115.720237
p2-main-heteroscedastic-d5-s213005-B100-c0.5-none,heteroscedastic,5,213005,100,0.5,checkpoint_diagnostic_fitting_updates_12000,fitting_updates,12000,0.158364316,4400,92.3039396
p2-main-heteroscedastic-d5-s213005-B400-c0.2-none,heteroscedastic,5,213005,400,0.2,checkpoint_diagnostic_fitting_updates_12000,fitting_updates,12000,0.0645001469,6150,128.21167
p2-main-heteroscedastic-d5-s213005-B400-c0.5-none,heteroscedastic,5,213005,400,0.5,checkpoint_diagnostic_fitting_updates_12000,fitting_updates,12000,0.0598624858,8350,167.469012
p2-main-linear-d5-s211001-B100-c0.2-none,linear,5,211001,100,0.2,checkpoint_random_fitting_updates_12000,fitting_updates,12000,0.0961105675,5450,139.628284
p2-main-linear-d5-s211001-B100-c0.5-none,linear,5,211001,100,0.5,checkpoint_random_fitting_updates_12000,fitting_updates,12000,0.177715694,5300,133.470865
p2-main-linear-d5-s211001-B400-c0.2-none,linear,5,211001,400,0.2,checkpoint_random_fitting_updates_12000,fitting_updates,12000,0.0722379386,5250,134.515222
p2-main-linear-d5-s211001-B400-c0.5-none,linear,5,211001,400,0.5,checkpoint_random_fitting_updates_12000,fitting_updates,12000,0.119613332,6150,160.100981
p2-main-linear-d5-s211002-B100-c0.2-none,linear,5,211002,100,0.2,checkpoint_random_fitting_updates_12000,fitting_updates,12000,0.167987923,7100,176.204265
p2-main-linear-d5-s211002-B100-c0.5-none,linear,5,211002,100,0.5,checkpoint_random_fitting_updates_12000,fitting_updates,12000,0.26015075,5700,137.913933
p2-main-linear-d5-s211002-B400-c0.2-none,linear,5,211002,400,0.2,checkpoint_random_fitting_updates_12000,fitting_updates,12000,0.149723714,5750,140.089409
p2-main-linear-d5-s211002-B400-c0.5-none,linear,5,211002,400,0.5,checkpoint_random_fitting_updates_12000,fitting_updates,12000,0.244679744,5400,133.072774
p2-main-linear-d5-s211003-B100-c0.2-none,linear,5,211003,100,0.2,checkpoint_random_fitting_updates_12000,fitting_updates,12000,0.0915381014,6250,154.950062
p2-main-linear-d5-s211003-B100-c0.5-none,linear,5,211003,100,0.5,checkpoint_random_fitting_updates_12000,fitting_updates,12000,0.148891819,7400,183.326587
p2-main-linear-d5-s211003-B400-c0.2-none,linear,5,211003,400,0.2,checkpoint_random_fitting_updates_12000,fitting_updates,12000,0.05485597,4800,118.614303
p2-main-linear-d5-s211003-B400-c0.5-none,linear,5,211003,400,0.5,checkpoint_random_fitting_updates_12000,fitting_updates,12000,0.0584413732,7050,177.201238
p2-main-linear-d5-s211004-B100-c0.2-none,linear,5,211004,100,0.2,checkpoint_random_fitting_updates_12000,fitting_updates,12000,0.0981462176,7100,172.447432
p2-main-linear-d5-s211004-B100-c0.5-none,linear,5,211004,100,0.5,checkpoint_random_fitting_updates_12000,fitting_updates,12000,0.34742941,6200,151.664957
p2-main-linear-d5-s211004-B400-c0.2-none,linear,5,211004,400,0.2,checkpoint_random_fitting_updates_12000,fitting_updates,12000,0.0581403176,6700,164.383375
p2-main-linear-d5-s211004-B400-c0.5-none,linear,5,211004,400,0.5,checkpoint_random_fitting_updates_12000,fitting_updates,12000,0.360672851,5400,131.146962
p2-main-linear-d5-s211005-B100-c0.2-none,linear,5,211005,100,0.2,checkpoint_random_fitting_updates_12000,fitting_updates,12000,0.0796955054,5400,132.753381
p2-main-linear-d5-s211005-B100-c0.5-none,linear,5,211005,100,0.5,checkpoint_random_fitting_updates_12000,fitting_updates,12000,0.0786090444,6300,153.011431
p2-main-linear-d5-s211005-B400-c0.2-none,linear,5,211005,400,0.2,checkpoint_random_fitting_updates_12000,fitting_updates,12000,0.0708716065,4600,112.940683
p2-main-linear-d5-s211005-B400-c0.5-none,linear,5,211005,400,0.5,checkpoint_random_fitting_updates_12000,fitting_updates,12000,0.0708716065,6200,148.516753
p2-main-nonlinear-d5-s212001-B100-c0.2-none,nonlinear,5,212001,100,0.2,checkpoint_random_fitting_updates_12000,fitting_updates,12000,0.0750288665,6100,147.805458
p2-main-nonlinear-d5-s212001-B100-c0.5-none,nonlinear,5,212001,100,0.5,checkpoint_random_fitting_updates_12000,fitting_updates,12000,0.318806196,4550,110.798711
p2-main-nonlinear-d5-s212001-B400-c0.2-none,nonlinear,5,212001,400,0.2,checkpoint_random_fitting_updates_12000,fitting_updates,12000,0.100597235,8000,192.504962
p2-main-nonlinear-d5-s212001-B400-c0.5-none,nonlinear,5,212001,400,0.5,checkpoint_random_fitting_updates_12000,fitting_updates,12000,0.349838724,5750,137.94265
p2-main-nonlinear-d5-s212002-B100-c0.2-none,nonlinear,5,212002,100,0.2,checkpoint_random_fitting_updates_12000,fitting_updates,12000,0.112988425,5900,144.12952
p2-main-nonlinear-d5-s212002-B100-c0.5-none,nonlinear,5,212002,100,0.5,checkpoint_random_fitting_updates_12000,fitting_updates,12000,0.161985869,3700,87.9982564
p2-main-nonlinear-d5-s212002-B400-c0.2-none,nonlinear,5,212002,400,0.2,checkpoint_random_fitting_updates_12000,fitting_updates,12000,0.0811470846,6800,170.815958
p2-main-nonlinear-d5-s212002-B400-c0.5-none,nonlinear,5,212002,400,0.5,checkpoint_random_fitting_updates_12000,fitting_updates,12000,0.15001636,5150,127.439749
p2-main-nonlinear-d5-s212003-B100-c0.2-none,nonlinear,5,212003,100,0.2,checkpoint_random_fitting_updates_12000,fitting_updates,12000,0.0866355797,6700,164.833766
p2-main-nonlinear-d5-s212003-B100-c0.5-none,nonlinear,5,212003,100,0.5,checkpoint_random_fitting_updates_12000,fitting_updates,12000,0.0765925075,7350,180.502816
p2-main-nonlinear-d5-s212003-B400-c0.2-none,nonlinear,5,212003,400,0.2,checkpoint_random_fitting_updates_12000,fitting_updates,12000,0.0590520067,7000,170.503425
p2-main-nonlinear-d5-s212003-B400-c0.5-none,nonlinear,5,212003,400,0.5,checkpoint_random_fitting_updates_12000,fitting_updates,12000,0.064971062,8650,210.526345
p2-main-nonlinear-d5-s212004-B100-c0.2-none,nonlinear,5,212004,100,0.2,checkpoint_random_fitting_updates_12000,fitting_updates,12000,0.0827163433,6000,150.080636
p2-main-nonlinear-d5-s212004-B100-c0.5-none,nonlinear,5,212004,100,0.5,checkpoint_random_fitting_updates_12000,fitting_updates,12000,0.125822787,6500,164.56586
p2-main-nonlinear-d5-s212004-B400-c0.2-none,nonlinear,5,212004,400,0.2,checkpoint_random_fitting_updates_12000,fitting_updates,12000,0.0662170748,7050,174.747142
p2-main-nonlinear-d5-s212004-B400-c0.5-none,nonlinear,5,212004,400,0.5,checkpoint_random_fitting_updates_12000,fitting_updates,12000,0.0824025087,7000,173.03272
p2-main-nonlinear-d5-s212005-B100-c0.2-none,nonlinear,5,212005,100,0.2,checkpoint_random_fitting_updates_12000,fitting_updates,12000,0.0823548014,4000,103.395815
p2-main-nonlinear-d5-s212005-B100-c0.5-none,nonlinear,5,212005,100,0.5,checkpoint_random_fitting_updates_12000,fitting_updates,12000,0.117159694,5750,147.027658
p2-main-nonlinear-d5-s212005-B400-c0.2-none,nonlinear,5,212005,400,0.2,checkpoint_random_fitting_updates_12000,fitting_updates,12000,0.0820032308,5600,139.532288
p2-main-nonlinear-d5-s212005-B400-c0.5-none,nonlinear,5,212005,400,0.5,checkpoint_random_fitting_updates_12000,fitting_updates,12000,0.127313286,7050,182.535928
p2-main-heteroscedastic-d5-s213001-B100-c0.2-none,heteroscedastic,5,213001,100,0.2,checkpoint_random_fitting_updates_12000,fitting_updates,12000,0.321212207,4100,103.871896
p2-main-heteroscedastic-d5-s213001-B100-c0.5-none,heteroscedastic,5,213001,100,0.5,checkpoint_random_fitting_updates_12000,fitting_updates,12000,0.371735071,5650,144.37985
p2-main-heteroscedastic-d5-s213001-B400-c0.2-none,heteroscedastic,5,213001,400,0.2,checkpoint_random_fitting_updates_12000,fitting_updates,12000,0.0453310596,6600,153.190056
p2-main-heteroscedastic-d5-s213001-B400-c0.5-none,heteroscedastic,5,213001,400,0.5,checkpoint_random_fitting_updates_12000,fitting_updates,12000,0.133359522,7000,164.835871
p2-main-heteroscedastic-d5-s213002-B100-c0.2-none,heteroscedastic,5,213002,100,0.2,checkpoint_random_fitting_updates_12000,fitting_updates,12000,0.0666200717,6700,161.953647
p2-main-heteroscedastic-d5-s213002-B100-c0.5-none,heteroscedastic,5,213002,100,0.5,checkpoint_random_fitting_updates_12000,fitting_updates,12000,0.0674870883,6600,160.098471
p2-main-heteroscedastic-d5-s213002-B400-c0.2-none,heteroscedastic,5,213002,400,0.2,checkpoint_random_fitting_updates_12000,fitting_updates,12000,0.092699488,6300,154.657527
p2-main-heteroscedastic-d5-s213002-B400-c0.5-none,heteroscedastic,5,213002,400,0.5,checkpoint_random_fitting_updates_12000,fitting_updates,12000,0.109931389,6500,158.901254
p2-main-heteroscedastic-d5-s213003-B100-c0.2-none,heteroscedastic,5,213003,100,0.2,checkpoint_random_fitting_updates_12000,fitting_updates,12000,0.30209143,4100,97.4543028
p2-main-heteroscedastic-d5-s213003-B100-c0.5-none,heteroscedastic,5,213003,100,0.5,checkpoint_random_fitting_updates_12000,fitting_updates,12000,0.201219392,3900,98.4181739
p2-main-heteroscedastic-d5-s213003-B400-c0.2-none,heteroscedastic,5,213003,400,0.2,checkpoint_random_fitting_updates_12000,fitting_updates,12000,0.349091291,7800,196.628873
p2-main-heteroscedastic-d5-s213003-B400-c0.5-none,heteroscedastic,5,213003,400,0.5,checkpoint_random_fitting_updates_12000,fitting_updates,12000,0.231210113,7100,179.31174
p2-main-heteroscedastic-d5-s213004-B100-c0.2-none,heteroscedastic,5,213004,100,0.2,checkpoint_random_fitting_updates_12000,fitting_updates,12000,0.278302133,7700,195.035938
p2-main-heteroscedastic-d5-s213004-B100-c0.5-none,heteroscedastic,5,213004,100,0.5,checkpoint_random_fitting_updates_12000,fitting_updates,12000,0.0890709286,7600,191.602705
p2-main-heteroscedastic-d5-s213004-B400-c0.2-none,heteroscedastic,5,213004,400,0.2,checkpoint_random_fitting_updates_12000,fitting_updates,12000,0.214503457,10650,264.82663
p2-main-heteroscedastic-d5-s213004-B400-c0.5-none,heteroscedastic,5,213004,400,0.5,checkpoint_random_fitting_updates_12000,fitting_updates,12000,0.0722707125,10550,262.638852
p2-main-heteroscedastic-d5-s213005-B100-c0.2-none,heteroscedastic,5,213005,100,0.2,checkpoint_random_fitting_updates_12000,fitting_updates,12000,0.0826224883,5500,114.06379
p2-main-heteroscedastic-d5-s213005-B100-c0.5-none,heteroscedastic,5,213005,100,0.5,checkpoint_random_fitting_updates_12000,fitting_updates,12000,0.164865817,5450,112.302696
p2-main-heteroscedastic-d5-s213005-B400-c0.2-none,heteroscedastic,5,213005,400,0.2,checkpoint_random_fitting_updates_12000,fitting_updates,12000,0.0645001469,6300,130.551635
p2-main-heteroscedastic-d5-s213005-B400-c0.5-none,heteroscedastic,5,213005,400,0.5,checkpoint_random_fitting_updates_12000,fitting_updates,12000,0.0598624858,7200,144.639191
