cache_key,checkpoint_sha256,checkpoint_bytes,data_hash,node,parents,canonical_seed,fitting_updates,fit_seconds
004b97bde827699a65ad3690c81173940271274e2b5aaf403e9f9bf3425578cf,cfb4a83b6cb0effa88db4f4881e13f9b71f52c2fbda53c32460ba77517ead6a3,139183,12c56c31bb01cb520e8a731750291b880923cd09bb364b2445fa5281392d505e,3,"[2, 4]",4954045,300,7.422329152002931
00a8cdd7eed21d2a47d9e52a84514d20169664468006f9100937f01db7f424f8,841b09799975305f8f43d44c8dd41b3eea32887f4debb516dde60b2b451b1beb,138159,5d558a13b31059afb4770266a600615783ffb0f7fb75d92047d6fe579ac34109,3,[0],11062743,300,7.750210544094443
00b7ea744d98725f9e01af28e0f4e1309437b30c58372d02d63c246df592c8a2,0a2176ea84dee0ab45c827a61b6f9c1938d9062cc651fc681e2b9645226bd50b,139247,efff204740b93bf0466ee2b3e392663d68b4714aa520775e00267540b847f92b,2,"[0, 1]",12053108,350,8.49121635966003
00eefceb494e9df3999e151ebdf36b420621b9bd8086af189c21ec8646dad81e,b4b93acaea260b479c7ea980d0f89cd514bfee9bfd7718b95ff3eb0cd2c4afcf,138223,fc725721fd66039f54fdd8f90e552f03aab157bb5989fcb4a18671f15ccdd144,1,[3],15662315,350,9.198856934905052
011b3f4daefe86de5c17a83cb723a876a34f7f2331d7d9ebfef149001817f20f,46a70e79c07f3688a5f358f3581200e65d3e6edb9b7a45c6ea008707fbbaf371,139247,5c757fdead15c34851ce7623c30897869726b06083c8d44aab3bd436b27cc3d6,1,"[0, 4]",18562893,350,8.755357790738344
011fd4d217e3e3323a3c9dbedd92f3c330ce1033b8c81dac523ee1901e94aa5d,13251d95fbadd2506f027e7b9a55fd770a5a6a56e0fb9bb9a04b9590bba1131e,138287,fc725721fd66039f54fdd8f90e552f03aab157bb5989fcb4a18671f15ccdd144,0,[2],18863314,400,10.932282311841846
0125c3cf8f856fb7ac0e051133a9406dbb72b30e9af8c47eda5f6bf841fe3d84,74d6b964b31f744ae21afa10f7e5e3440d91e43ef3abbc0293957ad6095f2fc4,11947,fc725721fd66039f54fdd8f90e552f03aab157bb5989fcb4a18671f15ccdd144,4,[],19252175,750,17.038977712392807
0191f2faa110cc23f92442d7e253f3237019cfff0e1c74b133da0fb9aca32dff,4e39dd0b278f4645ffdcf1d0b996be5655c4be9629f37fca1ed0f0e316dc3a2f,139183,9c3f8cd9ed5a6d2bde47dcbd7aad7855fccc5f153e87a822baf6b424b11b3498,2,"[3, 4]",26342138,300,6.630977151915431
01bf2e1c420acbd73af39c9f8bbcb264666db29d1fe1fa9526fd9eaf47263e72,c3e472762100920dc02596d75403f338a6c79d19ac0314aec9f994477c4d1350,139183,829847acbad2fbe311a9193329b4cca2083257e1a08c3d842a1481d565a3fcd6,0,"[1, 3]",29306396,300,7.834399839863181
01c0c5e248db5609f070aef962669a4863b3a090a4cc6dfb669f3fd0a7a5f125,25a96c953a45760878330afb577683766f3ca4ace68b77dc819ce521c23527f5,138159,bd20cbc07471d94b9635f63350465280f4200fdfbe9db0d5033e3e5609704896,0,[2],29410786,300,7.726937968283892
01d9a6b63d586a9874ab9c1c0adbf37e4d9fa338561e3b5775098199d15decc5,3e6704ab7d7c4fb334284c415b86f46bbedfef87880e917697c37114daf9e3e3,138607,8c110d60f77bf466fc881480ad0699385c52ed2fb9d9883d40a8fc17e38f940b,4,[0],31041206,850,21.223924899473786
01e7f550921952024667cb46a218121a1e139036847b4bafdea89fb98db2201f,77f5a02b469ec9efe58edc59aa5de93ee5114878d4169e964afd3c635bf2701d,139311,d080ca249b712fd36e131cec67180f8effe22118a90afec65706b2cac240832d,1,"[0, 4]",31978832,400,10.24490687996149
020c02bd947c0805199f23b003d4cd568be4035e8b238a0b231700aeed8a2ea8,f9f7167c62851ab12e9e3079ab429238a502ab2138086fab4185adbfb595ca03,138159,437b3abaebbc57203ad30983ff145aecb9c85c2b9c67e468fa9e73e2ae1767bb,4,[2],34341565,300,8.23305856436491
020cf126a1d789fa9fe2032f38870e3025fae92d933d5fbc9e91a9282a5d8bd3,e211cf6950c0951695e2b2b5c6c0bfc5dbb859ac7522596e67fce7fcda93e6d1,140271,829847acbad2fbe311a9193329b4cca2083257e1a08c3d842a1481d565a3fcd6,1,"[0, 2, 3]",34402598,350,9.026188284158707
023200c8f67c1378b952b30ea562933b185471b373ffd0ae7aeecb630008da80,16f5cb6b611c86a1a78aac65af500f6a933f57215d872a20dff7c4b73626b1df,138159,f918a61dccec720a0bfa718d743e5221e8d74a3862eb1a365d40b001d88a4eea,1,[4],36831432,300,7.708369763568044
0256621fc561938a6d9f29e5d5534ec1738a71f0134ede6cfdea69d404f0d7d3,0a666d3cb471ec324adf8afa38e8196429f7c793fcfd5ce5ef5d55e4dc559150,139183,22a44ba55f7755249900a35d1ad3ef5f17529c4abfa0a0934964028da7034ce6,4,"[1, 3]",39215647,300,6.650426387786865
02a518e80c81d7770fbdb89317f1afecc75eddfdf58c209002acae58f44eb403,15cf03936fd1476e96bf8ed281fe63f927729e719be0e67f57f6451c7abea485,140207,683a5ff373a826aaa963d3c19ef34fd145b7eacdb00cd2158a7fcc88bab93201,3,"[1, 2, 4]",44374248,300,5.310950664803386
02b120eb1fadb36905760f8d20c653b5542c0fcc34e26fb762bbf240f64c94fa,dbf973935e5b2295fb3a07f1e150e8576890e1d15b8619e3a0f398f70784d8e9,139183,437b3abaebbc57203ad30983ff145aecb9c85c2b9c67e468fa9e73e2ae1767bb,3,"[1, 4]",45162731,300,8.907805720344186
02e1a8443320eaff7921e03ae87eafa043cf0c41224e116be64ea5d67b66a256,c6fe06747ed8baeda952550c67fb73c4778691d0fb896dba5e5f4265696d1e3c,138159,d1c543f7af0aafe377dadd154c6e85a905e4e5bf3401d3ccb817b2a117a13e94,2,[1],48343108,300,6.595148120075464
033020c87e8441f0e857c46eef30bf1d26ca080507157b3246d4280cbdd6df0c,4ca29f52c0b77fe88e9eb1cf6a40c13392a768fdc1ba91fcaa774dde5208cc88,11691,02eab91b075413e6e8a84cb24ce6671e1343da9c576880eebdfe3e168b12189d,3,[],53485768,300,6.675193304196
03353fa5d28438b605ad2a350758db774fcb7cbad5b6f087bcd996715907302f,1115057c0f087f2bc69379931cd3b5ab4dcdb0b0c109f37ead306bdee4ead079,138159,732193d6e75393da040e8142ee46459ecc1afbab9c9965b48c5621d1c6018390,1,[0],53821349,300,7.78018900193274
034f6f82797497a5d93492116bf6b1767446b7ea270050a6851abe27dc66406c,24ac4ba75193f86c59c12959a07e9f2f69a46f5a1ee2b6cc33549e8b968d6b0b,11691,49831b890e8dd2a1df2aa7ae6da89eb7247b291df7e8ba259c80eaba3baf421f,1,[],55537538,350,6.301482712849975
03a05a5cb91b01666bbd6e4d33299bdfb309ff319c29015ad43005e144bb7b82,799ecac5649e2aa7d47cecc363866102f29a98c008a52d4fb74b8f66a778d03d,140207,eb2c5789f31d8380ee35b9cde0405cfa982abe665bcc3e8a707cf14a3521c86f,4,"[0, 1, 2]",60840540,300,6.584362540394068
03b2f97dde715c0cea9368409af2773c4ced60954ddfa1bf17483a98e0064b2f,498ff727030c304d937925091d713aec227b19b9a70ccfe0bbfc7ca089dff220,138223,c0237caf096c9efd2af515b279f81e542fc9a923e435a0db7a32b79ddccd0131,4,[2],62060925,350,8.324764411896467
03bdde7d4e9deff87023d22628b378ae3ec31deb3fc7a8c1a9297a0176d5f9ec,1ae02e95ecff0e76c783a699b5ab69d96cc073e203266ab29bd085e14ef81c9c,140207,22a44ba55f7755249900a35d1ad3ef5f17529c4abfa0a0934964028da7034ce6,1,"[0, 2, 4]",62774909,300,6.596059545874596
03d6a92ca3eda14ede8da5b8635b89f87e93dd067fa828bb6f44a3a71bb57fe7,3654e7996d49b94fe25395ed00abb7c2662fb79b6ba52db04f0be91d68c1b5f9,139183,ea53c921444cebdfa917bb6a32e3a1ac99a5e95e395eb8f54ca5fc4230adbf2e,3,"[0, 2]",64399660,300,7.423647068440914
03d91d867e83e84e752eaad15cd3ec0c24be1488f40f4eae4dd4b77d907b8756,b5742fd121ec6da372dcb154d87084e0ac52d07c2e0c891b3f40a21de75b1632,138159,5d3f79c3220acd8b4f94fb498d9b6b8897c008f3c35f5f91f22feae2d3b2a73d,2,[3],64560518,300,7.49658621661365
03dbc51eb4d0426e2b5b89a2ade33a5ba96eb7aaead647160fee6843fdfc5363,80eef02f45a4d93e436de56f8b9891b0e08125e989b8c92806c3573ed905c54d,140271,5d558a13b31059afb4770266a600615783ffb0f7fb75d92047d6fe579ac34109,3,"[0, 1, 4]",64734494,350,8.960912296548486
0442b8c33fd2abf577536111a52b0e7e592af48d460bac743381841fe5c00c87,e5a01a33519086c55329a2305198e35436883e5b867f37a9827a19f87fa85ae4,139183,5d558a13b31059afb4770266a600615783ffb0f7fb75d92047d6fe579ac34109,3,"[1, 2]",71481539,300,8.105120375752449
04755856aa222d35ba96f583b4e1ff4066b028858be65e5f3a1caa0dd4083cd5,d032d0e03aa1be3197038579a127c8040dd9a176000b30390fc9dec2b0d44f9f,11691,ab3d98c08953d1fc40ba88aaada1f7878e1d21512bbcd10e4c2613220b8e0535,4,[],74799190,350,7.574465963989496
04f2f8941edfbacf0c2d78eb23eb7745220ae9fc086e16e41bd403f677246bf8,9f9c009c0d2e4b7dab1b33ce282d438545656e7fd6d6b86399fa7eb65995869f,138287,7c56d4b1b341072b905581a5817abdb0d67f285582a9f4c6837599ae4d100115,4,[1],83032212,450,11.76111314073205
0504ccce719b996ce48c82d7d9602729f73889a59ad511a72645bc4650896697,2acc87b7f7ffe566019fa99d212ad464bc85405700f38d4b988cd6e130d76b99,12075,23dbbe3d1494a07aa585b47f311b222d3e2f29d2008e1077942eff4e59de9468,4,[],84200654,950,16.741398438811302
055bd0292297874b46a69f284e57c70a54b25e20f04ac55373f2fc4d4f8e7ed5,fbad78f19e2cc8ba42f80144c3fcd6d68407e11942bd2f7b9425a93b060fdbd5,11883,f918a61dccec720a0bfa718d743e5221e8d74a3862eb1a365d40b001d88a4eea,1,[],89903145,650,14.4736363645643
0583de293ecc2fb3185a08c898031e6662481f554164bbc7551dc3ceb4bb2341,f6eb707fcbaacbcc54a4450dea4425823a7dabd9d37bb87f498473b1401e885c,140271,9c3f8cd9ed5a6d2bde47dcbd7aad7855fccc5f153e87a822baf6b424b11b3498,0,"[1, 2, 4]",92528169,350,9.131579399108887
059ec39c68c58baea7858107f7a077611ee799cf54e37dafab4740705142e37c,5ad8f44fc1bef80761f47fbdc55d50b0067106a982f182ccd71e15dbbdf8f379,139439,22163d342eaf2722fec1d77279c13e7ec1c61b79e72471952cb9c4d4adf9ca8a,3,"[2, 4]",94290844,600,15.104411544278264
0618550f6ad4a6bb38d17406bc1a4f2ea95c0c1717a8827f5d8ab1c147f02b32,83b0e83a07bea69d18d416e5f7fa657f40683bda1abae9a51c34900d3dd73b73,138223,c0237caf096c9efd2af515b279f81e542fc9a923e435a0db7a32b79ddccd0131,4,[0],102257935,350,8.055079463869333
064e3a680d5980b76f5557a7fba970ba1d8a190cee7f201a3b925b332897b00a,458031ca82964c212d7feebf79128f53b2d57cb8a433ac937a4b1e96386f0372,138159,5d558a13b31059afb4770266a600615783ffb0f7fb75d92047d6fe579ac34109,2,[4],105790056,300,7.510086394846439
069d0416463394a6e09769dbab6eb41012a18fe267a069764ae38731fe301fe8,7579b71e2d909e778d1d59730a9334efc09aec10753ad6fcfe42953481b938c0,139183,6eeba99071577eebe266ac70cc9fd1b6a90b95f33cff5064f376793c3346fd16,3,"[1, 4]",110953494,300,8.526370460167527
06aee6cd288728ade153afda5b0359a09e9b584542ec96de2fe3caf93f8500fc,65bbd1885f9ecd591db71890108697ed6e82e49fe171e0f1cc6ad955ff7f782f,138287,22163d342eaf2722fec1d77279c13e7ec1c61b79e72471952cb9c4d4adf9ca8a,4,[3],112125645,450,11.643265269696712
06b60e26f572cb7a968f8a11ddeeac6f1c5eddb9eedabfe7a636c5ab8edf4e64,ca86dd469f8d8183fb0d12e1c3a782a69d63d2ee7b92afa6d9baa28a7840be4a,139439,d1c543f7af0aafe377dadd154c6e85a905e4e5bf3401d3ccb817b2a117a13e94,4,"[1, 2]",112594470,550,11.13002017326653
06ed244e78429d8f196aca44430e2a113ec079ba814802b3a03b5aca06617952,c0ea94a9d80398b9956b21822eab9cefa36de8cb57f28793c0e85bd13c5a221e,140271,9fffba322c64f33d26f0f9ff052a96ea3250c36cd816823505104df980866d2d,2,"[0, 3, 4]",116204622,350,8.805746560916305
0718774e863ce569b18616a15008f2d0facf896a36168395eddde8be40230db0,4034fa200fa509467f93155c04dc4a6dc90889b6e9386bc7ca2edd37a1d64554,12075,22163d342eaf2722fec1d77279c13e7ec1c61b79e72471952cb9c4d4adf9ca8a,2,[],119043918,950,21.62992945127189
075d47cb5d9d548c07b36bcb2c7be1e3b943c5b8e24755b7055982097fbb4b61,83a4bdbf116a7757441a15e5f96380418fbda0418b6eb9a81feb49ab0ef67ee9,139183,437b3abaebbc57203ad30983ff145aecb9c85c2b9c67e468fa9e73e2ae1767bb,1,"[2, 3]",123553739,300,6.5301967319101095
07785328d3a2e5003209f63c5628b824f0e89f948b89256005ba85307def2f5d,f48353eff034a343b89d368cee07d95eb5c0d320e76bcd58df701b9cf92ed401,140207,092b53d8498e2e35e05fc9af973ca851144e8b0dcfbd550fd14a77015f162834,3,"[1, 2, 4]",125326120,300,7.805420432239771
07f61815d79c8658f67fde5c413d29440564a6f8281e32d8066b92c5474769a7,bb06f320ad409455100002851c5ae95732d70da6bb8db1b63a969fa2e2263191,140207,464464c8ef7bd4eff076591a3186aad12ef0163e0cd8d5d49d482e4d24f86eaa,4,"[0, 1, 3]",133568533,300,4.842642150819302
08bbfffcc29108b772d3aa57a5dba69b773cb2688622bf50104ac06d1522cfa5,1675fc55111c5600a2055a862a1686e007aa5e6adc1111145de63a1519c04a11,140335,ea53c921444cebdfa917bb6a32e3a1ac99a5e95e395eb8f54ca5fc4230adbf2e,2,"[0, 1, 4]",146538492,450,10.782525759190321
097c22acd0a861615573bdbfd085b62dd50c8345f6cc80076010275f56887a84,d423059365473172feca09655094be7e0c1b35c496d086f1dae64ca4290e7a75,139247,9c3f8cd9ed5a6d2bde47dcbd7aad7855fccc5f153e87a822baf6b424b11b3498,4,"[2, 3]",159130284,350,9.478478573262691
0986d34726ca37eba74026716f998ad4aa6b100eaff0b5e5e7ae06627c082ee2,c25ce88bc9cffaf066bbd852e364d77c8ad804ca7ff8a77976ec95900420466d,138159,092b53d8498e2e35e05fc9af973ca851144e8b0dcfbd550fd14a77015f162834,1,[0],159830855,300,8.446942457929254
09a4d353876cf08695b615908150c1301ae93d308d345aa7d2327bcd4e8853fa,45b19c947c0300728fc9e753810d6db1dcf23c01fb17ea2ec4195125d041c41f,138287,f918a61dccec720a0bfa718d743e5221e8d74a3862eb1a365d40b001d88a4eea,1,[3],161796947,450,11.757124749943614
09faddc68fcf545ec9c318b3fb676752ceea408c6eefeb2dbfd60ce6e02edd31,619712eee2facc4eaa892b3676efc1c8c30381f96767c75e9f5d73e6cbaf93bb,11883,22163d342eaf2722fec1d77279c13e7ec1c61b79e72471952cb9c4d4adf9ca8a,0,[],167435718,650,14.702373120933771
0a3e9ce588a0b43f863b17dac1c649cdc5c3565321c494559e2779b7d858922f,2efecd4c1580fa82a2bcd271dff23a239fc3f439547c2de7677474be8b850fe0,140207,5d3f79c3220acd8b4f94fb498d9b6b8897c008f3c35f5f91f22feae2d3b2a73d,2,"[0, 1, 3]",171875557,300,7.474089823663235
0a4e5354bb93935043422b959653c206a04b053872bc653ee08e0027d25768be,ac5821a72fb8e57293c7ebc5ad8ad0318408cf1d93459994f04059fb326cd2d2,139631,23dbbe3d1494a07aa585b47f311b222d3e2f29d2008e1077942eff4e59de9468,5,"[1, 4]",172905300,800,15.02474689297378
0aa162af488976eb9f5ee4c9f85ebe00498ba8cfb18efd29a38f8ca2175facea,f372dea7e6658baa7a9913462a87b8149b33c7d952778f8b693e68d376125fa6,11755,49831b890e8dd2a1df2aa7ae6da89eb7247b291df7e8ba259c80eaba3baf421f,0,[],178348719,450,7.474177626892924
0b0f9bb4647a711e772011826722561309229e92dc82cf7450b22f877547acbd,de9992db557e7960994c8d06a74fe9a1a521696c4893ed1571be664cad8a78a7,138159,afc5a5efc8118ce29184d6deb917da4eb066645d33a633fda0dded2a6578d55a,1,[3],185572276,300,7.724068989977241
0b2e17d335d733695ca132bf667c4b6b4395e3bb8539916b6660ba6af1054b6b,f91f2e4dd51a95c7a596c7b711a78ddf98dcc6dc4a259a6c680401537e12f511,140207,8c110d60f77bf466fc881480ad0699385c52ed2fb9d9883d40a8fc17e38f940b,4,"[0, 1, 3]",187570131,300,7.9259625524282455
0b37901a6e78e2f63b19a0f3833aa7c11384efa3605d516c85f78940f9e18bf3,aa4562489cca3ebd59d50287b8cbbdb50d47e281603682479256a895b40f96d0,139183,683a5ff373a826aaa963d3c19ef34fd145b7eacdb00cd2158a7fcc88bab93201,4,"[0, 1]",188190746,300,5.168096579611301
0b3d6c76c8542184fd2eff2df2bcf81d702a46912ffef97b6ddc0ed31f82e93c,1b1ea4a225d493997d33102f8839abd39f6683ff35d21f458af8a4f0190c16a7,140335,ea53c921444cebdfa917bb6a32e3a1ac99a5e95e395eb8f54ca5fc4230adbf2e,1,"[0, 2, 4]",188574838,450,10.583238627761602
0c03853533937a767bab8704cba5401cec55b7ac1aefe62dd678b04afe1dd237,c04fae9f2db6de84367d5c6d6f3f897427b1cc42b6f8fd6794597ea26b77c07c,139183,7bc80131605efe4e91e07681658c4a71d320633a5d39b2fdfa028e57b3072599,3,"[1, 2]",201557301,300,7.475045658648014
0c0eb21a462823302df6beb55fe0d002c3ddc2d01bdf7c15173acfb88f148862,53cd05f8b8cd3ce8b6b492a131aa5f783e3481ea51d0b00949ec77af0bc0a02f,140207,772d76457e131d5688a4d592c44e9721ebe25758d5988f5e3bda800d4d0e0dc0,4,"[0, 1, 3]",202289690,300,5.443505043163896
0c9c5b0b3174a56e5d92c1a953fbb3b604f4ff4dfaa8fdac2650227d3b835d58,6e196a48440f8df65b2d16bcfa747f8e0a76717604dafd4f50173971749763ac,12139,8c110d60f77bf466fc881480ad0699385c52ed2fb9d9883d40a8fc17e38f940b,4,[],211573515,1000,23.77960910834372
0d4ebd3c787b04595403aaac00bf1db15b5560ea32a4b5b2437780065c3e9376,dcb15488cd887a3821acf750329d42ba0b2358f823a1b67528e6c2a778131b8b,11755,d080ca249b712fd36e131cec67180f8effe22118a90afec65706b2cac240832d,2,[],223264060,450,9.853200018405914
0d8e6dc9fa951eba72eb0feda79f9ad300d1792da217f02dab31ddf1fad85aa7,2caf2385383d0ced6e58966fcdebf2e92e64373908437b52951513c9454ce815,138159,02eab91b075413e6e8a84cb24ce6671e1343da9c576880eebdfe3e168b12189d,2,[3],227438025,300,7.229078745469451
0da99fb579f0b48bed3bf48a3f00709c7dbdf5a7607833facb93324b0cd07301,d7756495287262a6507d9154b9b8eb992ab2f0087a6a67fa00fa6d57b90b87ce,12139,5d3f79c3220acd8b4f94fb498d9b6b8897c008f3c35f5f91f22feae2d3b2a73d,0,[],229220277,1000,23.048020739108324
0dbca477d4a6b0b8c610a2b982a22c9e94b3c72563891d1984206bed55cb5dad,30a20d202cfe9bb3592f0a2a050db9dc58ab59a92b2a5f27496d2b1533fb9dee,138223,5d558a13b31059afb4770266a600615783ffb0f7fb75d92047d6fe579ac34109,1,[3],230466679,350,8.799559812992811
0dd9a43d77e69ebab099cc4e4ac38db9e51454200ac10fba3ad063e7cedf4eb9,465c274dc149316dbe28044f4590f2f20e893b319f4876fe21f208e0fd47c683,139183,d080ca249b712fd36e131cec67180f8effe22118a90afec65706b2cac240832d,2,"[0, 1]",232367165,300,7.456538477912545
0ea78d93f4aacc17c9ac0e93eeee3edb8c1a9617ee06fb0b71dc1202627a275c,8c959d102d3dd561bbee096beda3ffe226162242034e5a88dfc01625ea5516bd,138223,437b3abaebbc57203ad30983ff145aecb9c85c2b9c67e468fa9e73e2ae1767bb,2,[3],245861779,350,8.832088839262724
0f18233aa8f6e197328cebe6e3b4dea5e81648327ea9b7c13528d74a5453a79b,4959ebe06492af2738231fcf65ca62c1b87ed389586d63ccfeb05e7c2c551212,140207,5c757fdead15c34851ce7623c30897869726b06083c8d44aab3bd436b27cc3d6,3,"[1, 2, 4]",253240122,300,7.534559613093734
0f4002924e69937c02d022ae9f2b24a21a46b64bc376db7a98be327326f100fb,55972634ad77198cfad4defd67684b6841d40a516f10d73a807dfb91655c6c33,140207,5d3f79c3220acd8b4f94fb498d9b6b8897c008f3c35f5f91f22feae2d3b2a73d,4,"[0, 2, 3]",255853202,300,7.504359507933259
0f87e79ff3286b49b67e41f9b846f9c10730e2fd719db9d8c62cf437ef6461d6,962268eb589f506b6ce44b69d3297e47643b9617c75b23f3e3f9b2bc46e453c9,139183,5c757fdead15c34851ce7623c30897869726b06083c8d44aab3bd436b27cc3d6,4,"[0, 3]",260564895,300,7.133747091516852
0fa5080559b42999b7a18a54b9357d8a66e0bc5e5368906c58178ca9fdc69f8a,da3ca57e42d0681d7312858d22a2232b43159882f9b5cfe02576b3463452b9c4,11755,22a44ba55f7755249900a35d1ad3ef5f17529c4abfa0a0934964028da7034ce6,2,[],262473733,450,9.136857744306326
0fb24f7812d7a146b35185823eb4682ee5ee16afebfe4e3f09c0f8269a880aa0,d4fc67f49d1484a51853e34ee207ba6b8e7c5c65c6447527166f3304937838c3,140207,6eeba99071577eebe266ac70cc9fd1b6a90b95f33cff5064f376793c3346fd16,2,"[0, 3, 4]",263343992,300,7.826397659257054
0fdf2e37a446663f6886262c5172b148799598ad50d10f24faa860482deb1434,4eedfc5feb71c7c4cc8754d99f2e8e50c31d29eca118f8b09eadc38c5912d91f,139183,5d3f79c3220acd8b4f94fb498d9b6b8897c008f3c35f5f91f22feae2d3b2a73d,1,"[2, 4]",266284599,300,7.327516017481685
0fe11774b068e8dd38e93f86feef2be64be12f0cad9683c5e522bc2c5369212f,fa012fcc1d31573264043d7284d95aedcfe519fd35ef9ddf60b84b2273f28837,138159,8c110d60f77bf466fc881480ad0699385c52ed2fb9d9883d40a8fc17e38f940b,3,[2],266409844,300,8.285827053710818
10617890f3ea12a3d0807b552f526659668496ad0466988211bfb71160557668,2b80a7a6ff43dedfbe280acb929840d6078ba7a14ebfd45279d5d754446c69c6,139311,afc5a5efc8118ce29184d6deb917da4eb066645d33a633fda0dded2a6578d55a,0,"[1, 2]",274823312,400,10.45876207575202
107262ace3bb0d558da854d3fce60e770f72c05074c28ca9307589e31710f46f,b0187f5cfd689e8070c3315dcebd71d082ef2491134147ff18fa004b22f316d2,11691,8c110d60f77bf466fc881480ad0699385c52ed2fb9d9883d40a8fc17e38f940b,0,[],275931820,300,7.128780130296946
10947e66a2b1e3dbf5d48218723967480ca8bba8561d70b8ade4100c52f46f79,dcd508cdb869690759e13abc5947e2d98b2bdd999dd3d9bde383c9d24b23f73a,139183,8c110d60f77bf466fc881480ad0699385c52ed2fb9d9883d40a8fc17e38f940b,4,"[0, 1]",278167142,300,7.407941704615951
10a300f06c90d145a72706183ccf63f4a6d179aea2cf6b1a214c7b890b92f66d,2564086c33220307a053d577cee51c6d6c28775120a63f65239df59929dc5354,140271,437b3abaebbc57203ad30983ff145aecb9c85c2b9c67e468fa9e73e2ae1767bb,3,"[0, 2, 4]",279118064,350,9.653308315202594
10acae9025a5dd7c917b547b641e82388481268903f5620ed3d37cf821e8b505,468647a52b85ed3544ef5e4ef32c02e31bb44eb4642f80aea71e440b24ad93ac,138223,8c110d60f77bf466fc881480ad0699385c52ed2fb9d9883d40a8fc17e38f940b,4,[3],279752336,350,9.02890444174409
10b5ef6c3f3b84f77407b0930e82665de057a87f243a8a42d9fc4ed79cbf4320,4d8554a88887f2e5bc49263c854146a37df70534f5ebdf799deba3824ade047d,138159,49831b890e8dd2a1df2aa7ae6da89eb7247b291df7e8ba259c80eaba3baf421f,0,[2],280358764,300,5.548281043767929
110288437fc9462be37e212806695b4c903cfaa7baf316e2cffa07ce3ed2bb31,bb3dc87c4b5a51d87a51b536ce16a273a1821a4b4b28e80fa5abb1bef08896c0,139247,60a9f8c14a63826644fa331b2b2b4f72318a8599aab317ba7e975f0e1f44a221,0,"[3, 4]",285378627,350,8.815877186134458
115086e4db93487a4fd9df46ec8496fa709f029c08bd89e5d7ebb5d1d28996be,172cb544d48310e34cd9910d28eb6fe37a4e2df6594a368a47c679b01ff9d6c7,138223,ab3d98c08953d1fc40ba88aaada1f7878e1d21512bbcd10e4c2613220b8e0535,4,[1],290490084,350,8.561945287510753
119148d0755f3f6ba4e501bd73ff5d2173c94cd884af2967e1b01b15ca7e447e,979049608e8a04ada42a475c2016eafa13dce761a35fd4a934ebe3d5ecea563f,138159,22a44ba55f7755249900a35d1ad3ef5f17529c4abfa0a0934964028da7034ce6,1,[4],294734032,300,6.07459687627852
11922d9df69b58c4f903effa5deb2c885d7310129c5bdebae1008366c6d149bb,eaa45237d046f091476f205d45d84fbb89782d4b60bb05e298b1dce042f9ab73,139247,5d3f79c3220acd8b4f94fb498d9b6b8897c008f3c35f5f91f22feae2d3b2a73d,0,"[1, 2]",294792605,350,7.472269795835018
11ad2faa86c1606dbc900c08a412da3685719c54e0f8ab4ad679a38df6d3192d,10767414220915ada471ccc14a6ab7810e69ccb0163ff87d2036d9d15c353e46,140271,22a44ba55f7755249900a35d1ad3ef5f17529c4abfa0a0934964028da7034ce6,0,"[1, 2, 3]",296562602,350,7.123000575229526
12f15705752704ea793a44c574383b8dd74a7c0e382f8fac4cd6ff62b1d7ce2a,3a4f876a94174fcd7e145d70017cdc2e7abea09a3630de8298ccd31364ef814b,139311,4b3ddcba7c116761ea0af39e2f81df1a34f414126707b91e3b352694978a3386,1,"[0, 2]",317806341,400,8.797433344647288
130359b1ab3be4f6854634d517b01963bd6ad64f16738a9a39b1b7de284fbfad,56ad4a3331d6b52d0ce7d580b489f05e5a0b216c385b5a00314e835fd325e121,140207,fb79a0e49312dfbecd543bc6c8ed2a72b2c1e3be0a6a2650c2486a31fcbd3bf7,3,"[1, 2, 4]",318986673,300,5.533309228718281
1326763c20fe92e94bdd7bf2f64f2955b70d5c0c64eb082a3c75f0b06b62e5ee,135deb22e9fde7918693ce970dcb76a52e71636c5d3aba58b6d39236b97aa433,140207,5c757fdead15c34851ce7623c30897869726b06083c8d44aab3bd436b27cc3d6,4,"[0, 1, 3]",321287740,300,7.43792636692524
13323c4f519869af41857594bf306b8af15d5674329eb39d7b96213b8ac41162,362244bbeff2aff914d6e197e27fbdcf190e269a68e7b96309996bbc62cb0648,138159,8c110d60f77bf466fc881480ad0699385c52ed2fb9d9883d40a8fc17e38f940b,4,[2],322059343,300,6.864467488601804
137363adc4b1afe1b11ab61cda7db056dfe3e2cff2ce8b2670596377cce26b05,274d273672f728af09a000ee46249e1155a9d69df5183f5da28cd61584f1f98a,138159,ab3d98c08953d1fc40ba88aaada1f7878e1d21512bbcd10e4c2613220b8e0535,3,[1],326329261,300,7.608133504167199
137bd08cb43115c5f41f8fe860657449df4c27547f12e85706b63af82e73ac38,4ce0683987bd057bac0b2aa7ea227673a231f0936a6f78c7c3c8639436528680,140207,60a9f8c14a63826644fa331b2b2b4f72318a8599aab317ba7e975f0e1f44a221,3,"[1, 2, 4]",326881420,300,7.523539619520307
138e9bf33d495cb658f083906fdc7d55c0802e666a291b3fa311ff386654a293,c3e95f38719199be768825b19bf350e8e080e8d62a0fb1db3579acdbcf37d6c6,140207,d080ca249b712fd36e131cec67180f8effe22118a90afec65706b2cac240832d,3,"[0, 1, 4]",328113139,300,7.615052547305822
139d9419ba95613a43b3e33e2fe713ed9fdaa0589d062f62de261055a9887b08,e01a21e3021f9c69a62130e2ba3ab2d2e0fcc8e9072955ab551930de4c560955,11819,8c110d60f77bf466fc881480ad0699385c52ed2fb9d9883d40a8fc17e38f940b,1,[],329094169,550,11.491665303707123
13c1638af580fcf3c83a07eb51dc291f6f9d58ab5a120d302e762c295c69da0f,24f3ac2e446dcf6275726ac681ad9b68374acf140bfa132e1b7899f9451567be,138159,9c3f8cd9ed5a6d2bde47dcbd7aad7855fccc5f153e87a822baf6b424b11b3498,2,[3],331441034,300,8.094035368412733
13c5bb87ba1843a425ff98721f3211c2700880dbba011c89208ce0283b930645,39e7961063842e944730dbfc70531d3dbd4e29371803c62ebd0fce4bc7291731,138223,12c56c31bb01cb520e8a731750291b880923cd09bb364b2445fa5281392d505e,2,[4],331725703,350,8.850450007244945
13e7fb2ef2ac36cd230fffb4c951d9e9b698d35bf495cf774815c29b43db16a7,c48fb1c92df8f7bea4d46e9a00e43c7bcfd1a344b5b03804378fc0b48e36cdba,139311,fc725721fd66039f54fdd8f90e552f03aab157bb5989fcb4a18671f15ccdd144,2,"[1, 3]",333970222,400,10.139449348673224
141a83df9fcab819c9cea924c6a543503ffc7ab486581c38456c192fef510bfc,5c3604e226a7fb64257ed286cffb3c3955ad8d9581d387f9f99d09dbffdd00ae,139311,437b3abaebbc57203ad30983ff145aecb9c85c2b9c67e468fa9e73e2ae1767bb,3,"[1, 2]",337282015,400,10.811922390013933
141c2438b01827fdedf010b9ac3f8e6c59e616ee3397fbce74c27dea0a8e776d,e1dbb606ffa8dd0668244ea520a13774e56a720395c9187a1823054353c35d52,140335,092b53d8498e2e35e05fc9af973ca851144e8b0dcfbd550fd14a77015f162834,3,"[0, 1, 4]",337388600,400,10.730756048113108
14978aa00be1e928a0638662f46a9161fecdf81a18396162369fb2cb23f9bb78,653242154f367917b046ba422744a3b005f4dc93c4fb22d8728b7c6ce05c452c,11691,437b3abaebbc57203ad30983ff145aecb9c85c2b9c67e468fa9e73e2ae1767bb,0,[],345475744,300,7.555252531543374
14c3d91ba63599e727d5fe3572814ede2985ad7977daffba44f40024d43b7d57,c8ff9d5ffcf0e7756e0a0e7e5bdce4a33faf3377d02d334571716cf1e3307b65,140207,5d558a13b31059afb4770266a600615783ffb0f7fb75d92047d6fe579ac34109,3,"[0, 1, 2]",348379419,300,7.267628567293286
14d70518f461d760299afc5dfbfb7451d7f7b5fd04eadcb425a6680235b8a63f,9661f4108a5db5f1925a3c2682b6469b30161621e11e5c35026035085d145ee4,138159,02eab91b075413e6e8a84cb24ce6671e1343da9c576880eebdfe3e168b12189d,0,[4],349635864,300,7.241754354909062
1511806515c978c2e6fa4e1fb5e7634f39385231053d8189ee273669f160a129,f1bda92faa9654f0772bb4a2132018fca758ca4d32fe333985da04f99bc695ec,138351,57d208c8365a31c3468d9f27aeddfaa06cb95b919677996b5c8d7e2118c31021,1,[4],353468517,500,12.550088478252292
15230d377296514d3fbc1d16b1c4f36d5464e7e3516f6981bf78648f4cfcf592,68f96c1879526be2b8180b8e43f1d03a37aa802f400f421e05e7b374e7f420f7,139247,57d208c8365a31c3468d9f27aeddfaa06cb95b919677996b5c8d7e2118c31021,2,"[0, 1]",354618679,350,8.228265224024653
154c7f1112720dbb2eeaae746d251a8ace5c748df78e44e7c48c02f46bb1990b,d8739b95176ad8b775f22f93277f41b31f2380a38beba102ff1061e041085bf4,138479,afc5a5efc8118ce29184d6deb917da4eb066645d33a633fda0dded2a6578d55a,4,[1],357334801,650,16.296333741396666
1566105260bb66e10223b0840b297900730883424bdb95c62e7c30e51e095c93,f1f66f174fb64cb7d4fc5dea0a47c75ec3755781736daf840118427dfff640b6,139247,f918a61dccec720a0bfa718d743e5221e8d74a3862eb1a365d40b001d88a4eea,2,"[0, 1]",359010386,350,9.483691085129976
15d84689d6efb3a2b3953ae54bd5b1e4874bcb29598e2fef3e7ce1e83935d8f7,6e746e8a48ba3ab42723cbc39f66dadd2f6eff27b7ff55afef1adb124a794970,140271,6eeba99071577eebe266ac70cc9fd1b6a90b95f33cff5064f376793c3346fd16,0,"[2, 3, 4]",366495369,350,9.64814792573452
15e53b33253c2d5d56cd1b6a1b4fdfb55b4a09a67287d10333a87f174b99a959,a6b05bd7bf47cf4f796cb3ddbe01b03d4f09803e266fd46606534f53af4f5f4c,139247,02eab91b075413e6e8a84cb24ce6671e1343da9c576880eebdfe3e168b12189d,3,"[0, 1]",367344435,350,8.483786622062325
16459b3c8bcaca6c85589d3d5286972cc4511dc7b72434b18c270940034f061b,9fa59edf42101a198fb8f6fb41465dbc0e3b899e9235d385b5781e5427cd4e59,138159,ea53c921444cebdfa917bb6a32e3a1ac99a5e95e395eb8f54ca5fc4230adbf2e,1,[0],373660476,300,7.570657923817635
1658dde36ee46addc5012f0d222e9d5484c75f426eebac3f93a6f5aad4ea0bf6,9bb962d833ed1bc5a8c551480c8eb397f4de46d97d0bf201798a03fc04f02786,139439,ab3d98c08953d1fc40ba88aaada1f7878e1d21512bbcd10e4c2613220b8e0535,1,"[0, 4]",374922723,600,14.562823064625263
168593d48c80f06b0d23daca9d0c44a3ebbb407e8e129a562e5ae6ddf5a490dc,8c0c6f76a0fbc1f898c571e2f61e377e181fcee0b0bbe5b1e7fa150f8ae6bb62,138159,4b3ddcba7c116761ea0af39e2f81df1a34f414126707b91e3b352694978a3386,3,[0],377852884,300,5.3748194593936205
1692c52e4b63fde2f24ad1d81cda6d4afd3ba279c55f8a18b2d15d35864892f7,fc066fce862db5e6b6722d45e7485a22ea48049911fd9826c0acca58d2660aec,11883,86305a2a20e4a16650c3ad53714acef1e882b25c26830d80394db57b55fb14c0,4,[],378717486,650,10.905847871676087
16930be65dce3288fffb60f883ffea598e41b1b2890556187c7951a6bbf48a5e,0f8086b67bcc9c17f666117748cd47e924b109c788e8c86e3405f02e90a8b7c7,139311,afc5a5efc8118ce29184d6deb917da4eb066645d33a633fda0dded2a6578d55a,0,"[2, 3]",378735590,400,10.610235309228301
16bdbfda6212ad01bfec79e7674fabc25c1c84f35c505a87f682edbc58522e91,ac3ba36fb0f81b64caf4402dca8cb9f9f0a4a57a6fbf5033ebe3c4d5a2c53e71,140655,bd20cbc07471d94b9635f63350465280f4200fdfbe9db0d5033e3e5609704896,1,"[2, 3, 4]",381534170,850,21.985081788152456
16d99bafe6e2e6cc3e521bcfbf4ee5519036cb1ae48ec4cfde5a9cf961dcda61,96dcdbd7abdf6abf4358a96d92194a32261f2cf7a64612c4dce5044c18e98892,139439,4b3ddcba7c116761ea0af39e2f81df1a34f414126707b91e3b352694978a3386,3,"[0, 4]",383359919,600,12.19073342718184
16e4123930aac0f29f2725bfa41d89961ad6443bd82f64b9285a003b1f48af7a,d01eb1835157e403e5c3fbd42bd138b6574a94126e35009a7b034b916daf332b,140527,23dbbe3d1494a07aa585b47f311b222d3e2f29d2008e1077942eff4e59de9468,5,"[0, 2, 4]",384045625,700,14.048614848405123
1730a1ed1d8aef083d329b3ec2a9a9e6236e51e56342d467e8d023d6239f0aa1,79f9438fe843f4d41ca26961572340038643be6c7a48dd09f40e96b6995b634e,11883,c0237caf096c9efd2af515b279f81e542fc9a923e435a0db7a32b79ddccd0131,3,[],389063149,650,15.255229577422142
1799abcc5ac3e1cad78b8318f294bcbeb8869cb5f2d891880ffbbb5d3009b45d,ae1158d2e76df5b757be7e9d50e5b772c2c74350540c4e153c7746c1a01b1c5e,140463,092b53d8498e2e35e05fc9af973ca851144e8b0dcfbd550fd14a77015f162834,4,"[1, 2, 3]",395946956,550,13.282671093940735
179a4f2eb02ca734af95cb3733eb4d654274edd46626fdde83a5e059fd368771,7b0d5f9535864c19f5910e8eb3bd44b01b2c63f8e0657f02b229e3e7ed7df896,11691,9c3f8cd9ed5a6d2bde47dcbd7aad7855fccc5f153e87a822baf6b424b11b3498,4,[],395988782,300,6.55518994666636
17b76826f55dc7f4a61e856681c4b51eb078ebf489f4e2b80559212c042414ce,e59ea84f4d3431ee35043700abdd83cc68d801dec53fb5c85f8149f3ddf45fa4,140207,7bc80131605efe4e91e07681658c4a71d320633a5d39b2fdfa028e57b3072599,1,"[0, 3, 4]",397895718,300,7.798692721873522
17e1c8108e64ffe1ff311e53dc2e5ec466c162212abc585b29ac6a973d76d0a8,ab78b2fc7ecc40be6b8b70946b4c67001abaa49784e87af2943cc231d5612197,140207,22a44ba55f7755249900a35d1ad3ef5f17529c4abfa0a0934964028da7034ce6,0,"[1, 2, 4]",400672784,300,6.974012777209282
185c43085d0d87a06638eb0ca764ecfe25f5c6d6b4e15c4706d8dfca66898d4a,445a917c55c08e85428ff0a636584d080cab94341679b4028d93841010cb515b,138287,22163d342eaf2722fec1d77279c13e7ec1c61b79e72471952cb9c4d4adf9ca8a,4,[1],408699656,400,10.376851331442595
187d7a5e5b506c57af59ffa75428ed98a148c1416c12d4c1bd53db7d20beef46,2327de9b5b64d1ebb3a7451859cae68198e5fc2ce9f43367335dde4d118ef058,140463,bd20cbc07471d94b9635f63350465280f4200fdfbe9db0d5033e3e5609704896,1,"[0, 2, 4]",410876510,550,13.945338923484087
188c8f6fef16d52a75d7248d8001320b231f5f320224ed14873240e10b4a6be3,b95caae681a3967c43c82ce861817ee53d982a5f9a0cc878fe12ec4ba93c57b1,138287,02eab91b075413e6e8a84cb24ce6671e1343da9c576880eebdfe3e168b12189d,1,[4],411864943,450,11.236426567658782
18adc883f7839a24485fb2f9005b23aa9ba8aa8054381028a35607b5fd42482e,39b8255a7ad615903be76fb9d58fa2717ff91cc61dada5f998708c37c8697fb6,11755,5d3f79c3220acd8b4f94fb498d9b6b8897c008f3c35f5f91f22feae2d3b2a73d,2,[],414042243,400,9.316125338897109
18bb18a1266b7169899c7141132e7336ae7269affe9e174bb0e0409a825981d0,7bac010e79dca4e23e52960c847e9cb535e145c189e380d5bab6aac009e2c27a,140335,f918a61dccec720a0bfa718d743e5221e8d74a3862eb1a365d40b001d88a4eea,4,"[1, 2, 3]",414914721,400,10.260734733194113
193730df2b5202580ef08b042607f69ca2cf2c1b341c9aafd85dcd4a23ed63c6,90b6482110c65271e0ab885cd6f624e46d37b45737e5ad62f89ed82ab4f70a7f,11883,f50a67efe63137a8ef68858e2dceef1b7cdbf20eca805a4e1f814d1571d737ee,0,[],423047391,650,15.577067714184523
1941172e5bb3842a03a8b9e03e563067d96e9f339d5e3c3986a6e7d482d0b9a1,63781166c0028ec80228d53a26f941a1a6d96467c81188697a02a6a1d5783102,139247,d1c543f7af0aafe377dadd154c6e85a905e4e5bf3401d3ccb817b2a117a13e94,3,"[0, 2]",423696174,350,7.097727784886956
19439210d3599f623d538bdc0c18f10c3836c30c31a88614da052d7936320d6d,56e4b9a444742f8c6a571b214dc53fec8612792c612e8edd8dc45b53d0bfe516,138223,60a9f8c14a63826644fa331b2b2b4f72318a8599aab317ba7e975f0e1f44a221,0,[1],423858704,350,9.437538096681237
19cc50926db52399ffcadb0d766dd354653c50a3216d7dfe91344e66461e8b26,46e5fd76e7ddacf67f2bf7bd5861b693d1231733517ce6e10637a2cbeb75f4bd,138159,d080ca249b712fd36e131cec67180f8effe22118a90afec65706b2cac240832d,3,[4],432820370,300,7.475366232916713
1a10f303e2001f213a4c3d99ce4147f1cdddc64de8d7a1029aa477a3f66b3770,34443bb4487f0fb4cbe71df8f0c14d9cdb6e4bc06c6b8d7603daff37b7b697f4,11691,9c3f8cd9ed5a6d2bde47dcbd7aad7855fccc5f153e87a822baf6b424b11b3498,2,[],437318403,300,6.967495813965797
1a40066464a57fc342a2e7a4530c23173f79c4d7ab47a6f84a456089f2080508,ddb3039b336e40aad647fab9903395b311497c981ee06f4a019e542902f7bd38,11691,5d558a13b31059afb4770266a600615783ffb0f7fb75d92047d6fe579ac34109,1,[],440403556,300,7.014106176793575
1a7701ea92d3d8ab64ce479dfadfc7bdf11c176912ac66df0b23068b60f7253f,2246e74ba034d9afb2976de82b2c5facdda9f418930592102a3463af927cfd78,11883,49831b890e8dd2a1df2aa7ae6da89eb7247b291df7e8ba259c80eaba3baf421f,2,[],444006890,650,13.676446536555886
1adfe6c325c34b36e16e9f51c205736cc72a143507ec9d89ae249177acd35b54,437a9ffbf955fa231c02dc01b56f78338a2fdea10332879fee5d925f07fa545f,139311,ab3d98c08953d1fc40ba88aaada1f7878e1d21512bbcd10e4c2613220b8e0535,3,"[2, 4]",450881219,450,11.025370348244905
1aed601bb1ba5d8f93706eb63d64371f87d4d3e88c9cae5488853a056873756e,c6071952f7acd45e85fa7e970c49c2c772ba2e9e5030abb6689ea6f8238239a5,138159,5c757fdead15c34851ce7623c30897869726b06083c8d44aab3bd436b27cc3d6,2,[3],451764251,300,7.444656716659665
1b5bcc5b88c5c8ad3fd4d8fd75a9ca13edc14c0b6963ec018c0188b613023cf4,a871ea34982d536d5aea9fbad05f824c27a2e36899258a8993e767070ed251b4,140207,6eeba99071577eebe266ac70cc9fd1b6a90b95f33cff5064f376793c3346fd16,3,"[0, 2, 4]",459000923,300,7.145926997065544
1b6f4d11b09189bc3e0437e729183080f02bae2d2ae0e8cd9eb1640ffa3c907f,4b86aafc4f33798059e6bb45ff28838c0f73e6aa4f74d58c92e867698c4a231d,138159,22a44ba55f7755249900a35d1ad3ef5f17529c4abfa0a0934964028da7034ce6,1,[0],460279057,300,6.682452483102679
1b822da5a583ed5a059b626c207d757aec6c63539d19eb0466501f8445ed9985,e2f49c580bed4d4a95de10def68a12813cc6d8fdb6772d7717404efa7613c89f,139375,d1c543f7af0aafe377dadd154c6e85a905e4e5bf3401d3ccb817b2a117a13e94,2,"[1, 3]",461516197,500,9.342088505625725
1b9e0162aa335a7ba8cb67697be86a3639204d60d5ba2009152ae952f127ccaa,7b88846cc754309b73d9f5be5e7c5c27597c6e7bef18087b69a4291dc75f3363,11691,772d76457e131d5688a4d592c44e9721ebe25758d5988f5e3bda800d4d0e0dc0,0,[],463339874,300,4.932054108008742
1bd7d53a90cbf132d88b14a9a8550ee195b23fb32a9ce70c0cf00c6b402101fa,a429993ef4e7cd112b7016d4c3295158adb5ff87d5686460797b6e98b0161726,138287,f918a61dccec720a0bfa718d743e5221e8d74a3862eb1a365d40b001d88a4eea,4,[1],467129658,400,10.10062544234097
1c03547aea4a89b5f67cd5407626924313b87daa1c7df4918c6b1858212169cb,947f3c5822a7c3cdc05c6cba44b18411268bec431c7f22e8233f53f1bdab6df7,139183,772d76457e131d5688a4d592c44e9721ebe25758d5988f5e3bda800d4d0e0dc0,4,"[1, 2]",469980282,300,5.260822340846062
1c04f0ab48f595bb0684cf62603c45923c1beeefabfd73c69779e5c0dd17af67,572a54e5c5db9829d499b3bae426bc55d5b689541f3bf9947116a2a5c6c1cad1,11691,683a5ff373a826aaa963d3c19ef34fd145b7eacdb00cd2158a7fcc88bab93201,0,[],470085803,300,4.494735458865762
1c4d1daa6d598e0b8b557a00205b91f3aa386817ce75d8e8173bf07a0bee5b52,a8b2802b29a3bd679f31168ee5361bc5ff26cfd70f00d9e5b83e4332b2aa8566,139183,f50a67efe63137a8ef68858e2dceef1b7cdbf20eca805a4e1f814d1571d737ee,3,"[0, 1]",474815914,300,7.516629466786981
1c587845297a49c3c8fef2f9361377b560b748ca84786593f4a41d62f649b568,a3a0453afc23c5c2e622e25873a47bf627e986e7bc504801e510b120de04542c,139247,12c56c31bb01cb520e8a731750291b880923cd09bb364b2445fa5281392d505e,2,"[1, 4]",475560005,350,8.95317061804235
1c5ed3d1512f2562c085e79e2792170a4ede184db4567b5d375e4c0ab527223b,3098ac9350d1a258b3cded09a9fe557f1fce1e34e661b135fe2a133587ddfbc7,138159,d080ca249b712fd36e131cec67180f8effe22118a90afec65706b2cac240832d,4,[1],475976657,300,8.021664908155799
1c6b2104a4546985dc13f74d44cd1ac46d3a2af33ac7cade6b8fbec002027758,71c109057475a53f2e92a113ce1b1b09b93c2f74afe890c4a7ad07281b92b749,138351,5c757fdead15c34851ce7623c30897869726b06083c8d44aab3bd436b27cc3d6,0,[4],476782852,500,11.945371998474002
1d3a6e70ef922658875a3d24206f7f7f6e0947a86f0d96c3f9b7f8671cd5e4b9,863192f12d5e81b22f8b27518105685fc08ec934585dc75df2f42b4354b01c74,139183,772d76457e131d5688a4d592c44e9721ebe25758d5988f5e3bda800d4d0e0dc0,3,"[0, 2]",490368624,300,5.341643907129765
1d3b67f828e3de54b810ac5fd1b3d9f677a4e2903118f5b3af05ac940323af56,9c9def211ca0e69721efea7aafeb87711d70ce30e2fefce457d98176406b8601,140271,bd20cbc07471d94b9635f63350465280f4200fdfbe9db0d5033e3e5609704896,0,"[1, 2, 3]",490432504,350,9.20436623506248
1d3be3ca5286e63fdafa884efc009443cf14673512b1d99b853f4d4adb853e8b,fb28f3e8623481106121a1c93908782e19f78ba4c0af694c2796b6aac4bd7568,11755,6eeba99071577eebe266ac70cc9fd1b6a90b95f33cff5064f376793c3346fd16,3,[],490464202,450,10.501502072438598
1da13216467e12f19ad3458fa9b27f0cb84ed55509dd632f16fea69cba977f05,c7b57b3647ce0e64d25fcab5e2a8e254827f14663e22b017e5309b1769be3b86,11691,d1c543f7af0aafe377dadd154c6e85a905e4e5bf3401d3ccb817b2a117a13e94,0,[],497103382,350,6.630540002137423
1dad32449b9c48d0275039565f9ef853e4cb30b63374ce5e59ff792006a9daaf,fdd5c43b14c7f95a25c8bcac9afe0182762cd84737c676b50819f68235ba395b,140207,464464c8ef7bd4eff076591a3186aad12ef0163e0cd8d5d49d482e4d24f86eaa,4,"[0, 1, 2]",497889860,300,5.41861741617322
1e2f68ae98e55dd7a8637107c392012256156f8551e85cf0d66ece08f6ca6f70,c60fa8c69eec03cf5e7f6cc6eeaaef36fe80781d5044a5ca6f7a423e093758ed,138287,efff204740b93bf0466ee2b3e392663d68b4714aa520775e00267540b847f92b,0,[2],506423470,450,11.416492216289043
1e7810b2e530a687ba2dc47e73db13198f77b02c95b25b3bbf0a36caedf82776,ea32a4c5f6f9c4bb4585802e253f28141b353a11867f5e83965a92b3501dc45e,138415,6eeba99071577eebe266ac70cc9fd1b6a90b95f33cff5064f376793c3346fd16,2,[3],511185074,600,14.76003778167069
1f2416ad7be86b4f59a1f7cda271d483214adb274b42a35a9c5dbbbe69915404,28186ed18393d7585b7ed6ce9dd6b94fbb73f18f556f0eb1a9271fe011b2dd1c,139567,afc5a5efc8118ce29184d6deb917da4eb066645d33a633fda0dded2a6578d55a,3,"[1, 4]",522458797,750,20.084519444033504
1f46db3c925d6c92f38abb9ecb3084b73f43d4a290ebdb1c36096a1b96647cb7,712e61a94c34ed4907dca3e6cfd880acc56265d583f4dd94dd9d9a42c74f9d70,140271,60a9f8c14a63826644fa331b2b2b4f72318a8599aab317ba7e975f0e1f44a221,2,"[0, 1, 3]",524737340,350,9.078813962638378
1f6e297102a52bd1bf3a4871938129e558bb00dace8c28f62ae54baba3a038c5,2f2713a8c64998dad69b078d8c8666afc134bf44649bc72abeedf2a73124bde7,139247,d1c543f7af0aafe377dadd154c6e85a905e4e5bf3401d3ccb817b2a117a13e94,0,"[1, 4]",527313265,350,6.4380239974707365
1fd406cfa38e90f2ecda54a677180a9d8208e0e75df911d50d8e8578e4f199e5,92a706f5731a0b1a4102f0470cb76746e9d975d37d5f2a18fd9013b2e0f738ac,138223,f50a67efe63137a8ef68858e2dceef1b7cdbf20eca805a4e1f814d1571d737ee,3,[1],533989071,350,8.867892283946276
20843d8627d9f7340972022235c7a6976cca9bc083486f6ca920f14949f1eaae,ece574395c609b6e968a49036171e4e5d761dbe1233f6e6313f5e91a188b5a6e,11947,d080ca249b712fd36e131cec67180f8effe22118a90afec65706b2cac240832d,0,[],545537414,700,17.892293179407716
208a88dd5d5e6f613012d84212b378de63430cdb2a6d79878fbce084a5dc0a3c,2ecb856b3e353404efa0f193f0aa9c87cfe188c94380fe0cb22a17d84631a9ae,139247,ab3d98c08953d1fc40ba88aaada1f7878e1d21512bbcd10e4c2613220b8e0535,2,"[1, 4]",545949917,350,8.285605750977993
209418b2b9a9404828be5ca3949c931a10ca9f6d1221852af710835d0bf1636b,6dcaa258ef0e22c45f6f54295ecafae14aae927e7759d72d57318342c4c0e9dc,138479,57d208c8365a31c3468d9f27aeddfaa06cb95b919677996b5c8d7e2118c31021,0,[4],546576562,650,15.470805332064629
20b11b987c3c964d810643bd692766b00868d5560d823a3aab03493e8644d756,6bb1010e9ca028516c7f958f0a000da547b963be00eabae55f87f2073ec4d790,139183,5c757fdead15c34851ce7623c30897869726b06083c8d44aab3bd436b27cc3d6,2,"[0, 4]",548477848,300,7.424828812479973
210d6ed395f69c1a0e5338441dc1520409be79838e736c2095a9869785ab9d35,69d860f1f621012740700efd81c50a1d76f0d30f7cbd9748873db9e9ebf621a1,11691,683a5ff373a826aaa963d3c19ef34fd145b7eacdb00cd2158a7fcc88bab93201,4,[],554528467,300,4.8422448374331
21486df994af1c193d10922c991892d300039ed6e129d433ab2ed10135773dd0,253420e50e05d0875153292fa5e0a26a874f281aec209ed14fdb12d3ab03d3ef,140335,02eab91b075413e6e8a84cb24ce6671e1343da9c576880eebdfe3e168b12189d,2,"[0, 3, 4]",558394873,400,10.216789308935404
2197560c9e89c37c47c672b088c3759e93242cccf5fcf7f0732ab81ca820c0d1,20a04629585a067fac02c60a23e4af78b6ea90d5043647acd8b971c384ed2c52,138223,7bc80131605efe4e91e07681658c4a71d320633a5d39b2fdfa028e57b3072599,1,[0],563566092,350,8.549703443422914
21a6f8c97774c8ac4ea5c04ae83d2321685f6cb003cca7d05226f92b1d66a01c,c44d81fcdbbb7a0ec4085ba0e50161fd26089fd97d2a576033338358f18ce58b,139183,f918a61dccec720a0bfa718d743e5221e8d74a3862eb1a365d40b001d88a4eea,3,"[1, 2]",564590793,300,8.0331707932055
21bd37b1f76eb06bed1eb89bcfaff061a94ab3675f4b3d49d4ff22daafd8a310,2453b2c1fc85e5254153669d4d2ddf31eec3537463622d67b66660795486316b,140207,d080ca249b712fd36e131cec67180f8effe22118a90afec65706b2cac240832d,2,"[1, 3, 4]",566048689,300,7.664416844025254
2211a9209cdac120a6c46e59db812d0faa68737fa6d6e118e91a81a8224624d5,ae1fd26bcdc30b08d6619f6466d90b78eaa7da52a832a0fdfe0b56662eb1950d,140207,8c110d60f77bf466fc881480ad0699385c52ed2fb9d9883d40a8fc17e38f940b,2,"[0, 1, 4]",571582752,300,7.846161603927612
22413f7114f81ec13f84d65074d5feb5d3c84e1addfdc3689527b5e9d0fe2118,2047de726ceb5d789651ac0270d1016dc210dd3c18cd664778b78b26d2ca3fe0,139247,9c3f8cd9ed5a6d2bde47dcbd7aad7855fccc5f153e87a822baf6b424b11b3498,0,"[1, 4]",574701425,350,8.975193690508604
228086caed843804a1591b8ec65014e82e1607aab55ef3f9b97e5801faaccdf3,3bd2d486483c5e4dbcf0bba21e5afbc2c0f7f790f669dc78a219573489258ee8,11691,d080ca249b712fd36e131cec67180f8effe22118a90afec65706b2cac240832d,4,[],578848458,350,8.185150556266308
22979f0a7fd0a1a7f4c9042d6f8ff5c75bf229960ea37c712d66aac7909c1d52,6b8f8ddf234236d445d9181ea69c7810e01d73edbf851790280ef73aef0e623e,140207,5d558a13b31059afb4770266a600615783ffb0f7fb75d92047d6fe579ac34109,2,"[0, 3, 4]",580361994,300,8.105938795953989
2413459a50d0b4f63d39145cb7249e53ed36dd0c64f620e88cd671dbede943b9,f86fac090f2598c79df1da7fd37d1a0bdcfc579728695ae806ba978b691ccd57,138159,8c110d60f77bf466fc881480ad0699385c52ed2fb9d9883d40a8fc17e38f940b,3,[4],605242778,300,7.600712006911635
2416fdd7bb71c758bcee943c868e71523707c5e0bfb18fb743fe6209f279e1a6,0419295753187a0a7464c255b5713a0d9218120bbe5cc6446da1c68b0b729766,138287,fc725721fd66039f54fdd8f90e552f03aab157bb5989fcb4a18671f15ccdd144,3,[4],605486551,450,11.252325519919395
246d11fb52826ff14063caf49c3bafdb46f3c211df99940e40fd15c071505e51,dd800689619981bee8cf9cc01645778096a3e326cd85ec34d65bafbc03edf61d,139247,ea53c921444cebdfa917bb6a32e3a1ac99a5e95e395eb8f54ca5fc4230adbf2e,3,"[1, 2]",611127803,350,8.864365646615624
24970793cb8b5949436b636000f8b519aca76625bd306fa33876a16312f715b8,87e704a21e2c39b60d379b05645adf50d7e75418b70ecba83320a9409f6fa212,138671,bd20cbc07471d94b9635f63350465280f4200fdfbe9db0d5033e3e5609704896,2,[3],613877651,900,21.053489957004786
24aca6c9cad3cf2c3102a1f0a23cdfaf31c4663cd0ef848ffa35525ef65a1c95,c91dd13a5c29392d08d89d25e0399ac57b66ed6cfd2325c3afe04707a7746e95,139311,fc725721fd66039f54fdd8f90e552f03aab157bb5989fcb4a18671f15ccdd144,2,"[0, 1]",615294665,450,12.197008999064565
2517fb1966ff074c378754a9b1d43b446d044256a145165ffdd6cc83741aa1c4,06211e3bf9fc3f0039d3c6553b54c398a9faf9f7de426ddb0e5b1f6114dbb116,140207,5c757fdead15c34851ce7623c30897869726b06083c8d44aab3bd436b27cc3d6,4,"[0, 2, 3]",622328601,300,7.284233568236232
255685ae290e6246975c5dcf32d45a7736d9e37b5cb97af37bf8af2aa09887bd,ebc88ad52fb99e0e7cef144ec388c927e1dceb558aa8d6e95392d8ac1471e643,138287,12c56c31bb01cb520e8a731750291b880923cd09bb364b2445fa5281392d505e,3,[4],626427310,400,9.423446347936988
259d0a5a570cdd60d071223e110bdf4b424cd6f553a653b2542e0c094c27d02f,d258f76731896762744aed9ec1721cdbb5ab75c6d65de72c0a824054c3ebe0e1,138223,7c56d4b1b341072b905581a5817abdb0d67f285582a9f4c6837599ae4d100115,3,[4],631048794,350,8.628806788474321
25f51c12dd86a962c0816210c3423c6a14559d7e764ead5e7e817a0aaed6bd18,fc7c5bc18a90fb23a814526968f9993712b25eebedd75225888acd95610c5878,139183,437b3abaebbc57203ad30983ff145aecb9c85c2b9c67e468fa9e73e2ae1767bb,1,"[0, 3]",636820498,300,8.261262327432632
261ee465268aa1f793eddcc2301f55104ea5a760b9f3123cb56cbf5c6c63bd99,0bf1826a03d288706c92a2a5a6866b1342cf0cac3865f622e5a2ea5d7e985aa8,139247,fc725721fd66039f54fdd8f90e552f03aab157bb5989fcb4a18671f15ccdd144,3,"[2, 4]",639558757,350,9.196858156472445
2676984d95ece755ba7d8301b526639780f3b02235549d31ac27ead14b8dbe11,8958406067fcf882cd4be690f3a0d7f9109f9e8171e2e1ba9eea62bccfa4749c,140207,86305a2a20e4a16650c3ad53714acef1e882b25c26830d80394db57b55fb14c0,4,"[0, 2, 3]",645306445,300,5.645341055467725
26903fa3e5ddc33eeb9c96191f532d5e375915bd059a10b077ba12da20214c93,9c9c37afade176751b73d58f46f7867f767156eff0feb214e8c7783515a6e2dc,138159,c0237caf096c9efd2af515b279f81e542fc9a923e435a0db7a32b79ddccd0131,0,[1],646987683,300,7.217104548588395
26d06ad5be584296f47fa2ee08d6699256ce49a36383bb350c8ecbd6cfa18783,8548282c998808cc8aeacad5fab5771f2f3f08f3b4e60eb9d97270c4feac8c3e,139311,fc725721fd66039f54fdd8f90e552f03aab157bb5989fcb4a18671f15ccdd144,3,"[0, 4]",651193045,400,9.890183607116342
26da9b712b31a034793487c760e163160470170ce9cd65b28ac5a8f9ab6952c0,94df47faa7d44da88ba0ef9c49c53b1abf1194e58ba70c67f896dbd92f62bff7,139183,5c757fdead15c34851ce7623c30897869726b06083c8d44aab3bd436b27cc3d6,3,"[0, 4]",651860849,300,6.79351251386106
2703b0cdd15cfacae5babcc13ff1dd436af47bf0cec66870eea6c4d675353eef,ed02476d8364e99a81d8dbe10f0b87cb64461a8e3873b06d7b1817477264bf3c,138479,7c56d4b1b341072b905581a5817abdb0d67f285582a9f4c6837599ae4d100115,1,[2],654553293,700,17.895368721336126
2770e9a62c502dac45577897ec1e2cfe090e1b6123d44009978bff35a8e649ab,5f8763ce6e6d8c0a6252fb999404ce3091277629056d0ca45d207cd04e7e20da,140783,23dbbe3d1494a07aa585b47f311b222d3e2f29d2008e1077942eff4e59de9468,5,"[2, 3, 4]",661711270,1000,19.02296421676874
280a50e0dd45439c72e5b12216d28e703fdd26a959e7b43574be68ec38977999,48de8bbb7eb60caf7b13d2dd245d4942d13559a21a55bec90f64082115807399,139375,57d208c8365a31c3468d9f27aeddfaa06cb95b919677996b5c8d7e2118c31021,0,"[2, 4]",671764704,500,12.406679587438703
28a98291e5bb22682fdf0203ba1f058249e9aadacf6187702f6084da69311fdb,653dde06f7e588143459d1a6f5fb5c275732f09d947c15b3dc902fc72bdf8984,139311,86305a2a20e4a16650c3ad53714acef1e882b25c26830d80394db57b55fb14c0,3,"[0, 4]",682197649,450,8.1293712425977
28af96c4a9c473501d7ef109080656cb0540a5c5d7110b9cf3572a9028a2a4a7,0f5458abe1c84981ebf4f59334c620e5de2b239ac74d9a59ae96b20131160e79,11691,eb2c5789f31d8380ee35b9cde0405cfa982abe665bcc3e8a707cf14a3521c86f,3,[],682596036,350,5.495139077305794
28de0b9c1c5db6b2e5c8810fee79e421d7d4c25764917b90e68a2e427df2f5bf,be592da0bdfc49a903e1047316ef682c186f95cb71f81c10e49116aee66fdd49,139311,9c3f8cd9ed5a6d2bde47dcbd7aad7855fccc5f153e87a822baf6b424b11b3498,1,"[0, 4]",685640604,450,10.843964634463191
28f46134053e13e516bd6349252774b6e99bb537c49915ee08adf6b154e865e8,701f78b41b02017500bda9b593c62c3d80155a03047bac4285ecece42b02b126,11691,437b3abaebbc57203ad30983ff145aecb9c85c2b9c67e468fa9e73e2ae1767bb,2,[],687104308,300,7.0632915534079075
2918ef56d9fce8496656789e9c13abfe2880b2464a27a9619306fecaba86732e,482b42ac4ae35db56a3f6733c7d23fdfa58ef05f1e53a861c1ba1dd9c5dcd763,140271,bd20cbc07471d94b9635f63350465280f4200fdfbe9db0d5033e3e5609704896,1,"[0, 2, 3]",689499990,350,9.189901400357485
292036a6e1a8f74059e2a88f6489c80814e18ec1e05ea996cb4b78d5bf651291,518d467762a20646220e5fb954ab92be18b5234c434892e2f735c14fc190655d,139183,ab3d98c08953d1fc40ba88aaada1f7878e1d21512bbcd10e4c2613220b8e0535,4,"[0, 2]",689976998,300,7.44045764580369
29519d0c6b4c039ca7e92e94abf94e7d2718c76712f0e18055c4ed2b81b09280,dd867da106293594731b5b75cf67c5507c33e4eed9530580f90fe70a2283aa3a,139183,22a44ba55f7755249900a35d1ad3ef5f17529c4abfa0a0934964028da7034ce6,1,"[0, 4]",693214476,300,6.6110803205519915
2954bdcd6c82780d0d56b2999b3f3b0f6f40d4dfc573434f0028824e8b79ea51,0dbb8911ce7bb610bc317f5a81a7165255a27fd9056ac54ecc0064bcab1135bb,139183,5d3f79c3220acd8b4f94fb498d9b6b8897c008f3c35f5f91f22feae2d3b2a73d,0,"[2, 3]",693419469,300,7.652655519545078
295a2a6c9bce8e8b7ed3d816d72453cf7887fd797e223947dac739f984271b5e,3cae1e5d3db06c2c09d99537227c92cc27a1e26730fb2bda5ed6afc6971e8aac,12075,efff204740b93bf0466ee2b3e392663d68b4714aa520775e00267540b847f92b,4,[],693774956,950,21.43221210502088
29f3ceebb23e5c4be29c9022875d310ac3292946d2055d97df14f0bed3d5830f,d5cd6d691c9505f012fea8d790f5d7b5ba19967d8f798b660fa0ee22e2439f76,138671,fc725721fd66039f54fdd8f90e552f03aab157bb5989fcb4a18671f15ccdd144,4,[3],703844075,900,23.75001355074346
29fd752654b1cce0d3774fe30e0d8a31a0514ac62a3e48bef967bc4d5517550e,c5c0b1b344963362791a84dc7c766bbb07a150ea2540ab86fd421404aea09cf4,138159,ab3d98c08953d1fc40ba88aaada1f7878e1d21512bbcd10e4c2613220b8e0535,4,[0],704476454,300,7.2763434667140245
2a194f2894a17a421b9dcf9f5b0704371c15708c7b393b324389921207e8c675,b15b8a364ae1041dea8cb032ce44bc4aa3b7120dc8d61256b5b31bb0f7260b1d,11819,f50a67efe63137a8ef68858e2dceef1b7cdbf20eca805a4e1f814d1571d737ee,2,[],706301736,550,12.55005026049912
2a2fa0667d7387a58860ed6aad86139e2788a6e5174ffca157b4bd462cadcb70,175f11564f6cfe4f17612f0592cc1a1d3f3fd51455ca842a2e3cf1ce351ab7fe,140527,9fffba322c64f33d26f0f9ff052a96ea3250c36cd816823505104df980866d2d,4,"[0, 2, 3]",707764326,650,15.989562315866351
2aa4d7df3cbb497de56c75766ca5008ad152f3da9fc3a07ca1b06f7879934378,c89995602f11a730bfa3940397735cd9a41cc87a55d234b20e01230e20cfc58f,139183,732193d6e75393da040e8142ee46459ecc1afbab9c9965b48c5621d1c6018390,3,"[1, 4]",715446239,300,6.9670369029045105
2b169d2845d6c850b8d5405506044506374d678aca987f4c80476312f2a671bd,8ac0afff83265f00bb82e56d0f226405d28f11eda3d222377de812064b0c4df5,139375,fc725721fd66039f54fdd8f90e552f03aab157bb5989fcb4a18671f15ccdd144,2,"[0, 3]",722902312,500,13.071747556328773
2b384ed427270aede9690d7f429fb124c4ec57a587acd2c46b7c9a3f1102e5c9,71948085b426c28063d8a79bf037ddbcf4cc854e0209ad97bbbbd303d442b53d,139247,f918a61dccec720a0bfa718d743e5221e8d74a3862eb1a365d40b001d88a4eea,2,"[0, 4]",725110484,350,8.901053948327899
2b691d60ec9f41fcddfea6431556589c5250098a3508bf85ef6bf255d16acbf4,4761fe1aa8489faae8e0186272b45258612fca9dbb2d7f729780e04e2b729359,138159,49831b890e8dd2a1df2aa7ae6da89eb7247b291df7e8ba259c80eaba3baf421f,3,[1],728309088,300,5.546108387410641
2bdec0ed8ed3cf2d700a27080c61eebb53e356e2c62599e74145bc88fad63a49,a50e7960c8d3e70563093f9a6e6eceaa268014777aebaf3ce5c9c9c56698742d,139183,732193d6e75393da040e8142ee46459ecc1afbab9c9965b48c5621d1c6018390,0,"[3, 4]",736018669,300,7.993421329185367
2c93fc86a4d0385e4ff9453650c7e8a99a2683ba193ad2c8610ddda3947d3342,87dbaf879d6a4de74fbdd310ad24b8bf53d15614fccf4fe1f9183d44567f7a56,138223,ab3d98c08953d1fc40ba88aaada1f7878e1d21512bbcd10e4c2613220b8e0535,2,[1],747895942,350,8.642793478444219
2ce8b3b4d655e3099ea395cd704c59051b0f594b9511244c2ea5427ff387ef31,db0e5d8bcbd6ac0b72b9f3d1618f57d8a8ee5a92c8683f11134449250b4c757d,140207,5d3f79c3220acd8b4f94fb498d9b6b8897c008f3c35f5f91f22feae2d3b2a73d,4,"[1, 2, 3]",753447860,300,7.770248871296644
2cf3694c536dd876b15deeb154fb9297fb1ee3d43216a9201890a99af56ba159,d82516fe03003ea7770bed69a17e7339be7fde035871ccbf818547bc727ab345,138287,bd20cbc07471d94b9635f63350465280f4200fdfbe9db0d5033e3e5609704896,1,[3],754149708,400,11.155808713287115
2d09dece0c6825882fd305757046d8eed104cb0b9d8576b4de078bb8dfeb6f45,0c782c64259bfafa2dc3c71dbc767f2f050cbd80bd35f0bc4c8cf2a87d50e748,138351,23dbbe3d1494a07aa585b47f311b222d3e2f29d2008e1077942eff4e59de9468,5,[0],755621582,500,8.876360654830933
2d1b6be72235fe0e792947266d09b7960399c5e8fee82c9b86d07cc4fc464a6a,3bcc81ab9af77f84ed6d0423e3717f9e7549fb11fd09e0e8d5f1da57fec0663b,138223,ab3d98c08953d1fc40ba88aaada1f7878e1d21512bbcd10e4c2613220b8e0535,2,[4],756771815,350,8.74428492039442
2d36b258ae05ed01af188203b5fad4e3d76384a8ffe051d4e2de44ee3d11cf9e,e60396eb0cdf3a9fd08d2f6aad7965511af761517384df493211cf7a8d799f3a,139183,829847acbad2fbe311a9193329b4cca2083257e1a08c3d842a1481d565a3fcd6,4,"[2, 3]",758559320,300,7.316547855734825
2dd02ca0c6e38102262ea1ae2d13c648f2d330c09e9a0f4837da9bf691e185ad,ac53c50bc89dda88267ec7ed1de882aa21f3559c80f5ed58e9990950a20c4ff1,138159,86305a2a20e4a16650c3ad53714acef1e882b25c26830d80394db57b55fb14c0,4,[1],768617632,300,5.2732864040881395
2df56450a72ad7c5a149e9e71134e9e1ce762fbc33d7e6b595c5ea995eb6d4e5,13fe6555febedd3816dd40ebb8c8eda108f781e921cd8789ef18e4937e461ae5,11691,02eab91b075413e6e8a84cb24ce6671e1343da9c576880eebdfe3e168b12189d,4,[],771056720,350,7.916081842035055
2e1669ea56d10908bece67bccb73ae57c12e16ef39751f5277b4a0d3d1283c26,f53cc84af41bfdf86493a785870ba7c28b191c983b51b742017d8a3cbe6cc23f,138479,6eeba99071577eebe266ac70cc9fd1b6a90b95f33cff5064f376793c3346fd16,1,[2],773220842,650,16.110383789986372
2e4f2ada61e2ec3daaf71ef518dfbe3166e0f5076a8bdbe705f938922a4fd5ad,f743d6fe847f4b8989683233c1156eda99e0bc1689db5968af68e61877fe6675,139183,86305a2a20e4a16650c3ad53714acef1e882b25c26830d80394db57b55fb14c0,4,"[0, 1]",776940250,300,5.733348457142711
2e9cceffc2e4ec5b7e12759f036428d7d3c55b932d01b575fc954ef2cb8f1600,2fd751dec63bc718ee51a43270a57de0df55d495883d3005585ae38d8776598a,139183,f50a67efe63137a8ef68858e2dceef1b7cdbf20eca805a4e1f814d1571d737ee,1,"[2, 4]",782028543,300,8.152999954298139
2ea5fd31bfef87a52b7e63bf97bb72f7d43e29b1233054f17421870467a0da05,6f4b191b1ff9cd2f7217caccdea3742970c56f8bbd49fc3a223eebcf58ae8698,139247,092b53d8498e2e35e05fc9af973ca851144e8b0dcfbd550fd14a77015f162834,2,"[1, 3]",782630193,350,7.881007391959429
2f09deb842bc69170777482c184fb842bcc2ad19e7f6976773768cd3c8a3c1af,d142ed6a8da91621ec45ea18606f96168d77683a4285588f2ffd223d5be2dfdd,139439,02eab91b075413e6e8a84cb24ce6671e1343da9c576880eebdfe3e168b12189d,3,"[1, 4]",789175992,550,13.048727966845036
2f58d403a964cf6ef9e60d4c31822856b3d474281c6804fc0448599d966aefce,17953f73a1589b8368f654506a06c7aa5320fc84f8250ebaa5127d40fd7fdf0d,139183,732193d6e75393da040e8142ee46459ecc1afbab9c9965b48c5621d1c6018390,3,"[2, 4]",794350595,300,7.575671071186662
2f7af87596b6487ab77950ada8ecc85d6702a6c59c881905b2d2e497898954a5,ccb643b48c69299e99f7ff63c144ce47e05d9487adeb93c057079cfd0bf24b93,139247,829847acbad2fbe311a9193329b4cca2083257e1a08c3d842a1481d565a3fcd6,2,"[3, 4]",796588149,350,9.327386384829879
2fc14cadb33e9c71d76c7efdac19f079a78283db47a7bbe91086caeea39d48d2,55eee991e6d4f6919826527dda42570b4b1b24ddfcfb8ccdbe55a0da618337bb,139439,12c56c31bb01cb520e8a731750291b880923cd09bb364b2445fa5281392d505e,2,"[1, 3]",801197229,550,13.274025242775679
3019e1b6c1e6d7215dda94851326e208927100271ba46cc0c6311c7f849c8f44,74b7b1796df7e60b969237b83dbd563c7711f261305546125373835a20040eb8,11691,86305a2a20e4a16650c3ad53714acef1e882b25c26830d80394db57b55fb14c0,2,[],807002550,350,5.849539240822196
303333592b7d6a3ec207019bc79f64a3bb1b01aa1d17c98e42f193ccc6924cf0,6dcb299e0d5dbc9d8dfbc0d3e1e717380779765c8b2c6b9486e9cc8d14132bca,12139,23dbbe3d1494a07aa585b47f311b222d3e2f29d2008e1077942eff4e59de9468,2,[],808661849,1000,16.260445145890117
303814816558441840e6db60f91f5105aa38be53755650f7aae2d55d57203eef,33645375fc98bde9aeb1ff680c4f531ab8e80057174cb0ceea03e9250a9c1067,139247,732193d6e75393da040e8142ee46459ecc1afbab9c9965b48c5621d1c6018390,0,"[1, 4]",808981633,350,8.344395807012916
3094480f8477083eaee7daa7e3dc14cff6b6a1c0a612e6bc6396a63450404ac2,74f68a94c9262fa979757a5acef40e6f7aa54adea9cef446341041437d7de81c,139247,5d3f79c3220acd8b4f94fb498d9b6b8897c008f3c35f5f91f22feae2d3b2a73d,3,"[0, 2]",815024143,350,8.819319175556302
30982719f950b78c92257d0a332b710d304e2f30a0961e9247ee4bb7c7935362,e237fe88d884b08e35580e1619c328a4b068bc46187ddf472e8f12342d4b990c,139183,fb79a0e49312dfbecd543bc6c8ed2a72b2c1e3be0a6a2650c2486a31fcbd3bf7,4,"[0, 1]",815277849,300,5.47853521630168
30a18cacca9a70e014ad501144e05e091e6d143e8814795f7e183667f78d30bc,51e6abd6995327857ce0429d1182faee282b0ce26b13c6d8088e9aec8f7e8836,139183,683a5ff373a826aaa963d3c19ef34fd145b7eacdb00cd2158a7fcc88bab93201,3,"[1, 4]",815893676,300,5.388415509834886
3143bdb761d438cb0bb185708a4e6e9bc6847e9e3cbe6d2336426fb060ae7b0a,73c705c5fb40b23365255c755f15a79a9ad5fe81e6fe90f690266868d7491938,138159,8c110d60f77bf466fc881480ad0699385c52ed2fb9d9883d40a8fc17e38f940b,1,[0],826523063,300,7.69088458456099
314582fd94b27caeaae595e0d0c6114dc0fb95126ccbdbf91f7bb956fbfc601d,d54c8b38d4fa6b1f5dd5567024527087c532186446a1318396a022b0ecb50f9a,11819,57d208c8365a31c3468d9f27aeddfaa06cb95b919677996b5c8d7e2118c31021,2,[],826639101,500,11.286798123270273
3213b22cedb89dbfd6582737859c862ad40906785ec52543f2f3a25ffcc5adee,60baa6846b57a8ac201c1c2893843f661a7d3180bc5bf0ee8de3e224bbc849a6,139439,d1c543f7af0aafe377dadd154c6e85a905e4e5bf3401d3ccb817b2a117a13e94,2,"[1, 4]",840151596,550,12.118941375985742
321fa06e69551eb1d2144f0cdb3645726fd1a3d276516848a96fe2448855103a,4692b4d4d019733e03f244394cb2b82ba7ee477b3dbbbf4f13a317841832dcde,139247,464464c8ef7bd4eff076591a3186aad12ef0163e0cd8d5d49d482e4d24f86eaa,4,"[1, 3]",840933486,350,5.625527316704392
32666b629cb77d04a691e80ab2646c88cc508e3fece60a22574d80c6382db839,373f42d78078b93bd13fec61ddf732b5d118a868df9b0cf7f383cc6ba38cc757,139247,d1c543f7af0aafe377dadd154c6e85a905e4e5bf3401d3ccb817b2a117a13e94,4,"[0, 1]",845572962,350,7.201320553198457
32d9a4e9303915063c34b905818c04f306d75b85717e6244dc557816035641ff,3a6494b435ba0b23736907670ded100999800d09e1fb5be8ca99b1b83a65427a,11691,efff204740b93bf0466ee2b3e392663d68b4714aa520775e00267540b847f92b,2,[],853124329,300,6.857353152707219
32e65ab9dc8d79e03869f4e3975f063dd4325f11b4acf3a6cbc157112d1652fc,705578de387f4fe9b1bd41c3cfb534b860fdb8c4bf93014eb8c3adb3a13258b2,138159,49831b890e8dd2a1df2aa7ae6da89eb7247b291df7e8ba259c80eaba3baf421f,1,[0],853957305,300,5.708334183320403
33356dee2a4719fefb2c558f555bc9400f3f114666023d361bbab969facad709,7a0e9ada32cf5735b6692c32d618cd25d6b93d28cda36c974b403274efd5f3d0,139311,9fffba322c64f33d26f0f9ff052a96ea3250c36cd816823505104df980866d2d,3,"[0, 4]",859139566,450,11.08522574417293
33c9b0058d6a976f95e8271814c97fbea910933dabbfd299e787fd2f7a594829,5a140165c5ba66da4177b83f195d2b14fe3a34c200e3053c925756824a6a3fa5,138223,7bc80131605efe4e91e07681658c4a71d320633a5d39b2fdfa028e57b3072599,3,[4],868855813,350,8.625348769128323
33f916549cced30095ba774bd9437873ee393b2ae837bb9bc51fa110a50b433b,85471c7943401eb9a18910d2bcb73f50b9dc058b5f40caaa130cf4cb1f6e48ce,139183,f918a61dccec720a0bfa718d743e5221e8d74a3862eb1a365d40b001d88a4eea,1,"[3, 4]",871962196,300,8.379212744534016
342a3b31f4087b8a9b572ac6bec721846e5e676b5b3c2ec5ee90909208e0a736,5f26aa269c48551c24f9d0bd6c047441a966766a275720cb026c2fdc98f53dd7,140271,683a5ff373a826aaa963d3c19ef34fd145b7eacdb00cd2158a7fcc88bab93201,3,"[0, 1, 4]",875182897,350,6.890045015141368
34475dccf936b9d4acce7ee21cf6d6c6d0876b26777605a0d9275d14dde9a2ec,66a5d8310df137a18cff2ce9b43c3e227a30bc2ce078ca356f9f16f29be2c444,140335,22163d342eaf2722fec1d77279c13e7ec1c61b79e72471952cb9c4d4adf9ca8a,2,"[1, 3, 4]",877092300,400,9.930896796286106
3475e19b80b2b4b3faf75759b10c9b4c74c4777b8e9529bcce7307c692e78d45,8ff15c470f6e100ae057aabc3478e4604d4d0f57ba0b76f8c8759913b70b4ec6,138159,eb2c5789f31d8380ee35b9cde0405cfa982abe665bcc3e8a707cf14a3521c86f,3,[2],880140699,300,6.348061988130212
34d3e4c3fef44f531039eb3921c1b671b713011749d189dffea98a6c9c705c29,4b23e0e001790fa1282274e93cf5ff152ae54d355af7465d567f338ada0523c0,138159,5d3f79c3220acd8b4f94fb498d9b6b8897c008f3c35f5f91f22feae2d3b2a73d,1,[0],886301891,300,7.5406994335353374
3558afe95068044d8456e7f3fb7c12901dbaa88dce5cabecdf4fb5c56c31a602,e213e6ecac43ef0b8fef9a26136ee0ec506d1ee0727d9cf0ebd5219ed8758134,138159,829847acbad2fbe311a9193329b4cca2083257e1a08c3d842a1481d565a3fcd6,0,[2],895004649,300,7.202585585415363
358b2319d7a5bf9abae626cd57cb83506df91774fe83c365e791931c3a3886cd,e5fc5b0379ddad3990f86837c387487fe9446827e169961cbe452877e1edef78,139311,f50a67efe63137a8ef68858e2dceef1b7cdbf20eca805a4e1f814d1571d737ee,4,"[2, 3]",898310937,450,12.076871847733855
3598771c1274685e6ac52635350ee5f3be0d94ebd31ad128574cfd4f1836a3ad,3a34b956d2cbe406b33cca761a8c9effaffb8277b8feaf4112163cb86bd93f89,138287,fc725721fd66039f54fdd8f90e552f03aab157bb5989fcb4a18671f15ccdd144,2,[0],899184412,400,9.64959373138845
35e3b9a594bc0f6bf576f58d4a8d1208d0f88a58ce7ac88c7f9dc12c4f6ed80e,16e6d8073c597fd0d7f584235538360b9778c9f250dcbfe1b58526ece8e22f55,139375,57d208c8365a31c3468d9f27aeddfaa06cb95b919677996b5c8d7e2118c31021,4,"[0, 2]",904116645,500,12.841061621904373
35f9b081e6e7cf152cbed730e8ec7f9a44efe4e980db34d8634b1501e621b6b7,ceac820271445d2b5e08fbcfce9ef109d0daa37e84d4d9d94f7a54c33b6aa19f,138287,22163d342eaf2722fec1d77279c13e7ec1c61b79e72471952cb9c4d4adf9ca8a,1,[2],905556097,400,10.704254813492298
35fcc27d7625046a1693d982f22bb4e6bc3ff842dea9b8ec8a9b5c50d0f6dd82,d1539298c7a0c9229320b280a933e1a423a176abdf5dcc6cfe1929e4f745e024,140271,9fffba322c64f33d26f0f9ff052a96ea3250c36cd816823505104df980866d2d,3,"[0, 1, 4]",905757309,350,9.278470320627093
36521185ae1dc3247393ca53c0d010de7ab0061955dd9e09c0e2330a994ff93b,de1c3de94bffb7518d782479a54ef996007a9cd6a321510be8fcc0c6c1ea3fc3,139183,7bc80131605efe4e91e07681658c4a71d320633a5d39b2fdfa028e57b3072599,1,"[3, 4]",911348101,300,7.452599799260497
367bcd7bfc1349a5f294e3c85443723bb0f9920fa808d2cc42d133f63cfcd454,40224569b096ef3c072d3aabb2e54d0d69ed72a810b1b50775405c3464e0ef6b,138159,eb2c5789f31d8380ee35b9cde0405cfa982abe665bcc3e8a707cf14a3521c86f,4,[1],914083195,300,5.048735693097115
367f60bbcd46db0b3e7097ec75acb4683c9314514a9841f97e8ca32a22810301,5b69559669df6da4ae08945e7d656ea7a5de44f789e680949dcba54dd937f39f,139503,9c3f8cd9ed5a6d2bde47dcbd7aad7855fccc5f153e87a822baf6b424b11b3498,3,"[2, 4]",914317499,650,16.493419932201505
36b5b8056b1226bb5204df7ef7d34a3635e189233e8665b72cd65cebf676d1f4,c472ad2d69b31cd9cc9d786975eadcc845d99466ec4be93ab7b91403aa3eef83,138159,5d558a13b31059afb4770266a600615783ffb0f7fb75d92047d6fe579ac34109,4,[2],917878789,300,7.390405900776386
36c8bd2cb3eb181917c78260d37088469ad946f27e0f154c146a7e4638365738,b0a723a584d34cb2d17fbddf575cd44cdedddbc034fbb92aa9766b647ac83fa0,11691,7c56d4b1b341072b905581a5817abdb0d67f285582a9f4c6837599ae4d100115,4,[],919125292,300,6.857960665598512
36cb3295b019596b670ae2e8b9a49be34772ebf7ad1c7d53427c4986302a23b5,50f5980228f383bfbbb7d9177ea3bfc832bd9f7b7cf6786bfc417365314c4080,11691,c0237caf096c9efd2af515b279f81e542fc9a923e435a0db7a32b79ddccd0131,2,[],919286421,350,7.941889153793454
36d320d0072107ba234d396a3cbde7ac954124bc0b42bc8ff41b69566ad246cb,901ad070d2ea191b523e9d687ee8f55bf1a47d2bc26a2f9e09944ec8899e9ed6,138287,772d76457e131d5688a4d592c44e9721ebe25758d5988f5e3bda800d4d0e0dc0,3,[2],919806160,450,8.651092140004039
371b1243e656beaadb4f2f128ce37cf1eaf076e88200d0ec627c913a32c153d4,f66b7ee601bfbeb2dabe02a28213a02ceaa675523cac238dd0bd987eaa6cad4f,139183,9fffba322c64f33d26f0f9ff052a96ea3250c36cd816823505104df980866d2d,2,"[0, 3]",924521027,300,7.89067118242383
37345ec759842c2a09266fc3efe35886e554c80477f2817e96c494388382e2cd,56d310bf99b85bc7b6fb2ef8622411ea56c38b28d3d08d418db5fad0e5ea5a8d,139183,5d558a13b31059afb4770266a600615783ffb0f7fb75d92047d6fe579ac34109,1,"[0, 3]",926179015,300,7.772683372721076
373f783fcb74b0b212cfb29a93bf09cbd62ebbbf7c6b7a987b5dfbdcb8bea686,295939f5b4dd6d051b78a0a5c3d22af925596cf302977094360a66c9925e0699,138159,12c56c31bb01cb520e8a731750291b880923cd09bb364b2445fa5281392d505e,1,[4],926906431,300,7.596978696063161
3743dc9bf092ccaf016996d2c1af4ddca030d856b2ad34c61df0065c9f982e4a,ab399cc3df0b555177840dabd87ce42f7ee845e6ff052d07dd2152232d79feed,138287,d1c543f7af0aafe377dadd154c6e85a905e4e5bf3401d3ccb817b2a117a13e94,1,[4],927194267,400,7.828842248767614
37618661165ed54fe759ce9a6f762c875016e07095cddd86ff10c69fbcee42d0,2c4edcaa31f6d45f7673e1109cc8af57557ab7f91969bd33e5ee8a24cba338b4,138351,5c757fdead15c34851ce7623c30897869726b06083c8d44aab3bd436b27cc3d6,2,[4],929138273,500,11.977477584034204
382e8960bc18de0b63012a4b5c9860ccdebdf94d9e9590f603bb06d41bb69c1c,be15cfc3fe0d235b8fccde1af9bd211aafb95039c68b9965bb24863cab84e944,138159,ab3d98c08953d1fc40ba88aaada1f7878e1d21512bbcd10e4c2613220b8e0535,3,[4],942573920,300,7.06678163819015
38460c400712f6849db3b4d03a488f9fb7db605057edb7150e8fa249ae109603,5fa33a074deb435d36da6f1cca42a0a3d455d55bf2e963af2be4dc952f7b5b0c,11755,7bc80131605efe4e91e07681658c4a71d320633a5d39b2fdfa028e57b3072599,3,[],944114752,400,9.024402141571045
38901fe92631db1045d7272a2be11dc1ed2ac992203e3a70fcf042722039e837,87132bc2323824eab6a28ae0bb0d295e2dac9d7f31216821913c7775615545ca,140207,5c757fdead15c34851ce7623c30897869726b06083c8d44aab3bd436b27cc3d6,2,"[1, 3, 4]",948969449,300,7.886927377432585
395a2d53efef18f9f968a893c052d1071c6a2ff2a324707e3c4e53a462336719,925f2315c5c8c3d2bcf65f6f66f3451e918af9f9ae2f3acdbb6895b54a67565c,139311,22163d342eaf2722fec1d77279c13e7ec1c61b79e72471952cb9c4d4adf9ca8a,2,"[1, 3]",962211155,400,10.904129095375538
396584690107d173e604d957a89c7edfd0fe3c8771ed78f2531471d6b98ae70a,dea23bb62deefffb60c6664ce07b4c15afb77336b6061aece77547c55c26b305,139311,afc5a5efc8118ce29184d6deb917da4eb066645d33a633fda0dded2a6578d55a,4,"[2, 3]",962954345,450,11.423865299671888
3973345b4f6e7090807e7c662e28b095e9ee29b6427454254a1e3ccacff35a97,d567e94bed0465e1f85a0fadf4e5e0facfde6568452b67192e138f6f0041bb25,139695,772d76457e131d5688a4d592c44e9721ebe25758d5988f5e3bda800d4d0e0dc0,3,"[1, 2]",963851355,900,16.311653941869736
39a988136f632b952a196158b426e30641c10cbe7af64a7df7cb49e0a4f096b4,561f3183e3e5e772dd207fe3c6fd2322c79f6d359d341c3dacfd400e3c521e6a,139183,f50a67efe63137a8ef68858e2dceef1b7cdbf20eca805a4e1f814d1571d737ee,3,"[1, 2]",967411731,300,7.503117237240076
39aeb29114b518678f8dced8f3ce8e0833499bd209c3aaf963727eea562dcc54,3029d74e8d95fe54d5e11dc056b96908fb4a2cb4fb58dc8fc7048b47a69547da,139183,092b53d8498e2e35e05fc9af973ca851144e8b0dcfbd550fd14a77015f162834,3,"[1, 2]",967750289,300,7.24985396489501
39e7bb9f7fcb1ae81f58ba5e8c183462f34113c19a2aab4297a85f2cac07a0f8,16cc4f6501e89eec523914f3f860f9a54507bfb605de0db080ec95e5b9a69b5b,139183,02eab91b075413e6e8a84cb24ce6671e1343da9c576880eebdfe3e168b12189d,2,"[0, 1]",971488159,300,7.329232901334763
39ec98a6615960365c7a6067dff5b78cdcf47c10b4fd6501547f41363acc95aa,5c7db3aaaf3d5120aba5b916b2a9c8f161493d6fbefab5307437fb058273f836,11819,4b3ddcba7c116761ea0af39e2f81df1a34f414126707b91e3b352694978a3386,0,[],971806886,550,10.486848086118698
3ae6dd1154e04ef8c8ed50498da70f692d6d95618b9b987def5e7f6fe44f5a1b,914d810fe60c0423c49ce9062cebff3e1186757789792ad7ae1eef86a2e2dd33,140207,efff204740b93bf0466ee2b3e392663d68b4714aa520775e00267540b847f92b,3,"[1, 2, 4]",988208401,300,7.352727057412267
3aff0511c3263b9070901ebb29808b2910aa94011a4c547a9be9c72fedd50341,88e5fcf7492d7b02ad048e9067a78535d648d0685ffb8c1e116a4fc5a5287236,140335,772d76457e131d5688a4d592c44e9721ebe25758d5988f5e3bda800d4d0e0dc0,3,"[0, 1, 2]",989791505,400,7.322485622018576
3b04d6c061e948e57c82ef350b809ced85ee8cbb401a966cd85d62b7b3d4f0a8,dd3251b4a0d82444c73ab36499506d504eea2d3c9ead532e2ba7d8573441d997,139247,c0237caf096c9efd2af515b279f81e542fc9a923e435a0db7a32b79ddccd0131,3,"[0, 1]",990172864,350,8.875710627064109
3b344b7c697cbc5daf8ae4899a3a5586e5136d1c600c73e6037335af58ebc200,23146488d7e0c004e022bc41af39c025fa9a4243fba63dc0a6dbcf180ad11292,139247,9fffba322c64f33d26f0f9ff052a96ea3250c36cd816823505104df980866d2d,2,"[3, 4]",993282940,350,8.710059622302651
3b61efb5ecc603882b1592ca44c39f23a4727c0e822ed2dea2c70ba4142c79e3,132b59d7638e26a32f749c11e031c4742e2404500c20fd37e0d62dba08d85b09,139183,22a44ba55f7755249900a35d1ad3ef5f17529c4abfa0a0934964028da7034ce6,3,"[0, 4]",996274101,300,6.3118273708969355
3bae32ed648be177024ca88baafedfd6f3761dec0b0624d6d4bdc31841e63104,f20809276059319c5e63822669afd5cf9501327b5261adf6dc56fe896965c9a0,139183,683a5ff373a826aaa963d3c19ef34fd145b7eacdb00cd2158a7fcc88bab93201,3,"[0, 4]",1001272045,300,5.373915512114763
3bbd148c11b11276e368f0f87e53e61b18791ad095dce0546a3dfe951b3c5f2d,1b58c495028ce46184b6718cf3656a20e0939f66571990b47c75250f87aeed6b,139439,7c56d4b1b341072b905581a5817abdb0d67f285582a9f4c6837599ae4d100115,4,"[1, 3]",1002247308,600,14.969794208183885
3bde4ac457c9615993fdddcdcc736560e4ab3cc3fe5298cf99b54ae063df063f,ea1c893518f2ede574e951d2c359fd4808d24a52500ba3fe9362015d6de93575,139183,c0237caf096c9efd2af515b279f81e542fc9a923e435a0db7a32b79ddccd0131,4,"[0, 2]",1004423876,300,7.182406231760979
3bed56633fecbc1016954c177cf3765803c9391cc591cdf2d4f002d580fe9bef,50fe1e0c11e510a39154492750dc683e94e349038a9cea8f723de7f8f922e9b9,139311,afc5a5efc8118ce29184d6deb917da4eb066645d33a633fda0dded2a6578d55a,1,"[2, 4]",1005409891,450,11.904896108433604
3bf8beb31df16e9cca9416d1f1dfa091678bee04aa01f9c6ac0825afc5d74822,0e025d02f3adef46c70698c961ae6ec7c526d9c318c6cf193c9245d0fdee445e,140207,12c56c31bb01cb520e8a731750291b880923cd09bb364b2445fa5281392d505e,2,"[0, 3, 4]",1006157491,300,6.615984536707401
3c13f966c98596622f1981382ec69da23232cbe96290ebc79236bb98f7488e53,4c7affa079543a6678a563454d6f7df92f52a519d83526fd1ed4c552a99bc742,11947,fb79a0e49312dfbecd543bc6c8ed2a72b2c1e3be0a6a2650c2486a31fcbd3bf7,3,[],1007941990,700,11.799747057259083
3cb85eaae5d8f32879001d4f2b14e8bee913b68732ac9884bb13626e932cb9d8,fbd4afc68cd0bd0c19ceeb617a31e40c5adfb8fbcccb2d7636e90fbdfd3f9221,138351,f50a67efe63137a8ef68858e2dceef1b7cdbf20eca805a4e1f814d1571d737ee,4,[2],1018715818,500,13.116378640756011
3cca1a3c9dd3db6dca27bc6ccce247530e498370fee8ea7eac2b148eee1ed8c3,79486784c47a07029d6864b659b959b14ec0245e25527c6d4e2ccf8b095a9058,139311,efff204740b93bf0466ee2b3e392663d68b4714aa520775e00267540b847f92b,4,"[0, 1]",1019877948,450,11.112137636169791
3d0d21170fb1a5af34073b772b922d1f0e69d78b11c02d24529946e1e7ac5c37,2fe78adde5bd1790e308980eb8c6a0b6263017e40ae8cf51a61e7da3c8fe0cc5,139247,86305a2a20e4a16650c3ad53714acef1e882b25c26830d80394db57b55fb14c0,4,"[1, 2]",1024270615,350,6.546058407053351
3e08163a8d316b47b11bac2326f9bf3083d9cb3921721e7c10ffbdac0170dbad,0c72f5bef34cc209947efb6b1554b81cd74910777f48b4d9567b1e9dd342497e,139183,ea53c921444cebdfa917bb6a32e3a1ac99a5e95e395eb8f54ca5fc4230adbf2e,4,"[1, 3]",1040717370,300,8.41434971243143
3e78bf2ea7cef46077bf12b2dfde6bc4744b25bc07dd021aae441267dabf7e41,f096a991d845d411ec31b38a2d80e03f86c1966e11c998510c1d9aa6083fee6e,140271,8c110d60f77bf466fc881480ad0699385c52ed2fb9d9883d40a8fc17e38f940b,4,"[0, 1, 2]",1048100654,350,8.647305699065328
3ee792c027e75ff051ef8a2c9c532e9936f07a2005c9a4a2cb7daaa877981cd1,ee72eaac49ef5904492277386f2c3241b6b978e2377a4acbac1ecc5c5f546584,138159,d080ca249b712fd36e131cec67180f8effe22118a90afec65706b2cac240832d,3,[1],1055363776,300,8.122082982212305
3eee9e4f3f27530d48ed63f48bac0e859a18898ca2f928f416e78d1c9c77132e,3ca42cecbe81701eedec6e40d2dd94d30db2c6b3ee2cc3a6fefa1c518916fc45,140399,772d76457e131d5688a4d592c44e9721ebe25758d5988f5e3bda800d4d0e0dc0,4,"[1, 2, 3]",1055825487,500,8.934607153758407
3f146b9ba1f4a8086344b1f4770a313e04455c572666ab760a3ee654e3c7d1c1,d143fb9bea88b148c1bb874b93226803f3c910bfd5740eef848e6b80ddd9b6d7,138159,86305a2a20e4a16650c3ad53714acef1e882b25c26830d80394db57b55fb14c0,3,[1],1058302875,300,5.527611747384071
3f2a61a517dd1e8eb3a4a90e8e894f8685b7796a9372402c34b2cd8aa12c7c33,40bf23769d77c1f30507eec543c6d205d9e4ce4b86fcfed332c04594bdfbedd9,138479,bd20cbc07471d94b9635f63350465280f4200fdfbe9db0d5033e3e5609704896,2,[1],1059742117,700,18.336683969944715
3f2b11c7ae204e2c81cd3072cdd62b1fa076ad7bd700b8de498baeef0e638cca,146c1fe0486f00afdd52be21589cea2b38fac11996707402862d2a4697d0c487,138159,092b53d8498e2e35e05fc9af973ca851144e8b0dcfbd550fd14a77015f162834,3,[4],1059787207,300,7.975133620202541
3f4a22f72ab271f467a75c5fe070a3a63e80c484dfa6901c6d0b90a7ff4d94ce,4ec385fa7d9c41eb25a7f04df9b270ac9e2fa8720ecd795656a938ee833ed6fd,140207,d080ca249b712fd36e131cec67180f8effe22118a90afec65706b2cac240832d,4,"[0, 1, 3]",1061823223,300,7.51766075193882
3f8855182378a1e4bc7880fd7349b18ff92d242588a6abd43587b53b8b39dd41,ee120d824e8ee663d942b2a80f32b6b931a658bcfbd7d3a1c531aa7e030944a7,140271,7c56d4b1b341072b905581a5817abdb0d67f285582a9f4c6837599ae4d100115,1,"[2, 3, 4]",1065899288,350,8.821183867752552
3fdcd61b7ebc5255e3952cc9249095348a17d8f9faed4eca827ec51449080863,b7083577198a54af4ee827f069aac81bb58bfcb2f1cc77385bb8aaf401bb39d4,139311,9c3f8cd9ed5a6d2bde47dcbd7aad7855fccc5f153e87a822baf6b424b11b3498,4,"[1, 2]",1071437339,400,9.683079505339265
400b74d458d430139c04a219e4f343e1998cfcb6f1bd34fc44e6b9534a3face7,4b7b408381b8ee6d67d8673d6b5ea8399705f5aa261b33fd543ab138b36765e3,139183,efff204740b93bf0466ee2b3e392663d68b4714aa520775e00267540b847f92b,3,"[2, 4]",1074492628,300,8.750698493793607
4025511b7e38de65a407c3336b4590a864f99db2b7e8363219883747e22aa609,6187b5510bcd9f1719f96940acdad3d0151ca03076c2e1ac31a332e253f175e2,139247,772d76457e131d5688a4d592c44e9721ebe25758d5988f5e3bda800d4d0e0dc0,3,"[0, 1]",1076187419,350,7.097319111227989
40585d817ef538d47f92d2ef20371d792940dc94b5a6bb941498fa27d92e6efb,d2d500b9dbd583eb97ed57d876886a268d8ec453facde4fa06b119fea6004fa1,140207,7bc80131605efe4e91e07681658c4a71d320633a5d39b2fdfa028e57b3072599,0,"[1, 2, 4]",1079532929,300,7.292479256168008
405f11ae493fe530ae9524ee90ae4eb198f2e1c42effd34e17728d2f8efabc3c,d43596c56881c06594413a4f5dd5df95c1296256818db20d56ffb23c5873eaa2,138351,efff204740b93bf0466ee2b3e392663d68b4714aa520775e00267540b847f92b,4,[2],1079972270,550,15.553970322012901
40c741d39c20266caf415970de3f036e53973dc3c256681e0f08bbed4c368d33,a563e950a0a639efab5d2f38d5422788d91a7eef55a6014b0d7568528e16ceed,138415,8c110d60f77bf466fc881480ad0699385c52ed2fb9d9883d40a8fc17e38f940b,0,[1],1086800339,600,15.05065412260592
40e87e06fc599479f01e749b52059acceac906b13a648f71c2c2b3b391d52295,8c193abc2ae523e0181bbea06ef999a8ae06e1f49f6fecda13e5d2fcfe76f42f,138159,86305a2a20e4a16650c3ad53714acef1e882b25c26830d80394db57b55fb14c0,4,[2],1088978438,300,5.502706443890929
40ff8ccbe248e6050370e52b51ce3f605bc9b17835e219bff90717a400f09dde,066b5617554704fa791211c3656180385ed5d031d585559d29c39141e4557f66,138159,bd20cbc07471d94b9635f63350465280f4200fdfbe9db0d5033e3e5609704896,3,[0],1090489547,300,7.7519658878445625
4191477863cabe3a23b4b9743cfa7bed3829dcc4a5357e001e596bf6ec33f4b7,91d5aed0b7e8dbcd8cc016d7bdddf71646419a7c84da75cfa3302ce35ea9c2f7,138159,7bc80131605efe4e91e07681658c4a71d320633a5d39b2fdfa028e57b3072599,4,[0],1100040056,300,7.593412354588509
41987dd0bdcc66ec48369fa118a4391e64e4283744f380124561d6110cec6985,3cbc1bd7a9c6a07bad692ebe01d5457de955c77455edeb21f3193d3c17f33379,140271,afc5a5efc8118ce29184d6deb917da4eb066645d33a633fda0dded2a6578d55a,1,"[0, 3, 4]",1100512720,350,9.346274722367525
42294c515eff009627f77dc2bd24f0bc64d38ec17fb3f2f1acd802b803cac161,0a35c2a0b619a4b7698d87bfcc12ec18097cdbef0017a5c3fe3af83b527427a8,11819,732193d6e75393da040e8142ee46459ecc1afbab9c9965b48c5621d1c6018390,4,[],1110002769,550,12.148451514542103
424ea85d072b451dbaa5fd887a791bd54b7f4e8258af9df0a6df04272b6dea89,ad801f9ef81fb4919f715f8a8ecc492afe2edf903b9e47e6eaa1948556db01c9,138159,9c3f8cd9ed5a6d2bde47dcbd7aad7855fccc5f153e87a822baf6b424b11b3498,2,[4],1112451165,300,7.751058084890246
43c393dff83ef31ed697e6d66a152aef799984331a16f53ebebb5de2e7008cfb,dbdc87fe7daf443284653288474f2f7803d3da488a72ae09850c21684f4fb184,138671,22a44ba55f7755249900a35d1ad3ef5f17529c4abfa0a0934964028da7034ce6,0,[1],1136890847,900,18.42352945357561
43e87b4aeb44b40bae3aeed907c0f2198cf210cc31d3ab7570b8568c04c57100,45393ac0a1a70849bc24816ca488073030dd52e40160d535b2a9ef8b99e3ab42,139183,6eeba99071577eebe266ac70cc9fd1b6a90b95f33cff5064f376793c3346fd16,2,"[0, 4]",1139309386,300,7.630674844607711
441ab35782a9d169279c977dc78990886a48eefd874d56e7af6512344778433e,1d75fe340e7309320f0504e7e62fc7391e8380193500670c8c0a189dbdc37209,139183,eb2c5789f31d8380ee35b9cde0405cfa982abe665bcc3e8a707cf14a3521c86f,3,"[1, 2]",1142600535,300,5.323037521913648
4434d90b4be1fe4e6b9a15690d577d9ea3c09f4e8d78b82d4df916cb976f0b63,055972a82fff8c1fa0672ebebddbb64548775d1568a5176f4a0e3e735b2782fc,140207,9fffba322c64f33d26f0f9ff052a96ea3250c36cd816823505104df980866d2d,2,"[1, 3, 4]",1144314123,300,7.350980583578348
44399b4a07a67a76c4bb38d4f8fc1a811627f6873f18a3f0b5ee66ff8b1e8810,c65d138dca8f37a9a5e1047f6f72a2594a5ecf9b374ecd42b25c2681bdb50ddb,139631,fc725721fd66039f54fdd8f90e552f03aab157bb5989fcb4a18671f15ccdd144,0,"[1, 3]",1144625994,800,19.47977172024548
449de3950f270b20e5eda84c8e3a7bfd30779f16a579bec72f6ad44261c7b61a,2f4ea806f6cc3de2c3853c13b704426d862780809e998174d28b670cf5fdae76,138351,49831b890e8dd2a1df2aa7ae6da89eb7247b291df7e8ba259c80eaba3baf421f,4,[3],1151198101,500,10.264186216518283
44bad782637f8c7ebfde92a1a6144fd72fdce23c420b5c23239512f3a6712640,e5474b38142128f3968b38d5b234173aeec2ad95492fb119932b353b71c7c2b9,138223,5d558a13b31059afb4770266a600615783ffb0f7fb75d92047d6fe579ac34109,0,[3],1153095554,350,8.284158116206527
44f347d97358509f89f03795e4562393834a24fb92c16aa290f2967b7d0a400e,7148783f9ff888d7e14bd5380a7d380ccfca956da6a07bfb84868e0d7c45fd4c,140655,fc725721fd66039f54fdd8f90e552f03aab157bb5989fcb4a18671f15ccdd144,0,"[1, 2, 3]",1156794329,800,21.34728817269206
452bb1280d1353ebec71f450d2e29bb46b6dad6a13952da9e8f0f257924279e1,5ad60d3c1fdc60e59e95501c19eb51c6b563e136b9f49ca62ac9179af2c0cfda,11691,092b53d8498e2e35e05fc9af973ca851144e8b0dcfbd550fd14a77015f162834,3,[],1160491304,350,7.445019809529185
457db21877ddf047499bd3e180084ea3ee02e2ad9039722c39c4471945d487fd,4d4f3158db8a299ddc7d8b1e244e4d7d8d18327da33f7ebabd2dac34dbe2018d,138159,d080ca249b712fd36e131cec67180f8effe22118a90afec65706b2cac240832d,1,[4],1165865496,300,8.136140013113618
45ee669438b2d4f1cbf5004de00cb507ee8798590130d83b8b7d477feb3a40ea,1b0994db3682f24afcf5ebe99ecf473d5e28668a99073e442f891e6175c02d98,138159,efff204740b93bf0466ee2b3e392663d68b4714aa520775e00267540b847f92b,1,[2],1173251732,300,8.819532683119178
4602ea3be184a9d0d9d92604d54a65b54d68cab5b5412b23a7f904d50d2ade3d,f6863a4e9c22e753227d2d4f9f99f531230adad67df405009438dfd7e5c3398a,138351,6eeba99071577eebe266ac70cc9fd1b6a90b95f33cff5064f376793c3346fd16,2,[1],1174596155,500,12.365596177056432
461718bf44f1d97c347699826b48127d075e3d9a5e2cfb11268484dd8d2afed2,36f963ea14a0b100fe72db75bd0f51c0297c3fb03cba8897ae8edd7291b3ba1e,138159,fb79a0e49312dfbecd543bc6c8ed2a72b2c1e3be0a6a2650c2486a31fcbd3bf7,3,[2],1175918783,300,5.161368733271956
46a6f9aa5e03801f46a5e9dfaff7df05811545ed5d01676d3c24af83aa6230af,8cebe861c28c00674d115881b844010d89b83a1f913c8b91bc5e10009da529ae,139247,9c3f8cd9ed5a6d2bde47dcbd7aad7855fccc5f153e87a822baf6b424b11b3498,3,"[1, 2]",1185348010,350,8.951287843286991
474dab96cb70db0c850a788d72ab54e058a28904086fc6e15afe6b0774ef6516,ff1f7668947eb342b3a6afdfa12107bc17ef50eddbe267f1e56f5f9d0178b25a,138159,22163d342eaf2722fec1d77279c13e7ec1c61b79e72471952cb9c4d4adf9ca8a,0,[2],1196272534,300,7.095466421917081
478f7213240f4a459a4cc00054ef0890480d614e1fc74cd02deb191bc8210a7c,c1d10db017d18c70496e7732723fed15e6018bbe0ab9ed89d6353c43bef3fe0e,11947,60a9f8c14a63826644fa331b2b2b4f72318a8599aab317ba7e975f0e1f44a221,1,[],1200583187,750,16.916118025779724
47abf8e72d18d501df42489e8ddb3a75bfd96d4d0f53c131113e957c53c6465d,a24dac0dfc0408c71467730d06cf44aabc9ee567cf5aba32d722fe3b54ab23f8,11691,5d3f79c3220acd8b4f94fb498d9b6b8897c008f3c35f5f91f22feae2d3b2a73d,1,[],1202452711,300,6.502389259636402
48a2ccd2295eaa47db52c1bf29b89531037661fdcd6105dd9b3a27095f9beb2b,51b6b42c4d67e2ecef7256d37938112c4e5a98349acef1ddf38bddaa6acc81a2,138159,464464c8ef7bd4eff076591a3186aad12ef0163e0cd8d5d49d482e4d24f86eaa,3,[2],1218628818,300,5.840243173763156
48a4408d3c7b6a7acc664be322de8521a0e7c5693ce365ef740b12d35de912f8,269f2094f5e6dbf6ae975a3958b8bdc95a443887e43e562bfed3106c07e50128,139311,ab3d98c08953d1fc40ba88aaada1f7878e1d21512bbcd10e4c2613220b8e0535,4,"[0, 3]",1218723981,400,9.97779980674386
493e7a3cad0c7c4bf3ff798d0cd33d5068890790baebe5b5827bfa299e25f5d7,b6e9bf80580fcd9f45f4a7994e1ffa9d6c71ad4bc59154857ffbad636e9cc77b,11883,7c56d4b1b341072b905581a5817abdb0d67f285582a9f4c6837599ae4d100115,2,[],1228831292,650,15.101298917084932
495567c0de9c851b07ed3a7ffd0bdf3737cfb6c1995c0886c77a175ac5ec2bfa,1df9bff1afbaff2f85ff16006c9808fd2c32dd41bb6cd29b96cd7b027c87f930,139311,fb79a0e49312dfbecd543bc6c8ed2a72b2c1e3be0a6a2650c2486a31fcbd3bf7,3,"[0, 2]",1230333888,450,8.291396707296371
49c27dca169dc6d1278af8bb9a726ac8e8ebddee1db5c4279beff49c00baabba,c92b2f176f9864c270cc18a3e7bb30d69ce29bd88c60a92dfb22e844f7fc2d6a,138351,57d208c8365a31c3468d9f27aeddfaa06cb95b919677996b5c8d7e2118c31021,1,[0],1237482954,550,13.679210282862186
49da8394c262f15e5cadf1df12f54a5fab3df4ecc27a53123dd18febda88623e,bb0065af776e4846ee11b65ba26cbd854873622cacbb73073897ce1674509359,139247,5d558a13b31059afb4770266a600615783ffb0f7fb75d92047d6fe579ac34109,0,"[1, 2]",1239057300,350,9.28653559088707
4a0e05f9a8f059a069a4a4e4521d18ab7d841828ad9348df72911f3d8043f5ca,51fa81b06c3f58e32eef92bf469e02ebe4dfa233d509503a445d4798b3d92e08,138159,bd20cbc07471d94b9635f63350465280f4200fdfbe9db0d5033e3e5609704896,1,[2],1242433017,300,7.659778973087668
4a6b80f346912af06d1967c687d4ff56b2996372c8bf45e9e031392811152e4f,2639d30566eae9b57e15b5ee184e727bf294d9d90efe733fee6211d600747e9a,139183,732193d6e75393da040e8142ee46459ecc1afbab9c9965b48c5621d1c6018390,2,"[3, 4]",1248559347,300,7.245922710746527
4abad52d94a3cf18bd239b8681b856ea928df84c22c7a5b24404469186ac5047,66cd206e8b688224585af2735fcf09b6176e259c7e4f6d75b7bcd12035a33a08,140207,732193d6e75393da040e8142ee46459ecc1afbab9c9965b48c5621d1c6018390,1,"[2, 3, 4]",1253758253,300,7.054711006581783
4b034fca236fe8e31c4d91e6f7fef4cadc781057a265609b4f1f373188cdbcdc,9fc6045e521cc20fa29c743a9029abe979ff7e817aa15759ba41de1e928e8b51,139183,7c56d4b1b341072b905581a5817abdb0d67f285582a9f4c6837599ae4d100115,0,"[1, 2]",1258508234,300,6.716450417414308
4b06fc128486c0abbe3ead01bb03073040c0cec0c71202c00485ad36123d5e87,8bb7238c066748d2e288ada0dd8165e18aee5a965cdc3e91bc486e8e9db0fbf5,139311,8c110d60f77bf466fc881480ad0699385c52ed2fb9d9883d40a8fc17e38f940b,4,"[0, 3]",1258748946,400,10.810076022520661
4b2e9611912a6d9847db0bfd5f61ff17df9258c9abeb5db65fc56ebf55f35f6a,9bb5378edbbd583b0f3bc289e20173122026ca2feadef077d4f4b872fe95bc3b,139247,437b3abaebbc57203ad30983ff145aecb9c85c2b9c67e468fa9e73e2ae1767bb,3,"[0, 1]",1261344273,350,8.640532018616796
4c184ad362e30c12ebd0f11b4c07b2c108518536f0f91c60573b20ca18296da8,f7ad18655e838f35cd5b9ba9ca5b123eac8bce1841a89bc3c62bd76405cd9321,138159,7c56d4b1b341072b905581a5817abdb0d67f285582a9f4c6837599ae4d100115,3,[0],1276660435,300,7.58658392727375
4c1ebb3227f157030a29207a4ce46a4b6883baec97896dd53ee7d8a398d169fe,be57ef8cfbd3f01fa9a0266cb55862295ecf5478290eea1846a467bbbde11390,139311,092b53d8498e2e35e05fc9af973ca851144e8b0dcfbd550fd14a77015f162834,1,"[3, 4]",1277082418,400,9.511295951902866
4c2555454cb34a1be2ce261a35282745fed32d5e7d05905225b89aad8492f475,b50b210fe8299085f3968198ad9f801b1bd9b11bb246f01b2acd30bddf6744a7,139311,22a44ba55f7755249900a35d1ad3ef5f17529c4abfa0a0934964028da7034ce6,4,"[1, 2]",1277515077,400,8.920480940490961
4c5e345bb76eb0b7920fa015ef3b5dc27d3a32e76c34db973cfd65fdb3a1ae62,a2d7a7e0373732b69353985c125a178db44c7b6bc6ce86146098b4693387b6c0,138159,092b53d8498e2e35e05fc9af973ca851144e8b0dcfbd550fd14a77015f162834,2,[3],1281242203,300,6.717295981943607
4c6cecd15190a356243c431858ead08e25631127e428b87b4a8091f99644860f,b33428fd0b8a63020f22a18331541f6418a5a055b47e1571e469821b856192ed,139247,772d76457e131d5688a4d592c44e9721ebe25758d5988f5e3bda800d4d0e0dc0,4,"[0, 2]",1282206929,350,6.3723017033189535
4cbd3c1f62c80472c55a11f55160caecf12921de881047295db9ef4f32fd8779,0fe9ce45b811a3681064c3fe4315a42bb34670b3041fa497d720abc3cbb29bd2,138159,4b3ddcba7c116761ea0af39e2f81df1a34f414126707b91e3b352694978a3386,2,[0],1287470111,300,5.445402204990387
4d268106d38acb7e3cc80aba223fbb3ec948a6527df7b498b4f54b45d062df2a,f81165e9f99cd9bb8df72700c13d205769737050e7eb1645c6b85717fcec6edb,138223,12c56c31bb01cb520e8a731750291b880923cd09bb364b2445fa5281392d505e,2,[3],1294369030,350,8.757304966449738
4de158bcbea91f2488e820da0744329b9f6f40f59556a94c4c7915a8e8ad5b2b,a12de0f3f2804f01b191d83a1ac2dc869cd864fffe3f4c6b23ad45861e29dcb9,140207,22a44ba55f7755249900a35d1ad3ef5f17529c4abfa0a0934964028da7034ce6,3,"[0, 2, 4]",1306613948,300,6.072217999026179
4e2313d4f19e2a8dec766e6002b2df29955e564d55eedcbf53eabe1b9d20e163,cf9bbb6c7ed7d2a5a584f060f46189f933702d478e2d3f1b6453841f468d751d,139247,c0237caf096c9efd2af515b279f81e542fc9a923e435a0db7a32b79ddccd0131,2,"[1, 4]",1310921684,350,8.813053732737899
4e3950821083e36ec6e158bf1aa66401fbf6791c10c418f3c831bb202ec768f5,b5960ac07b019bd11329d29f7608d50d2ff59ad06308dcf6fd7e893141da86a9,138223,829847acbad2fbe311a9193329b4cca2083257e1a08c3d842a1481d565a3fcd6,1,[4],1312379010,350,8.382516896352172
4e5c0208f2080f8cde472b524945babb82b60f0b517617d898eb2e077e89993d,68543a4b8863eb3bb8316fe5f7c341b368ac671c0996471d5917aa9e401d69dd,139311,d1c543f7af0aafe377dadd154c6e85a905e4e5bf3401d3ccb817b2a117a13e94,2,"[0, 1]",1314652680,400,8.543621012941003
4eb4b6dc2ad53d60dda4c5566dc0234c306a63769513d5a7689347216272880b,ef57cbb2d60fc3b2c7dcd5c539bbadd35cdcc3b6d95732c6e90e2d166469bdee,138607,ab3d98c08953d1fc40ba88aaada1f7878e1d21512bbcd10e4c2613220b8e0535,1,[3],1320466140,800,20.42292831465602
4f249638f01ff38d7862913c59ada9e8356d930e8d8c63a86d1a03c0514b5754,650b7092cd85812597bad779e8cc84e1e26ac2022481c72fffd303eed45b6b6e,140207,afc5a5efc8118ce29184d6deb917da4eb066645d33a633fda0dded2a6578d55a,3,"[0, 2, 4]",1327797816,300,7.610989645123482
4fd22672e77ddd56e8388b8abbd2db2e69186146d728044a1491c4787342cdaf,3e9b145a5df585d9d45c9a9a94b895624cf45e0fd0d31c572d6d441d1e22b229,11755,683a5ff373a826aaa963d3c19ef34fd145b7eacdb00cd2158a7fcc88bab93201,1,[],1339172466,450,6.323999019339681
4fd4aed5b81f2724196b5c4a83e8c06c92b91ae3d04e5b7ba2f6113ba6c3dc9c,ee0440fae3924a3bc8e12f01d90a9c1c652cba23a03f02c5538ae124e4e22aac,139375,60a9f8c14a63826644fa331b2b2b4f72318a8599aab317ba7e975f0e1f44a221,1,"[2, 4]",1339338453,500,14.3682930637151
4fd9bbb22ce6ca6c49d397f8ae567dd7022b06951397a8cd74d5db8fe6caae3a,44f94939246dd3f79691104ae106715beee018ace1c64987d6afed14aa7c6891,139247,fb79a0e49312dfbecd543bc6c8ed2a72b2c1e3be0a6a2650c2486a31fcbd3bf7,3,"[2, 4]",1339669426,350,6.852418128401041
4fdd4908f7213eaa415e82173cbb853cd0cf51e3d45e14c01767b829e4dfa62a,d864cefd5ed2df1bd163babce1d7ef623f355779e6d91bdd4a6b21ef14e506a2,11691,bd20cbc07471d94b9635f63350465280f4200fdfbe9db0d5033e3e5609704896,0,[],1339902216,350,8.402677483856678
5015bb28165ff28451caba9b9a15a55eab9a42919a87b70e86c82cb89e316821,9f89936d0df52452ca87f762040e0add3fb2f65716c54f5d57843c00139061f2,138223,8c110d60f77bf466fc881480ad0699385c52ed2fb9d9883d40a8fc17e38f940b,1,[2],1343601448,350,8.962269404903054
502e871a1e45947a6cfff35790983aeded85a3b3908b844bd465d9c0441ab5ad,1ab79a17236f3a4e9b9bea91b43561a68098dbc1c376e1102ab91497b220a2fd,139247,732193d6e75393da040e8142ee46459ecc1afbab9c9965b48c5621d1c6018390,1,"[2, 4]",1345226522,350,8.093046920374036
504c4eb42f09d42fd61b7c66f08a6b5e8f96351b284caa7e37b0b6d538433819,fb80a411e53f3e61823fb456961b0d9fe522b3441098b9e289d6cb0d391e1b75,140207,c0237caf096c9efd2af515b279f81e542fc9a923e435a0db7a32b79ddccd0131,3,"[1, 2, 4]",1347178164,300,7.425337638705969
504d5d215040b12622cc56dded9099dcc5ae1c782c7c6409355804c1334ed30f,7c51b454396efb43273de2385dd3fc6f429fe0b6a089394bc329a86a15ed1c41,138159,829847acbad2fbe311a9193329b4cca2083257e1a08c3d842a1481d565a3fcd6,0,[1],1347247393,300,7.70711706392467
50840961cece26b0be30499ba7688623d57c3524c7d2090ef8bfdd9dff2ba6f3,592c095ecfadef6fd2f4826bfd1fb95d0afc5abd86717714c00fb58c5e5e440d,138159,5d3f79c3220acd8b4f94fb498d9b6b8897c008f3c35f5f91f22feae2d3b2a73d,1,[2],1350830433,300,7.474134903401136
50d6caf27e5411151cf695876a814508b782535458c775f1c9b7224c2d3b2312,6e312799736f8fce4320a58912b2760382f49e97c28cc94ecc2bb92a15b0143a,138223,afc5a5efc8118ce29184d6deb917da4eb066645d33a633fda0dded2a6578d55a,3,[4],1356253938,350,8.617108615115285
50fc6decb9e726b27298b6f40f719ee839e1c5f49cd35f2afb541eba3b7f29d6,32fd46f8c126f36ce583c82622f677920a707bbfafc472bb1f72770e5e161b63,139183,d080ca249b712fd36e131cec67180f8effe22118a90afec65706b2cac240832d,2,"[1, 4]",1358720492,300,7.259512661024928
5126407dafad221456440553c55c5de85c21087e5cdc8a15ebd0d7502c506e52,b81cc9f1cfd62422e3e31be24083a50da509b01577125ec009aeafbf47b77641,138287,57d208c8365a31c3468d9f27aeddfaa06cb95b919677996b5c8d7e2118c31021,3,[2],1361461373,450,11.100285166874528
513ed774874634ef56d723f8a2d07d7931f204655a1ed4a6544a24a35f2ba276,2f05642a0b120439acdee186ab809e70c26c9d29ceba5343a34bee4ead1801aa,138159,9c3f8cd9ed5a6d2bde47dcbd7aad7855fccc5f153e87a822baf6b424b11b3498,3,[0],1363072884,300,7.971597449854016
516808159ebf754fdbc14db7d727db92091df4bbbac600db47c988da9d7d8937,5f2774c160d67c67a04e283c381b16668f57732d1d3b9f0888cf3f81c5391054,140463,57d208c8365a31c3468d9f27aeddfaa06cb95b919677996b5c8d7e2118c31021,4,"[0, 1, 2]",1365772309,600,15.038352862000465
51d99b506c17d783012e52f551c731f7bd618214d7b376610cc28237ffaa5a6e,3079c8bfdf1b7d38def46d5769c7056840bf93855e2fdb1e0e5b49036c877c21,11819,afc5a5efc8118ce29184d6deb917da4eb066645d33a633fda0dded2a6578d55a,2,[],1373215568,500,12.679423755034804
5272a1f3474c346cc4cfd794df68f221fb2e13ef93d6418aeb8454ed94870936,40e3e223dc00d54bc346bf7ff8cefa86ba82a29e50ca655215562aa6444513ba,140207,9c3f8cd9ed5a6d2bde47dcbd7aad7855fccc5f153e87a822baf6b424b11b3498,0,"[1, 3, 4]",1383244275,300,7.87865723669529
527d653dc72251c73c79146276ce6f7b69caaf75e9f62af941cf86406c95bb59,42ba08521dc2e3353da69ed3322838935437fe14e5b85737f2c0bcfe2b0ea857,138223,9c3f8cd9ed5a6d2bde47dcbd7aad7855fccc5f153e87a822baf6b424b11b3498,0,[4],1383949629,350,9.130937086418271
52b5d514d7a0d43b760bbfbcfca925de07756eb63b39d7b30a9da5f9736992fd,c88ed7885bdb826a4cdf77a5c53b6058d1418d886eb798167fb8ad0d5055df66,11755,49831b890e8dd2a1df2aa7ae6da89eb7247b291df7e8ba259c80eaba3baf421f,4,[],1387648276,400,7.230740536004305
5323cbe1f1004c9ac6b9398d9d8a58fa0a7f37d57782090531f450e645667292,6bb00f74dbc58e8e267183c44adad181ccd7e3120f4017b4dc0dfbc825808695,140271,8c110d60f77bf466fc881480ad0699385c52ed2fb9d9883d40a8fc17e38f940b,1,"[0, 3, 4]",1394854881,350,8.980636660009623
5324a4b8b8aee9081bf105d5ba91b7ed07d7c2e6f73720f10f4b2f15b2eaa834,e8e3a20f43074656dc4899e2689b78dac28d788d52325d7e6a5d14c43f9059fd,138223,7bc80131605efe4e91e07681658c4a71d320633a5d39b2fdfa028e57b3072599,0,[3],1394910392,350,8.371067887172103
53ec9400b9b79c6a842bf2aa72c3e0b60442e67a8d6ad1fa7626e753519a4ffd,0ca122146e37299f1f0450579865d0b77fc3c4296ebc9b7ffc5a495eb7ed3b8d,11691,5d558a13b31059afb4770266a600615783ffb0f7fb75d92047d6fe579ac34109,0,[],1408013312,300,7.410363104194403
5426be89df303598eef20bf6f19842ae848186a06f3c4c48372a3c136a41b053,ff84decfb792201121d8fd1312daa1c34b2dd2a22812be89b3388621417c614f,139311,fc725721fd66039f54fdd8f90e552f03aab157bb5989fcb4a18671f15ccdd144,2,"[1, 4]",1411825289,450,10.57513453438878
549981d31679ef1b3f781d4b263d35650fa25575171d6058d7be4f4be5b6d96a,97d83bad490bd943272432aafb9cd3259fa16a9a51ec67ff81fc4fc0f56ea68c,140207,5c757fdead15c34851ce7623c30897869726b06083c8d44aab3bd436b27cc3d6,2,"[0, 3, 4]",1419346387,300,7.674119453877211
54a13ab069c3b60dbb80b8d86bc4b322bf95b5efa00a56528d13f4fef0a852c2,8fcb94d5e975c74fde462a343181a70999230bef6196e3158ff223bb3dfd83e5,138287,afc5a5efc8118ce29184d6deb917da4eb066645d33a633fda0dded2a6578d55a,4,[2],1419852464,400,10.469763537868857
54bdfd9ed452376a59118aee80a6fbbcb63f2ee84a7641eb2e518a1dfe996a53,0365493e87271a32af02951a1cd592b7cecd2e97ee093526dd6862bbab674794,138159,683a5ff373a826aaa963d3c19ef34fd145b7eacdb00cd2158a7fcc88bab93201,4,[1],1421737374,300,5.336136506870389
556537b1a76c61f281439acace179a8b06a54d0690fee2130c891bff49bcb72f,60ca121ea3119573efc0b518a4ea865f758bafd93652f4315270257b1ccb3eb7,138223,732193d6e75393da040e8142ee46459ecc1afbab9c9965b48c5621d1c6018390,0,[2],1432696753,350,8.75810726173222
55750b8af144ea57541c0a6927a86858315e001a0c40f272d51565de5d968e6e,ae7e06cf42a29a63cafc1ef6fcae85673407c920be51c23dde18794a251eed1f,12139,ea53c921444cebdfa917bb6a32e3a1ac99a5e95e395eb8f54ca5fc4230adbf2e,0,[],1433734026,1000,25.19225070439279
55803adf75bc68cbc2706bf3a1812b775790d9375f01d821f0ec69c1146b6d42,b29339a8080d6653d24d33a92dba83786109d9772a51f093d8783f1fd608f645,139183,02eab91b075413e6e8a84cb24ce6671e1343da9c576880eebdfe3e168b12189d,0,"[2, 4]",1434467039,300,8.197985611855984
55deb5a7d08bab1ae3a4e67ce95ad0a9f62ab60ebba1e5f2d775438836afa37d,0c6ca916fd175447775ec91c319a5c1f12264257607a51cb4c187a6467b857d3,138223,efff204740b93bf0466ee2b3e392663d68b4714aa520775e00267540b847f92b,1,[0],1440658855,350,9.29006326943636
55e4e26ad547bda4438c9dd88af6f4ba3a0ba67283b61dad99510439a3853bc9,ecc9297fb929b0bd713e8bb42d22804a642ec1529c374f426019fcc1135c8aac,139183,772d76457e131d5688a4d592c44e9721ebe25758d5988f5e3bda800d4d0e0dc0,3,"[0, 4]",1441063530,300,5.395165013149381
55eae83dea8efa3f4a41d85f60b2c9bbf9db2b9238cc89b5fcaacd68b970a243,6772395689b9ee442a160554daf74012046be9782538af8c7ed1a44c4eb6bf44,139311,57d208c8365a31c3468d9f27aeddfaa06cb95b919677996b5c8d7e2118c31021,3,"[0, 4]",1441458237,450,11.843226931989193
5602f645501d3e5aa5f4104f878a3c32ba18d8b3cd5b23915d70bc34a7775b7b,3535be20399b1a20b19ddb57f7fa838b5e634c79b22e6fd1b4f45866b2d08640,11691,c0237caf096c9efd2af515b279f81e542fc9a923e435a0db7a32b79ddccd0131,1,[],1443034693,300,6.174042845144868
560bdbf3bc0aceb64ab70fa3d94165b05c19f53e4cffa13e3101baee91473216,99555357ea801c01cd24d82c1bc41f8411aedce9024062b727f02918b30d3afa,139247,d080ca249b712fd36e131cec67180f8effe22118a90afec65706b2cac240832d,3,"[0, 4]",1443617779,350,8.97008802741766
563a467221e372293585e498b1710cca7189b8ff4ab4e0d87b9967bf01049541,1fea2e69c4d1e07b388c7ba5acff36124539462822bf8be393fed7eaf1eb4bab,11819,57d208c8365a31c3468d9f27aeddfaa06cb95b919677996b5c8d7e2118c31021,3,[],1446659698,550,12.223522819578648
56a53822f1557301ccee65c65a57c87a533b994ae4ed7a0c012639da9ef96355,401b8b8f320784ee3f0a77472ce01ca3a28472609253d9dd36a50a129ec4a496,139503,4b3ddcba7c116761ea0af39e2f81df1a34f414126707b91e3b352694978a3386,0,"[1, 2]",1453668386,650,12.110813204199076
579f10523103f8ae778f7d3f766b807a05699bf2be930864010de89895ffd547,058f3f5cddfe47fd0b556e5e809d33d99d03efc60b54888fedb5cfb399b2889e,138543,fc725721fd66039f54fdd8f90e552f03aab157bb5989fcb4a18671f15ccdd144,1,[4],1470042194,750,18.72779349796474
57a69828a01ccfb210e8c55f7190c6faa74a1f9ffdbfcc345fc22c1092f23f82,5903fd9ae73b8450841c133e44d15c87ac4e31446bd89a4b14ff7138ff8e7c82,138159,22163d342eaf2722fec1d77279c13e7ec1c61b79e72471952cb9c4d4adf9ca8a,0,[1],1470535720,300,8.32383969053626
57a87aa6fea4bf9e0972473b7a43d62a46284986e8683f43abf45a32514e2ad8,d60241c62fc9d7a5c46a5112bd12f10e61b16f571bd7e7e5f3ee43825cc478cd,139183,9fffba322c64f33d26f0f9ff052a96ea3250c36cd816823505104df980866d2d,1,"[3, 4]",1470659238,300,7.749094920232892
57b88cbcc856bcb636381cd4163bb8a857fb291eba7d3b373f55f0f3ad5a3894,c52ddd2142a78fbc9e2fd16b39df5bc99d4a4303a83f281f094bfae478fb0aaf,138159,092b53d8498e2e35e05fc9af973ca851144e8b0dcfbd550fd14a77015f162834,4,[3],1471712444,300,6.972689026966691
57efe348417f03072b10630581fdfe86db0984d9c9649994a17445ba8624ac26,4f851ef6b4b6cdd1a0a0795be42319254c4e87d1275dd2a1875d92221df46544,139311,ea53c921444cebdfa917bb6a32e3a1ac99a5e95e395eb8f54ca5fc4230adbf2e,1,"[0, 2]",1475339080,400,10.601630227640271
5804ff3952b21e51d8dec9789846e054a03bc070d0b2b8f9d4f7f9b3f47f45e8,213b5c9721815ff91f9f49ec100ed0b1d6d21f2ba7240436d9c6e784eb3eb2de,140783,bd20cbc07471d94b9635f63350465280f4200fdfbe9db0d5033e3e5609704896,4,"[1, 2, 3]",1476722489,1000,25.91281527467072
585f3af10275c53a68980c7883a7a37c4148cc2862747c37ccdfbaf7627e345b,9408e41a114e530b63cd92e3072137274f6f71059bc8de51455a598b67aefae6,139183,ab3d98c08953d1fc40ba88aaada1f7878e1d21512bbcd10e4c2613220b8e0535,1,"[0, 3]",1482636017,300,7.697747088968754
586b6339f5a12625358b093d479ee50c0b2ca0c068959ce2f40348a245825b95,b2f3d64f17c49bcfaa3ad022e188ec8a0f8d71f1fb2a494864e32a42856aee8f,12139,f918a61dccec720a0bfa718d743e5221e8d74a3862eb1a365d40b001d88a4eea,2,[],1483432761,1000,22.96452782675624
587158ced53bc7309516de8064b0047fcd355c8c2f065ec34dbd5556215e12ac,5de11a1db9477161c9002fa3fcaeab4fc3044b449e1d82193ef3aa4744740444,11691,bd20cbc07471d94b9635f63350465280f4200fdfbe9db0d5033e3e5609704896,3,[],1483823310,300,6.842058036476374
589d524c41346b2ea4eec9bc4522450546a9af94667633ac53664f332208cda0,e8f071b46863644933fa52595867dd9796bd37eee403e48f66bbba09e1522caa,11947,f918a61dccec720a0bfa718d743e5221e8d74a3862eb1a365d40b001d88a4eea,4,[],1486705228,700,16.960954260081053
58cf7b4d6d3831b2a3af9adec539520f2024ba633769ac3051aa471225ad8a83,ee82115a6c671d589cbb660c092348eb9f0ad27dd89b4bca6030c4a6bb5c6e35,138159,22163d342eaf2722fec1d77279c13e7ec1c61b79e72471952cb9c4d4adf9ca8a,1,[4],1489992525,300,7.913322776556015
58d8ed24d72c5cca15ef9f2efff1e06f7dc3e3d3e4d82d7b00a7c2d41102200b,e3e43c5ba7de48aa500fb3d5b4f0609ac72da348e65ebccf682edfc1efd64278,139567,5c757fdead15c34851ce7623c30897869726b06083c8d44aab3bd436b27cc3d6,2,"[1, 4]",1490611492,750,19.51654900610447
592ba07e391feea21199ad217e012770fe716fedc346d4ca226ff277300d673c,f2c372f6673b12667eaa2044b1eb6fcf2c985a0f4c4db55f6b8642e694d6e1ba,138159,772d76457e131d5688a4d592c44e9721ebe25758d5988f5e3bda800d4d0e0dc0,4,[1],1496031358,300,5.987541915848851
5939f6ec7ec60bdaafb3fb43792c2a894356d289ab0558f1ce571c9216766e4f,3bfa48d05c15608b72d628cfe715afaa16ae553c17d4b8c83f8ab22ac88473a1,138159,f918a61dccec720a0bfa718d743e5221e8d74a3862eb1a365d40b001d88a4eea,2,[0],1496970988,300,7.828361252322793
59adeda00529d3707c1cfd6c4394c46cc50c2e8f3bb153958e3ccdffa5ba864d,da273d297ec47719c6f2d1bbd6ea2d642da1e6426b0bd028c29c9cc19a5269af,139247,afc5a5efc8118ce29184d6deb917da4eb066645d33a633fda0dded2a6578d55a,1,"[3, 4]",1504570784,350,9.011247098445892
59c73a98232c1b3d3a733f42c00a894b68c8875e0502c716c0e97e751db86615,5b314d232762eefefdba681dfde2bd449040ccca305262c5c900bcc7aa5991d9,139183,5d558a13b31059afb4770266a600615783ffb0f7fb75d92047d6fe579ac34109,3,"[0, 1]",1506228888,300,7.48597558401525
59e7d47d64fb7b93cd26ed0cff73b81031b64f3c9acff34689f516080eebf03c,3cf9493c4755dbd08695e03e39bb078b840988e448f0c94353f0a9361043b79a,139183,732193d6e75393da040e8142ee46459ecc1afbab9c9965b48c5621d1c6018390,0,"[2, 3]",1508365437,300,7.966712474822998
5af4c386122d66deb24db1696b1b7e4314e22964692d4d3565520544bcd27822,7c44a226dd382f55bd53b1c53fee84c2ad5142cf75cbfb3d7584d8731d62b460,138159,5d3f79c3220acd8b4f94fb498d9b6b8897c008f3c35f5f91f22feae2d3b2a73d,0,[2],1525990278,300,7.723889099434018
5ba87ad5df50796e71dcb684b88195dd98fe63dcf856bdc1c4bb413596a6c18d,2c29f4c24e212a2d50eb6277db56bdadd542ca3957c128aebf6a15188c782ced,138159,6eeba99071577eebe266ac70cc9fd1b6a90b95f33cff5064f376793c3346fd16,4,[1],1537768149,300,7.434448808431625
5bb27d0c4a7bc9ffabc95132536fdf122cd10245f0185ffcde78e241cbd70596,f8185614408b98587123e90d9e64f793b59bbf34d15769c45c5c30d78972d8d9,139247,49831b890e8dd2a1df2aa7ae6da89eb7247b291df7e8ba259c80eaba3baf421f,2,"[0, 4]",1538424076,350,6.700632052496076
5be61f685b77d816d66638374f963b7648861ca01419a73d7d68261a0d0cc82a,204f0023262603f1552642cbb25db0f956f21370c43fba277059db0075977a48,139183,6eeba99071577eebe266ac70cc9fd1b6a90b95f33cff5064f376793c3346fd16,3,"[2, 4]",1541807976,300,7.91287238150835
5c22505b1f6a737368cb49a3e90db4965d324508d602a864610184cfad19ebe1,835c2f25650024849639de5767b84a543d9052620a23cb201aeeabe54f8f9e59,138159,829847acbad2fbe311a9193329b4cca2083257e1a08c3d842a1481d565a3fcd6,3,[0],1545752667,300,7.56679323874414
5c52bd65c8ff2453883fb05b6bd4c2849132cdf32fbc576ffd222f960b5b3649,dab0a4b42b9146a08dd5864df87984f26e4ad2242188197e26bdf56a60f34295,11691,437b3abaebbc57203ad30983ff145aecb9c85c2b9c67e468fa9e73e2ae1767bb,4,[],1548926309,300,7.4424476101994514
5c557591ef7d02abbf79cc4866eaf0ebe17d1db9e2b82b766099ea96ee922325,8be3c6265ff4a347527a92b909f405f5447f6bd5f5fce2f1ff959c0f29b42cfd,11819,464464c8ef7bd4eff076591a3186aad12ef0163e0cd8d5d49d482e4d24f86eaa,1,[],1549104529,550,8.625090217217803
5c5918b557fc2d3dcf4f862947029cac7444b302bf522f532d399ae20a44c2ef,e0f3f61d30c35bb1d66e9b57df2e1c632e14e42501ea267cc4705d85bce25167,138159,7bc80131605efe4e91e07681658c4a71d320633a5d39b2fdfa028e57b3072599,1,[3],1549342901,300,7.661045126616955
5c5de764942a1aa470966f434c2fd1819c1052e94313cba4dc183804ffbfb79b,3834ce63faedb10571e7df59d55ce30d1ef9bf01e38fae7b182eb44c34c112dd,138287,d1c543f7af0aafe377dadd154c6e85a905e4e5bf3401d3ccb817b2a117a13e94,0,[1],1549657956,450,10.013626525178552
5c7eacbc4825d23ecb597b8f8628fcb28707ce2d18533b5b67d969c60c1082b8,8c1c646f28bc01c617bf142991caf65f98d02ad2e5a980cb2036c735e2b9d558,138351,57d208c8365a31c3468d9f27aeddfaa06cb95b919677996b5c8d7e2118c31021,4,[2],1551805628,500,12.124688047915697
5c8b23b92f786cfa197b0d24f69966c9d438dec7185b1490f78685713ce3c2d7,84ecf8c9a432a4909d13d3970e7290db25a7516305bdd230d01968261461b4d3,139439,22163d342eaf2722fec1d77279c13e7ec1c61b79e72471952cb9c4d4adf9ca8a,0,"[2, 3]",1552622521,550,13.686035368591547
5cbbae409877caef0651fe1623acb52e764909c1ad035d9ec13251f8155d4246,7554888fcabac263ac2ff9a8ddff626ae41b1950a7b86855ddf3d545d1e900a4,139183,afc5a5efc8118ce29184d6deb917da4eb066645d33a633fda0dded2a6578d55a,1,"[0, 3]",1555803712,300,8.044394232332706
5d1c0f511cd1e91787dea980e9ceeea32a2812a383e2cf4ccdf451c656a1ab3a,099d23a235946d437ff06b85ce3532fb2a8e8eb343f1deba96942d844896fc9e,138223,57d208c8365a31c3468d9f27aeddfaa06cb95b919677996b5c8d7e2118c31021,4,[0],1562120017,350,8.613303005695343
5d8fc14108fa8e7b7acddfb5e4146008331ca2aea72a88f0c47bbf29d62e74d4,a7b49aa26614e45149d2127293231e81c0827726844bcbe59e45154943a5a91b,138159,d080ca249b712fd36e131cec67180f8effe22118a90afec65706b2cac240832d,1,[3],1569702209,300,7.873850667849183
5da68bffef050c3a47a6c780f27445230d3b61a6fbf1ccf2ea9551b966c2d7f0,e553b61db7100d4053fd8959f00d327512fb3dcf257e5b8851d0c0e21922ca80,138351,02eab91b075413e6e8a84cb24ce6671e1343da9c576880eebdfe3e168b12189d,1,[0],1571195903,500,12.894091758877039
5dad9cbc17dbd9c6cbf133fd22d39b02672926bf0ec606fafc44d683c1866c1e,d431ca65cd2c9b9d018598af94e1d1c8360928de4972197261879c33d6badd16,139183,d1c543f7af0aafe377dadd154c6e85a905e4e5bf3401d3ccb817b2a117a13e94,1,"[0, 4]",1571658940,300,5.36954135261476
5dc45e2e3a2cce3a9a5553e97d44625a806c7449c62a4a18f564d2602b240ca1,48151642e8c730af35825401857dcaea59fa86e12939dd364ec03d65162970aa,11755,60a9f8c14a63826644fa331b2b2b4f72318a8599aab317ba7e975f0e1f44a221,2,[],1573150254,400,9.773301508277655
5dcb96f421cdbe9a7ad1182604460c4acb1926db426699cab67fe6acbcc50267,f651c184ce54323d4405f15d8e404faee9944139f89314edd177faa842d5a9b6,139247,5d558a13b31059afb4770266a600615783ffb0f7fb75d92047d6fe579ac34109,0,"[1, 3]",1573623540,350,8.394010359421372
5df3b71d37251bd963523b8909af1226a8a0139628d589d09301c36b9aad9245,62d28af9a1470a28aab179fd6be00fd0ba3c671d1d0748188866dfdd891c8aa4,138287,fc725721fd66039f54fdd8f90e552f03aab157bb5989fcb4a18671f15ccdd144,2,[1],1576253213,450,10.814308485016227
5e14036e04d590fa375e470d55a56cb719b60e1e716f70bd460500237d2435f3,29de1449768d44752a6a142ed09448af26e4dc310f170ea343e16a8f4508bd7e,11819,464464c8ef7bd4eff076591a3186aad12ef0163e0cd8d5d49d482e4d24f86eaa,0,[],1578369902,500,7.8983233366161585
5e2489baa9e426c20c4737528eb1c8981eb61736ec6810444ba257e2b118a96a,e18993742297ab899c5f73a481f4138924a48d5ed1d94d1828705988009eabaa,138223,732193d6e75393da040e8142ee46459ecc1afbab9c9965b48c5621d1c6018390,4,[2],1579452858,350,8.750464152544737
5e2e1128c2357c403a5e6b08d130faa7e903f3aa76055aafe99140d2a7b5d327,3db74e81c9f499be43b8e535dbe0621900c1453317eb73df697568dc51047716,138351,092b53d8498e2e35e05fc9af973ca851144e8b0dcfbd550fd14a77015f162834,0,[4],1580077352,500,11.261850507929921
5e5046edf16f9cd091cb0eb092a62545c3573026b7baee20538c3b8b6cb2153d,a4e2c59f0c1df14a4dec1ccdc78714a8f39b4af365c0b5094546246d8dadce02,139631,bd20cbc07471d94b9635f63350465280f4200fdfbe9db0d5033e3e5609704896,1,"[2, 4]",1582319341,800,20.92100923322141
5e7884b91922ce018bfdbb1139155ae1e5ce9a5d1fcf221d6b395b0b94c6db03,c4f372c49286de31c593144c3c9d26237d6be3d55aa2f061f1ad975cfe44dbee,139759,fc725721fd66039f54fdd8f90e552f03aab157bb5989fcb4a18671f15ccdd144,4,"[1, 3]",1584956601,1000,24.971471266821027
5e8b540611b2d9e0c76c68f83b77844286bc75d7535cf6f61cbddc91104de36a,5b648b8435835c9b4275fc998962acb9dc5fc5a17f6258c9884954b59412e9f9,138351,57d208c8365a31c3468d9f27aeddfaa06cb95b919677996b5c8d7e2118c31021,2,[0],1586189318,500,11.715459706261754
5eb3ebba0b9838c238d0ef19f0c62165c31c14f3a8fe769cca7e129a71e27212,4232f17c6bc2f3cf994bd40f4811e3c30c7f84fe92c6f032b1b36cbf212c751b,139247,f918a61dccec720a0bfa718d743e5221e8d74a3862eb1a365d40b001d88a4eea,4,"[2, 3]",1588849594,350,9.130944008007646
5eca4068a3112dcad165f83d532b6a1d121bcd62354ed984d4f936e386bd8faa,0e5aedbf26f1ae7b6ed839a45dab896f212c971f88ac10769a4301629752f540,139183,49831b890e8dd2a1df2aa7ae6da89eb7247b291df7e8ba259c80eaba3baf421f,0,"[1, 2]",1590313064,300,5.776128327473998
5f111e90dd795ba10542384bc12c4d66b7d440cbc7953bf9edb785921f8dac01,a394628b3bb15a8b7c60d77290e2eece8c657febfdcc75e20390cfa514bd8816,139183,5d3f79c3220acd8b4f94fb498d9b6b8897c008f3c35f5f91f22feae2d3b2a73d,1,"[0, 2]",1594957456,300,7.5496221128851175
5f64b5bfa950067ebb8200162c2d48304081d9d241f4dee3e2229db34360d2ba,df6ea3d40728c6bff7364e8b316e47f7eb6c7102c529b107ed50bdfbe766666c,138159,12c56c31bb01cb520e8a731750291b880923cd09bb364b2445fa5281392d505e,1,[0],1600435647,300,7.540845584124327
5fcb568d5ab352b0f3ec41e7022014763a5ccbef7faa90a7e4c3f2eaad78fb4d,5c8376dbe09d117237566ff595334cc41884eb9fd2a5f1db3436296861e66e55,138159,7c56d4b1b341072b905581a5817abdb0d67f285582a9f4c6837599ae4d100115,0,[1],1607161485,300,7.542062595486641
604c2f0c8ea5f337eea3265fecb210fac15ca66932415465ab263888c4c72b3a,96710990cca6f4d4181e7d62c9c42170cdcca35872f392880239a930acc234fc,138351,57d208c8365a31c3468d9f27aeddfaa06cb95b919677996b5c8d7e2118c31021,3,[4],1615605516,500,12.59919549524784
606e0cb1c54b63c5aad69489923a4d6aed91b39e68e710beddfb0c0bc5acf895,f04382306d7563a37634dee43be1008a5403596962280f8c3bfc51650a6b68c5,11691,092b53d8498e2e35e05fc9af973ca851144e8b0dcfbd550fd14a77015f162834,0,[],1617824945,350,8.7094642277807
60ff796549f65f70da811f2c8f860bdb57b31f2712a7c8aff6bd9ccc0278ed3d,7f8119b76fc52c7f1d723f41b6268500a06f07ea3ad696cb29194ac15fbb52da,139247,c0237caf096c9efd2af515b279f81e542fc9a923e435a0db7a32b79ddccd0131,4,"[0, 3]",1627355493,350,8.335085177794099
6114ef8263014c7faf7ff00090aaaaf3eb5d19c2881e07eb503b76c3f4d21087,57c343fda40a9535e314e2651fce77ec2862361fde916c29439e557f95ec9565,139311,6eeba99071577eebe266ac70cc9fd1b6a90b95f33cff5064f376793c3346fd16,0,"[2, 3]",1628761986,400,9.310826186090708
61314e61e25fd217ebc869169f036908b2165d22ef2699127c5f53bc3c0b1fcf,88987cf45c8ab27017604d3b9353c64974cc4ac73ebb6e9e8b90f651f487492b,11819,12c56c31bb01cb520e8a731750291b880923cd09bb364b2445fa5281392d505e,3,[],1630621281,550,13.228576911613345
6140fa1a6ec1286f1728d63b3f98947dd5558eef6494e3a8660acb266e22283e,b78bda4c6ba8918facb04d4b028cbedc11244a799784ea6ae45c1fb3cea89a41,12139,fc725721fd66039f54fdd8f90e552f03aab157bb5989fcb4a18671f15ccdd144,1,[],1631648282,1000,24.16092126071453
6153ad0953d3a7c30a52c1138cc270a07d7502c37e04f8307ac0e07c6df6fe6b,4152314c268950601e6abbf46efa19d8ba67b783f65c1e938bbdff521de6362a,139183,c0237caf096c9efd2af515b279f81e542fc9a923e435a0db7a32b79ddccd0131,3,"[2, 4]",1632873737,300,7.315506562590599
6175819e94c06ef8e41dee61f05a18ea042f8b0ec73d7bd8745a1beac0a06fa6,5d8b71c92a8365aeb9ebd9a98e551a8907f55e23373844be8ad92b440110d586,140399,fc725721fd66039f54fdd8f90e552f03aab157bb5989fcb4a18671f15ccdd144,2,"[0, 1, 4]",1635090846,500,13.586750574409962
61985b353e648587681b794535f3d848721a28b75cf016b9384203984f02b351,83b96e0711b82310fe8ec938db8e0a949c0bf7d1c8a8f43978e5d9fe144d4f1f,139183,5d3f79c3220acd8b4f94fb498d9b6b8897c008f3c35f5f91f22feae2d3b2a73d,0,"[1, 3]",1637374773,300,7.583387099206448
61b4c494e9ae4945f64b680eeff28e9115525a81c431119ebd6388a302a4128f,247a89cb88a5113acb9684df25a5229f90b1fc5510ba1b6e6927ef00be5342a8,140207,ab3d98c08953d1fc40ba88aaada1f7878e1d21512bbcd10e4c2613220b8e0535,0,"[1, 3, 4]",1639236756,300,7.264610396698117
61c6f3ccc4416fe7f06f9cef90178063d68ed6046c1d556967f2fc0f1d0cfead,4aa23fad4be580267aa3d40100a0fe8c9e903a0e01fe295575103d362988f942,139247,22a44ba55f7755249900a35d1ad3ef5f17529c4abfa0a0934964028da7034ce6,0,"[1, 2]",1640428492,350,6.929839100688696
61d97f7221f04f7540727220237e30c09b7cbb52b71fa5434258f5ee95ace427,1817a721f0f8bc1605119caafec369e8c3d8cf7cf577f2fae5633fb44f7a8fe9,138223,9c3f8cd9ed5a6d2bde47dcbd7aad7855fccc5f153e87a822baf6b424b11b3498,3,[2],1641643890,350,9.104682678356767
62853b6a5e45dea1a8a8325bc52e8542858db556e5da808de024325b16b58966,d17736f13043b6cc7ed51fedf6b0a2a709d16c2918a0fecf9b8cb0e4ba02748b,138159,49831b890e8dd2a1df2aa7ae6da89eb7247b291df7e8ba259c80eaba3baf421f,4,[1],1652898666,300,5.324319599196315
628ec03f14044ea5defb453cad836db9dee99a8a53e42b38bddd29a45279d7e3,3fc18ddf799cd910bc8279ca18d9f5c9aeda056464320b3da0be7714982e69eb,138159,efff204740b93bf0466ee2b3e392663d68b4714aa520775e00267540b847f92b,0,[4],1653522495,300,7.9900841396301985
631f0a016ef01821a18737a0ada362919b9b777aa255ade89904c4325f3e3164,fb9262242e1391704b13cd6f357cdb5b463a9f1069b54c1854b7154b265e4321,138351,9c3f8cd9ed5a6d2bde47dcbd7aad7855fccc5f153e87a822baf6b424b11b3498,1,[4],1662978561,500,11.365680810064077
63920b1e954f106c1942f87dc69262192f35f88ad34b99ad501d9d64cc45c138,f1f60e0b25e22ab9062240527beb6db5d101b7f4b6d0eed02207d367cdfb4467,138351,ea53c921444cebdfa917bb6a32e3a1ac99a5e95e395eb8f54ca5fc4230adbf2e,0,[2],1670515486,500,13.673327242955565
640ce32097641a5d03be27bff4e1e429b20bd0184a7c12b2be8398e2966f8df2,136572605f77bfca7d5a8b58c8c1dece8618b63f6a270167dc0f893c3713a7b1,138159,437b3abaebbc57203ad30983ff145aecb9c85c2b9c67e468fa9e73e2ae1767bb,4,[1],1678566176,300,8.642562644556165
644031e3b7b0563bbd84cee23e846a78809bba0bd887d648e9e087d2cde45bc2,6bfcbd554f747b97e37c8773fdb28cdb3ab1b13aa2f6b109404ac6a74bf0dc4e,139183,12c56c31bb01cb520e8a731750291b880923cd09bb364b2445fa5281392d505e,2,"[0, 4]",1681928675,300,7.201369607821107
6498bb5779f5e6693619d37dc9751ae82e908ce991d2dd145d59834b6c28b28c,ac2d6405bf63a19e56fe8bf0464f3ec1d7f8cc51cb84c925bf0f9ea7510c341b,139439,ea53c921444cebdfa917bb6a32e3a1ac99a5e95e395eb8f54ca5fc4230adbf2e,1,"[0, 4]",1687731031,550,13.90249121747911
650f911575b424a809555f995e80025b0a88158fd1533fcd8fa523431ea203e9,479f2cc209d70da91df852d9ca105b7d085fe55d9df90e6d9b41f8dd392a0954,138351,732193d6e75393da040e8142ee46459ecc1afbab9c9965b48c5621d1c6018390,2,[4],1695518997,500,12.293679974973202
6545e43ab127047f9e73e109415d6ae7a51990f8f47f262353ab6a0dd2f0f0ab,8f03dbb414dd606ff682172323b727918adf8a48d535851bf15d8bdb45fd21e3,139183,60a9f8c14a63826644fa331b2b2b4f72318a8599aab317ba7e975f0e1f44a221,4,"[1, 3]",1699079226,300,8.665624435991049
658a5a3384deb839685c35bad663ab8ca028bd7dbccf574a40c334bd3ddcb485,c91ed572da4a4e46aae33060048abfe91a2c1ffb80777d988750a6f9c1fd252e,139247,9fffba322c64f33d26f0f9ff052a96ea3250c36cd816823505104df980866d2d,2,"[1, 3]",1703565875,350,9.033180179074407
659b9d4403a34d0e6f8d46ab6ed0ae4474835f53e2e39a3c13a6247c80d4e795,30dcd7b54329882863f8e0add79dfdd1423480b111221f2d265309d58a6caad5,138159,9fffba322c64f33d26f0f9ff052a96ea3250c36cd816823505104df980866d2d,2,[3],1704697156,300,7.4143721256405115
65cc5d53f667b3788c102bcdc27bec4428aa1f04e1365aa18cd7eb5d39acec56,4217dc892b64fb5d26214c3fafe107b670ea70d4a0f41081c562a65c8067a628,139631,7bc80131605efe4e91e07681658c4a71d320633a5d39b2fdfa028e57b3072599,2,"[0, 4]",1707892051,800,19.342974232509732
66189618d97bfcb4d8b60c9b0edcb90122bcc5029b3fc10b1d1e59e98412b1b5,d81377833644e3cc2a7c9125493aaae05f77032aa02e8df35c0fb0b17c054da9,138671,9fffba322c64f33d26f0f9ff052a96ea3250c36cd816823505104df980866d2d,0,[3],1712887320,900,22.17795296944678
6651625359be32fc65e335ccbd9fb5195282c2c99ec4d2e69685ab5d7f6158dc,05249d7aaf6ecd69bcf80580daca7fc4d2733475cee0c01585add7aa84318eb1,138223,f918a61dccec720a0bfa718d743e5221e8d74a3862eb1a365d40b001d88a4eea,0,[1],1716609619,350,9.187877848744392
665ea35e3e5f1de326796132525879ca48d209f397185a27e6865b3064353f0b,b59b6669fb51c0a9538171f2c5546e6a36e044bce23e2aeced2488702aa8aa9b,140335,4b3ddcba7c116761ea0af39e2f81df1a34f414126707b91e3b352694978a3386,0,"[1, 2, 4]",1717478238,400,7.813718598335981
6685c60b502ce42239834326e23983e1d0e0fed970e2796fb63416bbb4199d95,7bb6ce59c520e557a4dd445fa26840e039239f2f1727c578b08fb2386c1c9a7f,139375,092b53d8498e2e35e05fc9af973ca851144e8b0dcfbd550fd14a77015f162834,0,"[1, 4]",1720043019,500,12.28518589027226
668ddc5008ceccec66a9c56ead0bde4e0b284d1ac05548c6e8c64b9897233402,f622c3d2ecb82dc3b1ff39cd22641e58097387906a394be6a8cecdb978e08358,140271,7bc80131605efe4e91e07681658c4a71d320633a5d39b2fdfa028e57b3072599,2,"[0, 3, 4]",1720573008,350,8.588030280545354
66a41eb81fd6c1024152bd463495651e99862ff0217bc533618caf9fc972d13a,f501dbb7f5b13dbc44e4a897078400c0fe507fbd1f7e6ad0033a75028dcb9608,138159,eb2c5789f31d8380ee35b9cde0405cfa982abe665bcc3e8a707cf14a3521c86f,4,[2],1722031800,300,6.392909148707986
66b0a41712ff09261a4b4e53fd1d8dff3fffb55c8a396d824405c7a377e9cf26,465c5f1d544f82244da7d6b3e3fed13d295acf16b4fd6b5e187cc4e5097dde96,139311,fc725721fd66039f54fdd8f90e552f03aab157bb5989fcb4a18671f15ccdd144,3,"[1, 4]",1722852375,400,10.261925008147955
6722ac6cd8b1b2baba0f0e15a75f2b37bc0facaace31b4da99939bb91c9b9780,ce67a6562ccc82dd1e5f6f25ec63024382ae8a8dfb87ec3a4a7b2fbb6c70d282,138159,12c56c31bb01cb520e8a731750291b880923cd09bb364b2445fa5281392d505e,0,[3],1730325612,300,7.282042408362031
67236bdde9ea47dd382976b822cf3a54e791522f7eacd6fd15ee0a8a9751b972,a9f6a44728b3ee907a7f6bcfdc3c398a1dba1597c590c42364bf2ab69697666b,138351,5d558a13b31059afb4770266a600615783ffb0f7fb75d92047d6fe579ac34109,0,[2],1730374621,500,12.30960426479578
673f387273054688ccfa07aca407087e4159dfa2af6eb70187c0525fe62768b1,4543c17d872cea1f36bfe3260e9bf1a76808cd3a3b0a7c1572bf3abca4e53e0a,140207,5c757fdead15c34851ce7623c30897869726b06083c8d44aab3bd436b27cc3d6,3,"[0, 1, 4]",1732196466,300,7.887128805741668
677d7d62ef38e094e868a403c5b350b53f844ba7adc28eca82ceea963c526926,2334829d5d00eb616c55d3d10c716aefd8ef1389296bf7fbd7cac81e8ea7a1df,138415,7c56d4b1b341072b905581a5817abdb0d67f285582a9f4c6837599ae4d100115,4,[3],1736277346,600,15.323230911046267
67b658feec896f8765993dddb3d012cd28c2e595fdc2e4dc331ec75d7b5bb9af,ce1e82306404d3e09718f66c14f37bce30c97ac9195fc7cf121263797fce0fb1,11755,fb79a0e49312dfbecd543bc6c8ed2a72b2c1e3be0a6a2650c2486a31fcbd3bf7,1,[],1740003582,400,5.881035767495632
67d4599cbd90f948a8431c3be6e06f808b367e2f726e7c7081da46e1b514a131,b523f43770229011c2408ded11b58e11c7e390cf4ee662159a48e803d02b5fb0,11691,7bc80131605efe4e91e07681658c4a71d320633a5d39b2fdfa028e57b3072599,0,[],1741969820,300,6.790421219542623
67daad2e4831df1a31500c945d22c053dfbf9dafafa65d9f512c7053d215478a,15a9167087ea7841e08b35bfabace844516fd5707c3da1e82dd7de16c0ec5de8,138287,7bc80131605efe4e91e07681658c4a71d320633a5d39b2fdfa028e57b3072599,3,[1],1742384430,400,10.05419467203319
67e1597bef9e69561644062919937184834ef88c0f494787f31222aeb491a4a6,336707cd4fb0e9892009d929f7889fe709f346b3d0f060f65516aebda81266c8,138223,ea53c921444cebdfa917bb6a32e3a1ac99a5e95e395eb8f54ca5fc4230adbf2e,2,[0],1742821755,350,8.310006802901626
687605517a9f69e9d2c47efdc16220057d706e67adc85dfa29222f4e91599862,819a8427aa4c9ad73b34066fc0707d20eed2f2449ff13166cb14842b5cf7c27f,140335,4b3ddcba7c116761ea0af39e2f81df1a34f414126707b91e3b352694978a3386,0,"[2, 3, 4]",1752565073,450,10.009604150429368
6899f84d102eff4ad46d4b8176340f569468425766af21b5437539af2d77a39d,2c316aa5a7c8f829db21c77eb1e9291ed228de691fbb8b4ab3682120b2a384ca,138159,7bc80131605efe4e91e07681658c4a71d320633a5d39b2fdfa028e57b3072599,3,[0],1754921037,300,7.452715657651424
6923121ceb11f06f8749aacd7898a34dc9100e08de31b30f68bbc5f8db4faa23,9c00c3bd677cfd2d1d189eaa5684674cfae36d9756f5c1b1a67c4eb85e5d4903,139247,f918a61dccec720a0bfa718d743e5221e8d74a3862eb1a365d40b001d88a4eea,1,"[2, 4]",1763906076,350,8.903619518503547
6961b3365020192c74cf14649e53877b594a93a32d9533371580e1347a52db2d,8edd19dff2dc3a5336ed8a6ff4641e6a3c7d0a04aa31eb6ec2795e69aeb657c6,138543,9c3f8cd9ed5a6d2bde47dcbd7aad7855fccc5f153e87a822baf6b424b11b3498,3,[4],1768010550,750,18.03775789961219
697468d54e316ded21f6126fc5c2d22f26c4abda60bbdf833b21d0a81a8849d1,3fa6a83db9c2476eaa7c3ac7fe342683c95bb9e425b717b1865c2652595e5484,139247,afc5a5efc8118ce29184d6deb917da4eb066645d33a633fda0dded2a6578d55a,3,"[2, 4]",1769236693,350,9.176566878333688
698f4677e8ffe44638eeceac86c256ee045ac325a264b06e4248fff0645cc30c,5b59d63ce65a4bc6edc0252db0aaa1dffc6a089ffbb2e847f3a33b87421fa1fa,138223,22a44ba55f7755249900a35d1ad3ef5f17529c4abfa0a0934964028da7034ce6,4,[0],1770997367,350,7.919318024069071
69b149c85a5c09abfa5932aa3ce84016002d8c16882a35b0f093c9862aae995a,9b54d2863ef353e3adea62ed606f660171fdf1dc542561082071400a2220d96e,139311,092b53d8498e2e35e05fc9af973ca851144e8b0dcfbd550fd14a77015f162834,4,"[1, 3]",1773226440,450,10.314577614888549
69b2465a6cc0a75b4d435e7fb49ac90d3e75c11ee7f95c222d3b4309042972a4,b458ac5ff25d000298d9718d4ea29806d10de6ee622f974f80b8fb79d8ff273d,138287,4b3ddcba7c116761ea0af39e2f81df1a34f414126707b91e3b352694978a3386,4,[2],1773291098,400,7.2160626500844955
69e31fa74f6715bd8a18981068946c862dc3a235c8419c15a69575c3e0cf006b,09b93594add6dd4c3da7044ea7810ce04137b4e60da9cf2639d0ac64dd3f93ea,138159,d080ca249b712fd36e131cec67180f8effe22118a90afec65706b2cac240832d,4,[3],1776492455,300,7.527792742475867
69e9df5d6445fa20253a102ea453c0848d41da9a3b60f173b7b259e12fd28cea,9ff583e0f3325ce486fc29c98d50f3d8baf4a07d6d2831ed399073a090ce37ac,11691,7bc80131605efe4e91e07681658c4a71d320633a5d39b2fdfa028e57b3072599,4,[],1776934749,300,6.756532112136483
6a176409b7c38b5061aeab56f02cbb04e1c566961056bd3ef5ac0e6d2e3be7b5,67c01115d007c378423cae1e594578749714e982bec4e6293a0f153087f7349a,140207,464464c8ef7bd4eff076591a3186aad12ef0163e0cd8d5d49d482e4d24f86eaa,3,"[0, 2, 4]",1779917833,300,5.54708244279027
6a27f8ac791614ee49118bc452a8015c423bd230f744257a9133e4055b3089ed,6d4bf2c96369d751808ee5800b438dcc8093d834e77f728b95d7e237508b0ea6,138351,ea53c921444cebdfa917bb6a32e3a1ac99a5e95e395eb8f54ca5fc4230adbf2e,0,[4],1781004460,550,14.191249718889594
6a60ebfee6db14efaadf87cc4fb1b268dd5f966b3dcab34fa359507f94309981,c32dc9961ff450cba5f53358819a3ee32b939209116f14ddce5990818355b86e,139631,23dbbe3d1494a07aa585b47f311b222d3e2f29d2008e1077942eff4e59de9468,5,"[1, 2]",1784736766,850,15.732644556090236
6a935dc80d2cec22758940fdd721e565795b056c83e8b32bb986621418ecb8c1,b06ac5ab54e8720f8cfa2bdd4dff78ab9704ca9d36bbe9b46f9f05be225cffa6,139375,9c3f8cd9ed5a6d2bde47dcbd7aad7855fccc5f153e87a822baf6b424b11b3498,1,"[2, 4]",1788042696,500,12.336811358109117
6af3370360423ead0031395608d2ed0a2aac47122741fa739a32d5338952b3ad,f51e0ec0663376b9684a061a98500ae578a7312b5abef13c1bda2ec8e06d457c,11691,5c757fdead15c34851ce7623c30897869726b06083c8d44aab3bd436b27cc3d6,2,[],1794324227,300,6.485748760402203
6b1b9ea010b3ecf57640ca4141ffe8bc351809ae5ca9059fb365a8e7d4e62fb6,0d2e54137ebcbdcc35f92f72db9b28de2de273c5c76a9756cf85d7fc5f494fd5,139247,d1c543f7af0aafe377dadd154c6e85a905e4e5bf3401d3ccb817b2a117a13e94,3,"[0, 4]",1796972192,350,6.264521619305015
6b8564777bcf18af2a310c47dadb6ed8ec81b2f954fc2aefd0145d6019ff7606,332bab607c0c9bd6c60f3c86f4fa5a4676e193879ea923e5d7e782d458484520,138543,fc725721fd66039f54fdd8f90e552f03aab157bb5989fcb4a18671f15ccdd144,4,[1],1803904119,750,20.16265014000237
6c2d1f0809811cdaafc2f86792049d797fcc76dd70234efdba5cb1d819decd09,9860d4b72753c68668dd55aad9c0223cdde8b25d120202b82f6676a74ec8ac12,139247,22163d342eaf2722fec1d77279c13e7ec1c61b79e72471952cb9c4d4adf9ca8a,3,"[0, 4]",1814896392,350,9.544747171923518
6c5358816bd8a3fa3030a0adf730c6b98eac6a95468314df3af2f84e0528dae7,0e373aa8de9cf6d2f3353cebe2e1b338679d025e3b73ea7461ef3d5bdceb7b59,140207,c0237caf096c9efd2af515b279f81e542fc9a923e435a0db7a32b79ddccd0131,1,"[0, 2, 3]",1817401473,300,7.174736302345991
6c8fcd19ec9753eae33ca4c40c9bbf98a1a0dc12fed78386634cd5e577827312,0af793b3cb130bd410d22ebc577f627d44b8a08f8fd00f5f95487e10dfd50a48,138287,bd20cbc07471d94b9635f63350465280f4200fdfbe9db0d5033e3e5609704896,4,[3],1821363481,400,10.06968254595995
6cd0eaf8f71ffb5c1da931a0be84b9885921f4960e92010e5780eb4ca34f188f,7369cf6fb7c22746b0565a6d32533ad2717023d1b4d704c0b94ed486ba679d2b,139183,8c110d60f77bf466fc881480ad0699385c52ed2fb9d9883d40a8fc17e38f940b,4,"[0, 2]",1825630968,300,7.379155404865742
6cdbca22c22365b730da28af4cf7940ae175150b1f7441703ff989b05dc4bf4a,9552ce9c8844fcff455b355fb1a8ccbc0129e9620bbdec3e3467549eb3281fc4,11755,7c56d4b1b341072b905581a5817abdb0d67f285582a9f4c6837599ae4d100115,3,[],1826343458,450,10.191653979942203
6cfb2b1d3a4defcb98e98c8fb37bad94bb39e30b54f031036eb92ac4065b15e4,5c2a2e7bfb1c1394a505b1479e300d167baf30e766f7fd3ec1c487899a1d0843,138735,5d558a13b31059afb4770266a600615783ffb0f7fb75d92047d6fe579ac34109,3,[1],1828399901,1000,22.99460224248469
6d09d4c2c6c1488519a4c3bfb8bfaa1f6a16232a8f8df34d840aaf2f84cfbbbc,4df7d3de158cb559d313c4ea60c7e4032b9c50d40774c1690d374fc20da5f14c,138479,4b3ddcba7c116761ea0af39e2f81df1a34f414126707b91e3b352694978a3386,1,[0],1829360834,700,14.75099864974618
6d46a676d6b21721683eb12ba21d47929cf1dcd6b31633cde8dde0766ed52ea9,a5ea3f9bb255d8891616f9980f526df917ebb0bef38d89f8ec92271a4e1b3025,140207,f50a67efe63137a8ef68858e2dceef1b7cdbf20eca805a4e1f814d1571d737ee,3,"[0, 1, 2]",1833346678,300,7.95316999591887
6d4ea33832a9090b4dc9e8202674728dfe2998041d2f920cc1ddedb19ebb4491,50bb757e57d665895222ec9c098362547fee51411b8e81a559c41ca5380f8e53,138159,86305a2a20e4a16650c3ad53714acef1e882b25c26830d80394db57b55fb14c0,3,[2],1833870136,300,5.821146484464407
6df92072ae6c847cdda14d8cfda05dee3eaba77b0475692554cd4a9d9859e1f2,bedc1a3e4b532c71375f0e1c4493ca7d29e67a4019553ac52e83f5f284b0f038,11819,57d208c8365a31c3468d9f27aeddfaa06cb95b919677996b5c8d7e2118c31021,1,[],1845043314,550,12.921638300642371
6e07d9afa297af7a085205e9f0e96344f64940d41ecfe5a5e7e9d47a903f215f,555467866e6571bc0350fd8ca4a28f51f9f53a4cadfd0dd62deb49a4985d1ad5,140463,9fffba322c64f33d26f0f9ff052a96ea3250c36cd816823505104df980866d2d,3,"[0, 2, 4]",1846008239,600,15.802448512986302
6e2b83a69865cf1aa67b54ff2de1fd059ed6c82a6439508ce801678767e88d39,40167f752411a96e66670bcf0777ba5e50c51187fd8e9d0447d18cfe4652c46c,139503,9c3f8cd9ed5a6d2bde47dcbd7aad7855fccc5f153e87a822baf6b424b11b3498,0,"[2, 4]",1848345510,650,16.131172459572554
6ef06301900d0b04fbac099c103eaf1fdc9f066ec28e2374b67f3c0a19f5649b,b2089b80a5a2cca761f55918b0932dada143bc275adc12f45e455aeddc145647,140271,9fffba322c64f33d26f0f9ff052a96ea3250c36cd816823505104df980866d2d,1,"[0, 3, 4]",1861247745,350,8.648091929033399
6f0a1f5bd0a704076222c1f6a5ac3b10bdacef2f7cb55e02232995d34c32c582,3cbb04a64795b62de4fb7294510bd655f62cacf12fbb26bf958b26a7a24d82ec,139247,437b3abaebbc57203ad30983ff145aecb9c85c2b9c67e468fa9e73e2ae1767bb,4,"[1, 3]",1862934363,350,9.20697302184999
6f10073b76b4885989caf4db3174a9732ec56a62cb0e9d0ce9dfb29864092748,e3d21534963241429773560a9871112accb66676ce7c9f045799d713e668e72a,138159,02eab91b075413e6e8a84cb24ce6671e1343da9c576880eebdfe3e168b12189d,0,[1],1863321403,300,7.874153329059482
6f40e0f92dfc46d5e029da816d3b968fd01e60b3d9b66427ae90cb214b5aa1bd,e0e8a675826f10febd6471e392f6f3bc90ac103e1ea267281ad8e06ec17dded0,138351,5c757fdead15c34851ce7623c30897869726b06083c8d44aab3bd436b27cc3d6,3,[4],1866522873,500,12.35577467828989
6f549545527952cb25ec95b02233f3264087bf9560daf1f8a779c403599e409d,2318f4ff37790f4bdc466e5a7c333b4789575a0a7854b8c878137c6958df6917,139247,ea53c921444cebdfa917bb6a32e3a1ac99a5e95e395eb8f54ca5fc4230adbf2e,3,"[0, 1]",1867814213,350,8.289365481585264
6fd979a608c0d272adee6a90e050ad07e3263e73e623a53baf449e5f1052347c,a6d4037065494843194583b742a5e5ce60be8affe1237eb2315953154377de6b,138159,22163d342eaf2722fec1d77279c13e7ec1c61b79e72471952cb9c4d4adf9ca8a,2,[0],1876523430,300,8.33712506480515
708f717857973e2fee3183c5dfe21dbf7c95296419a7c9ac2691ad85734a46cc,2bb675e85593b0d0673c0995a16275b17905cc2fa39401da9cdbae2c6c643a6a,140207,683a5ff373a826aaa963d3c19ef34fd145b7eacdb00cd2158a7fcc88bab93201,4,"[0, 1, 2]",1888448888,300,4.903326723724604
70a5d19309e5d26ddf59bbeece5ad05849b071142c1cca33c6b1df59525d1da2,2de4b11852ffc6bc5958b3a8aaf9dec919dceae3d644af6e47ab5bff3314abf0,139311,092b53d8498e2e35e05fc9af973ca851144e8b0dcfbd550fd14a77015f162834,0,"[1, 3]",1889915283,400,9.418956451117992
70c01f8b0e623f25c5a52c7b073fc4da22d26c8e206d157b87d63370d51bf72d,2140a1ed2e2fcde8f45a516d9f5eaca0dd27ebf177a2cb4d7d85349fe18a3441,138287,d1c543f7af0aafe377dadd154c6e85a905e4e5bf3401d3ccb817b2a117a13e94,0,[4],1891639179,400,7.240055879577994
70c90e8e7dab45db124116f36ff625f45701d6bb228954144b3bec8482a4bc84,8b90bd8758cd5566cc0fd0ef48f8663dc919e6ad48bb52f134985eb0f395a405,138287,7c56d4b1b341072b905581a5817abdb0d67f285582a9f4c6837599ae4d100115,3,[2],1892224654,400,10.303680012002587
70f4708b626bcef084ca7eabda9c392f6a4345fa670dbce7f8d27fbc7e9c5a6f,6a775f973ab055c81c6bc0832274de7e4ab36af184a752167414654784021d57,140271,772d76457e131d5688a4d592c44e9721ebe25758d5988f5e3bda800d4d0e0dc0,3,"[0, 2, 4]",1895067787,350,6.512483036145568
70f52f687e6f725c54f458008334f0998081fcb01108cb387b6d0ce24c85f3df,243ceea6aaec94b5af796605f13300b1dfa00370628733285d306f2f94da221e,138287,829847acbad2fbe311a9193329b4cca2083257e1a08c3d842a1481d565a3fcd6,3,[2],1895116648,400,10.208252543583512
712e735ccd255c448e44993b45fa6619f23adb6444d607183f49476f65c624fc,183c7bb712ccaa867787fcf8185e3bdea22f5c6074a3ca0b9d501bdeb6c9a36c,139183,464464c8ef7bd4eff076591a3186aad12ef0163e0cd8d5d49d482e4d24f86eaa,3,"[0, 1]",1898869596,300,5.790494613349438
7194e936a95a4695a36f2d3a9735699395586d3f2a729585f6f7b3a03dcbe5b2,58469809be295297318c9a304101157b67406550692f5ded93291432d83b2ddb,138159,ea53c921444cebdfa917bb6a32e3a1ac99a5e95e395eb8f54ca5fc4230adbf2e,1,[2],1905584438,300,8.913261948153377
71b0902f1c0ab33815c7bbd85a53dbb3fe698bf674e132c3051dc6fba13135de,7b3e7dd65d9b28fa736d7b2183ab302ed47d7b37fe93564960c990ec0070d29b,11691,12c56c31bb01cb520e8a731750291b880923cd09bb364b2445fa5281392d505e,4,[],1907396655,300,7.411107266321778
720b9c40918c35ae95b845ab92ac31a40c0c158d7e7b3d3b67ea6ec57c5c8d73,3df83c45a6f3a97fd71e6c642ec0b129372fb7d3a47cad8bae9f2cf784bdc259,138287,ea53c921444cebdfa917bb6a32e3a1ac99a5e95e395eb8f54ca5fc4230adbf2e,4,[0],1913363520,400,9.49258067086339
72202926c9dac734583da0d508f4189f0b0d0f45f7f352089b205ffef23a58d9,4cfb3a9ba75ee2d1e3c46305cd85f79650e1b315ba212bc9582c1dab3e35284a,11883,afc5a5efc8118ce29184d6deb917da4eb066645d33a633fda0dded2a6578d55a,1,[],1914710310,650,16.181517396122217
72298c7ab850e8755cc4ac45b470aad5c48d304eb100a94300d524489c299e35,85f6cf15964bc6ed56d2d28cbdd79034c2d266387daec8a17a15fdf63ff1bc24,139183,bd20cbc07471d94b9635f63350465280f4200fdfbe9db0d5033e3e5609704896,1,"[2, 3]",1915325562,300,7.487917924299836
7257f53132482c511d44cf3cd642ab8f9297e82fda5d320cb7389b4b051fb39c,497531446f77f4f43e23b896e968bcced73a5473428d80484d3ded518fd84139,139247,9c3f8cd9ed5a6d2bde47dcbd7aad7855fccc5f153e87a822baf6b424b11b3498,0,"[1, 3]",1918367025,350,8.324892668053508
727f2229cef98462f107aac49438dfd29b3dff67ba520ec1e121a61d6ebb771f,9632ae40f95c43df777111dc14dceae7e81bf62c396078caa227d5ab766db144,140207,49831b890e8dd2a1df2aa7ae6da89eb7247b291df7e8ba259c80eaba3baf421f,1,"[0, 2, 4]",1920934441,300,5.5758471712470055
728246440929f46a2dd6578c27885bd8e46acef330f8ac76983ccb3b95663688,09516783abb718b35ec8184f7219a3f06da04c1445dac060a71b7ab594873593,139311,9fffba322c64f33d26f0f9ff052a96ea3250c36cd816823505104df980866d2d,2,"[1, 4]",1921140292,450,11.690876107662916
72b9084bfc172d69f09d45ad43487c34cdcb30d07400c88f31b6214ba5de89ce,f17455207ed3f67126d63247a68c828ecd64735ebebfe6f41ab9c127582ed416,138607,23dbbe3d1494a07aa585b47f311b222d3e2f29d2008e1077942eff4e59de9468,5,[4],1924728907,800,15.27422739006579
72f7048b809716bb45ffea4004ab58ea093137ab2d94455915ce7d2890658097,3789d99fe35db50902dd83d9e5d4c0cd0a68d90e97ce08737f4216e0aa27b88f,139311,22163d342eaf2722fec1d77279c13e7ec1c61b79e72471952cb9c4d4adf9ca8a,2,"[1, 4]",1928791179,450,11.669008372351527
7323e79cd9e48f10cf5e7be9f8a6851d100a5d01cfffc007410b6b42e9616684,20962e69f4a630a511303e60b9f8e0263b628b1705e3b7ab8dd39455e63caf8d,138351,ea53c921444cebdfa917bb6a32e3a1ac99a5e95e395eb8f54ca5fc4230adbf2e,1,[4],1931732892,500,13.755304330959916
7364e225c73e497d0c403336e72d751d0b5a9145e34f9059540d44b2c521e7ba,4f711749d14b548e26474a8d23a26845b7375fdc1229020b9d3b7b4a6bc20918,140207,49831b890e8dd2a1df2aa7ae6da89eb7247b291df7e8ba259c80eaba3baf421f,2,"[0, 1, 4]",1935991333,300,5.729418082162738
739d56cc12155e040e80259fa5a4598118c3257bf450e5b926cd52b3a925205b,f6d8a6eb9ef8c097f133134cec533d7bda2bad7c6c5ebd9ed056e7609a419a74,139439,9c3f8cd9ed5a6d2bde47dcbd7aad7855fccc5f153e87a822baf6b424b11b3498,1,"[0, 3]",1939691212,600,15.964746482670307
739fbdf8b19ad7ad7ee79dff4dfe41538f9d7f1d3ec29f4ff6fc55986a2943c5,70cb43364c060c9de15f16109847702754341fe2501201d627a9244592f44be1,138543,092b53d8498e2e35e05fc9af973ca851144e8b0dcfbd550fd14a77015f162834,3,[1],1939848696,750,17.3952541872859
73f60976d504db218e52829036ea32b06b435e7897f47fd952c4f56ce182397a,11d3094ddd16f1c0b853ba2af682454eed40c44ce3e2026fde005440ebc329a3,11883,d1c543f7af0aafe377dadd154c6e85a905e4e5bf3401d3ccb817b2a117a13e94,2,[],1945504118,600,11.707807874307036
74b2ed8e49729274a7e55d7cb8a2ce30468e76d9d950e2b2cb669a02c51d1f9d,2e655ff47aeb156b1d494ad27bbd7fc76327a1a2a717d42796cb0f42a15d3ad7,139375,57d208c8365a31c3468d9f27aeddfaa06cb95b919677996b5c8d7e2118c31021,4,"[1, 3]",1957883278,500,12.188843172043562
74ed05e91e5167c9ee5fe1d687c23e3396d62241a1fe03f6a37df96cb2b37e56,da097a652096464c325588ad1e55dc15d5252987fb80905918010cea906dce10,138287,f50a67efe63137a8ef68858e2dceef1b7cdbf20eca805a4e1f814d1571d737ee,3,[2],1961690601,450,11.756355658173561
74f4253845ebc6706d83f5ad56abf4718faa31c248f3531ede3d80e82c0e1817,2413980fe16f65e7a234bd060cd9ff24e557e6ab1ea984c9148fe7df5bcc2ed4,139375,afc5a5efc8118ce29184d6deb917da4eb066645d33a633fda0dded2a6578d55a,2,"[3, 4]",1962157368,500,11.174892826005816
75101bb7706eccfd44d462900cff5ea5f7ef6b5d2b7d08bcc6542d3f4b55f725,4762c14ac75939acd9050da4083ae4640ed3be88d827d2e7285d9232191124b8,138287,4b3ddcba7c116761ea0af39e2f81df1a34f414126707b91e3b352694978a3386,2,[1],1963989943,450,8.227925654500723
75e99fc7abcdf2fb40e4a2229ed51fa05bbadcbf09fb80232104144b34587fd0,2fc8d2cf37068b225e4babf07acb1b0e0148acfccdd4aaf1fdf35d1e838af3f7,138159,6eeba99071577eebe266ac70cc9fd1b6a90b95f33cff5064f376793c3346fd16,2,[4],1978245063,300,7.560877684503794
75e9ebfaa75413c50c0e629bd67b51c98d6c8c066a87869a3b732f93389d95e2,5538f14e978acb6b2e912f446379b1e57b6dcea6a3dff1a409d0cf759463f28e,140207,5d3f79c3220acd8b4f94fb498d9b6b8897c008f3c35f5f91f22feae2d3b2a73d,1,"[0, 2, 4]",1978264570,300,7.561555506661534
76658efdd1125b468f9d7c16558b63b490677c9305a51f45ae6666cd0b63093d,d2e2a804aea65dcc38fcaf570f361a72483c32e62ec8840bb2fd128ce7f0d606,140335,7c56d4b1b341072b905581a5817abdb0d67f285582a9f4c6837599ae4d100115,4,"[0, 1, 3]",1986367229,400,10.16021821834147
7672653156a3ca690a0d56d55783c806c38f77d45d54443180b7f2ae2a510371,e84be931db2e7dfb29217eee6fc32a09444dff37105fab1eff9aa82221e00184,138159,22163d342eaf2722fec1d77279c13e7ec1c61b79e72471952cb9c4d4adf9ca8a,2,[4],1987208497,300,7.778978174552321
76fba18e4cc16d5b3e175ecc4704c610ddfa5d29eefd0ce17abe47c932003be3,a30db4ee04dff3ff125512e306ab671b75b27ad7fed70c4dca75810917a0245a,138159,4b3ddcba7c116761ea0af39e2f81df1a34f414126707b91e3b352694978a3386,0,[2],1996202382,300,4.9958720821887255
77427fd1b1d756b3361955c62fc2ab15a0fda06bf67af0f2f1b5fee4c4b56114,5b5a52802f40a847ab1f9c96b140e172b479d07ab55f53f1357bd2ad87415c79,138287,4b3ddcba7c116761ea0af39e2f81df1a34f414126707b91e3b352694978a3386,0,[1],2000846801,400,8.278600445017219
7742b68685999f2ff7cbb85279becc712b93141e8fb9aade34ea17e3fd004c07,461db27dd06757640de45cc1ffb9e84c19e049892deee2002a73c8dd88cb276e,138223,5d558a13b31059afb4770266a600615783ffb0f7fb75d92047d6fe579ac34109,0,[1],2000860806,350,9.280289335176349
77e2214d6eb28c66ba5badf8b768da579e0c25c0b1e9f46095d0ecde363b64ee,e3162a780065467ac57c7e3ab493ec43513e750dc5d7f876c695d41854545ecb,138351,bd20cbc07471d94b9635f63350465280f4200fdfbe9db0d5033e3e5609704896,1,[0],2011308365,500,12.562094528228045
78361aeae3f42c58116387336ce2b1df310b114fce5f11bddbf16b3006f64417,691a767e7116572c617faebef6bddbbaa7d2bc6aafec5bfca7de32aef356a35d,138287,d1c543f7af0aafe377dadd154c6e85a905e4e5bf3401d3ccb817b2a117a13e94,1,[0],2016811754,400,6.485125804319978
7852a3500e782f501ce7942c2c649bbfc98d9ce1c26a8b42780ef6f50f95e2b8,fea144a446e46801f0ba54673f3d030da5a8884f98069066660c5237057d5c3a,11691,437b3abaebbc57203ad30983ff145aecb9c85c2b9c67e468fa9e73e2ae1767bb,3,[],2018681680,300,6.923679003491998
78950e2bf08067199282d71a57f25ec7c79594ecaba28123d5b6a5c39e0edcbd,a89e735356b2d96a6f2a9bbfc28944b9e978c62bf085377dbdc0f287273509a1,139439,86305a2a20e4a16650c3ad53714acef1e882b25c26830d80394db57b55fb14c0,3,"[0, 2]",2023034411,600,10.155448423698545
78a1bc25a549d56dd368bf90ce638eef365728d91387d4c2b131b0d18a544c43,6d874fd5b012de235716017eb5dd4d37dafd239508d8165e6fca057caf5d5df0,139439,86305a2a20e4a16650c3ad53714acef1e882b25c26830d80394db57b55fb14c0,3,"[1, 2]",2023865381,550,10.301593275740743
78d2147a6fd293c866745dbb1aff93e2d1d9ccc68f19d68eca2f9292e66b2cdd,f29e36e7a9cc17e2244b03341fa50dfbb642022afb98f82ca7f74ff26cb112e8,11819,4b3ddcba7c116761ea0af39e2f81df1a34f414126707b91e3b352694978a3386,2,[],2027033722,550,11.644433388486505
78ea82af97926abb713dd7fbee6aa222eba743aa42dc1963df00d61800e4590d,6132022a7ede9f3b41debb4e6bc5156842e00d4b64826789d80f38e552ea8b41,140271,829847acbad2fbe311a9193329b4cca2083257e1a08c3d842a1481d565a3fcd6,4,"[1, 2, 3]",2028634799,350,8.822881234809756
78fcbc3aa695c8c48a7835f6b0b384982b4e2e92eb7176dde342b6ea51036790,e30c5cac9bcf2416510cf2c43c9af931b9a0664987e3195d35e10aaa530034a2,11691,ab3d98c08953d1fc40ba88aaada1f7878e1d21512bbcd10e4c2613220b8e0535,2,[],2029829178,300,6.8163857236504555
7915cc312a4b9caae8fcdf0f7095b5861c0292d1aa5197c1fc1703d7f0177e71,8ebafc6cd23fc85ee705e47ec3b74ebdf2a3ec8930db5372e358ba63d1a03924,140335,ab3d98c08953d1fc40ba88aaada1f7878e1d21512bbcd10e4c2613220b8e0535,3,"[1, 2, 4]",2031471665,400,10.873716183006763
7945505093700243139a68e6ad4c9ed524de89dc36cc73c74b2cd256040057f2,fe2cc045cc231dd03c07ba8cd6955e31417bac77c24fdf718c712db1da614e02,11883,772d76457e131d5688a4d592c44e9721ebe25758d5988f5e3bda800d4d0e0dc0,4,[],2034585680,650,11.218579649925232
795774fc77a88a53cbc279f959bc7efa2bdcd25a85beb5a73305ff74dcbffba9,da1e3b2d76f73341c65fcd0eac4ce59437c100150c94a5e6827bbbf7f3534346,139439,092b53d8498e2e35e05fc9af973ca851144e8b0dcfbd550fd14a77015f162834,3,"[1, 4]",2035774716,550,12.648522661998868
79836172fed2e7a5673de146f29dfb29305b66f9a218e4dcaf6c24a4585deb79,bc2a94b890bc9e66ea17b81f6c5d7fcd4d39d79c19cacaf30da875feb2a07dea,138159,772d76457e131d5688a4d592c44e9721ebe25758d5988f5e3bda800d4d0e0dc0,3,[0],2038653298,300,5.587431261315942
79a21ace9b42c53224d1139a046a4c7a5c565346a74454b0a91cb60aaece3af6,a78803357c86ac739c2f08b2c7a355eaafe758413707aa538871a5cf6386d485,140207,437b3abaebbc57203ad30983ff145aecb9c85c2b9c67e468fa9e73e2ae1767bb,3,"[0, 1, 4]",2040666830,300,7.163106318563223
79eaeeecf0e860f8f260103b2d22146e46393547a755f90f6fe11a0ebdac9501,c490ad2e30a0bac7bf39bfe0d734482e7b518090896a3625c9386583dc51c779,12011,829847acbad2fbe311a9193329b4cca2083257e1a08c3d842a1481d565a3fcd6,3,[],2045439724,850,18.97282181493938
79fe86fb4dc36a0e97c1cb47171d518fce44bb53f17ae47b99b0c857f55bdc16,caf1ef9876588e325c81762a83d14ed1367d475198ea8ba356eea611d8338ceb,139247,464464c8ef7bd4eff076591a3186aad12ef0163e0cd8d5d49d482e4d24f86eaa,4,"[1, 2]",2046723835,350,5.750667065382004
7a18a8afd6299b13955fb4aa48cc9ba52b0fef9e0f8b2b86241096f5a314e86e,267763182262d9209c45242610f676b9f06cd259669801ad9ee1af9d3828ab93,138479,464464c8ef7bd4eff076591a3186aad12ef0163e0cd8d5d49d482e4d24f86eaa,4,[1],2048436399,700,12.254929447546601
7a78e0a92d6f14211610db33d4f149914d144df56581c9079150589cf76a7fcd,b0fe8ea838b53135cbc53866f2d7a4976a1ffa339032ac8038d9ce6f5f9f717f,138287,fb79a0e49312dfbecd543bc6c8ed2a72b2c1e3be0a6a2650c2486a31fcbd3bf7,3,[0],2054742185,400,6.486516121774912
7aa2b09fd1557ba85881fa954ecc52fcaabd9c35dfb2eb699f76888ee14f0319,9221c92c0e27de9436b0b5b2e617387d0d833bd3a241c9cf448434948fdb6646,140271,7c56d4b1b341072b905581a5817abdb0d67f285582a9f4c6837599ae4d100115,1,"[0, 2, 3]",2057482399,350,8.885477451607585
7aba82d99de352dec150cd960aa8248b63aaed34e38f7f83e0d92a4a2e11a895,03b35659fd87478a60deebfe931e9c0aefa8f9e9d2d63342b839d09312c6362f,138159,f50a67efe63137a8ef68858e2dceef1b7cdbf20eca805a4e1f814d1571d737ee,2,[0],2059043545,300,8.002304710447788
7ae9addf8f9f87f53b1bdda49f2eb9e6d40919cc4bc8013ecc72e4df47e4481f,7d5dc8c400a923b5f78ea13b41e34eacf9a504e9fc727b7f0f2eb1ae4ec4bc0e,139183,5d558a13b31059afb4770266a600615783ffb0f7fb75d92047d6fe579ac34109,2,"[0, 3]",2062134751,300,7.4248425681144
7b0305af9c2b9791f34819f20ccc8198328f2735b21904044847519d1108f158,40a908e8123ecd351dc77dfefef94d4d7f5b0e7db665be83d5c5633f579dec50,138223,5d558a13b31059afb4770266a600615783ffb0f7fb75d92047d6fe579ac34109,1,[0],2063795631,350,8.56601470336318
7b293598784432e920886e5161514bb426e29bc222397e15216ef28b4eb7ecc6,ba7383fa31c75ae20fb8bf275c125a1f6d170b7e23e4fc33078cff7546872dff,140335,5c757fdead15c34851ce7623c30897869726b06083c8d44aab3bd436b27cc3d6,1,"[0, 3, 4]",2066298264,400,9.12456489354372
7b7c0f8a6cfdca584f8279a24f1cf4512c03d9cadb4998778f7f0dde0e606f06,4300aa6681221f153f3e3a984af5a3848993d16a33df64ff1ce259d5560ff1f6,138159,d080ca249b712fd36e131cec67180f8effe22118a90afec65706b2cac240832d,0,[3],2071728010,300,8.356641685590148
7bb2a60f9170479bab946c16811e23a4a3bd6111ccf40e1fc838b774e744026b,65731121902c94b695fe4b33979d33ba0880ef1628be69bb388223432d281c1b,12139,57d208c8365a31c3468d9f27aeddfaa06cb95b919677996b5c8d7e2118c31021,0,[],2075305487,1000,22.404202876612544
7bce92df9e846c426b2fde05e9a84131071a571d15d9ebf7a46cf7407d9a5923,4d57babf22a031ed2ec24870d9e08cf3dffc6a64535ef47121cb235504ec1a35,138479,9fffba322c64f33d26f0f9ff052a96ea3250c36cd816823505104df980866d2d,0,[4],2077135583,650,14.725918300449848
7d04655415a762609235a6dfbf81ff6942f10d3a408629845c84df8a94f4f983,0c6e63c8b153c89507126cd4613b5bf23334e99e12304fefab2b1b844812b049,138159,efff204740b93bf0466ee2b3e392663d68b4714aa520775e00267540b847f92b,2,[1],2097440084,300,8.518272714689374
7d2529bcf57f0a0639098830e4a413b84d5331d2cf71b912d8be1ac7a7e44854,a8055ef79d62a2626e34cea2e937a7871916e8618245980b58d67f538c0c8173,138159,22a44ba55f7755249900a35d1ad3ef5f17529c4abfa0a0934964028da7034ce6,0,[2],2099587516,300,6.741590075194836
7d646fe9ad8ab57a57178e91d933afbb6124382bd5355370a7c3c3e314987045,bb308f348a230518b5b4d1d9f506672c4dbf1de91ed9e4abbd1b744551fa9525,139183,5d558a13b31059afb4770266a600615783ffb0f7fb75d92047d6fe579ac34109,1,"[3, 4]",2103734249,300,7.506248332560062
7d7a00e3cb53e5005c7a60075fdcaac3413047a451cee6456fdf57967ebc0dcf,889ad1460e6c3b91a24329d79ef0b0a208d45493317ecfb37a214fac94e3d0b2,138223,5d3f79c3220acd8b4f94fb498d9b6b8897c008f3c35f5f91f22feae2d3b2a73d,4,[2],2105147619,350,8.596320493146777
7d8df13e7d1deb97c146ffcf2c195a83f168e7124380465edea5876427b96ba0,63213a12c5767bb8ef0d2227c75114a3f3b1b0fe1492b4036dee4a8eb303c5b9,140271,ab3d98c08953d1fc40ba88aaada1f7878e1d21512bbcd10e4c2613220b8e0535,3,"[0, 1, 4]",2106454334,350,8.62111334502697
7de4f34760d3edfe9d0ce5e461fa005a51e105247b51dc1dc0cd83ea17ea3c66,0001619d955199d3a35c88389746a658f0b580ddc9fa0bcf433f53fe3744cb64,138223,4b3ddcba7c116761ea0af39e2f81df1a34f414126707b91e3b352694978a3386,2,[3],2112156487,350,7.141489898785949
7debda5d074540a7e55ce06198fe6623bd37345b5eb5148f60132d1be0d77af5,8fb754b7b44e7b7fc66bd90d20184b51e41002e142a54b6b57094f74dd075866,138351,23dbbe3d1494a07aa585b47f311b222d3e2f29d2008e1077942eff4e59de9468,5,[2],2112608861,550,10.758157370612025
7e095a308472e99b7cb3fafa922cbbd134d38de8c5c4b2e94ab2841e6ec9099e,05bd79cb659b3f99e90ad8ec9ef0c62c45b0982f14bdf9e6ad6290dc266460c4,139247,683a5ff373a826aaa963d3c19ef34fd145b7eacdb00cd2158a7fcc88bab93201,3,"[0, 1]",2114542128,350,6.140296187251806
7e2b086e407f698bec606d8a3ce05c8ff8fef1837272149f615f6f8b7e7e8cfd,c11b241abc3c563f7e8895eee9d4542216a11ef6c54e4da96ab4a98370e5d83f,11819,12c56c31bb01cb520e8a731750291b880923cd09bb364b2445fa5281392d505e,2,[],2116749422,500,11.316592428833246
7e3d87bcdc887b01ccac812b8f34392cef78308f68d851a2baff07ee5476276b,b8fd65e561524b7facba67fe88531abcec574cc6b0bd4596c326bd91115b59fd,138479,7bc80131605efe4e91e07681658c4a71d320633a5d39b2fdfa028e57b3072599,0,[2],2117961660,700,17.276678144931793
7e44e02576f24e36f26e3c63d1a12e34e2e6e68786d5f5c3018592f37134d9f8,2468ed81902efe82499cc3159d03ad668ade9f6748c89b889cf5653bd772222f,138159,464464c8ef7bd4eff076591a3186aad12ef0163e0cd8d5d49d482e4d24f86eaa,4,[3],2118443045,300,5.901251215487719
7e858771a6316df4c9b6cebedf9bf72473fb1081510b311188db5385c6dd26cb,29d7f38468a08c80d30051fa8ea05c74c160aa64456f8c2f68add4d73f3a8d96,11883,22163d342eaf2722fec1d77279c13e7ec1c61b79e72471952cb9c4d4adf9ca8a,1,[],2122680177,650,15.084682850167155
7e9b16451928a2d38af8d5a9f7b4bb857d2baeb01b7351688ebe2bcc802457e0,5c6c0ddf5c6e5fd6400c5d5d856249f9c66c19338951ff6daca4c13a36b7f129,139247,22163d342eaf2722fec1d77279c13e7ec1c61b79e72471952cb9c4d4adf9ca8a,0,"[1, 3]",2124092997,350,8.72304224409163
7ed0fc27aad59dac6b0c0300f6be65546d011e8f078eb7c9c1682d20b8afe3a8,caff4816808184fa04dcaf31b9db001e5c2f7d4e5d44bc5e6a23d3e5c0a714ef,139183,afc5a5efc8118ce29184d6deb917da4eb066645d33a633fda0dded2a6578d55a,0,"[2, 4]",2127625255,300,7.480098502710462
7ef9d67cc2f857a7b7573cc149290fb07d31aef21edf256ed8ad8646f25041d2,b390feeeee55e71d068a43d96983ecca0277320830ee2b41b941a8444fb537f8,140207,7c56d4b1b341072b905581a5817abdb0d67f285582a9f4c6837599ae4d100115,2,"[0, 1, 4]",2130302588,300,7.804493971168995
7f0ea9c03c6d88e701c581a284353bcd37e2ef754979bca6176b4f98705e61be,4b5ae2ddb53fcf01de2f568f7fefb1f12a747d0909a6c2b8690be9cb4d2c2b6a,11819,4b3ddcba7c116761ea0af39e2f81df1a34f414126707b91e3b352694978a3386,1,[],2131667392,550,8.989360578358173
7f32ba49e55edf0e0dadb01ab914bc1208ec47f80eaf841d6db78b2f95176d03,2fd22f2c42ee8edafa1c447db0bc26fbd3f89280648580557f8f87e14589ddc9,139183,5c757fdead15c34851ce7623c30897869726b06083c8d44aab3bd436b27cc3d6,2,"[3, 4]",2134030921,300,7.133607313036919
7fe9e06183fef5c3d8a38b016cb87aaf76f9dcf0b1dccc0185fda19dac607c04,68642a7a1de12866e35ed05b87026369e6f5008cf675a572f1aeecd1a37225a3,140207,732193d6e75393da040e8142ee46459ecc1afbab9c9965b48c5621d1c6018390,3,"[0, 2, 4]",2146033761,300,7.630930837243795
7fed3f89306d01c0369ff7a5b6d6fb55a1c6775c15df92db6ecce4eed1258c3e,79e468ad28714728f4a9b1b74e43feba9f310dfe92708dea3a8a5996b3ea2446,138223,092b53d8498e2e35e05fc9af973ca851144e8b0dcfbd550fd14a77015f162834,1,[4],2146254729,350,7.880790593102574
80f8ea9f7783e573f862ca9e0384e8f1b30354458f7910916596a5c7e5150446,62e524a6e145436d10a8201d7ac22e7c9520f12c56e4c9d8f54ea35c3fae0f9a,138159,57d208c8365a31c3468d9f27aeddfaa06cb95b919677996b5c8d7e2118c31021,4,[3],16312992,300,7.683110095560551
810aebe65670b7fc1a69293afe94c47d21a49318e14ad2df2d099b1c2b1857a6,7503cbfd3ab4e194b981ad70d2526574a29dd1902c23ed7e49b434fc474b5d12,140591,23dbbe3d1494a07aa585b47f311b222d3e2f29d2008e1077942eff4e59de9468,5,"[1, 2, 4]",17492967,750,14.508522996678948
8172c175bdf1b7b09c9358b5c3a181b060b630c0f6b85447e2d855b68e6c39d1,601a0993fa7c99ac1aedd444b9123ff1d1e148ea553b3547132a748c57732c0b,138159,f50a67efe63137a8ef68858e2dceef1b7cdbf20eca805a4e1f814d1571d737ee,1,[3],24297846,300,7.52153986133635
81bc8b1927b6b3dc1bfc7c7f7bb74ca0aaa533ae0db1de34a76b67f3b6a4da2d,364bccee22cbb047f09ae7b2dc469a99d69242e3ab3c188a96255eafbef81476,139247,9fffba322c64f33d26f0f9ff052a96ea3250c36cd816823505104df980866d2d,4,"[0, 3]",29133594,350,8.874856926500797
81e75b8955643128f9ff2d3da714ecfd55889e09bb26dd98bf01752bfea0506b,f43e84fa18970713c08410769a7bcc946c0278f7e43d75578d5b00f66ede0da7,140399,ea53c921444cebdfa917bb6a32e3a1ac99a5e95e395eb8f54ca5fc4230adbf2e,3,"[1, 2, 4]",31939466,500,13.312300000339746
81f396fcc1fc7a3d45354d94fff2e644eb1d5d7bce9a9db288a6692470c03903,20c1c3869ca11ab3ec522d15c114642ce7cb37d0ea6b63f62d280a0ec8b09055,138159,6eeba99071577eebe266ac70cc9fd1b6a90b95f33cff5064f376793c3346fd16,0,[3],32741117,300,7.896504316478968
81f3facfea52791e4195ae71c97bc6458cf04bf2c64f2f90eadbdf76feb7750e,c9538460f677966fb659436faf45e2c6c491d921abd3f3fd4753b4ff4478547a,139183,8c110d60f77bf466fc881480ad0699385c52ed2fb9d9883d40a8fc17e38f940b,3,"[2, 4]",32766672,300,7.566358916461468
821d9b37d35191076b777d4557190e95db7773d6c9222a4ee64615079208c5e7,2b03a8f4c60451ead6211174e772ecae7116a81369d8ebc46ba677c96d1bc059,140207,f50a67efe63137a8ef68858e2dceef1b7cdbf20eca805a4e1f814d1571d737ee,3,"[1, 2, 4]",35494712,300,8.507519068196416
822988547aabf9aab7dc5bff833381809f8d2f3b2216aa9166e12eb96bfe4fc6,00d12abb6120b46a79d58e038cfa92f38d78293c1d8f14ee5e3dd0c1ee275cd5,11755,772d76457e131d5688a4d592c44e9721ebe25758d5988f5e3bda800d4d0e0dc0,1,[],36276309,400,7.387346798554063
82de041a7638470d653137da19a71e427fbbe53b18325c6b9d00ade2a930ba11,9d89d214d1e53f7a0bc3ebe5c2a8abeb7a3cc9803c42d466e4812d59c8672cd5,138159,5d3f79c3220acd8b4f94fb498d9b6b8897c008f3c35f5f91f22feae2d3b2a73d,1,[4],48104475,300,7.550823155790567
8375333923321d5df29061441bc376a7fcff7e63c21f6ea45b43f61c6092312d,cca1933fe302ea3cec053ef58a7b539b5eb9f453882848c200352396fd28f7dc,140207,ea53c921444cebdfa917bb6a32e3a1ac99a5e95e395eb8f54ca5fc4230adbf2e,3,"[0, 1, 2]",58012474,300,7.311464725062251
83c483eb977b4ac058c75bdff77c02f691982ae94fc1d74280e278ab6659057c,ec881d0405c9ace45c47bbb49053abf80a0828fa86befd530bd085ad46deb706,138287,092b53d8498e2e35e05fc9af973ca851144e8b0dcfbd550fd14a77015f162834,4,[1],63210476,400,9.753920769318938
843b153414f0d0edad9b5d89b505817cf59c0e74d4b442d81e0da653cd6866ba,3569e017ff270eea9fcb395b40d2f9fc36568dc34eb2f8cd7bf0ffd4ad61ce48,138159,5c757fdead15c34851ce7623c30897869726b06083c8d44aab3bd436b27cc3d6,4,[0],70980917,300,7.075163789093494
849293f1aa69f54abf0b496d085f43b594aeeba5326c2e9e218f0a057532be98,36c69586a485f27b94adfad6969dc92d56efe0b7c9baf2f4201588afe0ddb056,139311,02eab91b075413e6e8a84cb24ce6671e1343da9c576880eebdfe3e168b12189d,4,"[2, 3]",76714994,400,10.842327695339918
855a35857e323160a064379c75154b5207eafb07b6326c4ca2272be16789a258,d66ea16d435db4a79a666aef30af51e169f881674c4a9e1de051edacbaeb44c7,138287,5d558a13b31059afb4770266a600615783ffb0f7fb75d92047d6fe579ac34109,4,[0],89798022,450,10.983635507524014
859f4e9d17ae64b4b6151ce4f381185966caa2213605e26f9b95167c03c0ac33,bb96b5a5dd7b03b64b26e102ee9998c39b29f45a49f78eefd7ef14adc492ba88,139375,bd20cbc07471d94b9635f63350465280f4200fdfbe9db0d5033e3e5609704896,4,"[0, 1]",94326430,500,12.382870964705944
85a1e6fdd49817078b4be9d739baad733160c013bea20b962f6382a5958b8587,7b64fd273e0c4e6837b23fc9b20a27a499a9d85b99da34bd54bc96cacb640be4,138159,5d558a13b31059afb4770266a600615783ffb0f7fb75d92047d6fe579ac34109,4,[1],94496510,300,8.310581140220165
85ef891b99797a692cd3fb410e9149f0310fc89c2504deafc7eaeff5339d4255,44973a90ebc169b6954ee992cc8b7108188fd256c42490a5f494ffd28d63ee5c,138287,437b3abaebbc57203ad30983ff145aecb9c85c2b9c67e468fa9e73e2ae1767bb,0,[1],99584284,400,10.155517665669322
861abfaf6c6b73883cc8bcdeb31887ef99b5e254e7b8a99ae4655e6136e0711d,05e74d123905e9c0418817395f1e86965ee6b3b0c2841364188f2c52accc6ba8,138223,732193d6e75393da040e8142ee46459ecc1afbab9c9965b48c5621d1c6018390,1,[4],102416304,350,8.198991537094116
86a326207e706b1634fab27b128cf64548fb730d861bd1cad651cc05d3120ffa,66a420c7ed66696717c0e79c66f5ae86138a397b413974a4f38427290806d569,11691,5c757fdead15c34851ce7623c30897869726b06083c8d44aab3bd436b27cc3d6,4,[],111355425,300,6.582429761067033
86a82eec5e96125cfb81d3fa287a4dd2b0427b4fbbddd69324e96e9c5651326a,f0374805a55f8398b5c2363791e7a8ed8a04f2fd9207d66eddf7bde0089d0689,138223,f50a67efe63137a8ef68858e2dceef1b7cdbf20eca805a4e1f814d1571d737ee,1,[4],111685357,350,8.863464765250683
86af3da7d8e9138ab55482cb4363dff18d04ea2130135beaf54baa3efb9aa0f6,20d29a9ed2b3f4efcc83449cab15ff4a675af3a085a2f732f144e2ebdd35e15d,11691,9c3f8cd9ed5a6d2bde47dcbd7aad7855fccc5f153e87a822baf6b424b11b3498,0,[],112147880,300,6.964611629024148
86c30825c18a794bb8701105a9e54c9b833f171055c69e6dbe8786ed19b45ba7,ec3f3694da9984cb990eba71b6406797b8985b8d5840ef22263ce5e80cc011e7,139183,22a44ba55f7755249900a35d1ad3ef5f17529c4abfa0a0934964028da7034ce6,3,"[0, 2]",113444902,300,6.47450071759522
86d778a7443b5f5f6101437565a50be4a1d1eb7b050eb1cfb1401f33cffc5698,3c254fba67126402975dcdb2a32301d2d3c96a0a65594ac6f807016c238bdcef,139247,092b53d8498e2e35e05fc9af973ca851144e8b0dcfbd550fd14a77015f162834,2,"[3, 4]",114784424,350,9.326943477615714
872c29ef766bbd803cdfd74b3320578c19190a2ebd82aec507f4ec84dc2a05a2,23ccf2786f79ddc37d84eeab3829259d968c6f2b9fb3986d66e3a3eaac13935c,138287,afc5a5efc8118ce29184d6deb917da4eb066645d33a633fda0dded2a6578d55a,3,[1],120334832,450,11.557117434218526
8771b5e5f0f3a0bf72c053cf1cb25ec17111f9cd4397877fc4bfdc5cd66e78ba,31f21befaf8c62076ede44dfc457efd4100efab9d509db8e1c4604d4290f2a90,140207,efff204740b93bf0466ee2b3e392663d68b4714aa520775e00267540b847f92b,2,"[0, 1, 4]",124892646,300,8.257583228871226
8782a28adfb987b2f6bf1ab9aba7cbe8281a6ffa4e6478822d15d28df4f65c6c,c8920b6e5eb6cb66cd69eaf9a74329a270b9d43f8465beff634893fe8391e55e,138159,ab3d98c08953d1fc40ba88aaada1f7878e1d21512bbcd10e4c2613220b8e0535,0,[4],126001803,300,7.220015577971935
878beec93d2ac458eca8d61898339663b4aa1f609b610a2349dea348fbb36e2b,e260bc540ff08a7d22857a08f2feb6c5e08cda3eaa1f1cccbb8330b9d6c5675c,139247,437b3abaebbc57203ad30983ff145aecb9c85c2b9c67e468fa9e73e2ae1767bb,1,"[2, 4]",126611146,350,8.652202311903238
87b2b92d2d620d46e1ac4763874baa738a310d650727fa7300cd69b0bee4ccea,634860e5827050e401476f5dc6bd410d207033e453c93e8516c1e892e407b904,138223,efff204740b93bf0466ee2b3e392663d68b4714aa520775e00267540b847f92b,2,[4],129153326,350,9.018065312877297
87d9334c5b10b4925d636c23d2ae8620a74ecfd7ea66119d4c1854df7e812e89,9ea52c284c541d22353dc6a8f27fbd731b56095f089930c6bba85377eac889f2,139183,22a44ba55f7755249900a35d1ad3ef5f17529c4abfa0a0934964028da7034ce6,4,"[0, 1]",131674957,300,6.621778825297952
88050ffa07e961e879bfbd6e5f3ca1b72abc70542902b1b34bbcab5f24234161,db1fd6b0a2ee2040d350499fbc9938eb2197bff405f3f26e27367fd6db4045b4,139311,7c56d4b1b341072b905581a5817abdb0d67f285582a9f4c6837599ae4d100115,1,"[0, 2]",134549499,400,9.854290818795562
8821a928b8e4c26e1b5e2603a7f555f966ba685ad43da863150e9644bf2a1603,c023fba11f90dc6f538095f22b9fa3f63e25cc0756373fe6377aa182ecb2166e,138287,c0237caf096c9efd2af515b279f81e542fc9a923e435a0db7a32b79ddccd0131,3,[1],136423721,450,10.838576959446073
8826f2c3c39384fd8f1a0623ee6f91cdbe9aa67d2a537c3dc24c954a4a4625ab,2b8b529cd1358b35549b033811d0225013509b1be5c73c9b2f9738c15f2ced6c,11691,9c3f8cd9ed5a6d2bde47dcbd7aad7855fccc5f153e87a822baf6b424b11b3498,3,[],136770244,300,6.3714896738529205
88325269a4a30d07fa01b6a2cd9b7dd448cab89247398d20a1a70026bef48334,aff9634e57730e79aa260916e1a86c18f55dbd448573d8af9ec1f72a847b15fe,11691,9fffba322c64f33d26f0f9ff052a96ea3250c36cd816823505104df980866d2d,3,[],137515626,300,6.911776704713702
883295f0b1023ebf94b2f33eac471ab27511ee021275a23991f841f85463fe8f,edda1945d4757e07cfbce4da5979278b470b01f178a69e369c7902ef1b90b73e,138159,f50a67efe63137a8ef68858e2dceef1b7cdbf20eca805a4e1f814d1571d737ee,0,[1],137532913,300,7.215443195775151
88727521a82f985a5e2d4658d8243a49242a1fd0b512dc8d08f2f182f71694c7,d672339d7bdb69f55c50a9def9c4a1f48cbc10de0b3a1a558712d2cd2f9312f5,139567,fc725721fd66039f54fdd8f90e552f03aab157bb5989fcb4a18671f15ccdd144,0,"[1, 2]",141718818,750,18.412115316838026
88d6031531c7b331fd4b8bc6958c5cc5d81a70b8414da4df17f628bd1bbc0195,d999e55ce13a364f2f31838ae7c2c60efa51869e82dc212e413ca8ecd5f7d404,139183,437b3abaebbc57203ad30983ff145aecb9c85c2b9c67e468fa9e73e2ae1767bb,1,"[3, 4]",148243222,300,8.264516618102789
89d1b39b4a06ecc03116e682ad2ddcfcf64826b74d2fa9a1ae2a745cb3c6872d,a1f75f55a0ad84b772ca86729b2a0f9706e5cfe949e9f2cc7b2d6f4da20895e6,11819,d080ca249b712fd36e131cec67180f8effe22118a90afec65706b2cac240832d,3,[],164737948,550,12.735423823818564
89fa4f903583528bf2251533be96ddbbab9ce3d390bcd80992f4e346d781b1fd,46b14e4eee718142ebb91ca795c2c2ec180b9f1da7d68a73590b5efaede65e35,138287,22a44ba55f7755249900a35d1ad3ef5f17529c4abfa0a0934964028da7034ce6,2,[1],167399313,450,9.052672984078526
8a3ce46e472e45b7ad2f972c3f433dfe6aff21d5bc6fede206b25c4dff09a326,58b9e2f79567c0d5b04e0cdb0fcb13ac181a5029a8c756ebf2a011da7bb90578,138223,9fffba322c64f33d26f0f9ff052a96ea3250c36cd816823505104df980866d2d,2,[4],171762799,350,9.455614376813173
8a3e33d910dcb708a49cb9b046e17e5da8a5b45177e3fec3fef22d6584027655,b3b8f2652c9cd623f236f1d43cb46873c292b020d6380b98271cf258f59951e4,139311,829847acbad2fbe311a9193329b4cca2083257e1a08c3d842a1481d565a3fcd6,1,"[0, 2]",171848666,450,11.255350675433874
8a6ab83d12bc8fcde969f6e3d5ffb5259db18d2ec26f3f5011b5e3293f1d2739,36ccbef5e1062f9de7548087d47ca30784658d0ac65bc4fb9a9a12e284b3deb4,11883,464464c8ef7bd4eff076591a3186aad12ef0163e0cd8d5d49d482e4d24f86eaa,2,[],174766142,600,9.606951067224145
8a9aabcbbc8a63fe66f3f8435ea1d6bbf1b7675204cf543baaf4486d34dd765e,cb0ee44e8383910ec4ff107d87e28408edc7967bfc09f961e6f0aad6b6af755c,139247,5d3f79c3220acd8b4f94fb498d9b6b8897c008f3c35f5f91f22feae2d3b2a73d,4,"[0, 3]",177908684,350,8.763456089422107
8ab0191f20b3345a380fbdf8dda2dbe5246c90a084110f0821d4db9670fa2145,f7206b46cdfe6b8027460929f6585033ce6b9c3463182af391167552d1893853,138415,464464c8ef7bd4eff076591a3186aad12ef0163e0cd8d5d49d482e4d24f86eaa,3,[0],179312928,600,11.61133504472673
8ad38734586951e6526989e38465a8ab4c4c242de1c0c555e0918d8c0b7c8ca4,06beb5c05f5e528fa52782f400e0957f29f69a46d7a48eaf8390d9fcdffbafe6,139183,683a5ff373a826aaa963d3c19ef34fd145b7eacdb00cd2158a7fcc88bab93201,4,"[1, 2]",181634869,300,5.151048691943288
8af24f3ad8f0c6a9f0bd467fd680283bbfc6f8495b49e12f235031b77c1164d0,94b64b92b38a39bafc31cca560c3df5173af264324f7243dd8cf71e09228cf1c,138159,829847acbad2fbe311a9193329b4cca2083257e1a08c3d842a1481d565a3fcd6,4,[3],183652155,300,7.310527330264449
8af6826d9dd802b4fd8605c8fdeb45266245c60279dad63bd089f6169b02027f,58dbafa724b6008ef3276b985992332dd536104d8035d00fe7387cb25510d9a8,138159,12c56c31bb01cb520e8a731750291b880923cd09bb364b2445fa5281392d505e,4,[2],183927406,300,8.034946199506521
8afe7fd80d0a63ecb53e4c8a453ba306c5dd2f9803f36b5dd60449a5e6021237,60d6af841d0d2be07ddd28bcb1cbf118a454aa1eb046864aa831dac1f70c9bbf,138223,829847acbad2fbe311a9193329b4cca2083257e1a08c3d842a1481d565a3fcd6,4,[2],184451033,350,8.498408611863852
8b2fa466858220651f0141922ea1f0bc220065846bf9ad9c3990e4289af11810,3872a31e96ff8e620e4d0555ecd42e90b9906e3f334b1007d7ce8bc579bfa66f,140207,6eeba99071577eebe266ac70cc9fd1b6a90b95f33cff5064f376793c3346fd16,0,"[1, 2, 3]",187671655,300,7.21228357963264
8b624aad5ecd4b7c271f078613d03761abb8c157f10d4509578fd5e8ad4a4e1e,e60c7c7f3f89de1ebdc57267c4a8d4b070db650855856fb191593705165b6f15,138287,7bc80131605efe4e91e07681658c4a71d320633a5d39b2fdfa028e57b3072599,2,[3],190991022,400,9.9364801235497
8b7024abe6fcc4ca529fb2d19e3cf72a53e0fab29ab3cb06cae60818a60533f0,052680c408be0667be25f65d3f41e165f15ad465318cf194a24a1410df67b7a5,139311,d1c543f7af0aafe377dadd154c6e85a905e4e5bf3401d3ccb817b2a117a13e94,3,"[2, 4]",191898796,450,9.0781061463058
8b78075e57f2fe2124d83614bef38022fb68c4b9e63782c6ce8158f236199f78,f73492ee9b262caad557077826d7b1f171a41fe3309050f2f6a1d5083f30a3be,11691,683a5ff373a826aaa963d3c19ef34fd145b7eacdb00cd2158a7fcc88bab93201,3,[],192415583,300,4.601353220641613
8b7d3f234e12f9b6244837fe298929830254e8978d788eed53a9552ec4111076,1b7041914109128d54ee9da107cad78a039e4161b01ed64b1a244d7591d7c06a,11691,7c56d4b1b341072b905581a5817abdb0d67f285582a9f4c6837599ae4d100115,1,[],192757540,350,8.141984298825264
8ba16957c1dd578694b61407366dc9d7b53730217a627eb6c978bec431789393,9da7cb6e88531867a31aedd5f240fc8f701a9f4e166daba0f4ef905d3aa05290,12139,9fffba322c64f33d26f0f9ff052a96ea3250c36cd816823505104df980866d2d,0,[],195127640,1000,23.504868241026998
8bb36179f1c2969eb005a68257157b365c600e660477c7bed832d0353aad3341,7ed923a8b66325e686c39efd44b74939c8703a31143b2261d2b535f6844526ed,139183,12c56c31bb01cb520e8a731750291b880923cd09bb364b2445fa5281392d505e,4,"[2, 3]",196305274,300,7.469035746529698
8bc125737f5fda3bbbbc54a29173922ef096a44cb97d53f419e96ed210757554,f1ef77a9ddb1210ab98808dcb66b26d52972dbd3c8e99adb2f8107c63ed65184,139183,bd20cbc07471d94b9635f63350465280f4200fdfbe9db0d5033e3e5609704896,1,"[0, 2]",197207412,300,7.462644128128886
8bc51f8b9bb2ac0e46f89f0ab4e2e9421ef1549efd943bb408bd945a97f450f5,de142d583c7df9a95fe2b21eb88d85c37901e35f3138e4aff2d6b062ddb8dff3,139247,ab3d98c08953d1fc40ba88aaada1f7878e1d21512bbcd10e4c2613220b8e0535,3,"[0, 1]",197468044,350,8.802016071975231
8bd944c85d68e8a22aea6221652fcb1d79f427b47799ca95443f951865cb33cf,8c69410040c117b5da2b103ea1f10e88aaf5d3a1c59daac78b8810d67d76a973,138287,772d76457e131d5688a4d592c44e9721ebe25758d5988f5e3bda800d4d0e0dc0,4,[0],198788297,400,7.38800298795104
8bdfc7a20c57b51b671ba1567a06cb9bd98a52b0703144477387c8d1a76b622d,0dcf5f5219f0a3900e8b9ca1ece078f6972a3c600a63e3460e677c5139f7bc17,139183,efff204740b93bf0466ee2b3e392663d68b4714aa520775e00267540b847f92b,3,"[1, 4]",199215011,300,8.541423348709941
8c1aaa2666d3bab7da489dcb8c2e5f00cf22a384d7d01261e8bb984707f9b0b4,d3ee0971ed2fa14c020f559d63ae2db79db789541f8c92dabfb520fd291bf157,139183,22a44ba55f7755249900a35d1ad3ef5f17529c4abfa0a0934964028da7034ce6,3,"[2, 4]",203074087,300,6.135472938418388
8c491050e0c2ffc28ab6b41699ca753ce0a0f72f29e1e8da4d3ebf44520bb14d,d3f6d57d7f55b54ce56ceda37b67b58baaaadec2ce23e733fa73ef36801481bf,138351,ea53c921444cebdfa917bb6a32e3a1ac99a5e95e395eb8f54ca5fc4230adbf2e,4,[2],206114897,500,13.364673471078277
8c56033a6cc55f02facb851e65f7f58efdd1cf7f5dccd775ccab69987455ecbc,8b569b4986e72f158700f0638a47c9b28c2419b5ad03c8ee0b2b82f828160079,139247,732193d6e75393da040e8142ee46459ecc1afbab9c9965b48c5621d1c6018390,1,"[0, 4]",206963515,350,9.876697655767202
8c80d731a595b32524f6e2699e7db8e36c5bc8d1e7b811f3eea4b370535b5be1,fca97bc5e6012732d4b8a504861e97c92d099fd92809f26005b72fde7d9994bf,138287,49831b890e8dd2a1df2aa7ae6da89eb7247b291df7e8ba259c80eaba3baf421f,0,[1],209770290,400,7.919994099065661
8d29e6f4854f95924e9f9b49d761cffcfbb63ec381130c00af5cc7f1a9d9cd22,eb63b4b45b8c10f6b278162fd3a7795515f002b908e3600ac680534ce7515f8c,138287,fb79a0e49312dfbecd543bc6c8ed2a72b2c1e3be0a6a2650c2486a31fcbd3bf7,4,[1],220849909,400,6.68168637342751
8d463d91c747f5050ad869ec2d126a16951d9e25f1a8d2b52311c370235f858e,e053e04d28e0fa99feab16c44b534f81e43aeff6488dce4f192bb19a0828ac58,139183,efff204740b93bf0466ee2b3e392663d68b4714aa520775e00267540b847f92b,3,"[0, 1]",222707090,300,7.933750923722982
8d5668dcef6dde3ff6c4219ebc5ec537af50e41a707221eabd59d7e621c740bb,414b78472884e62b0d025411bcd6bf9824f7f5d5506c60718b40385c386e506d,138159,9c3f8cd9ed5a6d2bde47dcbd7aad7855fccc5f153e87a822baf6b424b11b3498,0,[1],223766749,300,7.724829437211156
8de8ffd612eb864e0e24632bc5b905433b93588dfae25d87c54c2d018a8ff8ba,1d9855880d9ebb68fc759cd33d0b519c0b7e6f63e479c991263b5935f399ef87,139247,d080ca249b712fd36e131cec67180f8effe22118a90afec65706b2cac240832d,0,"[3, 4]",233373655,350,8.766397010535002
8dee92d3a7f9b60c58e7cbfe869ccdb3d8a35923bb690a970d5ee275b6f99c6e,4f186d9ae8894178395058b660dfff1ab0ae4e4266dcc94c0c8c31bc646be6c3,140335,57d208c8365a31c3468d9f27aeddfaa06cb95b919677996b5c8d7e2118c31021,1,"[0, 2, 4]",233738964,450,11.875347312539816
8e4a57b8faf295bb761b4b5dbbd5698f676adc67fe92709967672ada2096b5c7,243e213c73b3ae9e613a7155dcf0921fe34ce18cf94526e1d0a1041fa1d272af,12139,6eeba99071577eebe266ac70cc9fd1b6a90b95f33cff5064f376793c3346fd16,1,[],239753145,1000,23.267510944977403
8ea161ceb0fde0069e24b0c65c00f4d2a1b4810d29348d642b18ad490b013e6d,f5ee6b8d965067ada23bdb4e554be94d11b4f64eeb547684620d7459f60660f3,140207,12c56c31bb01cb520e8a731750291b880923cd09bb364b2445fa5281392d505e,0,"[1, 2, 3]",245457359,300,7.7752858977764845
8edb796d9b821a9c634637d185d3f32a597048ea814443031a66f25688518b0d,6bad5b7595c27ceae3843a8c52cd4fea700578a186ec0c1dfee0545e32ea5268,138287,d1c543f7af0aafe377dadd154c6e85a905e4e5bf3401d3ccb817b2a117a13e94,4,[1],249264494,450,9.844382835552096
8f2a253dee60ba68db7cb3ac286ba85a680918ca89fefe8d58b2ad9a1acba026,a8499c76c46092f3ca678e2e8a2b8c4d851f271ce2521bd2e94cda1f978a798b,139311,86305a2a20e4a16650c3ad53714acef1e882b25c26830d80394db57b55fb14c0,4,"[0, 2]",254420286,400,7.403644420206547
8f3603e6c2b1e487f38655d96b0cf73d6bea547d618c634655075ca9a172b8dc,78dc38c3570257b8b0e4190bdba4570ece548b161a32f164a718d88605b9d23b,139183,7bc80131605efe4e91e07681658c4a71d320633a5d39b2fdfa028e57b3072599,3,"[0, 1]",255198183,300,7.427286475896835
8f441c21e3cece3f86be136d4c4b1a3b96db1f21dd7061343bf8e74bdbf9d02c,6ed05e2b610988d002fb4b2b7381855e316a874f282f18fe34add4db82aa4ca9,138159,efff204740b93bf0466ee2b3e392663d68b4714aa520775e00267540b847f92b,4,[0],256121890,300,8.373005678877234
8f62b44b9c0812a67f8619ad2f8b17833ec0fc89a8a44b41c6b622528d75fa44,41a4cd741ba9a49c04f1b3807a6d21d9f6bb9810212fd1d02c0bfb2915d0ac69,139247,bd20cbc07471d94b9635f63350465280f4200fdfbe9db0d5033e3e5609704896,0,"[1, 2]",258126924,350,8.660900052636862
8f7b82ff6f47927ccd278cf5b51cca28a5c71d018bd6b2cfac1ef7fabab53839,90d2cca2d8972311d3db14d435429000fb1e8e39374550b554159373332d7e03,139311,57d208c8365a31c3468d9f27aeddfaa06cb95b919677996b5c8d7e2118c31021,1,"[2, 4]",259752704,450,11.046714214608073
8f898849538ecaa4a83388c8ea2fdc202c9118fc712f7d616f22897ca28b1266,3a18563b704149d481029a97a939d56173a63566efe97540b60b22a4b8137637,140271,732193d6e75393da040e8142ee46459ecc1afbab9c9965b48c5621d1c6018390,0,"[1, 2, 4]",260671562,350,9.552843786776066
8fb163438ec6fc5523a969988d4a8097a2d834104605936a5231f1331d9dbc52,fb02e3d401d33877accf23ab1e9372f3ed36163a2f6a2656484acf42ab8685c9,139183,7bc80131605efe4e91e07681658c4a71d320633a5d39b2fdfa028e57b3072599,0,"[1, 2]",263283524,300,7.56248295865953
8fb3a6fa517c47e60a15dfad275b6d8a2bbff5794552a07fc954d0274ea2ff9c,868820cc163b924e8945ea6c3936b348fd8320a79de0f3cddd906654a49b0ca0,138159,732193d6e75393da040e8142ee46459ecc1afbab9c9965b48c5621d1c6018390,3,[2],263431931,300,7.832607991993427
8fc935a81ab107f80b2f13885c8ddeb320f78302932cbce9b8f4275660337596,5e43b09e25fdcf562f86c1cb4aa2dea8684bffee8449d476372f7a9774d18513,138351,22a44ba55f7755249900a35d1ad3ef5f17529c4abfa0a0934964028da7034ce6,4,[1],264844713,550,11.052198380231857
902c1e7435eab4156ed7f56404c4bec2a92c7f9a90a298cd1f9db5dfbc9f24b4,14ca5a021dff4a17f4041cf6a7e6acb1a02b767d5e241936d1495060ff0b9648,138159,ab3d98c08953d1fc40ba88aaada1f7878e1d21512bbcd10e4c2613220b8e0535,3,[0],271326837,300,7.1202514339238405
904cb943008cd9e066bd1552420997820ea6f4e0b771afe302bfae79c8bcbd14,1f825c6ae34b13a3621e8a742ccb5e8245b79f1e3b345d247cebb1b6bfeeeddc,138159,f50a67efe63137a8ef68858e2dceef1b7cdbf20eca805a4e1f814d1571d737ee,0,[2],273463620,300,8.109881035983562
912e323f4617b974b28b82b0abe3ae052cc4f288b13cf8cea13ea4feaf0b9d35,d09a3276f892ace3f4428334f6cf2207873c021e55753215acaaa45f9d804bf5,138479,afc5a5efc8118ce29184d6deb917da4eb066645d33a633fda0dded2a6578d55a,2,[4],288240192,650,16.356031941249967
91cecbf7603f45a789603087b04c8f9f1cfd002a7e9132f1180fce0bda521636,98c7442261f6ee41c610581668b7c764e2b0116b269c8f54e4aea65b7edf8c10,140207,7c56d4b1b341072b905581a5817abdb0d67f285582a9f4c6837599ae4d100115,3,"[0, 2, 4]",298765304,300,7.849299879744649
922273863b2588f1fe15c69f01054434fcbc1864a8963134abc332023f671c99,eb51506b3d0ff513c23f63e03e46a12153a3e93504fef541cbcf33060d8a6e63,140207,732193d6e75393da040e8142ee46459ecc1afbab9c9965b48c5621d1c6018390,0,"[1, 2, 3]",304247687,300,7.135824454948306
9233f47f9c788e3b2b13ce33ba5a8f5768447a21304793c63d7e9949e4caef69,5a7e3efd5db703b7d4922b751fb0bd28095d54d22891434ac204ce2e0684faf2,139247,5c757fdead15c34851ce7623c30897869726b06083c8d44aab3bd436b27cc3d6,1,"[0, 3]",305394816,350,8.66096943616867
927295da93a8ee295e396be127b76798ca2282cf0ef606535857701bd54e7517,efe7f921851776512ec2dee7e7ef986be37c23383119c76f91d49cc3c2b69e14,139183,22163d342eaf2722fec1d77279c13e7ec1c61b79e72471952cb9c4d4adf9ca8a,0,"[1, 2]",309499355,300,8.25111728720367
927969a4167c977fa4f94d45784a204284d3154efd0b31331b905d14c50e4cfa,47dfca298c1c5a867c948e70799872cc23e5d2e6e033cc8ea8243de78e31ddef,140207,fb79a0e49312dfbecd543bc6c8ed2a72b2c1e3be0a6a2650c2486a31fcbd3bf7,3,"[0, 1, 2]",309946789,300,5.037981918081641
92bcd381da60926519cb2445ca3309fa9538af3a4914b400e8bb779ae53620f6,079aa5d01b95370e24e442aaae5daf6287d9790d387a718f889a9360c082c0a1,140207,f918a61dccec720a0bfa718d743e5221e8d74a3862eb1a365d40b001d88a4eea,4,"[0, 1, 2]",314364802,300,7.333107873797417
92efdfc9dd2f933a4a6b10b6991caaa7b8750d458197a222bb86b6c60ab2ac70,cbcb2aebe4147b283efc5db4d602b1620638294498188ae5c29b904b0b0e8feb,138159,d080ca249b712fd36e131cec67180f8effe22118a90afec65706b2cac240832d,2,[1],317710282,300,8.152572508901358
9378ae3483d39903e6fc75d7ab8bee6ec278b75b2793a01c6cf71e62c7aaa06e,82ebca3a8870bc12bb2895b20f70672eea8bdbae85bd8fa6f55a9881a36ebe29,138415,ab3d98c08953d1fc40ba88aaada1f7878e1d21512bbcd10e4c2613220b8e0535,1,[0],326676021,600,15.253341926261783
93b127497b47b2e9f637ae3ad81ddcb855b0373718548fdb1ce0d9ea32d588e1,73bd2f28106f53155db4db4f1ba3d3d4be9b67762f4a5832fca833874ed44a99,140207,86305a2a20e4a16650c3ad53714acef1e882b25c26830d80394db57b55fb14c0,4,"[0, 1, 2]",330377034,300,4.604556608945131
93fa6ea665971027b8916dd406ccc95c8dcae40338ef68a7134d2cce76ff203d,471b2bb0a72adef4c9a27c586931db059fecabf37be1601d6546397f198e44f1,11883,4b3ddcba7c116761ea0af39e2f81df1a34f414126707b91e3b352694978a3386,4,[],335179431,650,11.91038061492145
941bf3deb0929df9d6d25dd87f019524185b51081eb2ab093dfbb0211436d577,79d53e8a54cec8891658153dd243f73658350ac73bf8c8476ffdff40122cb302,139311,7c56d4b1b341072b905581a5817abdb0d67f285582a9f4c6837599ae4d100115,1,"[2, 4]",337376223,400,9.708990016952157
945d7d35e9e1537818871cdf748c49bc929666c379cf2bbb9e133cb24db1551c,12dbe89c9dd5c902ae41ce3fa3efea38a1fbbd5c3e38716f029139c03939102b,138159,5d558a13b31059afb4770266a600615783ffb0f7fb75d92047d6fe579ac34109,0,[4],341671222,300,8.372554885223508
94714fc30ca8ffda77166884244c0200dbc75af75ea2cf836ba3fea701b093de,b784f87d6d152e8bb4e3db0f72a42ff9bc52ab814c62e540d663eefe16bcbbc5,139247,7bc80131605efe4e91e07681658c4a71d320633a5d39b2fdfa028e57b3072599,2,"[0, 3]",342970308,350,8.728161595761776
948bec9207e763561cc10c5048f858044d016ba3747e11ba0c55dcd404496cda,c245582d66c8aba7e15dbf9edb3a43db4f82edef7074060a26584f793def49a9,139183,7c56d4b1b341072b905581a5817abdb0d67f285582a9f4c6837599ae4d100115,0,"[2, 3]",344714387,300,6.656206065788865
94accd48080959b50f5dd82df4b3b643c27f6903d2a3192596a5f49ee823447d,31f66e538180df4052f368f00af6f4aeebc2d6a7e84e407b465a6a19807e68e8,140207,829847acbad2fbe311a9193329b4cca2083257e1a08c3d842a1481d565a3fcd6,2,"[0, 1, 3]",346869065,300,7.510887287557125
94ce35e90760016894638d85babb96df0cc006917b3fb4ca7436fc4a6a127bbc,1d24f0f2d8f663bb8bcd9f7569d8cc6bb7d77e581ea8f6129c8e37f0213e8e5b,11691,22163d342eaf2722fec1d77279c13e7ec1c61b79e72471952cb9c4d4adf9ca8a,3,[],349058538,350,8.420549385249615
94d47a4640ecb6d91ea17fc642d82c6733975c09b2e59050e22c8a351259144c,87a87e605bc8adab0a03cfaa26c820e74421bf0648d168f5e5c59e56a9bdfda2,139183,23dbbe3d1494a07aa585b47f311b222d3e2f29d2008e1077942eff4e59de9468,3,"[1, 2]",349469255,300,5.427954111248255
95569b31285c6c1137a0026b8a834309a12a39fcc342b893721926665a1d4d38,7fc60a24a20e2e32fd8969e25521585bf42a05c7ade753277ff000ed60e6457c,11883,d1c543f7af0aafe377dadd154c6e85a905e4e5bf3401d3ccb817b2a117a13e94,1,[],357997362,600,11.655498329550028
95644955de3e48f8c07b43c5787dca519d4918d9c4614a4d7ccfde24167ce521,97ace003f7558ffe2a30d464fa8f49167ae5213b2b571cc46657f16fd29ef95f,138159,efff204740b93bf0466ee2b3e392663d68b4714aa520775e00267540b847f92b,2,[0],358893910,300,8.637738341465592
95be6738ba8f4b41f99d9b17628e407a84d24c99307c23058ed3ec3fde644e83,dee0297f9e737313989a65a6989b045e295ee054e6d75e9858ba99f280b03dee,138223,60a9f8c14a63826644fa331b2b2b4f72318a8599aab317ba7e975f0e1f44a221,1,[2],364799801,350,9.52613790333271
95c47bd25822eb6d652640b75c3e7f29aa091bc4c05abbe40ac4caedb4d19ddc,4ac51d763ce79e7fe19ac54e84e4e6e1750bbc5bf0e620f696b87c93120d4e34,140207,12c56c31bb01cb520e8a731750291b880923cd09bb364b2445fa5281392d505e,3,"[1, 2, 4]",365198291,300,7.36407452262938
95d8d327d80fcb654dab094d400d2cdfb467aadd66730f7e0dd30fb24511ae4b,a5dabee6b8709dc18fe80df0270ba7290ee6ab12677627f59f3c6679612675c8,140271,23dbbe3d1494a07aa585b47f311b222d3e2f29d2008e1077942eff4e59de9468,3,"[0, 1, 2]",366531368,350,6.403004329651594
967456b527d7eefd4621871c1893f4cf8241b5af6e043993ab1a9a31427c32ff,7a659791fe3b2611e765f73d219aac89fe946263303fd0c3e6f13d6607c47418,140207,829847acbad2fbe311a9193329b4cca2083257e1a08c3d842a1481d565a3fcd6,0,"[1, 2, 3]",376723126,300,7.504636263474822
96abe85f89e8fe1fde764c53a38dbb42412f2c2c10f64b04c65f171015946781,e9038894721d362bdb9e716451a157225c2da401fe8fad29d06253b5b5e15cd8,138159,5d3f79c3220acd8b4f94fb498d9b6b8897c008f3c35f5f91f22feae2d3b2a73d,4,[3],380364896,300,7.532865460962057
96ba3362095070242d8d46c028d71d0df37ef52a223a0ecf9e13bf1009147e1f,6fcc3235720839060aab72eab395db07e716e8949b601b6d167c966029caa452,140207,c0237caf096c9efd2af515b279f81e542fc9a923e435a0db7a32b79ddccd0131,2,"[1, 3, 4]",381301603,300,7.2467634957283735
9719950266d67eba8cd7eb280a4a3fead0730ae4ef70fc64432cd03b4063247c,b1db1ae64c0873205b83a991009a1224ee87b8c0e3daf178571e6032a3eabfbb,139503,5d558a13b31059afb4770266a600615783ffb0f7fb75d92047d6fe579ac34109,0,"[2, 3]",387552515,650,15.22526959888637
973666e9f4c2a3fbda11e79b0593f73c7eb48425de94d1e66e7cdbadbe3afb00,3180b3efa6b6f9f72ea079b9402bb622d53c2abf20706addc3566142f91c7f34,139183,02eab91b075413e6e8a84cb24ce6671e1343da9c576880eebdfe3e168b12189d,3,"[2, 4]",389441258,300,7.356331979855895
97539e701c8cf6841c9c7508180289a6a8df17697a70ce79b75cf00b7bfa06bb,0b3b0cab2accd8759d87a1d1b1ba3a581c4a88d4b8d9917d0b93685cf37cb9fd,139311,092b53d8498e2e35e05fc9af973ca851144e8b0dcfbd550fd14a77015f162834,0,"[1, 2]",391356017,400,9.854396453127265
97a35d8bb6d889fcd0322ebf1f3a65d3357943f987896af215ce81c578b4d4d8,cde7e9630716fab92001327a1ee187c795452f7e0e54a805b92383cb43efd14b,138351,5d3f79c3220acd8b4f94fb498d9b6b8897c008f3c35f5f91f22feae2d3b2a73d,0,[3],396582284,550,13.627100059762597
97fcabe438434582f72efea970d3c78f0a6879886b5e2b7fcdb54fbc6e3cd0e0,8b9bfac2beb21ae185f9d42bfad7c9f1fa3e2d3349e588b9a49eda6cc3a4d7f4,11691,8c110d60f77bf466fc881480ad0699385c52ed2fb9d9883d40a8fc17e38f940b,3,[],402435045,300,7.17821592092514
9821041054fb5411d922600be543edbeb22e65580b8b0a4896c665ab7b807fa7,a19803eddd94355bb3d6ebfd9d26b0d425a1649817b78fea23396ce62857892c,138159,9c3f8cd9ed5a6d2bde47dcbd7aad7855fccc5f153e87a822baf6b424b11b3498,4,[0],404816913,300,7.454163886606693
98589baec7dcb101055fe87735c79d42c41c05f547ea972a88403a633b2c0c3b,17e6fcad3a916e45b09e2160d045cc1d57e2d8b12b33386698d63d24bc1b69a9,138159,c0237caf096c9efd2af515b279f81e542fc9a923e435a0db7a32b79ddccd0131,2,[4],408460207,300,7.495448362082243
99ca1143abe961652319a7ff4ff55b4827faa0d5cb07e5123656ab97a8ea3c03,c59f1430825f0720aa15b77ac63de3d513d82d30d1f0ddc1880b6a19fd057216,138159,ab3d98c08953d1fc40ba88aaada1f7878e1d21512bbcd10e4c2613220b8e0535,0,[1],432673092,300,7.17118607647717
9a06d7e39a9170e1d7a71fe0b0aeaec5c591ddce9a5da350ce300880a3f96c4a,4df78591bf336703aeae14970326c75dd088b9c9d3882455d0a3e7d45ec28a8a,139183,ab3d98c08953d1fc40ba88aaada1f7878e1d21512bbcd10e4c2613220b8e0535,1,"[0, 2]",436656100,300,7.3775815442204475
9b3260071eb21a7d469b9b41ec785487f9800b4397d1d1b0be70e88a794202dd,f5768f7013bde3289df6e6e1f8b6b64f854f43a976ca11ed6f51fa5ae60aa239,139183,f918a61dccec720a0bfa718d743e5221e8d74a3862eb1a365d40b001d88a4eea,3,"[0, 2]",456286216,300,7.8734702337533236
9bb87eaa8b09e0a45ab75dc43b0e9117438697c2120c419b326123567f4f8925,f35af9311677e4b2d226b394ba891a78320ec50551c129902397934416714fcf,138159,7c56d4b1b341072b905581a5817abdb0d67f285582a9f4c6837599ae4d100115,1,[0],465075883,300,7.5166506841778755
9bbb3f1eb4eda0c18daaa0ccfa6025eb7a44fc83ac9017142a03a0bbdbdbde8a,af3327ebbc175212108805d5bc962050d7c1dcd86c84dd753bacb4b7ea733ab8,139311,fc725721fd66039f54fdd8f90e552f03aab157bb5989fcb4a18671f15ccdd144,4,"[1, 2]",465256223,400,10.268818009644747
9bbefd57b51101b32b278bf430c4e9f29c15a1adf91c0f9af10a0942d45f1a98,673457c8c036b69c12d3bd7efeececc66391c115435c3c96055c4a5b10f15c0a,139183,437b3abaebbc57203ad30983ff145aecb9c85c2b9c67e468fa9e73e2ae1767bb,0,"[1, 4]",465501528,300,8.549639891833067
9c0d43c9ea4a971ff009e5c22f3f661a78b811231936600fd406062686c21b8f,ba96b0d5a4089dc69f6e34249337daad8ff95be2dda85685b2150cca699a5978,140463,4b3ddcba7c116761ea0af39e2f81df1a34f414126707b91e3b352694978a3386,0,"[1, 2, 3]",470631370,600,11.786368913948536
9c20e96b56f5c00d94541d25d4bbd828c39467ded8f13e48a209113ba297e2b1,6cd9c2c5dfdd21839d85c261d0d0a4959cebc5b08c2ae35cc0598bf3b73d8768,140335,efff204740b93bf0466ee2b3e392663d68b4714aa520775e00267540b847f92b,1,"[0, 2, 4]",471918956,400,10.5798344258219
9c3052df766b568eaf4b763e735e8e7e9744ba1075d5e32d74815abc56b66269,eb3e9be87d163b446d3db4c512d552e3cd0b217fd610f5fc10e98be8b6c12a50,138287,c0237caf096c9efd2af515b279f81e542fc9a923e435a0db7a32b79ddccd0131,3,[0],472928992,450,11.344371413812041
9c795599e26cd154c3edb23d52e5dd5608e3c3966177e910dc8d2352171e202e,be4198acd05563b44c5d642129f4f7ccd82a9d95c15a67996af4317f7a898206,138159,829847acbad2fbe311a9193329b4cca2083257e1a08c3d842a1481d565a3fcd6,2,[3],477713818,300,7.999338489025831
9c7dca8270fe11748196b7c2ebfdaf62574aa940748ea6558e2096711661119d,c3cdd9f408675a5dbd801afc5b30a28054c98fa885d08a8e6a1aa65391d5f0b8,138159,c0237caf096c9efd2af515b279f81e542fc9a923e435a0db7a32b79ddccd0131,1,[0],478005891,300,7.67361862026155
9ce7b1b808f5c8b7d787502222837550395182f70be4e8869cb11fa3e83e9346,ff10f15b32bbb0ae1d281fe1803b31fbc3fc01726501b79155f05464b6bff66e,138159,49831b890e8dd2a1df2aa7ae6da89eb7247b291df7e8ba259c80eaba3baf421f,1,[4],484946361,300,5.563275987282395
9d21ab3b03a09660a4d785bd4ae7c51de58f7def60bb12403a6a6f63fc7cee88,46395b313698d07c0d0f3329a8394a7556031b29901a3102a838e2bb1df02a34,138159,d080ca249b712fd36e131cec67180f8effe22118a90afec65706b2cac240832d,0,[4],488745788,300,7.581209672614932
9d2e88cf94983ab015467b453952b4d34dff5b3e0f397e0aa0221ae73d9055b4,03e15aeab5a29768849233019183cbbcbd52a31f8ddd64e56c54237ff37a4cc4,138287,fc725721fd66039f54fdd8f90e552f03aab157bb5989fcb4a18671f15ccdd144,2,[4],489588944,400,9.498592855408788
9dbc937a680e3cdfc7cbeec3b8834a81e22c991b7577fc4873bb55dd7960a438,d9399d1dc869a59ab5ecfcf38b1ea826d3456a5f5e5a121663d35b29704f318f,139183,732193d6e75393da040e8142ee46459ecc1afbab9c9965b48c5621d1c6018390,4,"[2, 3]",498897787,300,7.7230642177164555
9e0022ce2461aafb04ec67b2c18c1486bd38a576319bd415fbda3add9fb75105,e728dd851ba5363fb7e1217e90d05e1420d6e5b1d5b2a2c1a48384cd4cf82cf0,139183,22a44ba55f7755249900a35d1ad3ef5f17529c4abfa0a0934964028da7034ce6,2,"[0, 1]",503325391,300,6.098606791347265
9e238d9290604a29573c9e92cb65607ddc7375f58f2df32285d4f92fb1635dc8,6a8aa6dc44be4caf64acfc717640fbbbd881a51b367ab6747e17493ca86c7a90,139439,02eab91b075413e6e8a84cb24ce6671e1343da9c576880eebdfe3e168b12189d,1,"[2, 4]",505646483,550,14.596934707835317
9e7cc1cdc823877a905ed47209e54cd36c6a227b87e374ba678b1f7efc1dd076,b9a5675d160584d29cb0d783429a334741ee2731b0a3e266975e13a735eb78a3,138223,6eeba99071577eebe266ac70cc9fd1b6a90b95f33cff5064f376793c3346fd16,4,[2],511492558,350,9.382989129051566
9ec863dafeabc64057c328a757c7bf28ac7cd979341e69e3090223fe5d0826d5,199ae8d13a730f9c57146c3ac3dc17dba2b283bc52f4cac19c873e203969175e,139183,5d3f79c3220acd8b4f94fb498d9b6b8897c008f3c35f5f91f22feae2d3b2a73d,2,"[0, 3]",516449243,300,7.155585760250688
9f1a4e00f9732d31deb8f744323456f86ff01f2dba937b86e761aab45f6d15d2,460fa7ee7bf7a823ad83cc13ca2bda73138d423e9c8340893934e2a91e9147ad,140271,683a5ff373a826aaa963d3c19ef34fd145b7eacdb00cd2158a7fcc88bab93201,3,"[0, 1, 2]",521817601,350,5.727196581661701
9feedb8a14aabea7a36f89124c6f1d21c8179865073892a10e7e20201a1c1433,d0c027b0fb3014fb5db7b6623996d0b65ecd269f9d882120ff3ccfa0c9d4cad3,138159,22a44ba55f7755249900a35d1ad3ef5f17529c4abfa0a0934964028da7034ce6,0,[4],535747467,300,7.179949505254626
a035609194110a82cc898f9c414677324d7d7c5ee29ee3ac046d5a3342d3440b,4dcd45c32502f667b6c2501e3c3498be2cc3ca6315181c69e93a626034583830,138159,7c56d4b1b341072b905581a5817abdb0d67f285582a9f4c6837599ae4d100115,0,[2],540369042,300,7.551518432796001
a077aac3c8c906484c1dce7659b33c001b104148488ad34315e5ed9eddb10846,6eec5cb35cc9f8b2ef4af1f508991a4b10477f34d6dfdc5de9a881072ce84ca2,139375,02eab91b075413e6e8a84cb24ce6671e1343da9c576880eebdfe3e168b12189d,4,"[1, 2]",544713412,500,12.692692957818508
a09a27d970e269f3462148be223ff5371affba0f1fc26c9b1c965ac9c2906600,4f76755bf2fc24b5c590b1c00498256696c66f25fe486e0395dda099cedd7456,139247,7bc80131605efe4e91e07681658c4a71d320633a5d39b2fdfa028e57b3072599,1,"[2, 3]",546973658,350,8.673542246222496
a09adef3870a3669cc2308364629414a810ccfbb224a1295b6cd1afa799a165c,c0918b224435511b528d58c3d0c7a284fd76da9175a71f51b124d4b5afb4fb33,138223,8c110d60f77bf466fc881480ad0699385c52ed2fb9d9883d40a8fc17e38f940b,2,[0],547020532,350,8.532673044130206
a0a067b5a2038737b221ddc6cccede73f562ebb0430b7136bdd6cc36310fdbbd,75c263139dce4a4d189d2640dced74039639b04ca92f800bd5f5bfe3bb2c739b,138159,437b3abaebbc57203ad30983ff145aecb9c85c2b9c67e468fa9e73e2ae1767bb,1,[4],547383222,300,8.11672442406416
a0b09b24f353341602d633dc6e91b9ff2ce1343f372b17656c0e050552b02931,37bf40ddbc16a425296e0a201544a2447cd6955a78a06817f193f2b5a50eaff2,11755,9fffba322c64f33d26f0f9ff052a96ea3250c36cd816823505104df980866d2d,4,[],548444965,400,9.365783700719476
a0b1cef09226623b676724402c93417ca8589e68562884299ae31fdb31b9f21f,b9a87920c16cc15509072d6a6b1f8a02abd247cba369f3ed5ba74149aa34dba7,139183,efff204740b93bf0466ee2b3e392663d68b4714aa520775e00267540b847f92b,1,"[0, 4]",548523761,300,7.370841229334474
a0becadde43ffe6d60d92bf622a199e24e944213ee903a250a90b1a7983c10b0,15a631756eac0368f82dd2a6e1e825ff9257f9fb73d953ba32798476190a74a3,138159,d080ca249b712fd36e131cec67180f8effe22118a90afec65706b2cac240832d,2,[3],549374686,300,7.334197366610169
a0cab29be625faf62b884a8225d8fc9f31378b3861579fbf0f5b37becdb5340d,5b0b97aafb2205f8c5ae2bfa32e289b1f1ebf19552b2eea2bd3a64de23c66fab,140335,22a44ba55f7755249900a35d1ad3ef5f17529c4abfa0a0934964028da7034ce6,2,"[0, 1, 4]",550154908,400,8.684021381661296
a0d622b7907e5cf545fd85ec888fbd6665bd2b728e93961d21fdfde285a67868,776c5ce0103820d4aa1641100aad827cb9b128b2add850967a1f9613f02b0d2d,139183,9c3f8cd9ed5a6d2bde47dcbd7aad7855fccc5f153e87a822baf6b424b11b3498,2,"[0, 4]",550904504,300,8.034210424870253
a12f9e2fd2b53e1cf20b0e6740d329eadbe1519170702d486b1cb304964ab080,bf3caef32aa5c5ef65d398e19912dab2b00e8e986fc394cc65bc41fe5752f1a2,11755,829847acbad2fbe311a9193329b4cca2083257e1a08c3d842a1481d565a3fcd6,2,[],556768816,400,9.11367205157876
a166c7340f212f2aca5c74289aff6b1954eca0980b5e757f04edd4a6da371004,a5243443e1a3fbc3aa603dc90cb3753dbdb67ff314800186a409a53cd92393e1,138159,22163d342eaf2722fec1d77279c13e7ec1c61b79e72471952cb9c4d4adf9ca8a,3,[4],560383797,300,7.387626890093088
a1920b02773d1b41b9a58c2c29e83a1ff9456a0fcab968de3bebe081991592e5,8c2e4563e6c511faa3ec1a88cc38622c25ec906296b23a81e82dcee23981cc99,138159,464464c8ef7bd4eff076591a3186aad12ef0163e0cd8d5d49d482e4d24f86eaa,4,[2],563219203,300,5.631937960162759
a1e8ecd854ad11c86309e82d09ea5211c21667ecc10e9f5f74976457aef91901,ee2c02979456012b713469495d5abfbe9a4f48c024099d341fd53d725e1dab8b,139183,5d3f79c3220acd8b4f94fb498d9b6b8897c008f3c35f5f91f22feae2d3b2a73d,1,"[0, 3]",568913113,300,7.292726889252663
a1eb86f2aa718da7342dfb67c536e9c35e8ae8829e1ae7232fa25122e4a58778,5a07a9296144173fe64b995cc27a4fdff7dafb2a948a2eb82b976c538de369cf,139311,ab3d98c08953d1fc40ba88aaada1f7878e1d21512bbcd10e4c2613220b8e0535,3,"[0, 4]",569083635,450,11.353519968688488
a20fb35055b0c7a1cadf5ac432d5f8fd2e039c6af366c901482edda146e50bc5,cadad320bc3ddf42844dffe26f35e9ea2227fde745fe1da8492e1f5a5ca53596,138223,d080ca249b712fd36e131cec67180f8effe22118a90afec65706b2cac240832d,0,[1],571454289,350,8.532001111656427
a2a8b2c63244b3e476a7cbd870bbc5b6105d82be102a267e675e5140200177ab,ab71eeb9dbf94db709f648f35f831d1a1d2790d3b9c4489a787026299dc52fa1,139183,732193d6e75393da040e8142ee46459ecc1afbab9c9965b48c5621d1c6018390,2,"[0, 1]",581481159,300,7.348390590399504
a302cfce0eefbd7c7456667b21e0c549ea49903692ceadadd5b02812581c7721,b81ffec49753cb91f56d8e772dc32b38e744527f30b029123f97088899430973,139439,ea53c921444cebdfa917bb6a32e3a1ac99a5e95e395eb8f54ca5fc4230adbf2e,4,"[0, 1]",587386831,550,14.195795988664031
a3254957f0ed0b3e27f8a37b7b1780b250242eb43e0243df4eaee10eed42e577,ce7a62e1c1dfc55fd13746865c14da027bb6edd69c39b2947ca59db851613117,140207,464464c8ef7bd4eff076591a3186aad12ef0163e0cd8d5d49d482e4d24f86eaa,3,"[0, 1, 2]",589646168,300,5.444993160665035
a3f8b4aeb180bd15efabcbe18abea0108ab46244b0c4a657326b4402e5648f79,5ed6ad8d35d71387cfac27578db8d141939e9928f08cc3bc2cf13f62f8aebe3c,140207,5d558a13b31059afb4770266a600615783ffb0f7fb75d92047d6fe579ac34109,0,"[1, 2, 4]",603501743,300,7.71967719309032
a41e0c80615680303c5ed35639a257a9f24d9a736fa168a373f9f3decb4d87c3,d7cf7f4701916dddc2a2d85daa4c19f6b51360394b597d666a2c16c7a681390f,140207,eb2c5789f31d8380ee35b9cde0405cfa982abe665bcc3e8a707cf14a3521c86f,3,"[0, 1, 2]",605949057,300,6.1787792928516865
a497b71a5e540eb56dde50dc6ee1e1bc31291c2bc5226e543ad8ab17b5764293,09ac5ce8df63cb2b77676625a26a3a32955acdd48816ae51df3e6feaf5e9a8d9,138287,afc5a5efc8118ce29184d6deb917da4eb066645d33a633fda0dded2a6578d55a,0,[2],613922587,400,9.767296822741628
a4cad03c3aa50edbd35f9935eabc0cef9cc17ee1767bcfeeda3b0880c722ec61,96a2161bd38ba39aa2b3622bf77059c75e68c17ef31981d2c1f7d2e00e1c5752,138159,732193d6e75393da040e8142ee46459ecc1afbab9c9965b48c5621d1c6018390,4,[1],617271357,300,7.190678359940648
a50bd3ffad54e38f75a41755166fefd82c28dac11dcd5d42921b9b5730188995,66f157f33f22825e0bcfb5179e7e4c30528428b2a4aafbdc7fd6837034cb5012,140271,4b3ddcba7c116761ea0af39e2f81df1a34f414126707b91e3b352694978a3386,1,"[0, 2, 3]",621532160,350,9.126065596938133
a53ffb84ff14ce60398623ff982e01dcc975d29e88b94fcfd8fdf77ddc569f91,aef04f732181da581ef55eec7e63ddfc05f0ab1d2ccc2d392d85bc739ba1f521,139183,12c56c31bb01cb520e8a731750291b880923cd09bb364b2445fa5281392d505e,2,"[0, 3]",624950149,300,7.441430363804102
a58a1e135a0c3db12b2009930e63d4172ccf635b56d92893a4e25884d941afb3,8138702863531779f09d5fd5bed7c44deae9e7aa72fceefd2cf2062e815482a2,139439,02eab91b075413e6e8a84cb24ce6671e1343da9c576880eebdfe3e168b12189d,2,"[3, 4]",629808660,600,14.981796881183982
a58c3a8e3689ed1a9bc64599226104e5c022ddd759731cf3d034ee9e0b27ca00,28ac17640855e830edc1b556817c6224c7596b03c7b1da858e365ba2d24078e9,140335,57d208c8365a31c3468d9f27aeddfaa06cb95b919677996b5c8d7e2118c31021,2,"[0, 3, 4]",629947023,400,10.501544043421745
a5abe382ae4ae5741cc6015f4ab0ec559e3a6a33cbdcad5b0f8c0fcdc034eac9,9ca0add6ffc90d8b689a344372a9811f13f272187992b3bbf183e6e4f29deb25,138159,437b3abaebbc57203ad30983ff145aecb9c85c2b9c67e468fa9e73e2ae1767bb,1,[2],632021891,300,7.452473130077124
a672843b693ca511937bf75479d675542761e9296b759af5d88bfed4c5599868,24ee9e2e3d8d23c5f223db537535f445886395deb6eba6311d520cfae0ff0e42,139183,c0237caf096c9efd2af515b279f81e542fc9a923e435a0db7a32b79ddccd0131,1,"[0, 3]",645039164,300,7.052571527659893
a68cb6be69340702fd652ad82bbd1f5970ef833ab5a315e623be369c61600bab,d5453e7ffb28a5c6779a66464391d31486e5d2aae8cd8760daf786f3b231f935,139183,fb79a0e49312dfbecd543bc6c8ed2a72b2c1e3be0a6a2650c2486a31fcbd3bf7,3,"[1, 2]",646756031,300,5.718315962702036
a6c1c8090278c5a9cd199613705346bad365af764150853ad680fb38f516adfc,2eed808a022a519c74416efedb667548f4d00a3c4c42d03914874901372239d4,139759,5d558a13b31059afb4770266a600615783ffb0f7fb75d92047d6fe579ac34109,2,"[0, 4]",650233866,1000,24.50073596276343
a6c8289ae27b3b29f6b99a23554be5b49f5bd370f2aa3eaeca79b3c8e145a919,bf2c75eadfc531509b5d3cc3a14f9a3ecc9d9496787bac9b4ad0f5e995157e44,140207,772d76457e131d5688a4d592c44e9721ebe25758d5988f5e3bda800d4d0e0dc0,4,"[0, 1, 2]",650651803,300,5.913529980927706
a6ef83e2697d1b0fe75f442e4d7a3cf1a31e8f43b5ea95bd2d17b972f9b8cea2,3c6c1ba4704d1e2524bafb223750ac7cdb4b7276d64befa8292e049b91a67068,139183,683a5ff373a826aaa963d3c19ef34fd145b7eacdb00cd2158a7fcc88bab93201,4,"[1, 3]",653231075,300,5.44928739964962
a7118b7340b8a30383efac5857c83840785dc905fd0a2604ee3218c6eb4416ad,82a2d4397d6c641f69a60f53b2f764255001f365687f26255bf2acb9801af07c,139183,7c56d4b1b341072b905581a5817abdb0d67f285582a9f4c6837599ae4d100115,1,"[2, 3]",655461236,300,6.993637900799513
a71918deaccd24de2374cf576c69c339a193b56723ce8fb61e77d329bc438857,90455e5092e901bc789b9cd0654a277a97c769b5ddba9fe5ab2ee97841acf274,11691,c0237caf096c9efd2af515b279f81e542fc9a923e435a0db7a32b79ddccd0131,0,[],655956191,300,7.169694844633341
a7815bb97873affecfce6d9cc31c58910d85b12c3a426d4205cbe12dcc24a25d,3a2af522f7589f3198c84f9d3ca0b319ad6577030f9e88914988ac8abf0039f3,140207,437b3abaebbc57203ad30983ff145aecb9c85c2b9c67e468fa9e73e2ae1767bb,1,"[2, 3, 4]",662789050,300,7.898558311164379
a7971619a80e1a16b4798c3250d79a5bef1441d5676614741ab534eb2b6a9f54,8975fc4e64123cb5e2f22e5ef1c8bb3ea583915036cf88c857d90424e26fbe2b,138287,7bc80131605efe4e91e07681658c4a71d320633a5d39b2fdfa028e57b3072599,3,[2],664213018,450,11.195412263274193
a814239e6fea668f78ceb9693770b6ad64d13b72a72edc253b45d59c58627dc1,7fcc282e0ed6a2bedeee880419c4a2ec5985a05592ced8ef237022652d3ad8a8,11691,f50a67efe63137a8ef68858e2dceef1b7cdbf20eca805a4e1f814d1571d737ee,4,[],672408479,300,7.000890776515007
a831da0287be5014b3b93ee4368b8a20bd37c3a8175d02537ab8cb202a551409,d5638dec1c58453916b4e94b26c15794e5d92cbf2f3cd5b8668bc97f0f3e200f,140271,60a9f8c14a63826644fa331b2b2b4f72318a8599aab317ba7e975f0e1f44a221,3,"[0, 1, 4]",674355715,350,9.286544216796756
a8c98a34c1b6f91b0985a7c356fe6bd0cfbfd3bb176bfd4860963be9857186e5,8e5ad845346562cce8b7aaff2f0b399e300d57de69460d60795b5b5a71d72adc,138159,437b3abaebbc57203ad30983ff145aecb9c85c2b9c67e468fa9e73e2ae1767bb,4,[3],684296757,300,8.152859523892403
a8cd44f8effec4972557b5c6d927be41d28336619182559da35f73f2b95a33a1,e44cba789d8819ad6c2717d97dbe702506e0d4bc1c96776cd68e307dbe4f0a7e,138287,22a44ba55f7755249900a35d1ad3ef5f17529c4abfa0a0934964028da7034ce6,1,[2],684541177,400,8.949440469965339
a910affdbbd3c2a091488c24f724ac3ea3c5acf31c1ca4798bdf54508c3082a7,5ea271faec4db7cb7726694eba6d96da7463ec296b0b8da17cd03f3966ba4cc9,11691,60a9f8c14a63826644fa331b2b2b4f72318a8599aab317ba7e975f0e1f44a221,0,[],688959486,350,7.933062791824341
a93008c6a18c95c0c2b1848211dffa6a0d5c2841585e67255d2bcf25a2477ba0,e67826af5a01a1118ac60927e177ec6d907dcabe43e4561946f4527e9ef054f2,12139,23dbbe3d1494a07aa585b47f311b222d3e2f29d2008e1077942eff4e59de9468,0,[],691013831,1000,16.581998048350215
a97a605f746c7213151824a98613810cc3c414ad6238afa8d3e23a9acc6764c2,4b13954d3b95118c0ebe025c5fdb163608e4ff71936c3cd911c6241b8fb42baa,140207,7c56d4b1b341072b905581a5817abdb0d67f285582a9f4c6837599ae4d100115,1,"[0, 2, 4]",695885920,300,8.040896652266383
a97b1b07981816cd82343e7476af1214205e9ef7811ad1b1c7dfb58b727b86cf,495b92ef8b5857115d44dd4b767d9a968adc35f6506c3dbe7d923b379cce7101,138287,9fffba322c64f33d26f0f9ff052a96ea3250c36cd816823505104df980866d2d,4,[0],695933704,400,10.11801833845675
a9c0c0be3efb50b43258afa96805a42da0590a18551cda69e4d071f7b3f0a1c1,8385afa2db87231965e2040231714415c2a287b55a562f3b5a1281b53431e65f,139183,23dbbe3d1494a07aa585b47f311b222d3e2f29d2008e1077942eff4e59de9468,3,"[0, 1]",700498111,300,5.859499981626868
a9dfaf40242617ff812d73c579eec1294c270e2cc77740dc4cc983c41795294e,d64f28cdd5018abcff99fda8d1968e1c68c99c5de6a8596572230fe62edd04db,11755,49831b890e8dd2a1df2aa7ae6da89eb7247b291df7e8ba259c80eaba3baf421f,3,[],702525249,400,7.386309685185552
a9f2e78a35fd176c8ecea7bc99201a7d619825dc7e86caca29d763346fa38318,5464acba37d46c16cb638ce98627b350b52756db31d945d2f4465f8b1fdc237e,138159,464464c8ef7bd4eff076591a3186aad12ef0163e0cd8d5d49d482e4d24f86eaa,4,[0],703784843,300,5.7808139361441135
aa23320fd3b0c127c840117dc17365008c6cd70f4c3cf88c8f6ee8a03c3eca71,13b623fefa9f75a4b8fd9aaa254ce397a67c325a6a748e9f31b2ae8a710273ea,139183,f50a67efe63137a8ef68858e2dceef1b7cdbf20eca805a4e1f814d1571d737ee,3,"[0, 2]",706949648,300,7.594329500570893
aa2b881c8055d489a9031c12cae01dd300f47b0476dd2b509959a42166342b81,b710fc9e0d7240e2526c9fbf6bd7aa8e595feb12d0ff2bb1082851f1b19883be,139311,afc5a5efc8118ce29184d6deb917da4eb066645d33a633fda0dded2a6578d55a,2,"[1, 4]",707495965,400,11.00091758184135
aa2ce811c235b00661c394d3f3d730da2210de3044c99ca4cf2416fe17fdec86,db1d446111d41a188e248fd0df9e3885d4d7871b5def20a76aececb068b4743f,11691,02eab91b075413e6e8a84cb24ce6671e1343da9c576880eebdfe3e168b12189d,0,[],707586066,300,7.071315739303827
aa2d60c536a553f868747eb93c8ae0fd16d0e6d08fb03eb29771e8ead52fc4d1,72cdf1d760cb51dbeb66cf3abfef4a2d22e3f95af5561afacfa8579dbcfd53b1,139311,22163d342eaf2722fec1d77279c13e7ec1c61b79e72471952cb9c4d4adf9ca8a,4,"[1, 2]",707616966,400,11.550135364755988
aa86a21a6ddfcc801ed5de60cfbc5f53fc35164644d50b00cdb470cbf4844d0f,7eefd5a8a6fe43bfe00d7495e520972e8481b8e7d9190a4b49b3c4a936b342ad,138159,49831b890e8dd2a1df2aa7ae6da89eb7247b291df7e8ba259c80eaba3baf421f,0,[3],713466395,300,5.4590244852006435
aa895efdf78572a796c14d9152feb632f1bd5e8604fdad3eb185ddea9cf53ee0,1990346c081468304175a18eb8f295a05319a9dd3b180c52b5ca4936ddae7795,139247,86305a2a20e4a16650c3ad53714acef1e882b25c26830d80394db57b55fb14c0,4,"[2, 3]",713645822,350,6.392014576122165
aae602dc6a6a1cb14a7542328759bd169850c929ce9422699ec55c69d9f45528,d779282d74174b8af646bd3d8a0af69fec56748e5447a86232f7e1d9862566e6,138287,c0237caf096c9efd2af515b279f81e542fc9a923e435a0db7a32b79ddccd0131,2,[1],719717085,450,10.884598420932889
ab549bd64c0777e99330465454d239a7bef25a96a931c1233c3a6306d7079847,9eafa898ef375013ccbda0135b67a08745122052c20c3821986a631061618b02,140207,d080ca249b712fd36e131cec67180f8effe22118a90afec65706b2cac240832d,3,"[1, 2, 4]",726965207,300,7.898469004780054
ab5ed7718797485e25e727d7165249a21a3f1e5311a1f0f10fd2a6ba1a35dafb,2dc75d4d11fda1694878c311ffee245e84b648ea45fbbab0ca3a2c5db156939d,140207,efff204740b93bf0466ee2b3e392663d68b4714aa520775e00267540b847f92b,3,"[0, 1, 2]",727635826,300,8.084352107718587
ab8eb36dd78e6d46ad61df97647fdd71a71d4c91fb9528ba9e3045f295aeaa3c,7d841ba91e766eb806efdfba6bc1e70c6eb59063e65b8457aa1e8c2cbdec838a,139183,efff204740b93bf0466ee2b3e392663d68b4714aa520775e00267540b847f92b,3,"[0, 2]",730772334,300,8.39320432767272
ab8f83342933681e9db59b45087ecab49e83e3c9b9b4207aea9b5adbc0116968,0fc9eea9e354093716556ef8f3ac36a132a25da6f7f98f9082497ea6da8f2370,138351,bd20cbc07471d94b9635f63350465280f4200fdfbe9db0d5033e3e5609704896,0,[1],730825525,550,14.180367209017277
ab950e9734444f6b4cf02bb761555bc486613596afddd4304933cd65d00aed80,5643b9fe4363e567b92c7bb83dd0bddf25c623336aac1095b205949602dfa6d0,139183,5c757fdead15c34851ce7623c30897869726b06083c8d44aab3bd436b27cc3d6,2,"[0, 3]",731188888,300,7.708172107115388
ab9afb4cc9695af6ae21706ce5747c28d1ffcddaef96fe6efe0c8ff9aa24d05b,e5d55a1ac0851614a4ad4dc3eb77acefadd1064cd76b9274b108fc50f60f1847,138223,ea53c921444cebdfa917bb6a32e3a1ac99a5e95e395eb8f54ca5fc4230adbf2e,4,[1],731577165,350,9.61331794410944
abb1b35af905d73f2c14101ad06fd3ee7a536d52410973387ab4751f50469f63,3eb6d96bc77c8b56d00e0b1c539f9c8567ea24363334e32454414f00814a0527,138159,afc5a5efc8118ce29184d6deb917da4eb066645d33a633fda0dded2a6578d55a,0,[1],733066075,300,7.970688292756677
abd86f01ba32511210340dccadd7b7065c3ecf81075e3341c75e7c97b5c392ca,e2aedba656142cdc75ee61d176dcf21f5d91d8d208198325777e307701ce1d04,139183,efff204740b93bf0466ee2b3e392663d68b4714aa520775e00267540b847f92b,1,"[0, 2]",735604482,300,7.598784364759922
ac68d1e6fd70843d8f6dade7a6748d68efc116e1a83404b5cfeff3436ed017fc,adf0475fe21231c0fc3571dd3e345507ed29557d8a50f21870c49ca674fec313,138159,9c3f8cd9ed5a6d2bde47dcbd7aad7855fccc5f153e87a822baf6b424b11b3498,4,[2],745066983,300,7.868973150849342
ac83485e826bcd39e9e60b41cd65ef889a0d1fc091711f5f81f2b04ff8a73c26,73b3618ef33ab3b028b990157ab7e2381f5d86fe6eb7cf3632d663e7f6460747,140207,732193d6e75393da040e8142ee46459ecc1afbab9c9965b48c5621d1c6018390,1,"[0, 2, 3]",746801247,300,7.961682105436921
aca040615f81295b32ef37935ce0269e9f2f8d7d0174e7f6a822b3c47b07a9e8,c88dbabe64f5b56f49efda65231725c85e4c302d248edbdd42088520c2e03089,139247,7bc80131605efe4e91e07681658c4a71d320633a5d39b2fdfa028e57b3072599,0,"[1, 3]",748699746,350,9.627427607774734
aca68aa1a5a34c57293d7f62432012a834577bdc5a70adef96e4b28c71c2a680,98b2cb866751437dc1698fcc326e7d040a963a777074327c2b525fb06c038cb4,139183,02eab91b075413e6e8a84cb24ce6671e1343da9c576880eebdfe3e168b12189d,0,"[1, 4]",749111970,300,7.232683073729277
acf8193e54245c8380c966522a89f2dd648d95e9250245014f9463d0f3756b69,bd33866f4e1b2c418f60a56765283a36e3fce64a64f273459c85974221c2069c,138223,6eeba99071577eebe266ac70cc9fd1b6a90b95f33cff5064f376793c3346fd16,1,[4],754456895,350,8.772178620100021
ad086c2062f3d99b7c751fe061293f3f33b8a123827104671bbde92ed9536d5e,20fa7677e48097de99798b05e279f0c53ba99d316a7de8e14484252c529797c2,139311,5d3f79c3220acd8b4f94fb498d9b6b8897c008f3c35f5f91f22feae2d3b2a73d,2,"[3, 4]",755526689,400,9.744820713996887
ad4769f90ab17aaa00df4c8dc25e691736f243d16469e1c9167fb02bf4f6822f,b9ab8430718de20d1db39772a803637eb1bf90481eb2b2fcbcabd14f0152a927,140335,829847acbad2fbe311a9193329b4cca2083257e1a08c3d842a1481d565a3fcd6,1,"[0, 2, 4]",759654906,400,9.64639900997281
ad70f35765c30829f01edd4988056f867486c22d77de647a7e07fae6f60c5439,5fea6cfe0d33bf3a2595cd6848234b668ef4a602460986c94072d394b27ab6de,11691,eb2c5789f31d8380ee35b9cde0405cfa982abe665bcc3e8a707cf14a3521c86f,2,[],762377048,300,5.244758976623416
adcf9a45ec7fec12c1890918923b998c84b1eccfd7009ad164936ab63ca1b823,f63f41a17414541acc5483f81ce3cc7a60329c8e5923a7c4e179fe20446c39de,140271,ea53c921444cebdfa917bb6a32e3a1ac99a5e95e395eb8f54ca5fc4230adbf2e,2,"[0, 1, 3]",768580166,350,8.352738916873932
adf06a6c9cfea7b8a4e87361a673a25bd59fe71cc678192c50853f4a019cdb5e,8ab31c2de1e4ea7624cfa87e56b83c559db8ecc21bbd292969b7d85fca61663b,138159,5c757fdead15c34851ce7623c30897869726b06083c8d44aab3bd436b27cc3d6,0,[2],770730605,300,7.489373462274671
adf840d331cbc4af0b4dfd76bfa0c9d3dbef777cdd9de7bae2b973c4a88e99da,3b9f833b9a7b9009e99dcabd132c09404e2d0246c2b6c32813265d50b296ab37,140271,8c110d60f77bf466fc881480ad0699385c52ed2fb9d9883d40a8fc17e38f940b,2,"[0, 3, 4]",771244244,350,8.234136523678899
ae23ab6908f71bff734f2695c17e116b3fe0222a8be0c2419553543b81c7dfcb,e6e8c84829be12056580fa1da15d0263937e2277ce081f0a4879e3018f54485c,139183,6eeba99071577eebe266ac70cc9fd1b6a90b95f33cff5064f376793c3346fd16,3,"[0, 4]",774089578,300,7.579104179516435
ae7a73b73eac1024355cd36ae799f05b18bdd4ff87e10510ced04c978b5c17bb,d7e4b37df50e907abc2e5ea634b3bd50f477a2327c6ad837337b349259fe52a4,139439,02eab91b075413e6e8a84cb24ce6671e1343da9c576880eebdfe3e168b12189d,1,"[0, 4]",779776952,550,14.842674592509866
aeac8ec40b73ae08b9232e5886daee8e2b0f807ac15ae291d281bbd9d359952b,55d327e3562442914322a3e275bac10afddf5508632f69e60948128498cf1155,139247,afc5a5efc8118ce29184d6deb917da4eb066645d33a633fda0dded2a6578d55a,0,"[3, 4]",783060677,350,8.678290130570531
aeae2e4ae895c5ef74e715f7a0eb6ff399301a2ca498cabed0bee7bc340a5e0d,9ea7e9161a25f8db68f4ea97f58c5aed8d1ed05bbbad20d009cce700aa756468,139247,772d76457e131d5688a4d592c44e9721ebe25758d5988f5e3bda800d4d0e0dc0,4,"[1, 3]",783167051,350,6.299482546746731
aeebb0a5615e7df5d3f20e6af70c528f664c3f16b5db726ff66a54ced5262575,1377c829a62c4c5119540aff3aa67a5ea40b029a788baeb2763fb46a38ed3236,140399,d1c543f7af0aafe377dadd154c6e85a905e4e5bf3401d3ccb817b2a117a13e94,0,"[1, 2, 3]",787198118,500,10.792235139757395
aeedad462d874d3d9c9bb913acd37b5b89b5b6b6c9724a09b0d28a174f329b19,7f041061c675f21301708d299701aeb33a58b22ae73bbd993fc361ef24234604,140207,732193d6e75393da040e8142ee46459ecc1afbab9c9965b48c5621d1c6018390,3,"[1, 2, 4]",787328327,300,7.150484783574939
af2cff1defff109b5252c9904c81744796cb71b2021eda896335a667854f93a4,862dabda9933af9c0c42825d3c1c80e1cb961707a7de4c13e10a5896fb677ee8,139183,ab3d98c08953d1fc40ba88aaada1f7878e1d21512bbcd10e4c2613220b8e0535,3,"[1, 4]",791478046,300,7.286740943789482
af435a515df98f526558bed2a13ed0cc5f594457eeb9cd1c6784a6c0c348af33,1d578a81706bf84df360c58bd72ba41fcac929b68629c233999fff99dee9edbc,138287,f918a61dccec720a0bfa718d743e5221e8d74a3862eb1a365d40b001d88a4eea,0,[2],792943186,400,10.259936032816768
af499fe13297e418e76f9212c8c71857525d28e452c73f502b00fd8efbc64ecc,5ecad1e64aee856665153626fd3a6eea200458afe92c7ae024552645a08250fe,139247,f918a61dccec720a0bfa718d743e5221e8d74a3862eb1a365d40b001d88a4eea,4,"[1, 2]",793354210,350,8.713271334767342
af6ca0a7e8ececa61abf5702ca43a854d6d1dccede721fa000d7e83d449e8323,42f17c4a89bd0d8495754bd894fdfb9c32688e51e8d8e9d073bad025c8c36298,11947,02eab91b075413e6e8a84cb24ce6671e1343da9c576880eebdfe3e168b12189d,1,[],795648168,700,16.734851974993944
af751ace95efac67015e5a7651fea6a43887de99743c04b37a363456ad29812b,b71311de810259cbc2be24deea3e4a0081f829c1e835568dbaa7efb5b6d531bf,138159,7bc80131605efe4e91e07681658c4a71d320633a5d39b2fdfa028e57b3072599,0,[1],796203727,300,7.351889371871948
afbd18ba1573c6100da5c3503e7b38ca85ac2450b76d9c00896a07d8a29759c4,9447020f5e74003e0d3a7361eb1678aaf6e18c8095e965505eca273a26adb04c,139183,49831b890e8dd2a1df2aa7ae6da89eb7247b291df7e8ba259c80eaba3baf421f,4,"[1, 3]",800921787,300,6.202370276674628
b0290751dd5331252e8a58496dd26404d889eddd2a7508e1462cdd1e1a57dc9b,ed479e6774b562c34bc5e54d837d034f6077f11f3f5a522cde6b291197ed326e,139183,829847acbad2fbe311a9193329b4cca2083257e1a08c3d842a1481d565a3fcd6,0,"[2, 3]",807995218,300,7.267801605165005
b0de0b728b83477bd7c35b4410a9416b89973b2f2ef38f64868653c04db5cf7b,0681c655ee74c55df737795f2ab42c9f97b7cf9e6d50731848cc7d7b099d12b3,139183,fb79a0e49312dfbecd543bc6c8ed2a72b2c1e3be0a6a2650c2486a31fcbd3bf7,3,"[0, 4]",819858291,300,4.908352779224515
b0e9aeee307731213db9dc7702757c80d3ba7df1aa50b168f28db064201fcc4b,abd252fc2a6202f86e9d2ebdbd6f9d9744f39f68be94568a849e7fe45a129329,11819,57d208c8365a31c3468d9f27aeddfaa06cb95b919677996b5c8d7e2118c31021,4,[],820621039,550,13.32873485982418
b10938dbd427541eca0c83f10176807573120743d4109ced08b6ad713ab63fe7,0af3de3befb08d3a78fd0c8c7d9f60227b34ec23d41e8da780cfc054aef79d08,139695,23dbbe3d1494a07aa585b47f311b222d3e2f29d2008e1077942eff4e59de9468,5,"[2, 4]",822687964,900,17.530837068334222
b1185b477a796b4550df7c6bca1d36ad2af0313adb85d16f691ce7f40e839734,1c22f359e7444d20c028f20d65c7caaad845fbf11fed296c4304e73484c0fa8b,138287,6eeba99071577eebe266ac70cc9fd1b6a90b95f33cff5064f376793c3346fd16,1,[0],823679816,400,10.169310301542282
b148792a35785eeeb93fd0e0779f526cf6bd743584113a3ccfde3ff8bff47348,b1cd3f5c34d75b29cf32e7b7134aee1b77e63966d04589509f1f4cb728699e0c,138607,8c110d60f77bf466fc881480ad0699385c52ed2fb9d9883d40a8fc17e38f940b,0,[4],826833195,800,19.504456140100956
b16f1bd340a06d99c5e7b16b1ac9466866364e38610b221ae61cb3745761eb11,44eb83fe3dff1f4e2a0569bb4aaa9723015f01f2f1ac68d14966fc7b0c2d11b9,139183,464464c8ef7bd4eff076591a3186aad12ef0163e0cd8d5d49d482e4d24f86eaa,3,"[0, 2]",829365204,300,5.048300510272384
b1aa5eec0c8b9f7ec7bb14d1036cf2da5853d2791c6119704616eb8e8ac62198,7391112b639d99ea66d08b60bced276815fb2b310ab6fded54d28f35436271a7,140335,57d208c8365a31c3468d9f27aeddfaa06cb95b919677996b5c8d7e2118c31021,2,"[0, 1, 4]",833249005,400,10.509286979213357
b1cd96bc51aeac344d663a8e1a4428f0f1a24833a0998bc1aa17c93828edf455,5c783406fe6b880679bd5c611a6a6f1f37a13620c724ef0220fc2e4d04711c3c,139183,f50a67efe63137a8ef68858e2dceef1b7cdbf20eca805a4e1f814d1571d737ee,1,"[3, 4]",835557053,300,7.662667687982321
b1dfd5c2ddeada0ebd0ccdf0069e602840c3d5b838c3cbbb167159add7d687e4,a57adbb359f2999e87aaa420a78abcff820f696f1ec6bec950a3501145d56c3c,139183,5d558a13b31059afb4770266a600615783ffb0f7fb75d92047d6fe579ac34109,2,"[1, 4]",836752835,300,7.933525193482637
b22932cafdef52731bd3129ae5379b0cc247c6d262637e998d84792fb572c540,9cc478b3314b9c41d9cbd82d0af6f76fe0dff83e454d0e97d66826cbc4311f0d,138223,772d76457e131d5688a4d592c44e9721ebe25758d5988f5e3bda800d4d0e0dc0,4,[2],841560779,350,7.661185761913657
b2af2659b6b37790d48ff292e955e8039bf072f83ae70b86c903161f131dc2b6,b8b1084546b866df5d778f96de2f8fd156200ec85b02be551d28f46ca4c471e1,140207,efff204740b93bf0466ee2b3e392663d68b4714aa520775e00267540b847f92b,2,"[0, 1, 3]",850339418,300,8.135152708739042
b2b66c080924e68ee662980a3f6777e65deff71175dfcb27b080ea15ea1eca68,883b8e2ae6d6f5b97cd015810a74f039e4d934affb14f3b3bb9f4903198e6329,139311,7c56d4b1b341072b905581a5817abdb0d67f285582a9f4c6837599ae4d100115,4,"[1, 2]",850816009,450,11.689526023343205
b30a29ca3570e61b080cb96b6913448822c2941212bd44265ff7fe0e9e888ad7,b2773e32da42ee5e5555dbf7b19dfa723840c885c4c126967fea43213793a111,139311,4b3ddcba7c116761ea0af39e2f81df1a34f414126707b91e3b352694978a3386,0,"[2, 3]",856304075,400,8.429565159603953
b31b69bbb98d66d9764fc3c31f0be1a972e68cad4105a34b5d5fe1fca63019d0,2f8d213dffdc0b86fe006495d263bb7467ef555f1fefdd68f4dfd85a65bb1e46,140271,7bc80131605efe4e91e07681658c4a71d320633a5d39b2fdfa028e57b3072599,0,"[1, 2, 3]",857434556,350,9.507944090291858
b31dcf9c754864265b8beeccf90fda7ebe4f38bb94211f8bdf1b2b46a43756c2,982dcebba3b793d2fbf510fbfcd8552bdda81fb2dfec8682a2bb20ce1e047028,12011,f918a61dccec720a0bfa718d743e5221e8d74a3862eb1a365d40b001d88a4eea,0,[],857591709,800,18.556330954656005
b357876d8b34cec359fbfca2153bbe60224a9276207f401bfa9656b487ef7e97,db810d109696a4abb2561db81a94fc7e9c9a9ed7825c95b54ca8fde16aeef824,139375,57d208c8365a31c3468d9f27aeddfaa06cb95b919677996b5c8d7e2118c31021,4,"[0, 3]",861374318,500,12.107240984216332
b389e903f42f05949d1555e69b0cff09cf90a3ebd9174799f5015087e6eaff12,212870518f526523f8ba91be92008bbd055c07ec685d6f370ee687e3f31d2371,139375,8c110d60f77bf466fc881480ad0699385c52ed2fb9d9883d40a8fc17e38f940b,1,"[0, 4]",864676100,500,12.77059492468834
b3d8bdff49732740cec380a79ce484e5dde5d2e0cafd8087bd8cfcc172153140,6dc10954310d05950b70aeebc70544c9aa06c58ed4b29cd495f4cb9322d8a532,139183,12c56c31bb01cb520e8a731750291b880923cd09bb364b2445fa5281392d505e,0,"[2, 3]",869842432,300,7.262115176767111
b41a19411479164e0579bdb79545ff20d67cd33617af72632cc345915c601aa5,d823f5597200070e6b577c72ad105b717093a383a8dcdee281575aa7df3eaf9e,139183,02eab91b075413e6e8a84cb24ce6671e1343da9c576880eebdfe3e168b12189d,0,"[1, 3]",874125634,300,7.598975548520684
b4676006968ddbe819478f6c105832dc3f3d22d7ea310a932ea18857b01331e7,ed49477bdd02207cc7d4f7a86f681dd76502065459615f9d4bb1b236783a5971,138287,60a9f8c14a63826644fa331b2b2b4f72318a8599aab317ba7e975f0e1f44a221,0,[4],879190023,400,10.990935588255525
b4b35e407557df3e5d2e53958b40439fc3c086994dabf02b892264b8e55a6d27,f0335f792cb3ff9fa8d14d1caf5c0d0e7d9e19ed10d6700f87e1e74a1a370ee1,11819,23dbbe3d1494a07aa585b47f311b222d3e2f29d2008e1077942eff4e59de9468,1,[],884170305,550,8.696601575240493
b4e17e5a6ce1114d27e8d56dedc87919b11b0c5db0066abaa5827a16e3c76554,a2a4f080eb8a829772c8baa95abe2eea081100548927bdae021be9b346763c39,138159,f918a61dccec720a0bfa718d743e5221e8d74a3862eb1a365d40b001d88a4eea,3,[1],887193179,300,7.75095341168344
b536f9d245322659704a62cec7618fe783a282c0af62288d7450c6a829c18a0a,412d6ac5a57ef6617014e51a76eacbee798a58ffe6e431c04d7eca05fdd1adb2,139247,4b3ddcba7c116761ea0af39e2f81df1a34f414126707b91e3b352694978a3386,4,"[0, 2]",892795347,350,8.010278003290296
b53713f13760f6b3377e1fb242158a15342319ec56c78a250e2a36f2a38721b8,bb41df795e94c534e5808f2464262a5658b49e8d0264268e7ed3482c9364b046,138287,afc5a5efc8118ce29184d6deb917da4eb066645d33a633fda0dded2a6578d55a,3,[2],892802034,450,11.175685174763203
b53d3e823718c58f681a4d0198ae08b0fc5195e6f1c9b53b8a9dfe2e5cff8c84,3a5fed12e067b1e5cf3952dae3e64d870c81b090a8b88852c62872b3f27a6175,140271,ab3d98c08953d1fc40ba88aaada1f7878e1d21512bbcd10e4c2613220b8e0535,1,"[0, 2, 3]",893206147,350,8.257101709023118
b56eb5b50f89f8aaa22a53b0037875cd3e818fd36d64aae0250b0309b7eae697,ca1eb66e35682331cc265c9c0c18da9c09b601972566fc2f8d4f2202235a45d7,12075,f50a67efe63137a8ef68858e2dceef1b7cdbf20eca805a4e1f814d1571d737ee,1,[],896447926,900,21.456144396215677
b5b8e9d7fdddd9d4e7ee0d5fd70f5bc9958f37b467f1154603d165f5dd517f05,8cff8ef66f51029ed1c72ab89274a0d18d9abf68bb7bcfb11155f0111c9852ae,139439,4b3ddcba7c116761ea0af39e2f81df1a34f414126707b91e3b352694978a3386,0,"[1, 4]",901310936,550,11.185376204550266
b5c8e2f1d21a15f3bbddab5c7cc2db487df33f4c88abd7fe9ebfce22ccd07a74,a7bee6974c7aab4b1cba57b27d9beeda5f9c3a8f29ff0bd9e874a74fefd8726b,11819,ea53c921444cebdfa917bb6a32e3a1ac99a5e95e395eb8f54ca5fc4230adbf2e,4,[],902357746,550,14.063006734475493
b5e0a1f95625aa8bdb00a248486a508c495f971ae713b10e15f29d1937b40331,a62529caae24f27efa5e1bbb458b3d1eaf7612860e85ec11fa22d227eb75bb79,140207,464464c8ef7bd4eff076591a3186aad12ef0163e0cd8d5d49d482e4d24f86eaa,4,"[1, 2, 3]",903913978,300,4.802154848352075
b5e629774d203849bbad9e77e7ea0a95d3e097796b662c7a4c7d68511855459d,c8a022581e4dc8f1576b988c62643ea65d4a6d3844940fdc6cd33c9e8af02965,140335,afc5a5efc8118ce29184d6deb917da4eb066645d33a633fda0dded2a6578d55a,1,"[0, 2, 3]",904276344,450,11.10235389135778
b5f6e525a922508b35c0dec29eaa47d7d5c9bf792fcccc1e3b5c2f9cfcc1d1ef,2e62318bc8c199c7273534e1ae14c4c06faebf232ab7472ac3927b666e0bc43b,11691,464464c8ef7bd4eff076591a3186aad12ef0163e0cd8d5d49d482e4d24f86eaa,4,[],905372966,350,5.360417231917381
b612b89da9c1a8d09e5eaaccdb767f690e202a2fd74fc84e81ef026921edb323,c23e548eba85a1583e83ae2a67a8285be140935c15e3a12f9bf5a958fcf94478,138159,d080ca249b712fd36e131cec67180f8effe22118a90afec65706b2cac240832d,4,[0],907196574,300,7.54984006844461
b656b93a1da8e1456504dcd4288b407778e9bc9d74bce10c0b5342cbf0591be5,f386248d89e7e5aee1bed92a67aba9c05f7f8d42d33c807d209e3ee97f2eccd0,11691,ab3d98c08953d1fc40ba88aaada1f7878e1d21512bbcd10e4c2613220b8e0535,3,[],911653179,350,8.178856931626797
b6814f3c0a33fa87565096dea9a6e379ff10c42f6b6921d4f90493b42fe9840c,1507d058841b1faf042e397d644fce0051a2e2197d35887ee78e0e608e908ca2,138159,7c56d4b1b341072b905581a5817abdb0d67f285582a9f4c6837599ae4d100115,3,[1],914444093,300,7.541726538911462
b68b407a8c5c00a28c9cd8b47beed799b8023f809d0d1c053b6c4159efaeec21,7943fd7a0441a7dea16919be79a1f49b38a92aba8fef162c6d6234835766d426,138159,437b3abaebbc57203ad30983ff145aecb9c85c2b9c67e468fa9e73e2ae1767bb,3,[2],915095675,300,8.151333700865507
b6ab643950389f28ec17674bfa7f949027a0337f1f3558d945c65a1e85e982da,17564ef89add2bdb14b8c0a0534b0da0e24e2da1a26e6ca735843168c39bfa75,138159,5c757fdead15c34851ce7623c30897869726b06083c8d44aab3bd436b27cc3d6,3,[0],917201978,300,7.243557970970869
b6e1ca662a755aa6433f516d8b2414e57e18d21d50f635de47d38964bf32af07,7bbe34d0c7b089fd289814327f749d7d03447343217631c956bd9478182958a3,139375,49831b890e8dd2a1df2aa7ae6da89eb7247b291df7e8ba259c80eaba3baf421f,2,"[0, 1]",920767079,500,9.28905694745481
b73a4b0906c13da8e02e25d07549c1eebdcd63a49ba8136b1773d396421b475c,c8d5ae899ad48dc972ab19c283f947483f777c1f9b914460dbf89ddb32e1dff2,140207,c0237caf096c9efd2af515b279f81e542fc9a923e435a0db7a32b79ddccd0131,0,"[1, 3, 4]",926567178,300,7.656135268509388
b813383cdad7620b2577cbc66a934636b1887638cd84e6e0134894d3bad140e3,4d1a3cb18275c675459cdda3ebfccbb708688bb4e8cfcad1447eac9559b58a43,139183,12c56c31bb01cb520e8a731750291b880923cd09bb364b2445fa5281392d505e,2,"[3, 4]",940783677,300,7.055245963856578
b82097be042e74c771b6b54e5cb7d72fdf23abd214f0539a319cb247c8286b07,e73f3f3012d01fbe10813ff147c2f9b479ad9a2348e8e865c29532c02313c3ca,138159,f50a67efe63137a8ef68858e2dceef1b7cdbf20eca805a4e1f814d1571d737ee,2,[4],941660095,300,7.492758519947529
b8a98e1641388350738bf5937ed5a876adc873997b70fb1520c1f3f97da69ab2,6b4e35acd4d48765664d1cb53e6121eef8ab1ea99a99eeb1cf69c2fd7204c79c,139247,60a9f8c14a63826644fa331b2b2b4f72318a8599aab317ba7e975f0e1f44a221,3,"[1, 4]",950636055,350,9.637775966897607
b8afc93d6f59468ad9a4b23f54270e692e9aa71c2bb282b6c3887be8f99e7e73,cca5791c706d92d03313d59c8288996816460cc717b8fe05c3981e97bb78fd3f,139183,22163d342eaf2722fec1d77279c13e7ec1c61b79e72471952cb9c4d4adf9ca8a,3,"[1, 4]",951044414,300,7.301973419263959
b8b2b6cdccbc3212e7a750b64d02b25076a3975b80fc8d56d40890e910767088,83a3f920e7ef88835dc621e149337ef4fcc70fc3fd7138ef2dfac607800147bd,139183,732193d6e75393da040e8142ee46459ecc1afbab9c9965b48c5621d1c6018390,0,"[2, 4]",951236302,300,7.1594565361738205
b97913151adf590378eb0b96bde995731a38e281d86b366225c5ec8c20dd75d5,c0e2c7606db4d402176025d72547ffe41c2c566cfe6fb85de44b2cf8cc6c626b,140207,f918a61dccec720a0bfa718d743e5221e8d74a3862eb1a365d40b001d88a4eea,3,"[0, 1, 2]",964236054,300,6.949898820370436
bb19a2c333f78474d37c55b8a7989d363dc7aee80843af79887e714fc7119020,c2a906211cdc68bef2ab281b276eb3f2964dbd08f2e56955b2d8fa88739090d7,138607,9c3f8cd9ed5a6d2bde47dcbd7aad7855fccc5f153e87a822baf6b424b11b3498,4,[3],991535812,800,19.70951732248068
bb9be8b4efe584ad31ebcbf5e1adf22bab9ed4df1fece3707c30245da9123581,da055edf9d9b0f9624cddacee111f3b90488d6a99c64c24f534a1e19974983e4,140207,02eab91b075413e6e8a84cb24ce6671e1343da9c576880eebdfe3e168b12189d,0,"[1, 2, 4]",1000073397,300,7.60709018073976
bc997ba2ed3e25c3b6199eb8b080dea7289a76d6b8b64bf350e885f572b75bb5,610fafb37fe28fe89315286d58702e1a13d749e0ef81e5072b95d357edd7e413,12011,12c56c31bb01cb520e8a731750291b880923cd09bb364b2445fa5281392d505e,1,[],1016691619,850,20.126608096063137
bd25c1feb345dda0a25600e87fb9af7313dfc5274bbd46945965ebf5c5f8d4ce,c9c220972c5ba8248bc07cd75ca93485b1e7e5bdeeadabe124822be530940313,140207,f918a61dccec720a0bfa718d743e5221e8d74a3862eb1a365d40b001d88a4eea,3,"[1, 2, 4]",1025884671,300,7.762852631509304
bd47e82de39306d8d080f1c4df4b4b22b4de6e4c6060da2748ed45121bab597a,5ef2e952f2a94cbb4b2c9f8069f9f4d2cec5a58c78b6033b0e904a4955d60a22,139183,60a9f8c14a63826644fa331b2b2b4f72318a8599aab317ba7e975f0e1f44a221,4,"[0, 1]",1028122670,300,8.389098338782787
bd622e826747835e1ca536c933ca60b99421f5d8cb0871f9129bd8c9a0eab2d6,a7446a4e0a00380b67e436ee47a2ed986f8b974f8a1e54bcbf65227c2390973e,138223,02eab91b075413e6e8a84cb24ce6671e1343da9c576880eebdfe3e168b12189d,3,[2],1029844611,350,10.181855853646994
bd8392e8325e72187d63073c8ef2d0defc6ed7eb5addb115b8d8cb2c7b2fe0d8,311224256eb63f3b3a9f760f3be0e5e5f8498befb921d0d7e2e58ae5d67f54d7,11883,5c757fdead15c34851ce7623c30897869726b06083c8d44aab3bd436b27cc3d6,0,[],1032033001,600,12.765944240614772
bd91833d9e52c6110ff1fc070bc63e020c471954f1a88b660a71cce460fefc68,12428a400328d2b0833a53a09636b78dd7200749f02496cf257bdbf991382a6b,138159,092b53d8498e2e35e05fc9af973ca851144e8b0dcfbd550fd14a77015f162834,3,[2],1032946494,300,7.121213065460324
bdb4f844d0e5bad5c839599fee87e383a14be8cc453863d5c08023ed70c4c171,4f0a77b3776fd7d6d0e9fb2076f0598f2dea353283b63b01cb4da6b157f91c5f,140335,afc5a5efc8118ce29184d6deb917da4eb066645d33a633fda0dded2a6578d55a,3,"[1, 2, 4]",1035270213,400,9.68721403926611
be3c4321cad52a14f016b98b27a99d693f0cbec58cd9f07a76075382b12b57cf,3e3685fcbb16aed8e63db0905aed459fced7f023c73caa61367306c60211a778,11691,fb79a0e49312dfbecd543bc6c8ed2a72b2c1e3be0a6a2650c2486a31fcbd3bf7,0,[],1044136738,350,5.175585977733135
be4f6092876c33ac0e64c8d5624e69d0a9ea2ccae4e7948d2b3cfb18d7d96a06,9292b3510d144aa310baf1894ec340e13211adeb9f5114c2e23c1b6481dabc0f,11947,092b53d8498e2e35e05fc9af973ca851144e8b0dcfbd550fd14a77015f162834,4,[],1045389459,700,14.5790955722332
be66973a4c00971aa45116b87660f3c3e529c13d31573337db78f97669ac56fe,6d08c54fa751322543ddbf29abc68c717aabc8d3a6cdd4c2f3d397b09f0f41a9,140399,57d208c8365a31c3468d9f27aeddfaa06cb95b919677996b5c8d7e2118c31021,4,"[0, 1, 3]",1046910779,500,12.111069861799479
be7382f79ccdc0afd46497365312e8eb414effaa0870e0a30e92338747b4cebf,dd22d704debaff533b4a6380b3db580670d527856738c99929fdeb3102f9dfac,139183,fb79a0e49312dfbecd543bc6c8ed2a72b2c1e3be0a6a2650c2486a31fcbd3bf7,4,"[1, 2]",1047757560,300,5.756527571007609
bef19c3eb48389ce61c373d3ca27839e914dfb5cb133660a5ea5f75b4a9b998c,50aabe45e6f2997bfd0147a8295398e846b819f9a88b9d36ac2e972936e78d78,139183,5d558a13b31059afb4770266a600615783ffb0f7fb75d92047d6fe579ac34109,1,"[2, 3]",1056021567,300,7.554989526048303
bf2a04c3b51e772175853e9e391549b5182b97ecc387988040fc1cef2b5b355e,e9201aef9725085016dc0f8522c6d17602623f581ed5af49a29dd1b1319fbae5,12139,afc5a5efc8118ce29184d6deb917da4eb066645d33a633fda0dded2a6578d55a,4,[],1059718340,1000,22.78049398586154
bf30ce8b662e1b0183a1e6f52fdf33d17e371dfab34f84ab64e21741be214372,197dd25923f05fc63017bb8c323ad3e0bc8c18e6a6fc8310aa563b77713ccdf2,139183,d080ca249b712fd36e131cec67180f8effe22118a90afec65706b2cac240832d,1,"[3, 4]",1060163212,300,7.409353716298938
bf588d287fc85fd55eb83f8cdc392417b0376ee2194077a122741dcad30d13ad,dfe70e0a118468a12ec4924da332ad53391cf4244ffdb856df60cabf6e0b5385,11691,86305a2a20e4a16650c3ad53714acef1e882b25c26830d80394db57b55fb14c0,3,[],1062767913,300,4.863124219700694
bf878eda4ad5b05567da338c5f9b59c41408645b1e1256ff1e2eb7b92aaa3685,f1d707ba5dce46f0e59586b953719cd2b60c02b7025c7d18230aeaad2e99b97a,139311,f50a67efe63137a8ef68858e2dceef1b7cdbf20eca805a4e1f814d1571d737ee,4,"[1, 2]",1065848539,400,10.517646290361881
bfa6db0828f425c84148af147ee8228a3503562b01a67fc2bc9a6bd330f17fbb,152ff98d8692ee01d6210e86f847b222c438a514e809edc01e17a25e5f3173f8,138159,7bc80131605efe4e91e07681658c4a71d320633a5d39b2fdfa028e57b3072599,4,[1],1067899657,300,7.671448523178697
bfd894c8b98d775051b81e983bc1ad1b213e1160956fa84052e4af4a3809c5f7,522844fb00018555b5c0e58a09b240c77c869141c70c8735c2370faec8688754,11755,6eeba99071577eebe266ac70cc9fd1b6a90b95f33cff5064f376793c3346fd16,2,[],1071158473,450,10.003733463585377
c0532dbd07e505ed5b4b886a3b3aeff70f415ce3163b1c3d3a27b6e191266fc8,6306f7e1f909f98b7947e56f203f4a8cb731d8f450a97f41f3d68b920d304370,138287,12c56c31bb01cb520e8a731750291b880923cd09bb364b2445fa5281392d505e,4,[3],1079193022,400,9.684352718293667
c103cb6fc2f0807283ea2d2caa267419652d2b8937b897623c864acf483a42d5,52953c80f3e4cd62dc0917a79c4b45151a07597b34e69fcce97d37c577936636,140207,d080ca249b712fd36e131cec67180f8effe22118a90afec65706b2cac240832d,4,"[1, 2, 3]",1090767728,300,7.711523087695241
c16742181bfcec602f01258b23f5442a9a3cb0d44f25d53489523453ebdca257,dc1d808530ff468b300c8683ec39835cf02833d51c7107da3aa211f46cf5696d,138159,8c110d60f77bf466fc881480ad0699385c52ed2fb9d9883d40a8fc17e38f940b,3,[1],1097286169,300,7.472102230414748
c1765bcdac49298c577f2d60cb6bd34fa45efb2893325ad61f5626c5c5c4d340,8c01f4d185ecb8ef28ff424599993be7da38432cc25fde32097a294a15fa417c,11755,c0237caf096c9efd2af515b279f81e542fc9a923e435a0db7a32b79ddccd0131,4,[],1098275790,450,10.600549263879657
c17a298effe4540b3e820dae18f3816b4d429c83872c70bf4a8f3289d8a014d9,fdf9a6623ac7c8f0855a34878adfba92a11085da15503d42c5fd657dbf5dfd5f,140335,4b3ddcba7c116761ea0af39e2f81df1a34f414126707b91e3b352694978a3386,3,"[0, 1, 4]",1098525071,450,9.718452559784055
c18e038ac828a7fcf2e01b997348defede52e109644654fc750c7cdd95f39422,1da7d4c559451048f54928788b75ab8cbb4391829ab6b344020f360bf153e505,140207,c0237caf096c9efd2af515b279f81e542fc9a923e435a0db7a32b79ddccd0131,4,"[0, 1, 2]",1099826059,300,7.973335016518831
c1d480ab93a3739758723b97d6d68a44444ede61b14a5724609f1dec4eec6d9d,1c89b17b7ae98ce5edee81b38fd89094df517dee7f9f6c3a979f1fc986232c02,11819,732193d6e75393da040e8142ee46459ecc1afbab9c9965b48c5621d1c6018390,2,[],1104445612,500,11.912338620051742
c1e898bcf3d2359d2ad9c2ac52e2d1a48557af321f5fafd9bea0a1a229f7e643,8215de9047b4a01cf991c8c5c436b0792c78bdd24968bcf44b06e8fabaa3fb4a,138351,9c3f8cd9ed5a6d2bde47dcbd7aad7855fccc5f153e87a822baf6b424b11b3498,4,[1],1105762493,500,12.571512652561069
c2272c1c575b2b016883fc4df5c9275422c12e2e0ccbeed0fb6da53cad7b8da7,901ab56870312bf004ae1c393c25d2a55e84d3ebee4e3aabd46b6c1a8706c1bd,140335,092b53d8498e2e35e05fc9af973ca851144e8b0dcfbd550fd14a77015f162834,4,"[0, 1, 3]",1109863453,450,10.937119098380208
c22f2c19e21140b4bd8b216231e41db0ef4b35fcd81caeb0e6634e74d02f0866,9b29ce442bd46d949b0ec5b1f7dbe7e2daf6db8ce7baa1897254d8e90302d2df,138351,60a9f8c14a63826644fa331b2b2b4f72318a8599aab317ba7e975f0e1f44a221,1,[4],1110387738,500,13.529919903725386
c2c332e8bb3667af9a8b01d7d3f074f5f0adaeeac1cbc0085dd2d59bcdb059af,c8fd0345f7e443f500ee99657ea469d97b3a47abaa4d07dadde7e27a636ef708,139183,f50a67efe63137a8ef68858e2dceef1b7cdbf20eca805a4e1f814d1571d737ee,0,"[2, 3]",1120088809,300,7.601458415389061
c336c3d00d76f4028ad4165331046d0f502ce954420bf154cf7d0dabd3a2cb62,93b73c53a145e403c18452742377b1ae881a4d124dd76966d5da69c7b54c0cfd,140399,7c56d4b1b341072b905581a5817abdb0d67f285582a9f4c6837599ae4d100115,4,"[1, 2, 3]",1127662545,500,12.664509899914265
c37019c676a6fa4bdf3045f78a71d5c8dfef83bd1ccb7725e92283feca414854,7b63f1b21570993f48a55ea675f01cb5b23c753ee458627561d9d10d9c90217f,138159,437b3abaebbc57203ad30983ff145aecb9c85c2b9c67e468fa9e73e2ae1767bb,3,[1],1131420103,300,8.47441709600389
c394787212016e5b5840e2c78c22586e1e8c10d1b7e4ab5f2ec06a7c2b2695dc,cb45166c63ad3f9c175671f8a560b70548f3923f5fed6f41177ec146f8aff7d7,139247,60a9f8c14a63826644fa331b2b2b4f72318a8599aab317ba7e975f0e1f44a221,2,"[1, 3]",1133803635,350,9.503785090520978
c3ef0a0c07ac9154ff2998dec2979e4f1e8c8b596e1a86818b1ab753e51ea4ea,1fbcdfc7254cff7573e68ac863c58498e15b369dd667b25230e5a5bcfabb9341,138223,fc725721fd66039f54fdd8f90e552f03aab157bb5989fcb4a18671f15ccdd144,1,[2],1139739149,350,9.010335627943277
c44dbacb43ee1e6373070688bf670fb5a3b8e7366b91b0f42d6b6d2000340d2e,037e88be84de891dc137ca7eea250ff3074464730a3a771c1911fc23e9a9994a,138223,4b3ddcba7c116761ea0af39e2f81df1a34f414126707b91e3b352694978a3386,2,[4],1145944780,350,7.4295635260641575
c4cd8fa45cd6c639e682420d66dc4f4c0169d2a14e3a1f803a6d03db350bd999,3bb67bb10de7b85dc73a8a91fc430aa2a5ee079995f6623d32eeeafdab0f4e13,139247,829847acbad2fbe311a9193329b4cca2083257e1a08c3d842a1481d565a3fcd6,0,"[3, 4]",1154322341,350,8.575014086440206
c4dbc0b5a889a2774196616b4d71b34d249de7d927021ba10693aea9a4162eb0,6dca5a80faf74efe1e2d1c83c33c0ee6eff63e36d93780e23b731b118d92b5c7,12075,5d3f79c3220acd8b4f94fb498d9b6b8897c008f3c35f5f91f22feae2d3b2a73d,3,[],1155252406,900,20.554102392867208
c53b04e9da847ff962eac6af756798e01cbf7d19df865c243a466ca1121ceeb2,d1dfd58b9a4b3e59b5c0f16a8d97d98881a7e72d47d6711af169a813e9ecb0d6,140335,bd20cbc07471d94b9635f63350465280f4200fdfbe9db0d5033e3e5609704896,4,"[0, 1, 3]",1161495786,450,12.215362383052707
c58513fddefe2ea7b89fd6fc8efb1e7baf255b1d0e9491fab359572fe3e6651d,c7c097a202d986011276c5e6b1f9e4d4700ff38e2fa9c5385817daee1be40c14,139183,464464c8ef7bd4eff076591a3186aad12ef0163e0cd8d5d49d482e4d24f86eaa,4,"[0, 2]",1166349310,300,4.972294995561242
c594efee5eca29c91dec075f32f8836a326295034299cd21f3884b53fb5c7fdd,6dab0d6525f61e9c0096e0f4fa608a41f6d465d923a694231e06d4c83fc31b6b,139503,464464c8ef7bd4eff076591a3186aad12ef0163e0cd8d5d49d482e4d24f86eaa,4,"[0, 1]",1167388655,700,11.520932139828801
c5a4c5a417ecf8b95db5b125764ac01ba0bd4456ac5772c7d4589af1c1a27f8b,12fdc61c4e2772a9309dfa0044e5a966c748cc74f83059c0fd9bb65a146b18e4,138159,22163d342eaf2722fec1d77279c13e7ec1c61b79e72471952cb9c4d4adf9ca8a,1,[3],1168426405,300,6.638066729530692
c5b8ff95bcc6f5cfc66073f2c528b68d8d255c1621ef2739f468d07713755c37,748a0f1e5ba2a695785fbbd172b1f055d42255ef8f39a5e106a2d1a783669278,139183,d080ca249b712fd36e131cec67180f8effe22118a90afec65706b2cac240832d,3,"[0, 1]",1169751958,300,7.493722952902317
c6cf01ee4c55e2a3d7d7a0e15d7b16a37ab9fd0fe821237353e0213973e81ccb,1a873a2a1e336bdb67d482b633d1f409b4b3b2dac0e88d65c536e4e3f2b38ec7,139247,ea53c921444cebdfa917bb6a32e3a1ac99a5e95e395eb8f54ca5fc4230adbf2e,3,"[1, 4]",1187971567,350,9.892249358817935
c89e745f9b3870a014dd616130ad5fa86d925b9a8906a2149342c91c748a5275,01fb9638617023c16c5fc1779ec8d0d6038515593f36645c91b2746c7e7db473,139183,49831b890e8dd2a1df2aa7ae6da89eb7247b291df7e8ba259c80eaba3baf421f,4,"[2, 3]",1218344032,300,6.279719205573201
c9116d98c887db01e3af4d46551e14fe05e8a9a3c218d879e3b655ee90836e21,7f8d251b0ad7ac1a9a69db1d92be4ced1d4217e8dd4a4fd7fc343c0ccea699d6,140527,23dbbe3d1494a07aa585b47f311b222d3e2f29d2008e1077942eff4e59de9468,5,"[0, 1, 4]",1225878937,700,13.956966128200293
c9202c6438b2d1799f22d41969a24679bd4a627a55d0c7a3d5f69deac869088c,d2e229c0fae910560c204ae82c5bae22e99e6d7544bd62fb0b3a3d345b072f51,138223,fc725721fd66039f54fdd8f90e552f03aab157bb5989fcb4a18671f15ccdd144,0,[1],1226845285,350,9.062918910756707
c9301e87edfeb9a123cc3f734ad5ef351419b75c741283165a77d4410ccba33a,19adadcd35323afd729fdbbb0d494bb0828f701fe7bdf2dbb44adf15a9872806,139183,60a9f8c14a63826644fa331b2b2b4f72318a8599aab317ba7e975f0e1f44a221,4,"[1, 2]",1227890312,300,8.610527522861958
c934b8aff3dda5f26fb1eace2a597d39ddb3d3748a21880f39b753bfa0150f63,d59c40b35c4da3a4ba254fd46745aa8981b9067194c3c651dd30405f03aa7dff,140335,86305a2a20e4a16650c3ad53714acef1e882b25c26830d80394db57b55fb14c0,3,"[0, 1, 2]",1228191920,400,6.301840126514435
c954becbf7481abfca49531ce6e5df1af917f1ba0a70457a47401ea26e341184,bcc8f853c05cb646332e17f0acfbe6ac7b74925baa8148243e236384bcf7af9f,139183,464464c8ef7bd4eff076591a3186aad12ef0163e0cd8d5d49d482e4d24f86eaa,4,"[2, 3]",1230290636,300,5.32993127591908
c990f21d629e8db381ed099aa67b88aa191f96d8d296d70caae2366cd94c7051,25b9b9bf94a46fcc808166bb213b68480ff4831423f782d821bf288f36ad36be,138351,86305a2a20e4a16650c3ad53714acef1e882b25c26830d80394db57b55fb14c0,4,[0],1234235934,550,9.9460976626724
c993985c7d5f72bbdb2ed7b7206e9eda472328d62e0ac55d1cab4de067b9b1ab,e517b48db69f35898c6fce59a4aa7fcf657f20f343ea9f5d063b4a500fc3c201,139311,bd20cbc07471d94b9635f63350465280f4200fdfbe9db0d5033e3e5609704896,1,"[0, 3]",1234409565,400,9.965220937505364
c9ce6c672aa611e2863f0b0a551d2b4e6ac184085d107c7f176e4476e83ec4c3,f701b682cbdeaf54b6ebf4d91a84b0c628463a8294bfd494bfba150c396bd771,139247,f918a61dccec720a0bfa718d743e5221e8d74a3862eb1a365d40b001d88a4eea,3,"[0, 1]",1238264936,350,9.799599166959524
ca3df858a0f7e91a04095b96fb3d9965fd104aee99647eac8242fab6e2b91723,b7a190784e7b21890fe3ee067a440ce238b37df6294da8a011619673532b143a,12139,eb2c5789f31d8380ee35b9cde0405cfa982abe665bcc3e8a707cf14a3521c86f,1,[],1245575257,1000,16.708321264013648
cab8990ea3bf509316243070ed75a184d5f5128ab425e8ebd7fb9ae8000593aa,9774d3078e37f480d26ae9a2a3ed6c5c5da760718cade2e444ca9c756f60e2d6,139183,732193d6e75393da040e8142ee46459ecc1afbab9c9965b48c5621d1c6018390,0,"[1, 2]",1253611791,300,7.1974914856255054
cb84718e390e9b4144d8e409ac16e99a0d65d973684a39ae9383bd1845d6e928,3d0a6156a6b601857ac065c90f5ca3aed9ccc002242e9494696e0854c7746f40,138159,5d558a13b31059afb4770266a600615783ffb0f7fb75d92047d6fe579ac34109,1,[4],1266971023,300,7.008383475244045
cb88eb856f3ebae8b255ce0f033248caeac781bc89ec98e2e0add2208caaa81b,580e348b20f36563ac16d35b09ebf98bc818558210a61021c277f71780382c5f,138159,02eab91b075413e6e8a84cb24ce6671e1343da9c576880eebdfe3e168b12189d,4,[2],1267264390,300,7.086135398596525
cbefe1d3f7dbbe72b6160582ba91ff0e6e97ccd7047c8e600e444c31f63f8711,510012857e26468b10641668476a7ecbfc56b0300d4b3a8c2be09c7e3747391c,138479,bd20cbc07471d94b9635f63350465280f4200fdfbe9db0d5033e3e5609704896,4,[1],1274012116,700,17.432279812172055
cc30de6fcc12d70e40369bed07c072d9b78ff154d4c1fd6681a16d5b89e706e7,07fa0695378247ae0708e2c0a940beb40bdfdb5f6e732a22f70727398a3be311,138159,60a9f8c14a63826644fa331b2b2b4f72318a8599aab317ba7e975f0e1f44a221,3,[4],1278271088,300,8.32286535948515
cc851bdaf39c4f0443f7b0babe6a8c57c6634da110ce74224cc31058c333e355,85d577091bac5d235d5c161b4f3730883236784470f751eca1bf3dca7cf84ba8,11755,437b3abaebbc57203ad30983ff145aecb9c85c2b9c67e468fa9e73e2ae1767bb,1,[],1283791835,400,9.768441814929247
cca0c1394e0b223132cf4bbb5a112d63e4a476e3aac7e45e201d7cd2a3df27ac,1c62f233750739d47516bc3e9ef20cf8413885e4bbf8c88217de011b76c73f37,139247,437b3abaebbc57203ad30983ff145aecb9c85c2b9c67e468fa9e73e2ae1767bb,2,"[3, 4]",1285603642,350,8.20628833398223
ccea3346de02e4e83ecf516728a5719795f53d8d1a0e7fa35089509e40b2dd81,55d888a1bd91b15dec12068acd1bc1cd0ce7c7be364821dec95dff881514ff95,138607,c0237caf096c9efd2af515b279f81e542fc9a923e435a0db7a32b79ddccd0131,0,[4],1290416967,800,19.495056428015232
cd23d8fd9ca849b79d8d5cb80e0bbfbdaa21cd441b02aab3d8f352d97ba875d2,d40bfa0629b4789053c7bddfca08238153236f576b9be99caf86d2bca98a253b,138159,bd20cbc07471d94b9635f63350465280f4200fdfbe9db0d5033e3e5609704896,3,[1],1294194942,300,7.942851027473807
cdcd9082375c175db1cd4b27b6977995f48369d0f29459a3f42e4062a2be5926,ca342d1c9cf698527343c4e88ce6946e102cfe9a8ce20f714f1ec63572af752d,139503,bd20cbc07471d94b9635f63350465280f4200fdfbe9db0d5033e3e5609704896,4,"[1, 3]",1305317507,700,18.079882476478815
cdee791491620eeb461cb118c608c99c104df8d58667f1f507542cf5f32bb265,fae8a8972a363d863c563e7d6db5807f3cada2dde4767d95d3ec2c0b7152f1e1,138223,c0237caf096c9efd2af515b279f81e542fc9a923e435a0db7a32b79ddccd0131,3,[4],1307474197,350,8.494096683338284
ce5b5cdd2d6e0a8944be786accc6ee9e7e9df817719d2ce8e1416dce0d49db14,f34b4bf9b384d33da308e6f7becf1c4480fad9dde186dabe3f6ae7bb2de68e8e,139183,fb79a0e49312dfbecd543bc6c8ed2a72b2c1e3be0a6a2650c2486a31fcbd3bf7,4,"[0, 2]",1314610398,300,5.262338368222117
ce6ec82c9b3f39680d4d3bb4238acd80e4c712fb1143ad4b891c06fe32097840,8f79c461ac08bb5b3036ca6db033c44f490aa64d0e11b826e989e3b6949156c9,138415,5d3f79c3220acd8b4f94fb498d9b6b8897c008f3c35f5f91f22feae2d3b2a73d,3,[2],1315883053,600,15.418189669027925
ce84e40615423f658d2ed334ef49ecbbe4a8e61fffd25ee669846c8f82b4acc9,5b6a7b53b404442f81d382fa3468d20a2d912d94e49b278450e61abb9f806763,140335,5d558a13b31059afb4770266a600615783ffb0f7fb75d92047d6fe579ac34109,0,"[1, 2, 3]",1317331975,400,9.981825334951282
ce8620a91b681aaa6b082ef7265f5114698a5849b47c27021c6c287d28a694fa,809b291cbb1e75d4add062ee9d1cda6dff29173efcc38e99c6d888b0e75177fd,139183,732193d6e75393da040e8142ee46459ecc1afbab9c9965b48c5621d1c6018390,1,"[0, 3]",1317413034,300,7.883091436699033
cefd5fa04051d97f69eb6a91bd4ee1827c0b8c461a8b9b7f1ce956d5362957f0,ce9884b35174a1b25c68b34f47210af24dac711b4f82b434d24c30c79e23296d,139183,d080ca249b712fd36e131cec67180f8effe22118a90afec65706b2cac240832d,1,"[2, 4]",1325227937,300,7.145154034718871
cf85a9e6dff84ca0ac4ef4cf6caafd8b2087e9e2075bee3de524eed70a7118e0,755cb510b61318fd351367c51402a99c441eb3025ca27cfea9b8148fa32fb838,138287,fc725721fd66039f54fdd8f90e552f03aab157bb5989fcb4a18671f15ccdd144,3,[1],1334159847,450,11.79724757000804
cfc541f46264fac408c037f2ef02963c166781192aad483684df09077f552051,82627c4d1fd63d67c55b441042b6cea86a7dbe606b98670ec5735b01d3d492ac,139311,c0237caf096c9efd2af515b279f81e542fc9a923e435a0db7a32b79ddccd0131,3,"[1, 4]",1338327541,400,9.560215452685952
cfcd2e3e6a035d4d85c7acd8aa124eedb29f8dd7554df2fbdb5f9620602ed863,22899367c988a2f15bb0617f35effcd2455009d27d32fc65dae9e2023acf95b5,11691,772d76457e131d5688a4d592c44e9721ebe25758d5988f5e3bda800d4d0e0dc0,2,[],1338846783,300,5.002619197592139
d00e7d98e942fc975c0c06d94206ac1c16b7bfa87e2d7e2ff7bc1e574331106f,47ba892d01cb7075448a278e65e4364bafb90f7a240976ba12ae7067ca77f103,139503,22163d342eaf2722fec1d77279c13e7ec1c61b79e72471952cb9c4d4adf9ca8a,4,"[1, 3]",1343126937,700,19.262843161821365
d01472b1ececcba3795bf217dd3e92099298d0a0b90235bffb60451540c82a28,4f7f45191d0a388be368036a8eacfc3c4d9f34bdd204f8fe398b14101fe210b9,139183,7c56d4b1b341072b905581a5817abdb0d67f285582a9f4c6837599ae4d100115,1,"[0, 3]",1343517362,300,7.993954550474882
d0473b368c8a24b8a1c70d67469dd7f7d52b1fdd846832a17f1b1e3a193fa59a,336e58b9cabc94b19fa2f703e10f205f5cd6596524f1b6d2522dc586a967994a,138159,bd20cbc07471d94b9635f63350465280f4200fdfbe9db0d5033e3e5609704896,3,[2],1346845495,300,7.598545076325536
d0778193cb38f5b589a449b68555cfde9a8253e07e2f2dbd693cb9990654c267,7be00d9f98d0af1c5fc7d1439bb109ff3d679d194beb63641f2a65a2ae9d1b5f,11691,5c757fdead15c34851ce7623c30897869726b06083c8d44aab3bd436b27cc3d6,1,[],1350009236,300,6.738324228674173
d0d9de5cf175c6b4e5147d38ac77b7102b1b6d9ea384b4c62dbe2ffcef633db6,553270c93f14582e24a4aba805376508acd58ce074175ea07579e622d2a4216d,139183,d080ca249b712fd36e131cec67180f8effe22118a90afec65706b2cac240832d,2,"[1, 3]",1356455517,300,8.081291392445564
d121a35d1fac00a156f6d1a47291eda2059a0dd656123961a6ca6b9925298a84,c65a336784683b61d423085b9cdfc9c208ecc26c4c38f322437dcccce6b81979,139183,22163d342eaf2722fec1d77279c13e7ec1c61b79e72471952cb9c4d4adf9ca8a,2,"[0, 3]",1361159006,300,8.069500483572483
d123c1b10a310d7c1522eeb4737aedb68da35dacce0ffb8a5dfe9e9693750897,1f63a87135bc394570b23c082b7fe11d56ce2a90e4481a42e49279a5f0c5c510,11755,fc725721fd66039f54fdd8f90e552f03aab157bb5989fcb4a18671f15ccdd144,2,[],1361297842,400,9.467984518036246
d17eecfd74c3e383aaddd7a3f5c2a45074388bb5b35ac74cb5521090b1aad557,bf385cb694c4c7cc99485d1cba8b8800916d8802490a71a95cb2e7bfc86408ea,140271,afc5a5efc8118ce29184d6deb917da4eb066645d33a633fda0dded2a6578d55a,0,"[1, 2, 3]",1367272702,350,9.52492636628449
d21bb79dc5e3bbf6b13d05fde8a3b966b1dc674b61218171082bd5aaec671e0e,bfb49b5e93c76cb63952e643fe9080fe943c6668bb2e7888371cfdafc54043b3,138607,9fffba322c64f33d26f0f9ff052a96ea3250c36cd816823505104df980866d2d,3,[0],1377548190,800,20.237002603709698
d2244febf9c18e226ffedb9b75579ee29bafa0c85f876ea87ca771c9bf3441dd,cadcac2227292e5e95896603e862e8255c93e8e68bd16133d5eba893e5766712,138159,12c56c31bb01cb520e8a731750291b880923cd09bb364b2445fa5281392d505e,1,[3],1378111468,300,7.342802919447422
d2799b145330e48e68c4496c6ebac47eb18476b331c883feea7c1ce1bb9ad835,874b658b4ba9617ecbf4cd7dd7799f3f83638167a5cbcca61cec142eb8f7dabb,139247,4b3ddcba7c116761ea0af39e2f81df1a34f414126707b91e3b352694978a3386,0,"[2, 4]",1383701269,350,6.349870655685663
d2d31a06171a601a2cec5267bb085fa190299da38f290b29d7a9e3a514f8f42c,8abe0461278e41ea85d190ae00497f6de2bb57419ed22e932c432c137e78633a,140207,437b3abaebbc57203ad30983ff145aecb9c85c2b9c67e468fa9e73e2ae1767bb,3,"[1, 2, 4]",1389566471,300,7.046248367056251
d312fe5ee362b6c12974a9dfa06dd7b9a3cc204f0f6e93bce9f25fcfbc21a359,085b3778ef7db2da63dfae0367884648b6372adb2d98ee59ef32e98b132b2d36,11947,8c110d60f77bf466fc881480ad0699385c52ed2fb9d9883d40a8fc17e38f940b,2,[],1393753695,750,16.8105989638716
d35327681bb3fb691c37d6322c2cc6a892c1cd5b04372f0bf1a8436ba8f3bf38,5adf1a27690a4b01beff50c1dd347dc88121837f75739b10e9051df92e37c250,139183,f50a67efe63137a8ef68858e2dceef1b7cdbf20eca805a4e1f814d1571d737ee,2,"[0, 1]",1397958505,300,7.762776762247086
d35faa005256845b7425d28b6960adede7c1c27f0fa2bb9ab3f2e3efbb3ee692,90f4283e2de3bd390d108308617cfa7a9349312a66fd061dc6a9be7dca885b4f,139183,7bc80131605efe4e91e07681658c4a71d320633a5d39b2fdfa028e57b3072599,1,"[0, 3]",1398778369,300,7.355150897055864
d3b11f3f85f471a119a37a0e233cf4a733a1d57a0ca326e7d613163918adb73d,cc8b3488914409ec014332b8a768babf993ff0ec96b5330e31cd41841cc2ce04,139183,22163d342eaf2722fec1d77279c13e7ec1c61b79e72471952cb9c4d4adf9ca8a,0,"[2, 4]",1404116800,300,7.271267792209983
d3b232945f9a3806a1195bc42a2bf956f469b2cb1bfd21723294bd451de8d1cc,585fcc95da18a182d2f34564dd34bc5921087ca94e50c917919b36672470e0c0,138159,732193d6e75393da040e8142ee46459ecc1afbab9c9965b48c5621d1c6018390,3,[4],1404187285,300,7.586160760372877
d3d7dd51b18162e06770503dc47a9a52b274a8782773b23367f35fa3919a96ec,ecfe25e7dacd89fd2839c25d3181486dead20b01163744828ea82e7a6d0343a7,139183,9fffba322c64f33d26f0f9ff052a96ea3250c36cd816823505104df980866d2d,1,"[0, 4]",1406655826,300,8.079808527603745
d42021c56a9075171e1232997cab5d6077bf5f76ef45fecdd68a3d7a4b391ebe,0157720c25e67d4dcb9a9da6cdf9e84af74111eecb4c7082ad7b07b7ae39e437,140207,7c56d4b1b341072b905581a5817abdb0d67f285582a9f4c6837599ae4d100115,0,"[1, 2, 4]",1411391942,300,8.309189595282078
d452570ff1593a9e58a58a6fb0b065d95e5b22314739f3755e2dc167de4babae,988c96ad55ef0b990d3944b95b573ebee837e979637fb3d1452138be5ffacea3,139183,eb2c5789f31d8380ee35b9cde0405cfa982abe665bcc3e8a707cf14a3521c86f,3,"[0, 2]",1414682384,300,6.9392936788499355
d4b90d6803319d09fbc32d884655a66686a2094b8d850276689330f5fd8cd488,9bd28518241d11d6267104a105fcba2679deeda1be37d916f0f37ef64324d93e,139631,7bc80131605efe4e91e07681658c4a71d320633a5d39b2fdfa028e57b3072599,0,"[2, 3]",1421413737,850,20.98629406094551
d531eb0ab9dfcde981df66f097b46bc503a4acac193d1e9d3bb00fa14849ab25,b3fd06140fc4f9bf3bbc60f375b70bf6b60558f614580f762b66cc489e1eca7d,139183,5d3f79c3220acd8b4f94fb498d9b6b8897c008f3c35f5f91f22feae2d3b2a73d,2,"[1, 3]",1429334795,300,7.383417084813118
d54d27098c2e3cee77c93c19ab071155037c067a22503fd53a21ff0bb72581f3,49b7c0eff38a5d10f075d10ddf7adddf34835fe8a1b271f3076100a0c7b3e79e,138351,86305a2a20e4a16650c3ad53714acef1e882b25c26830d80394db57b55fb14c0,3,[0],1431119626,500,9.065990233793855
d58f90e253d395d7a3e66a036290d0626f51554e8cd94ecf925df62650964598,0c2dc5f42ca9d7f911bdadb11978cf76d68a800fb93a5e69ace184fe01586a4a,139247,ea53c921444cebdfa917bb6a32e3a1ac99a5e95e395eb8f54ca5fc4230adbf2e,2,"[0, 1]",1435472099,350,7.549814542755485
d5e6bbab5d08d077b7ca157b50f7ea1e42721450edad1048563f598d0f0cbfe6,79bfe379c54cbe56d2dcebd4825895c80f25afb6456775b8354be5f45baac249,139183,efff204740b93bf0466ee2b3e392663d68b4714aa520775e00267540b847f92b,4,"[1, 3]",1441184684,300,8.445123236626387
d630f640d3a32215235e31d44d11eeae0fb2b2c2063e3406021aca0979618b99,7d3c96c7e0cb28c5c9d47a04e713797300d1d9e248d160cbb9514721101869de,139247,6eeba99071577eebe266ac70cc9fd1b6a90b95f33cff5064f376793c3346fd16,2,"[1, 3]",1446049345,350,8.629409836605191
d6312516a50797174fb948b29f5ebf874e63cdf20ed08488648cf93fd3791ba6,9df5344519ee0e4dd557851acdbd00628629e708ea0a993c8ecbcf5eab55b4cf,140207,829847acbad2fbe311a9193329b4cca2083257e1a08c3d842a1481d565a3fcd6,4,"[0, 2, 3]",1446061335,300,7.753144703805447
d669087a5ac7e6c91ffd6550890f480aeeabc948c64d9e88e95ba0afb0cc317a,ce148da4d4e32899ccca994f53356c7683741fa15da32527fadfdfa639b2ebb9,139183,8c110d60f77bf466fc881480ad0699385c52ed2fb9d9883d40a8fc17e38f940b,2,"[0, 4]",1449724027,300,7.450715174898505
d688efaa9c017171f7def23c3baa3be1e047f4bbbdb689e5837e563353dacde2,0f04962f4cf74a48147e90757007d9bc3f6c42b25f583650fedccbc41fcc044e,138351,ea53c921444cebdfa917bb6a32e3a1ac99a5e95e395eb8f54ca5fc4230adbf2e,2,[1],1451814827,550,13.491389892995358
d689f51594eb97078c3d6b0073ad720626d25323c14abe052b49777c2ba9c484,ccd6794447beff22b75b15a232f49e11a5539c80324f402b347ad1cdb23a5976,11883,afc5a5efc8118ce29184d6deb917da4eb066645d33a633fda0dded2a6578d55a,3,[],1451881750,600,13.14881937019527
d6a2ca42344323eb4ec5051c508b7c1ff69798eb88c8e15c00efef1bc6181004,eea76a1625ccc5573317d443b926a5f40f1caecc01a86ff5cae648e27ed6b10c,11819,092b53d8498e2e35e05fc9af973ca851144e8b0dcfbd550fd14a77015f162834,1,[],1453509187,550,11.363186910748482
d6a967e638fff94bc61dd288140166f4b30a3f8a226aef23651c1ea993fad3d9,6751a1aacd61582025b24b7110d3f9bb0ae267f7c9c89a99c8f112ce7115803f,140271,829847acbad2fbe311a9193329b4cca2083257e1a08c3d842a1481d565a3fcd6,1,"[2, 3, 4]",1453942759,350,8.45388538017869
d6b327b82f6d74900b8605268fbb4866e6d0e1005c533083960ff5668081be03,36721a604090e6dc276d992a4d838f1c36752080149f9825b2fae7444b5c8e52,139247,bd20cbc07471d94b9635f63350465280f4200fdfbe9db0d5033e3e5609704896,0,"[2, 3]",1454581689,350,9.252956315875053
d6d6725df0b277b13776fb2bd5f3e194f668998b4835e9d6f179b022be397f6a,b2637d3d04cc92b814fb6d3df496d5402d642d783e108c8e461ded9f54fc3331,140207,5d558a13b31059afb4770266a600615783ffb0f7fb75d92047d6fe579ac34109,1,"[0, 3, 4]",1456894558,300,7.6098466869443655
d720f18c316ce3d4e63b780eb576fea2b5ec63f48cbb7656a2a31421b7386095,1785a3035e40a0aee47c4694167a8bd8ca3fd72cd95fb84afdf8317526fc7fa1,140207,5c757fdead15c34851ce7623c30897869726b06083c8d44aab3bd436b27cc3d6,3,"[0, 2, 4]",1461776781,300,7.552180428057909
d73d9083bfc0cef0597f27e7d2c4f354210cd0f14a6a5c8a86b91980cf6e78d7,6e65f7ede0995c46d169c53560951bf3f70b64e2baaa093ce64c0bca42a763d3,138159,8c110d60f77bf466fc881480ad0699385c52ed2fb9d9883d40a8fc17e38f940b,3,[0],1463652484,300,8.181084053590894
d7e7109d064e4be188224f99d91cb76adb78b70f1fe33fac2f4f3a51c32f6116,b9176b30ce1a01e7555a7563934a99628d381989bef7070a67a86466d28e4a75,12139,eb2c5789f31d8380ee35b9cde0405cfa982abe665bcc3e8a707cf14a3521c86f,0,[],1474760862,1000,17.81078440696001
d7eb8ac23af0805d5fa3e6fa06130b2c659af84e064d322a64832ae381511f65,4daee235157bd76694710ce954e0808037aadb9d11ee6117d7e61ec515f29e18,139183,829847acbad2fbe311a9193329b4cca2083257e1a08c3d842a1481d565a3fcd6,2,"[0, 3]",1475054275,300,7.299264302477241
d8149c4c8ee2459c0f77cb19b7895bf9ba636156c2610057ca38a9cd67a0e244,54620da3eb483ca3b84636204a2d13689d545b94baa52685d2717cc0a5ae76d7,138159,c0237caf096c9efd2af515b279f81e542fc9a923e435a0db7a32b79ddccd0131,1,[4],1477745741,300,7.358325367793441
d818bb391a0b5a0de2b4e116b12fc3cb49f8bb4427ba798986b6d052b99cb266,5c3afc7eb8df2da399000f4fb6f1d028b4bf46d696f76d86d4d8e6f7ea696bc2,139247,12c56c31bb01cb520e8a731750291b880923cd09bb364b2445fa5281392d505e,3,"[1, 4]",1478015802,350,8.985957337543368
d823fa6e2262b6cd5af5b528dc8c28359c12037998887d1f84bf0dc024fcf2b5,f0a49a44615405f225ff6c5b7a0baf91180ec3add84f1a2db4180665e6efe91f,138479,4b3ddcba7c116761ea0af39e2f81df1a34f414126707b91e3b352694978a3386,1,[2],1478752879,650,13.172900987789035
d8863599d0e6cf996f88f07deb3c4fcb295f88ec9a21faa729654ac3ed7987d8,191bfff6ef39d0552f69065e98bd842e2ba98620b35509ce6316da5ba2dde418,139311,23dbbe3d1494a07aa585b47f311b222d3e2f29d2008e1077942eff4e59de9468,3,"[0, 2]",1485190554,400,7.399890741333365
d8b1f56bcb5fc970f12458922bf43a1df3898a5aba9c3bfb88488fa11ac6c6f5,2b93ab623d0aaa3910ff18f97915dd775c711d838ec96ff6dcf790c30b39a552,11947,fc725721fd66039f54fdd8f90e552f03aab157bb5989fcb4a18671f15ccdd144,3,[],1488057708,750,17.600144028663635
d97ebdcb1c2fb26b829184d28eca1d2fc7823d25b9fd92c78ce72da05e739375,cefb66d0812316ccae4c87ba767fbb5d2d958cd8a088ddb7406fad93d251f89e,140335,5d3f79c3220acd8b4f94fb498d9b6b8897c008f3c35f5f91f22feae2d3b2a73d,1,"[0, 2, 3]",1501478348,400,9.861255668103695
d9892d161ee1a65446791b3e9437a13cda28a226c11d6893804b85774fda8d0b,b3807d90ebe3e683807b0e3aa62289f10460977c2194042f48264416bb427267,138223,86305a2a20e4a16650c3ad53714acef1e882b25c26830d80394db57b55fb14c0,3,[4],1502162199,350,6.599419495090842
d9f03f73d39c780c16064a5135659bbc47ba19552b70a8cc27015d9f254ace67,b79834632d872a7169e684c84eaf1b3b999eed904e66185f068f9b13cf45ddfd,138351,60a9f8c14a63826644fa331b2b2b4f72318a8599aab317ba7e975f0e1f44a221,4,[1],1508917108,500,13.217407003045082
daafba87a29bf545038459f58af3f0c37f7711205996425fc454fa0650bd5cb9,f9a59694c380f25dfd5fb164f35dd9f926add2109197e0573a51483172933cf7,139247,afc5a5efc8118ce29184d6deb917da4eb066645d33a633fda0dded2a6578d55a,1,"[0, 4]",1521465992,350,8.95658358745277
daf8c59bb97ddba3a559a55b6ce6f2571532dbb0d8a8ece52868b247b06af63d,913fa0addd3286c3023703ec8ed15444ed85f5536b817886d9ed16472861a509,140271,ea53c921444cebdfa917bb6a32e3a1ac99a5e95e395eb8f54ca5fc4230adbf2e,1,"[0, 3, 4]",1526252956,350,8.816930575296283
db155dd343e14ff12872107a6087140007fb2ad007b75c8eaffacd8fc42ea32e,eb6a13fbe70dd009b18ac329b7116a7af35dff4e74776e06f0b916c54f14c2e4,138287,092b53d8498e2e35e05fc9af973ca851144e8b0dcfbd550fd14a77015f162834,4,[0],1528126932,450,11.783864874392748
db610aa366a63416c41237a9ee966c3cba3bf28354379f628c06455378fc6128,f3f8b7ea7b1ccf3260a7cb8b7e2c50e7a4fc526576d6491435c5ca92be21de38,138159,60a9f8c14a63826644fa331b2b2b4f72318a8599aab317ba7e975f0e1f44a221,0,[2],1533086372,300,8.104695428162813
db773c55229ed2bbd058ed72a806e21ec91cb92b8dfa9b9de8af28dc1bb70f51,a50eeabb83decb2cebc39c3b43b2f5cb8b551906e0bb1442f17c369aeb880ee6,140399,22163d342eaf2722fec1d77279c13e7ec1c61b79e72471952cb9c4d4adf9ca8a,2,"[0, 1, 4]",1534540886,500,12.631333738565445
db900c9e7dc18d0acd827fd5043a8bb8f4a4840c1d327608679d91e0fa0bf56b,1f9d34238ee6d678ab1af8f371c66f6f1edb6da320fba325b8e3a29e901ca962,139311,092b53d8498e2e35e05fc9af973ca851144e8b0dcfbd550fd14a77015f162834,1,"[2, 3]",1536167071,400,9.989103646948934
dbd3cf335eec9f300b6746833d753e7cafc223ec36bb3526598a93d26c8a72fa,04dda8aa851611ae528c90880921964c7ab8ad90c84acf13d3c6101cb2afd96c,140271,c0237caf096c9efd2af515b279f81e542fc9a923e435a0db7a32b79ddccd0131,3,"[0, 1, 4]",1540607796,350,8.965932220220566
dbe4996491c2d0c77712b0f1122088e7256d612d849b47e7c2d38cd80c0f8f4b,7fb67decce5653a28d3ab1bace4db61dca699a40c149675a02f03dc93e0bc5b2,12139,23dbbe3d1494a07aa585b47f311b222d3e2f29d2008e1077942eff4e59de9468,5,[],1541708133,1000,16.834341866895556
dc1e56fbdf5dfb2a7035f13b8f818836e9e6459f01aa495f67513731e696b6e2,7f2cc98253b21c353cd0a148eb0771e8e0364cdba195ad13d8704b3639ee7534,138287,f50a67efe63137a8ef68858e2dceef1b7cdbf20eca805a4e1f814d1571d737ee,1,[0],1545492220,400,8.98609603382647
dc22c83501bc55577bf22a5883d67fa8f387fd1db1c8cf374c3006a387920e28,237709716ac6ec2a71c8366325efaa5c7539a906e0705dd839bc34da83047ed5,140207,732193d6e75393da040e8142ee46459ecc1afbab9c9965b48c5621d1c6018390,0,"[2, 3, 4]",1545783350,300,7.6330190021544695
dc704acd79b625e528decb9ee0a0e9fd77ada12d2efa3c1bc2f0d14fc52bb976,279702dd2883d3bb82d318183731f32c75961769ac33175cffee0dc7b0adda7a,140271,437b3abaebbc57203ad30983ff145aecb9c85c2b9c67e468fa9e73e2ae1767bb,4,"[0, 1, 3]",1550863054,350,9.792804684489965
dca529a57d9407ac0a4f008bce83f8c5fe9b4c05802e906721bde07d82e8e763,8229eb111048899de2c58d737afaf9fd349805624fd65c1a22df9b74f21c604f,138287,829847acbad2fbe311a9193329b4cca2083257e1a08c3d842a1481d565a3fcd6,1,[2],1554327974,400,10.139714295044541
dcbc434edba36ed1e8014e6e9c041d7b80e21c6aee8c71afc78e7f4861176219,81da78705f0024717eae269c30eb7f833479d7df5a5a45fe12c529509db7aadd,138287,57d208c8365a31c3468d9f27aeddfaa06cb95b919677996b5c8d7e2118c31021,0,[1],1555841871,400,10.059591541066766
dcfe5c2769c0c47f655fdaba190ddbe949e17029e31e215da97afb0bbb2766f8,0bd8191fe1f30b011a7558245ad30eb4bce16b555756a6c6ebbddb209f1c3919,11755,7bc80131605efe4e91e07681658c4a71d320633a5d39b2fdfa028e57b3072599,1,[],1560173608,400,8.854494595900178
dd098b568f0b706b5a62aedccd79c5346b3ca42ed4f8cd5dfaf1d637d294599f,f18addc4f2ba88639bb11fb836b8282c1d06271e6989df0c69267d16f92b4a54,12139,7c56d4b1b341072b905581a5817abdb0d67f285582a9f4c6837599ae4d100115,0,[],1560906583,1000,23.870050819590688
dd17cd88e67e3de1a47bbc2059e5a677c43daa43c827d7f046725abf114999c4,971ddaa54aaecb4588e8e3421f39eb942b1606f22c245d57886230348b226a76,139311,d1c543f7af0aafe377dadd154c6e85a905e4e5bf3401d3ccb817b2a117a13e94,4,"[1, 3]",1561841033,450,9.237780263647437
dd34b3b5e6c18c5219950dee643336a8b69b01e2c60c94480d5090524d0ae1c3,d259e537b6815a9100451cc6fcc6d3434ceee7bf22c25fe040626af82513001c,12139,6eeba99071577eebe266ac70cc9fd1b6a90b95f33cff5064f376793c3346fd16,4,[],1563734966,1000,19.640715301036835
dd5aef174840837059e7bcde493b763d799ce81823c63f6be32b4b1c03b8f75d,b28560f9fc048692b967edee1100c66a43adcab6fd6d5c4b049326a2952c192d,138287,22163d342eaf2722fec1d77279c13e7ec1c61b79e72471952cb9c4d4adf9ca8a,2,[1],1566240536,400,10.306809900328517
dd5ba50b3e0a369dd00e203509513b719c7cfe1fb09bac3939da23307371efe5,1f4a35a701ec77228ded82ec1de794c3c605802746f44c1ac43106bc8342cd43,139247,49831b890e8dd2a1df2aa7ae6da89eb7247b291df7e8ba259c80eaba3baf421f,4,"[0, 3]",1566287116,350,6.589449929073453
dd98dc76722a6524d4386be88cd72a6536b3e4448e84c00090e707f26c25a27b,01555cd6c91fe0584ecc28164203f3069b09f8dd782cd682ebbda880cb669711,11691,22a44ba55f7755249900a35d1ad3ef5f17529c4abfa0a0934964028da7034ce6,0,[],1570298999,350,6.792953979223967
de2392a1440525fdc82daaef4302cf58dd87410e2ff2c6c7c0595ff1687df35f,e1feab80c64b06888dfecaf7d18d95b288f8a5dd137ac93c55d94e173a503a6e,11691,ab3d98c08953d1fc40ba88aaada1f7878e1d21512bbcd10e4c2613220b8e0535,0,[],1579389602,350,7.788688629865646
de9f2d638614256e7d9b1cf42947de0f3cb54d407bfd06601cd5e57733d3b9fa,c7cc2abb76658c3260b03a74ec99afc2f824593bd6d435c612a530b8d03c867f,11755,d080ca249b712fd36e131cec67180f8effe22118a90afec65706b2cac240832d,1,[],1587490148,400,9.260422075167298
df093ff9496b5bfc87804b31e3bc8d1be31247aafe0fd3b259ffb0b14a497252,1c117a0c1b3f5929b9427b17f5b8e1b3035418d92ca77bdfc5070142166f1afe,138351,4b3ddcba7c116761ea0af39e2f81df1a34f414126707b91e3b352694978a3386,3,[4],1594441722,550,10.958932572975755
df92e2b9f753f993103d0e873716b659f68001a0ac9f73f8f3b8c30585f44f4c,416af281df1b44c379c6968899952eca83035ca39c901e8140b954e40d8df847,139183,437b3abaebbc57203ad30983ff145aecb9c85c2b9c67e468fa9e73e2ae1767bb,0,"[1, 2]",1603461818,300,7.573084143921733
df9e8e2293f2122542726439229ccbe66842b99ad9701305cb03360981178e4d,aff03933db5b91e7c048abf74fc963ef6ab8582973630125f6463df21acfe635,138287,7c56d4b1b341072b905581a5817abdb0d67f285582a9f4c6837599ae4d100115,1,[3],1604226595,450,11.253503452986479
dfae4f78d4834f44c9f84104d79709b6407960dfcf27a46e506d8a266fbe3774,d5e83d5396266aa1a53543ba5ec24ddb586676d58d137bdec47c66b2a97d3645,139311,ea53c921444cebdfa917bb6a32e3a1ac99a5e95e395eb8f54ca5fc4230adbf2e,0,"[1, 2]",1605259129,400,11.77734787389636
dfb676546a9ac99efe9a5558b47db098e3933745ad7eb2b28ce115cf79d39763,0e6a865768623fbd9fded0ac77c25e53a75ddef13b39cef302adad24dc861a96,138287,49831b890e8dd2a1df2aa7ae6da89eb7247b291df7e8ba259c80eaba3baf421f,3,[4],1605793365,450,8.234201155602932
dfbb7f9c6ab609ddaf7611acae6a215f22ad07aa67e197385ce4a92652f5eacc,59e2d408f670580fe5fc97823d55805044e8c605c42629badd86df183d03bd24,140271,829847acbad2fbe311a9193329b4cca2083257e1a08c3d842a1481d565a3fcd6,2,"[0, 3, 4]",1606123421,350,8.830939738079906
e026c207f9e0f4376b5c3fdb9579328730e8dc8588f5d8e6fa3cd6ee9d58fd0f,abb454695d02c527d39b914ebe5cb5842edd1d0d9e56962ff968ea73b45cf909,138159,437b3abaebbc57203ad30983ff145aecb9c85c2b9c67e468fa9e73e2ae1767bb,4,[0],1613152776,300,8.257516095414758
e09d824b6bb127477839e6b7fa6fdaeb932bc9b42afa12a5dd23c78ac0b11405,39a19162edc188b7aecfbc97f7b6d7d83511c4306e2fbdfdfd45086b5cd7f815,139183,772d76457e131d5688a4d592c44e9721ebe25758d5988f5e3bda800d4d0e0dc0,4,"[0, 1]",1620935244,300,5.576329104602337
e0d517742f00a66518c7ac2ea76996942d6d2079e746f20b49152fc0deec2a84,d02bd27b457a6e505f3d5d8adf62b2917229bf469e0c4c68cc8a6ee7c66eba99,138287,8c110d60f77bf466fc881480ad0699385c52ed2fb9d9883d40a8fc17e38f940b,0,[2],1624577909,400,9.525662103667855
e0e407b54ab8e8029b58f0619e0f70b15a3afbd874c0bbb8976aceb64a0c33ce,a89cab9382fe047c9ac86950a8ca4a99a8859edf80b37a4d5e0952c113a24dff,138223,732193d6e75393da040e8142ee46459ecc1afbab9c9965b48c5621d1c6018390,1,[3],1625556918,350,8.362426582723856
e14b2efb7fd02db96c3a8bc6fcc14e0129b505a35bc8043a7a6f6d1ea4a7cf4c,31082c1ca6a5044f07bb789d8032c8cd2c63edcdd756fd8f5829a84bf80b28b8,139183,5d558a13b31059afb4770266a600615783ffb0f7fb75d92047d6fe579ac34109,1,"[0, 4]",1632317180,300,7.97895821928978
e15e577d1daa617e7f4849ed46eba0a47418b9b832465afb6f901183687c5194,2d383019621e091b3aed5fc0d8aea4e8e2366ad7b46d008650237ed3fd062357,139183,c0237caf096c9efd2af515b279f81e542fc9a923e435a0db7a32b79ddccd0131,1,"[0, 4]",1633572734,300,7.503311229869723
e16d04d2db1d455dd8ad23ca7a8e199e8b29a165f5873189a4f10a419e4aaaf7,e7286ff5e319a1ab1a85738b2c453a7e2d2d12f64662b315e7ed23398010f4fe,139183,464464c8ef7bd4eff076591a3186aad12ef0163e0cd8d5d49d482e4d24f86eaa,3,"[1, 2]",1634534611,300,5.4288705084472895
e1ca1db37bc3644ed02a305afffb2b80cdceb9f38fbcc1dc4bcb7fdfda8e1aca,f74ae451a6a0f015e7ce917d297835eeea5464a14fb5dbbb0eb1c0f7ce4411dc,138159,437b3abaebbc57203ad30983ff145aecb9c85c2b9c67e468fa9e73e2ae1767bb,1,[3],1640635828,300,7.482288798317313
e20cf11268b4f8e6c11f5992b75e2dfda5714225e7fa7e227b72e103edca1b31,c4b7fa58a672a4514bc0461a86e7b44d024294c2a64d8043fb53b8b1a2ddde04,138159,437b3abaebbc57203ad30983ff145aecb9c85c2b9c67e468fa9e73e2ae1767bb,1,[0],1645015315,300,8.5674947835505
e24a76c37082202d889d5929801a9720e3d156429e93ccc074b6117e34ac668e,fda662933578d3aaca41471269a7d7ad4a47b22ccebcb9a3ea18b9f423d01066,138287,23dbbe3d1494a07aa585b47f311b222d3e2f29d2008e1077942eff4e59de9468,5,[1],1649047236,450,8.927435534074903
e29671f2394e4d5ec5b46e2c5e6b335f969d0e8adfccf0448d26637791c8b940,c7367d6c44584dbf92d6236cae091a699035162763324cd9181c95d6db031fa8,139247,57d208c8365a31c3468d9f27aeddfaa06cb95b919677996b5c8d7e2118c31021,2,"[0, 4]",1654026739,350,9.06645905598998
e2d5cb98493ecc82f84b3d027e36a7247ac248066332c5d3bd85123f4b2351d7,06baf9cccce9b8b1214e38584fe70f92a734bd959c9fd893e510872de19ab807,139183,7bc80131605efe4e91e07681658c4a71d320633a5d39b2fdfa028e57b3072599,1,"[0, 4]",1658178457,300,7.458018174394965
e2db130468348c832ffdd470e8e1c743e9cdfffb273df481e552f8fae2afcc73,13e14ec26bb875cf23695d9e54a5ef4e68f6ffcc24528f9f5759357684be4728,11691,bd20cbc07471d94b9635f63350465280f4200fdfbe9db0d5033e3e5609704896,4,[],1658524421,350,8.655549773946404
e2ec7bf3b6a96a77292f95f04c419e7d6b478ba27e540b5ebe1434e7b17ca695,7fabd9f7430c912cb935d18fb729a89413eb269a7aa64d1b4788e155c5f49c80,140271,8c110d60f77bf466fc881480ad0699385c52ed2fb9d9883d40a8fc17e38f940b,1,"[0, 2, 4]",1659665396,350,8.893447106704116
e36783d2951c4e501d82d174244958dc8a5057c8805edad1a47c4f89c2c2c86c,49508e9f12489d7fba7c7f680d5369b956b94363a9acf2a3d63407e2372f37b8,11755,5d558a13b31059afb4770266a600615783ffb0f7fb75d92047d6fe579ac34109,3,[],1667728339,400,8.726827086880803
e3764fc5071f527c26b85a06e996c2299f28a3d28bb6f3262cd910840a098e6c,849e1b93a30315e989c874e855040baf0209b9d7e973ca2ca94d4f59429b2c5f,139311,57d208c8365a31c3468d9f27aeddfaa06cb95b919677996b5c8d7e2118c31021,1,"[0, 4]",1668698054,400,9.496646847575903
e3d874a7a5bf5a40e6406195ea35f8c71863b807e51d8d8d751a6e2f42fa6bec,9c7677b34f863758c72ce9c6f7664b91de54adae5269448c0225162ae7e18b55,138351,437b3abaebbc57203ad30983ff145aecb9c85c2b9c67e468fa9e73e2ae1767bb,3,[4],1675130024,550,12.506322165951133
e3d938e9d221387cf2d519f777ba2b3f189dfec1389ecd856aaea211b2377906,193b5cd550b16fed6ca05f1d1f33e82de02699aa1d98746b4612e63a5b380f57,138351,afc5a5efc8118ce29184d6deb917da4eb066645d33a633fda0dded2a6578d55a,1,[4],1675180266,500,13.326956301927567
e3ed2a859cabd541617ea085bcde1be5aabaa96b9b3b64a7369f988d2efd9a5f,ee6898714d81926811998be056d8bf7d3f7e5525642da88fc431e0cd429058a5,139183,02eab91b075413e6e8a84cb24ce6671e1343da9c576880eebdfe3e168b12189d,0,"[1, 2]",1676487302,300,7.686508836224675
e49d7babb00930d8d58325812dc6eb1ab5013104d725d9b026c69a239d0dece9,630d887e246f505df5f70125ddd179fa0104b4ed4a1cac6a0bbfdad2d8784059,139247,49831b890e8dd2a1df2aa7ae6da89eb7247b291df7e8ba259c80eaba3baf421f,2,"[1, 4]",1688042412,350,6.760474614799023
e4b8544e8a43ea03f8e77c9d4fced4b310d0657537ad2a3312f5b6e6555a6c95,00acc512c9bf0c98f38bbcb9349c9e942ee8206c6e68f94f40b5214e7a8df2da,11691,732193d6e75393da040e8142ee46459ecc1afbab9c9965b48c5621d1c6018390,1,[],1689801807,300,6.749258928000927
e51a604038a62f5256f0492c1eff5a5d69ca09e5b1f5ce33d0b9a152f2972a4b,59f010ccbc9348af54f0f638849787b1334297d7d9957ad3e02c5b0ce4cd503f,138223,829847acbad2fbe311a9193329b4cca2083257e1a08c3d842a1481d565a3fcd6,1,[0],1696227393,350,8.668282164260745
e51d7a9cf1e35bc35c6ceb78d2106ae251736b837eaaf2ce336370a61e3a40df,73ff6067793fd503c366f3eeaef1d395534066fa79a4f60ae42d5641a5f437eb,139183,eb2c5789f31d8380ee35b9cde0405cfa982abe665bcc3e8a707cf14a3521c86f,4,"[1, 2]",1696430749,300,6.704733835533261
e5548ce27fffbd70a4433dbb43058e4607bb825ae926e9c1ccb5446cb47e932d,18667dd1e587e45c9d2764e0142006103a9d955cd0f13b8d1e6c63a18d2cd599,138159,683a5ff373a826aaa963d3c19ef34fd145b7eacdb00cd2158a7fcc88bab93201,3,[1],1700039907,300,5.4725022073835135
e55d7fbdfa14a7cf08c925b3cea4f600fb3ff4f2799da4db4de58daa1afb9ba6,50b9f090ae602128e9b37f1ffc48560e41648a3c2b45f6887906dae9346b3f4e,11691,60a9f8c14a63826644fa331b2b2b4f72318a8599aab317ba7e975f0e1f44a221,4,[],1700626366,300,7.209930906072259
e5a98945686c76992448731364e1f85461466e54e7854c10d0928b27ce0ffa32,b9f28f540c440a64d95b351bd31b744e0bfab0f8aaacf9f419c6fca1d0bf1e88,140207,5d3f79c3220acd8b4f94fb498d9b6b8897c008f3c35f5f91f22feae2d3b2a73d,0,"[1, 2, 3]",1705609542,300,7.396632891148329
e5ce5042f8e4e8bdceaa85fb71059242c723a49564732d0f6a8274ffbc2cb7e4,6fc7c230b1c9232a28d70bcb233794c2714a6f178883dd96a5a437d5090a2783,140207,12c56c31bb01cb520e8a731750291b880923cd09bb364b2445fa5281392d505e,0,"[2, 3, 4]",1708019779,300,7.117420576512814
e606ee1882470e64b547f3d2c96a809f1f71229782572e8d626765941ebfe151,76950f1d63291940cc17480c0e5f8441331d2ffe634056b4f076d798afa6f1a1,139183,683a5ff373a826aaa963d3c19ef34fd145b7eacdb00cd2158a7fcc88bab93201,3,"[0, 2]",1711730201,300,5.083810403943062
e646f36102e2d1f65330e398bdcf9805c794b86c492034fb9c2383130f098486,bb44c01ee6471ccba8511e70c6450f5fdb99c0a116b7c5b34b223ab6f1deba2b,138223,12c56c31bb01cb520e8a731750291b880923cd09bb364b2445fa5281392d505e,0,[2],1715925858,350,8.711618008092046
e68f04f7b1aafa6ad126d0acfb1172584e131a1d591456a9c8b0351fb2ec48ea,b4d54db8b815e714a58d2a36e1129edda5a7e381affdb44b9f6c1cf7403d0e5d,139631,fc725721fd66039f54fdd8f90e552f03aab157bb5989fcb4a18671f15ccdd144,0,"[2, 3]",1720648952,850,21.280694829300046
e69dd07d0131790dec325827c6004229e52586b894b15df7db5048e5f2b41487,5caf18a78fe1c09aced9b249e9f7ec393b6f0a72d96a184064c5ba353bfb007d,139439,6eeba99071577eebe266ac70cc9fd1b6a90b95f33cff5064f376793c3346fd16,2,"[0, 3]",1721618558,550,13.968290891498327
e7761a2101eeda59252aed30a50c1dc3e0e3f6e9488bf89241c1fea867332a6b,3fae7cacec58bca7b10f3985b3dd1c904525fc0b6c5c9d79c728ddb0c2407cc4,139183,5d558a13b31059afb4770266a600615783ffb0f7fb75d92047d6fe579ac34109,2,"[3, 4]",1735793186,300,7.340217292308807
e788b130f19841d0d672b9d46bad7d86eb09fd4cb5b9d6babdcd223b1bfdc80f,35448f35c820e0f72302cd0a1fcbd494ef132cf130338613478a6299c65107ae,139311,d1c543f7af0aafe377dadd154c6e85a905e4e5bf3401d3ccb817b2a117a13e94,0,"[1, 3]",1737011505,400,7.210351208224893
e79749812ecbedbbcfd0f1ff7534c7d9808100b0c7ac91e6e6ea233a0da7afcc,3c0c1022d53bec7844fc46e42297f7c7026afbf2a875b7499da778175be7f20d,12011,22163d342eaf2722fec1d77279c13e7ec1c61b79e72471952cb9c4d4adf9ca8a,4,[],1737968002,850,20.00630908459425
e7cf2c7a40d0e80c02bc850d629e96eed945ba5ee9104ce62bb8f9c5063c41c6,63e8b60cb2d0e1000de755d689c441ec65b9004ff51b1e686089d9c4d796fee5,138159,683a5ff373a826aaa963d3c19ef34fd145b7eacdb00cd2158a7fcc88bab93201,3,[4],1741630587,300,5.3360490873456
e7eea4741cae2c436206dcb883e518b561835ac1ed9a8e49260f7669322d1323,559935391c36c188a50324fcb0726c006a9894eaf7ee08cefc73d87a23d733cd,138159,12c56c31bb01cb520e8a731750291b880923cd09bb364b2445fa5281392d505e,1,[2],1743692917,300,7.37562976591289
e840b5db569099f55f350841e95f873db39bdf259a300dd987613b4bd95619b1,abb8f233d231203d47307e42b6f94f685bcfa982137215a40ce1a9efe82902fd,140207,ea53c921444cebdfa917bb6a32e3a1ac99a5e95e395eb8f54ca5fc4230adbf2e,3,"[0, 2, 4]",1749071324,300,8.302525117993355
e851293afe7d97f53a1831d765d81f6175114bf1b55a7c13f77b7075aefd879e,322b6ad846125008107f48afabdbdd2c49f309f007c337629980cf575c894a5e,11819,829847acbad2fbe311a9193329b4cca2083257e1a08c3d842a1481d565a3fcd6,0,[],1750149435,550,13.176502607762814
e884b94727050a30eca759b9b8cfd8eb93431ad2b6794e4ead8ca13a6552e974,a1b5aac7d62a0d0432f1ddeb4e8403db3d148b80fd7fa24ae97f2ee1eb3ad1f7,138351,02eab91b075413e6e8a84cb24ce6671e1343da9c576880eebdfe3e168b12189d,4,[1],1753528648,550,13.871379796415567
e8aa5bca362c70ee835d4510493e8a9e8ce3212e5648cafb33799fe94a1e18fd,f65bd7a6497c87770951a0aaf1bccfbedb3c150eaaf7f475d06711d3bea39032,139183,f918a61dccec720a0bfa718d743e5221e8d74a3862eb1a365d40b001d88a4eea,1,"[0, 4]",1755995083,300,7.661438688635826
e9162a68ab762c70ce9eb201d84e676349218edfcbb8967edbcf98f2379f6fee,81d87ea967a12f08220afcef802b45556caa3eff61b77e3bc77377cdd155453f,139311,60a9f8c14a63826644fa331b2b2b4f72318a8599aab317ba7e975f0e1f44a221,1,"[3, 4]",1763060329,400,11.942555090412498
e982ecea907b2752a8c04e9a9d6f48ba64a5b05b98c3d73a841bc263d197f7d5,3b0bec94331ac87e282d6f8b76ec4c124937f225e62e10299d1922669dcd05df,139183,7bc80131605efe4e91e07681658c4a71d320633a5d39b2fdfa028e57b3072599,2,"[3, 4]",1770188011,300,7.801988121122122
ea0ed16b5932989d7c0e1324358e5a4a11937030dff1f1b68830908fc0d2a8a7,b1d44a55efa9708a26cadf0d696ebd42f9ba23986b8f17eb46fb7e46d6860553,139183,8c110d60f77bf466fc881480ad0699385c52ed2fb9d9883d40a8fc17e38f940b,1,"[2, 4]",1779356012,300,8.079459523782134
ea18b6c868bbb3c93806fc37d6f92a9773878a2c00129469731503215b068509,9491e3f0214ebfc3e254a46ce89d1e6d2ae1aefd950a820126876b98d23b9cd6,139183,d080ca249b712fd36e131cec67180f8effe22118a90afec65706b2cac240832d,3,"[1, 4]",1780004553,300,7.580564880743623
ea5d3fd9adb7660bd1b7dc87f8d882d9f5572721c5933d9c747703baa288ed95,8bda65eb0257e0b4a9185c85b4f2a4bffa704952e98298d3c9c3b29f9384d180,140207,ab3d98c08953d1fc40ba88aaada1f7878e1d21512bbcd10e4c2613220b8e0535,2,"[1, 3, 4]",1784496090,300,7.594129428267479
ea6ae20e772a2575ca3f5b3814390d7a05263a4d6bebf98e35dca90b4a577220,20bb4a79027cd1cf59df883bddef6928872a516556f892aa74e0bea02a09734e,138159,5d558a13b31059afb4770266a600615783ffb0f7fb75d92047d6fe579ac34109,3,[2],1785389583,300,7.372538387775421
eab236e908953dcf0aa75ff5162defb88d5062442571d96024a2b596e3483ad3,6ee0ea8de7d3e5400a724c96dec3ef2a387bd4c1448102cd5af5c3e20f38a8ef,139183,d080ca249b712fd36e131cec67180f8effe22118a90afec65706b2cac240832d,4,"[1, 3]",1790064362,300,7.589077107608318
eab7746c024894b594663b1381c68ccfeba4c0dbd09533744258ba9bdc14c618,86d195de46bcac4486ca7fccdf5acac274adcb1276ece8183c6ab5dd735c4116,139247,9c3f8cd9ed5a6d2bde47dcbd7aad7855fccc5f153e87a822baf6b424b11b3498,3,"[1, 4]",1790407789,350,9.216288270428777
eac86f2a4379a0cb8957e64fac243f37e125db7e72b119578ba0368968d46138,421e89a617365638b478a9fc6c9e3fd562bbbf5d21e3df62f507af703f755f12,139183,829847acbad2fbe311a9193329b4cca2083257e1a08c3d842a1481d565a3fcd6,1,"[2, 4]",1791520555,300,7.413110636174679
eaf234d1da531f8a2704c8490fb58bfbe100df8956075623d05f419fbf6d2e65,927e5c5fa9c82db88e3b915b1ef8874ffea52e2e4e95873b7f9adfc712f23e4e,140271,ab3d98c08953d1fc40ba88aaada1f7878e1d21512bbcd10e4c2613220b8e0535,2,"[0, 1, 4]",1794258130,350,8.433631451800466
eb541b911b428c865989a5b07214bb474f121bb0332a3898e0f2e281cdc264a4,8e1e2e0f5acda5102963006f0f79176d076ed8c108fdb24557277d9801438341,138159,829847acbad2fbe311a9193329b4cca2083257e1a08c3d842a1481d565a3fcd6,0,[3],1800674194,300,7.451659956946969
eb766373363dd399c52546a7361a52e0c659bc7412905b3236b63d0414428b48,abeeb8a935f5b1dd272232b3391c647bc92bf0df1c9445589f67a6ca676f2bee,140207,d1c543f7af0aafe377dadd154c6e85a905e4e5bf3401d3ccb817b2a117a13e94,3,"[0, 2, 4]",1802920820,300,6.644308710470796
ebf008ca5bee662f81c8843c59e2c0d781cd272f557fcb517c3f0d988e44727a,869194f01cbbb49cc920b0b2d2d3c5b4f78471b2169d99f09d0792d0d12a7169,140207,02eab91b075413e6e8a84cb24ce6671e1343da9c576880eebdfe3e168b12189d,0,"[1, 3, 4]",1810893003,300,7.792376944795251
ed5b5ae26b41f81939535ebf42c87e34b0aecbc9326af6b0a4826cdcd3936c14,89b326df176afaa60a9cd1eb36112a7dba714543b5d6918c627f9bfcfcfb2f4f,139375,ea53c921444cebdfa917bb6a32e3a1ac99a5e95e395eb8f54ca5fc4230adbf2e,3,"[2, 4]",1834703587,500,13.871009532362223
ed935b5837fd10e4e61ba0b17aacd01bbb48b8d2d5fd36246f3bdfcfce319eac,d8f87d4af83c414f69b4a7e3e4f4e0cff760111659a42d2d0d23babda9a95099,138159,092b53d8498e2e35e05fc9af973ca851144e8b0dcfbd550fd14a77015f162834,1,[3],1838373721,300,6.605334285646677
edc3bc98c889915da97e9b8b40aac1a9dedacb2f3a88b10f19746320b6c55a00,d7122b7a7ddf8a247a38fe450b0f71eb4d2607b2227bf744befad869b1120ebb,139311,c0237caf096c9efd2af515b279f81e542fc9a923e435a0db7a32b79ddccd0131,3,"[0, 4]",1841544345,400,10.367692910134792
edd1dab192e713c57a7106c1e2ac38382012cc514ff507a3ad3ff52e792904b7,62c7e3db14659db159080d29454529087c3ab8c21cc27191f2bb4dadd9021225,139183,5d3f79c3220acd8b4f94fb498d9b6b8897c008f3c35f5f91f22feae2d3b2a73d,4,"[2, 3]",1842469554,300,7.191694537177682
edda9fc90e259fded1917c9bc6177fe4985390917c97351bd17b14807a3fbb13,8bf29348d8064c71339316f39e8801915a67f988a825b0abd520da102136f631,11691,9c3f8cd9ed5a6d2bde47dcbd7aad7855fccc5f153e87a822baf6b424b11b3498,1,[],1843044298,300,6.924643963575363
ee2a9025b0bae8eddb562d8d58294120aa01a5ed5e7def684b2f699934d74dc6,5d339a4e25bb804f31cd0673f3cf55a2c7f022f481d740a08f92d3ce033bbec8,138159,49831b890e8dd2a1df2aa7ae6da89eb7247b291df7e8ba259c80eaba3baf421f,0,[4],1848283174,300,5.539829051122069
ee85b4f5b5e45ce1baffaddc928e95593a7b9bc03ed2e95c8df24f0e14c37407,5a66114e3770b271cd1e05d9a061edacdc85d90c09ce4dcb25e0cdd8165bf5b7,139183,5c757fdead15c34851ce7623c30897869726b06083c8d44aab3bd436b27cc3d6,1,"[3, 4]",1854256374,300,7.973716244101524
eecb002a94cf27497b2ab771ca6de7a106e108ba6c37d052352b4a718af0e0ff,d36e380dd9a1796dee427ca48a0fec03da570967b855fde58eb54d3acafbb2fb,11755,092b53d8498e2e35e05fc9af973ca851144e8b0dcfbd550fd14a77015f162834,2,[],1858797611,400,9.185980858281255
eed2a9a517a89e7394a09cc66ad87b5c0ec989c9237d8014780f79ed94792b0d,76cc02112317b6311fdb44cab25041e14ba511f87d9e9a2f67bbdf40eab2f7e2,140271,fb79a0e49312dfbecd543bc6c8ed2a72b2c1e3be0a6a2650c2486a31fcbd3bf7,4,"[0, 1, 2]",1859299750,350,6.329096056520939
eed92c5ec4a5c16de50161ae9d4119128185d92e746c3cebd9ea71a46646a9e0,c0d860ce162945bdc18351cdcc545031935dbbae1bd36dadff3f99319e590f38,139183,732193d6e75393da040e8142ee46459ecc1afbab9c9965b48c5621d1c6018390,1,"[3, 4]",1859726431,300,7.814993320032954
ef384e0e6a46325eaa006dc20abe0f0776f54130a99477902479d44ca0d52f0e,4b772368ac669c5cfc01e87cc2d1c491e403ba185b079bc1b3fe514d5e9b56b8,11691,86305a2a20e4a16650c3ad53714acef1e882b25c26830d80394db57b55fb14c0,1,[],1865960975,350,5.693039678037167
efc8bbc4d62bdb928a554b079dce674959666ec8498cd8883a4d5f3e3c97d5a2,6eddc93867b4df32f2a8ffa242510c1c452350122ee1832fd1b242abf19e5444,138223,22163d342eaf2722fec1d77279c13e7ec1c61b79e72471952cb9c4d4adf9ca8a,3,[1],1875426245,350,8.671485057100654
f008fa3c72a07e4a648acd1cad851f027883b4a8082c8583f10d1523e463075f,ed44d7459fda4643296b0769af31532bf799d968df9ef405587fefea3dd65212,11883,02eab91b075413e6e8a84cb24ce6671e1343da9c576880eebdfe3e168b12189d,2,[],1879636541,650,13.565736055374146
f00b6d83559e354c7dfca1d3a09b7f2642f83ca8efbcd2f6807bf8aaf235b5bb,d4d97e3f8f4b8a1f024c452ca087b4628ec55052c054a127c5d9b62582d55784,138351,57d208c8365a31c3468d9f27aeddfaa06cb95b919677996b5c8d7e2118c31021,3,[0],1879797124,500,12.088444359600544
f02a626e2ad252008fd5277442f2f282714eccdc67279d05fd43be9034d6e757,cadd511b397084bd58d30ff351e69ae2424bf1891005737a78ecd394d58b2834,11755,fb79a0e49312dfbecd543bc6c8ed2a72b2c1e3be0a6a2650c2486a31fcbd3bf7,2,[],1881825903,450,7.097409501671791
f096e1651a9766e3ae7a76cee36776c48d2157101afb162f061ce139036221bd,e91d38e5c6f2751e8176d9d227be42d72e600e20a07dae726658d4bfb57ba8d8,139375,57d208c8365a31c3468d9f27aeddfaa06cb95b919677996b5c8d7e2118c31021,4,"[0, 1]",1888936294,500,12.250650517642498
f0b77b71afcdb3c4ba1c682a7c845ab49d6c2ab3ec63b8ca619690bb35a363cd,494d8fa195c6858a631696375557db8db0aeba1f7e17b019e5f51d2dcbc29635,138223,6eeba99071577eebe266ac70cc9fd1b6a90b95f33cff5064f376793c3346fd16,3,[4],1891072882,350,9.013913843780756
f107c5559c50b91aef678836b5ba5324c884f81e2cf3eedcf0badf88932ded31,8778b9d35da91a345dcbb200b6395cc83a0ed6aca99e4ada5d8f1c274abb70a6,11755,683a5ff373a826aaa963d3c19ef34fd145b7eacdb00cd2158a7fcc88bab93201,2,[],1896334678,400,6.232140202075243
f114ef8f3d26cdef89bce8a6f1e015a1e2a7d6528babfd3bef897e08d2a45518,60f6da19b78885ab8f9944cb503f6dcd48f3790399978aa9b94f8e4326cf3162,139183,49831b890e8dd2a1df2aa7ae6da89eb7247b291df7e8ba259c80eaba3baf421f,1,"[0, 4]",1897197456,300,5.758152335882187
f11aa6360416c0ea5a264a5b2c17bc0be7c48ad73d4b9fc5df844635e8053a6d,179c0940a48773cead4d1e51bba3780d63dd2be294556732d667895bb0af4ff4,138223,092b53d8498e2e35e05fc9af973ca851144e8b0dcfbd550fd14a77015f162834,0,[1],1897571895,350,7.830821899697185
f15c3e7f156a0c98cddae0b917e8981781dbeb3137ee1ff7461a77c840262ee8,8d02d2ede24a5caa6cc311ceef65e98dac32134c0ee6e373c0c1934a6fd03f68,11691,5c757fdead15c34851ce7623c30897869726b06083c8d44aab3bd436b27cc3d6,3,[],1901870720,300,6.8814297169446945
f1c3a4a341eba494e5bf9784c1060bb551d8f3a95cc3968a3ba4954121ebf555,0f15795422f0d9c411fa5a4ab364ca0d4cd6515b9ffa285b7a60df8c177b8829,139375,57d208c8365a31c3468d9f27aeddfaa06cb95b919677996b5c8d7e2118c31021,2,"[0, 3]",1908647076,500,12.905578400939703
f1e44cc91ba838cb4cd30032afcf338c7d6d7cc07b21222dae4da1bf0ddbcda9,a2d6d6d72e65e946b40bfbde04f4427702438387067f446d5e08548054ed46f1,11691,772d76457e131d5688a4d592c44e9721ebe25758d5988f5e3bda800d4d0e0dc0,3,[],1910787274,350,6.1923043597489595
f1e970aff9cf753d18c1393eb77833f3b8796c986438271a2e42627523b94b66,084f6f75c4894caa6d0904b4c1ee7da033b5f0c2612df8c6dd83ae73aca39627,140463,afc5a5efc8118ce29184d6deb917da4eb066645d33a633fda0dded2a6578d55a,0,"[2, 3, 4]",1911124144,550,15.382369788363576
f1ea76a9b5054da16347b914d543df50caf826b3170ae6da22cae46a32afb0ce,5bb2b7db805438a6035693d974dccff064d2d8c2e22d46b8246118ccf8ef49d3,138159,772d76457e131d5688a4d592c44e9721ebe25758d5988f5e3bda800d4d0e0dc0,3,[4],1911191210,300,6.140334324911237
f2270104382d97cfb37e258d43f2a24a26c912382e9ec4d0cfde9b482e865fab,e181c49ec72a4661f208bfc0a81f68dfeb0140bc8f70b969d773b9abbf43bc72,11691,22a44ba55f7755249900a35d1ad3ef5f17529c4abfa0a0934964028da7034ce6,4,[],1915158789,300,5.5998827032744884
f22936ca74e335d8319ec42c0256737b4f2c670da9babe3e51a4c9c74411e0da,5ddef0c9024ce2646358302407e2923d73b909bf7ca25d7adb16a3ed0e6b74c2,11883,22a44ba55f7755249900a35d1ad3ef5f17529c4abfa0a0934964028da7034ce6,1,[],1915303627,600,13.030797621235251
f31e8237673cf38408bbf839e4d6b75fe37cf49826fc9c773de754a28d21d517,9d22c2f21d3f7dbf78c622c58fc7ec02be8f70245118e8c4b2006ad9b08dcfc3,139183,86305a2a20e4a16650c3ad53714acef1e882b25c26830d80394db57b55fb14c0,3,"[0, 1]",1931379256,300,5.740173310041428
f3340aaca20293fcb588390d001e8953f9fbe5c68c9a6cc5035f3b9d70614be8,28ca0281260fa2cac36447d43ac357bd09af9d5b079a50c7cda457d977156107,138223,7c56d4b1b341072b905581a5817abdb0d67f285582a9f4c6837599ae4d100115,2,[1],1932790445,350,8.614635793492198
f33df65d3b001a28e7c97d497a3a33fc1d703ed9ad45ce871b0044e6cc73d0d7,af49e10d382796f1159d62c92c650de342f66cd66c323fc42aee33d6def80e70,140335,4b3ddcba7c116761ea0af39e2f81df1a34f414126707b91e3b352694978a3386,3,"[0, 2, 4]",1933440606,400,7.59066710434854
f33fa46a13b2f767f896c46cce0fc2dc0493ef31cfea723046bb59082b12e7f6,e51d75ce8e8e0798175bf261babff5f10bc93f1da60b9786c2173de7a2f15cf9,138351,772d76457e131d5688a4d592c44e9721ebe25758d5988f5e3bda800d4d0e0dc0,3,[1],1933550699,500,8.806498017162085
f3786853e8e5582d715328b00aa52e9d39aeae6d91b2ec4177abf24d87c11da5,3b3b8da4283fd119ab2eb8e6e39edf9ebd78297cd4113b08f841d6364bcdb0b2,138159,7bc80131605efe4e91e07681658c4a71d320633a5d39b2fdfa028e57b3072599,2,[4],1937270868,300,7.716375976800919
f37b11be064c467cfd763ed5ad39ba83223e83a7ccfa5efb2b3c364e983ccfa1,419c6420e9fe2bba2e00a25e2e7c84a43ad30b97781756416e43dc6ccd4d3f93,138159,efff204740b93bf0466ee2b3e392663d68b4714aa520775e00267540b847f92b,1,[4],1937445311,300,7.413160480558872
f3924ebb1a6943d3eff39bde7584ae8689086dbb70159f7ca72058f530e5c55e,ee6365f86c33bd8ca1594e56f003409b364c58e203f585b886357ee74fb05ba4,140271,afc5a5efc8118ce29184d6deb917da4eb066645d33a633fda0dded2a6578d55a,0,"[1, 2, 4]",1938968252,350,8.871793515980244
f5325bae3df4b1224b2192b487a63ec6fd8b9793daf7d28832396ac8bd7f98bf,d84a4736fd1104135ce792c178a219349c6d18afe8ce9dcfab0fd9c2cabb21df,138287,60a9f8c14a63826644fa331b2b2b4f72318a8599aab317ba7e975f0e1f44a221,0,[3],1966234543,400,10.10044371895492
f55ef7f22688dcb70a22d62e9c1c9a4b689b9f68c5223ca301fe6299ec8ee1d8,f29fe832ddfea25ed38036e2b4396d58586739901f201543fe6c6e5a06795c06,138159,8c110d60f77bf466fc881480ad0699385c52ed2fb9d9883d40a8fc17e38f940b,1,[4],1969158131,300,7.276570888236165
f568967944a439f599bbfe75e5f5e500778fd392fbfe1b143c1a276c92339194,c1d7878ff3ad2ca2978c522e8baf8e6a65560ffb4eb827e207b9022b49e1877d,140207,732193d6e75393da040e8142ee46459ecc1afbab9c9965b48c5621d1c6018390,1,"[0, 3, 4]",1969788538,300,7.236005652695894
f577b4caa9d1335ca78218b5625f9588878e7c8da6628063a68c08d673902b91,3bf4b513338d06b8ea21b1b67c559bbd54dec2045e5b3c45bdbb8decb1e7be05,138159,60a9f8c14a63826644fa331b2b2b4f72318a8599aab317ba7e975f0e1f44a221,3,[1],1970779339,300,8.37196908891201
f57b8b1bcf2760742f2a69e021d253a35019b7c62359d0dbfef3695bfca4e8e2,33f652af84f89db767e439200352c0e006bb64d4f2df3af1a6df06409d13a41c,12139,bd20cbc07471d94b9635f63350465280f4200fdfbe9db0d5033e3e5609704896,2,[],1971030812,1000,23.00892256014049
f5852fb325d04abfdd505f83c38c98473be7c6815dd29efa684c7b8b3f00a12a,5b768745a40274696b8f9aeeafa381526c3f8788a4196ce61cb0df0b7948de81,139375,22163d342eaf2722fec1d77279c13e7ec1c61b79e72471952cb9c4d4adf9ca8a,1,"[2, 4]",1971662772,500,13.570257076993585
f58617264a9a1bc15ded6c1f86d4849e7ed722859a05c34946e5b033f8e9a9db,9f1c4d1ff892cdebb9a88c8c7baeaf9f695cdbb6f0a2780f23b88416a6db8166,11755,86305a2a20e4a16650c3ad53714acef1e882b25c26830d80394db57b55fb14c0,0,[],1971722023,400,6.243472181260586
f5be3d0c700ecea3063dfa5134efd738cac7e822b742f11a657562d6e18706fa,2076b61ea8c97b619d69f9446cd1b607d7f653903ab5925d6167b328cdf3e844,139503,22a44ba55f7755249900a35d1ad3ef5f17529c4abfa0a0934964028da7034ce6,2,"[1, 3]",1975401741,700,15.601095262914896
f5f0708bcc6b883e97e157cd02f4343634bb2900f9bbd846b49d6f66031c431d,83172021e8ed22c473070563ebc8d49739dbb495676bf3612d1fe65a5eee3009,11755,efff204740b93bf0466ee2b3e392663d68b4714aa520775e00267540b847f92b,0,[],1978691724,450,10.655105153098702
f63190054ead5b3adfb4145e01c362dc7ed94c36bb2c75b9ea11dc3ed345354c,9c806bab3fb1c8bf46054f28d25547e2e2308b42a74d8be01abd99796e8a1e5e,139183,efff204740b93bf0466ee2b3e392663d68b4714aa520775e00267540b847f92b,3,"[1, 2]",1982959622,300,7.436872685328126
f64a19448de68fa910e7c815557b6c38b7e1d8e357f08c2ca5d2a3cad7c72702,fe7efd9c7ed17e511635fa4e6f7777f830471102300d938962b16a53379a7432,139183,6eeba99071577eebe266ac70cc9fd1b6a90b95f33cff5064f376793c3346fd16,2,"[3, 4]",1984567621,300,8.556828897446394
f7618ad432a01ceda51ef10284a8f7f549cf36b5b601e60a64528e8b6c08595b,cae5a00696151613fb78f4fcf15e40b1095d7ad9caa7c5f835544a8647cc2346,139183,d080ca249b712fd36e131cec67180f8effe22118a90afec65706b2cac240832d,4,"[0, 1]",2002881237,300,7.6383823454380035
f787dd225a8e0244537173f503288960e6350269ef5ed30406a166b084780393,9e2acd3760a86f9bbe9470cb975fe185e55cc700f0a9f454293798bd26db539e,138223,49831b890e8dd2a1df2aa7ae6da89eb7247b291df7e8ba259c80eaba3baf421f,2,[4],2005392675,350,6.640353994444013
f79647c430dbf2214a0aeae54b1c2626b0b4ba11a3000a986942aed866ed2ab9,47f02ab8b0a312f4e57dc7635fffb390b677589f4ea162d9213a82093327d86c,139183,fb79a0e49312dfbecd543bc6c8ed2a72b2c1e3be0a6a2650c2486a31fcbd3bf7,3,"[0, 1]",2006337477,300,5.471030481159687
f7dc5063a68735628d73d622bfd86150d7e099c477e19fbe74c5ba89fe9358ee,9f21392676f0182e79ad63c683d006eb84d03ad49b89b1111358561c4d6efcdf,138159,f918a61dccec720a0bfa718d743e5221e8d74a3862eb1a365d40b001d88a4eea,3,[2],2010927204,300,7.527140511199832
f7e4769489b9b5bda11c050fcade29f505f12c8e229ab2fa027af1141bb59242,1d19fdbca4ad79183ae4cf4f5961d0228cf26344010a63fe40a8bbfe81ce0352,138415,02eab91b075413e6e8a84cb24ce6671e1343da9c576880eebdfe3e168b12189d,3,[4],2011461269,600,15.457764672115445
f8206521ce9ae06b6d7844dadf97447aea4381572df561fd08aba37ae04cb4da,bdd464c990fbc3ebdb001ce59f16bd67e6291c55291dc9d174aeb0373fb357b2,139183,f50a67efe63137a8ef68858e2dceef1b7cdbf20eca805a4e1f814d1571d737ee,2,"[0, 3]",2015388962,300,7.649843491613865
f82b70f7e49bd1dff520e0c55d7bdd211ff0c59af9f1efa1e3f186aed13e442e,15439f699d66155c4d7fc349e277608cb0a9862d742a37ccea849d4d265768ac,138351,f918a61dccec720a0bfa718d743e5221e8d74a3862eb1a365d40b001d88a4eea,4,[2],2016112888,500,12.922910975292325
f83c88afcc1c2751d9023a7791a0e78b35547a60e225ed66cdbbc1dbfdf8d0d6,510a7480bc9b36defb6c1e193268ee40739e0b0b1740e0774532481dce05d395,11883,ea53c921444cebdfa917bb6a32e3a1ac99a5e95e395eb8f54ca5fc4230adbf2e,2,[],2017233072,600,13.879509024322033
f8bec1965f6bb57faf0ba23930e91cbdc7f344d1e1db82f66e5748ee2d62202b,25025071515fbeb9cab2cb996143623fd73a96d14785c76d43ce09d1c6b22575,139183,437b3abaebbc57203ad30983ff145aecb9c85c2b9c67e468fa9e73e2ae1767bb,2,"[1, 3]",2025767319,300,8.449551124125719
f90fc5220e7bdd0d4c8d64ca24ab21ab8cbd74589e34d767d50f6b2b534519d0,7e160bf6615850eae36a0766b9a5f2443b827c398f0268c67e3efb625f3dde61,139183,9fffba322c64f33d26f0f9ff052a96ea3250c36cd816823505104df980866d2d,2,"[0, 4]",2031076643,300,7.310996700078249
f9338404d3a1203d5bfa81802167c80d7333a654e61e5f23c93dfb9b678b5e14,21dc5c3ca315fb056d68c596a80dd3d6f424a8a5eaec9bf6b21742673d4af12a,138351,6eeba99071577eebe266ac70cc9fd1b6a90b95f33cff5064f376793c3346fd16,1,[3],2033419269,550,13.876023208722472
f98c3321a70bee071db868c4790015a41b54a444a54abfca0bd56b53ffdb66ce,2d3e83cddcfe149f176e07335584d4db80c0930ef3aacf89bf2f9f284480a8a7,138287,7bc80131605efe4e91e07681658c4a71d320633a5d39b2fdfa028e57b3072599,4,[2],2039231266,400,9.985368395224214
f9bff5e61dd856a556a039721d4f3b1673df87b75a37e79d192231e8a9540705,0c70d23165c887a8088e6f9a529e6a90a5ac6ad40e9b37eb387f9437e9a35359,138223,6eeba99071577eebe266ac70cc9fd1b6a90b95f33cff5064f376793c3346fd16,0,[2],2042623463,350,9.534634545445442
fa189ed781a842a2740155d050ddbfc30cc00730ccbfde34b9aa0b979a805904,cd5357e137fc8b6a10a1ef73d4c3cb71a1173119dd433d19f5de36f89a3ea2fe,138543,6eeba99071577eebe266ac70cc9fd1b6a90b95f33cff5064f376793c3346fd16,4,[3],2048433880,750,18.09008250385523
fa5be0d8bb21278d2b79438fee3669880fd3ecc9dcc16a787a3735c7c3560737,b8b77f6646722195b362e99df981ca16dbf310c2dadd1efc2d13853eec8070ce,138159,5d558a13b31059afb4770266a600615783ffb0f7fb75d92047d6fe579ac34109,3,[4],2052841689,300,7.0664261896163225
fa7e236c42ef2b24471e505d9959bdc186b9211bc11233a5aae62ca092f4e3df,3f11fac0ba100b89fd392e8ea8091f2f54630946b1b23bd33aa0cccc1c26e0da,139183,5c757fdead15c34851ce7623c30897869726b06083c8d44aab3bd436b27cc3d6,2,"[1, 3]",2055086957,300,7.365192154422402
fa968a210783537fcc26ddeee29898c9b2927f3824ac0c2de4587dd68dd3a63a,046ed9d5e89437c1fa13bb47fadd6fe625b521a2db79fb39e9f82293cb337b64,138159,fb79a0e49312dfbecd543bc6c8ed2a72b2c1e3be0a6a2650c2486a31fcbd3bf7,3,[1],2056686114,300,5.621418787166476
fb0c356730b713fe3ca7feedbfde0a1ca387c76b43adbd1f48e01975a2bd9f6f,6f407f0d6affc55f6d6da788717bd91fad7c0bc6e0ddede413cc794c15962236,138223,7c56d4b1b341072b905581a5817abdb0d67f285582a9f4c6837599ae4d100115,2,[0],2064397672,350,9.033973487094045
fb1e1fe4efed0391f40a96e82f5f4b78ad20e44b38c7d523f8dc27e14db8112e,24a8981beb441c243dffb0d52bb1136ea95eecf10a5a1f338132416a57c8d5c9,139247,12c56c31bb01cb520e8a731750291b880923cd09bb364b2445fa5281392d505e,3,"[0, 4]",2065571813,350,9.032746132463217
fb207ce3620154ff0519cdd8954f74829c85ced11d7d44604541df64aaa4ca7c,ecb68800d7d1107d5b4e9486c7a22d22927753de185ec11a925f22344e5019db,139375,d1c543f7af0aafe377dadd154c6e85a905e4e5bf3401d3ccb817b2a117a13e94,0,"[1, 2]",2065726692,500,10.499471817165613
fb481b14ba7d43618f0f832752aaf8d6a74e36dc9e476b89f4077ed37b0b0d09,baef5b9b4865ff449c1dbfe149a6f98a6fb39825908671049252ebd69858782e,12139,5d558a13b31059afb4770266a600615783ffb0f7fb75d92047d6fe579ac34109,4,[],2068323093,1000,21.414710132405162
fb4d206d404db1e0118b61dc107566aed76042bbf7edcbf486d3d6aeaa2e7e2c,857fae690631303b06118925a5ac1ad3d5d63269e1c98bc1972c2499b54feef8,138159,7bc80131605efe4e91e07681658c4a71d320633a5d39b2fdfa028e57b3072599,0,[4],2068652142,300,7.354252219200134
fbad6bde6c51b366c195661c19d55b7e6848ade9b1c70410611a71d9cc7d3735,cca5a16c73bcad3f1b601146a2507316ddf790f3b4ab1cf13138d4584d594b7a,140463,22163d342eaf2722fec1d77279c13e7ec1c61b79e72471952cb9c4d4adf9ca8a,0,"[1, 2, 3]",2074962911,600,14.852342143654823
fc6c05e270049725833362293109416775df2fd753c763397c8dca334087cbb9,44fa05e58da6ae2100e51466d8fd4c81bab7de67da46ad08a852e2a24a3d813e,139183,60a9f8c14a63826644fa331b2b2b4f72318a8599aab317ba7e975f0e1f44a221,2,"[0, 3]",2087454179,300,7.734448732808232
fc733d539f8f5ad6275d88b594ee4f503a11d60d20a594d00af265f01b84dee3,132b1538e29bfbc224f90e2cb761c4e0f396cd036ecd2d8cb1bb18c752e2c011,138287,9fffba322c64f33d26f0f9ff052a96ea3250c36cd816823505104df980866d2d,3,[4],2087927124,400,10.235305620357394
fca1b978527447921fda7f00660c7a6dbd272691d74980236a5a4b1ae5e65d17,785fe58208e5689092cb213476c518df6c7580a05556d0edbdab7bfb2b5e2107,11755,ab3d98c08953d1fc40ba88aaada1f7878e1d21512bbcd10e4c2613220b8e0535,1,[],2090973561,400,8.758101275190711
fe356ac2951544c056397fcb5c515021624def6ee78a315660666b72a24cf98c,40342f9fd7a092b59289d6178cd2a79b5a08f3120ca5e8177eacf9087f00ca98,140527,afc5a5efc8118ce29184d6deb917da4eb066645d33a633fda0dded2a6578d55a,3,"[0, 1, 4]",2117429955,700,17.84853164292872
fe365c55d95ba82497cffdfa054f13ae733389d1847d4aad3da7db413c62e1f7,3fe3391cace34105baea012d12e7b9b736811f535fc8dc16886df6135b6fdb2c,139183,c0237caf096c9efd2af515b279f81e542fc9a923e435a0db7a32b79ddccd0131,1,"[0, 2]",2117491798,300,7.595577357336879
fe8296df0b277a24e1e900c3bcb0901bb3283fa8e01c9966db42aa12801f5d62,75a1ef344f310565091ea68cbcc798df86b9124ab3cbf067a569c74697f30ced,138159,efff204740b93bf0466ee2b3e392663d68b4714aa520775e00267540b847f92b,4,[1],2122487520,300,8.546683236956596
fe9a243ceb1b3944c53d5d81fd539ea0757620c7e38ad78a0976d63c0ec96d41,37c1a44d86b6c71cbe7b5f1a2cff9afc627d9fcd2405ca083f1af278f05cccd0,138479,5d3f79c3220acd8b4f94fb498d9b6b8897c008f3c35f5f91f22feae2d3b2a73d,3,[0],2124031037,700,18.29963236115873
fed9a32422af3661e47a4c34d06f9ebd70ed016ca20c261d83058b3cefa49c4f,c26ac81518ec16543a6e67b7da0797d26d8aebb60823d29ecf775ce8bc2cf968,138159,60a9f8c14a63826644fa331b2b2b4f72318a8599aab317ba7e975f0e1f44a221,2,[1],2128192293,300,7.640079824253917
ff05de0111756325f1e8cf24edc930c96aee73a319d6694a7df6e56665c84623,3f7f37345be18691e7652fefbfe23a3f6034e37a6e55ed04ed7004675e7cf33e,12139,d1c543f7af0aafe377dadd154c6e85a905e4e5bf3401d3ccb817b2a117a13e94,4,[],2131090946,1000,20.38092072866857
ffa4bdda7abb41408dffff8fd71aefde5f54210514d687f021c48464ea081748,559c1efb3a5a2d0b2fb201e1636343d641a253041cfdb05833e4b18ee99840aa,139311,7c56d4b1b341072b905581a5817abdb0d67f285582a9f4c6837599ae4d100115,4,"[0, 1]",2141502939,400,10.400958858430386
ffcb9909440de4e549bb7eadf946d7eef2e1cf016ddd358ceaa8debf881c19cf,a2e07a966a0c126acf4d68dcd1cc5c4d7b65ceb733e051c3c664f944857f5da6,139567,23dbbe3d1494a07aa585b47f311b222d3e2f29d2008e1077942eff4e59de9468,5,"[0, 4]",2144049418,750,14.15621292963624
ffdde65eb6cbf3739236bdb04371481311b0331b1100fc0a271a858f5b1f8398,18897b31e35e5ccc1fd4eb581f43b4f135e19b192c3b168cc6f99b49e86b9790,138287,829847acbad2fbe311a9193329b4cca2083257e1a08c3d842a1481d565a3fcd6,2,[0],2145248863,450,10.885841827839613
