task_id,study,d,family,seed,budget,corruption,metadata_variant,endpoint,stage,method,sw1,initial_sw1,change,threshold,outcome,harmful,beneficial,improvement,positive_deterioration,retained_initial
p2-main-linear-d5-s211001-B100-c0.2-none,controlled,5,linear,211001,100,0.2,none,T2,before_audit,M3,0.0961105675,0.0961105675,0,0.00480552837,neutral,0,0,-0,0,True
p2-main-linear-d5-s211001-B100-c0.5-none,controlled,5,linear,211001,100,0.5,none,T2,before_audit,M3,0.109175121,0.282534798,-0.173359677,0.0141267399,beneficial,0,1,0.173359677,0,False
p2-main-linear-d5-s211001-B400-c0.2-none,controlled,5,linear,211001,400,0.2,none,T2,before_audit,M3,0.0733200908,0.0733200908,0,0.00366600454,neutral,0,0,-0,0,True
p2-main-linear-d5-s211001-B400-c0.5-none,controlled,5,linear,211001,400,0.5,none,T2,before_audit,M3,0.127537012,0.25905175,-0.131514738,0.0129525875,beneficial,0,1,0.131514738,0,False
p2-main-linear-d5-s211002-B100-c0.2-none,controlled,5,linear,211002,100,0.2,none,T2,before_audit,M3,0.190943524,0.146971847,0.043971677,0.00734859235,harmful,1,0,-0.043971677,0.043971677,False
p2-main-linear-d5-s211002-B100-c0.5-none,controlled,5,linear,211002,100,0.5,none,T2,before_audit,M3,0.144098664,0.26015075,-0.116052086,0.0130075375,beneficial,0,1,0.116052086,0,False
p2-main-linear-d5-s211002-B400-c0.2-none,controlled,5,linear,211002,400,0.2,none,T2,before_audit,M3,0.0841981893,0.149723714,-0.0655255247,0.0074861857,beneficial,0,1,0.0655255247,0,False
p2-main-linear-d5-s211002-B400-c0.5-none,controlled,5,linear,211002,400,0.5,none,T2,before_audit,M3,0.0841981893,0.240719875,-0.156521686,0.0120359938,beneficial,0,1,0.156521686,0,False
p2-main-linear-d5-s211003-B100-c0.2-none,controlled,5,linear,211003,100,0.2,none,T2,before_audit,M3,0.0829384103,0.0991822034,-0.0162437931,0.00495911017,beneficial,0,1,0.0162437931,0,False
p2-main-linear-d5-s211003-B100-c0.5-none,controlled,5,linear,211003,100,0.5,none,T2,before_audit,M3,0.148891819,0.148891819,0,0.00744459095,neutral,0,0,-0,0,True
p2-main-linear-d5-s211003-B400-c0.2-none,controlled,5,linear,211003,400,0.2,none,T2,before_audit,M3,0.0592978361,0.05485597,0.0044418661,0.0027427985,harmful,1,0,-0.0044418661,0.0044418661,False
p2-main-linear-d5-s211003-B400-c0.5-none,controlled,5,linear,211003,400,0.5,none,T2,before_audit,M3,0.0589657376,0.121372978,-0.0624072404,0.0060686489,beneficial,0,1,0.0624072404,0,False
p2-main-linear-d5-s211004-B100-c0.2-none,controlled,5,linear,211004,100,0.2,none,T2,before_audit,M3,0.175111274,0.0981462176,0.0769650564,0.00490731088,harmful,1,0,-0.0769650564,0.0769650564,False
p2-main-linear-d5-s211004-B100-c0.5-none,controlled,5,linear,211004,100,0.5,none,T2,before_audit,M3,0.30910478,0.34377789,-0.03467311,0.0171888945,beneficial,0,1,0.03467311,0,False
p2-main-linear-d5-s211004-B400-c0.2-none,controlled,5,linear,211004,400,0.2,none,T2,before_audit,M3,0.0647349196,0.0647349196,0,0.00323674598,neutral,0,0,-0,0,True
p2-main-linear-d5-s211004-B400-c0.5-none,controlled,5,linear,211004,400,0.5,none,T2,before_audit,M3,0.0563385797,0.360672851,-0.304334271,0.0180336426,beneficial,0,1,0.304334271,0,False
p2-main-linear-d5-s211005-B100-c0.2-none,controlled,5,linear,211005,100,0.2,none,T2,before_audit,M3,0.0796955054,0.0796955054,0,0.00398477527,neutral,0,0,-0,0,True
p2-main-linear-d5-s211005-B100-c0.5-none,controlled,5,linear,211005,100,0.5,none,T2,before_audit,M3,0.0796955054,0.200231527,-0.120536022,0.0100115764,beneficial,0,1,0.120536022,0,False
p2-main-linear-d5-s211005-B400-c0.2-none,controlled,5,linear,211005,400,0.2,none,T2,before_audit,M3,0.0721770947,0.0721770947,0,0.00360885473,neutral,0,0,-0,0,True
p2-main-linear-d5-s211005-B400-c0.5-none,controlled,5,linear,211005,400,0.5,none,T2,before_audit,M3,0.0721770947,0.199075013,-0.126897918,0.00995375065,beneficial,0,1,0.126897918,0,False
p2-main-nonlinear-d5-s212001-B100-c0.2-none,controlled,5,nonlinear,212001,100,0.2,none,T2,before_audit,M3,0.173533442,0.173533442,0,0.0086766721,neutral,0,0,-0,0,True
p2-main-nonlinear-d5-s212001-B100-c0.5-none,controlled,5,nonlinear,212001,100,0.5,none,T2,before_audit,M3,0.0750288665,0.318806196,-0.243777329,0.0159403098,beneficial,0,1,0.243777329,0,False
p2-main-nonlinear-d5-s212001-B400-c0.2-none,controlled,5,nonlinear,212001,400,0.2,none,T2,before_audit,M3,0.100597235,0.186340995,-0.08574376,0.00931704975,beneficial,0,1,0.08574376,0,False
p2-main-nonlinear-d5-s212001-B400-c0.5-none,controlled,5,nonlinear,212001,400,0.5,none,T2,before_audit,M3,0.100597235,0.349838724,-0.249241489,0.0174919362,beneficial,0,1,0.249241489,0,False
p2-main-nonlinear-d5-s212002-B100-c0.2-none,controlled,5,nonlinear,212002,100,0.2,none,T2,before_audit,M3,0.0919633533,0.0977151667,-0.0057518134,0.00488575834,beneficial,0,1,0.0057518134,0,False
p2-main-nonlinear-d5-s212002-B100-c0.5-none,controlled,5,nonlinear,212002,100,0.5,none,T2,before_audit,M3,0.0977151667,0.156372577,-0.0586574103,0.00781862885,beneficial,0,1,0.0586574103,0,False
p2-main-nonlinear-d5-s212002-B400-c0.2-none,controlled,5,nonlinear,212002,400,0.2,none,T2,before_audit,M3,0.0883816704,0.0811470846,0.0072345858,0.00405735423,harmful,1,0,-0.0072345858,0.0072345858,False
p2-main-nonlinear-d5-s212002-B400-c0.5-none,controlled,5,nonlinear,212002,400,0.5,none,T2,before_audit,M3,0.0811470846,0.148316585,-0.0671695004,0.00741582925,beneficial,0,1,0.0671695004,0,False
p2-main-nonlinear-d5-s212003-B100-c0.2-none,controlled,5,nonlinear,212003,100,0.2,none,T2,before_audit,M3,0.0699832502,0.0866355797,-0.0166523295,0.00433177899,beneficial,0,1,0.0166523295,0,False
p2-main-nonlinear-d5-s212003-B100-c0.5-none,controlled,5,nonlinear,212003,100,0.5,none,T2,before_audit,M3,0.138999254,0.140520831,-0.001521577,0.00702604155,neutral,0,0,0.001521577,0,False
p2-main-nonlinear-d5-s212003-B400-c0.2-none,controlled,5,nonlinear,212003,400,0.2,none,T2,before_audit,M3,0.0783856846,0.0590520067,0.0193336779,0.00295260034,harmful,1,0,-0.0193336779,0.0193336779,False
p2-main-nonlinear-d5-s212003-B400-c0.5-none,controlled,5,nonlinear,212003,400,0.5,none,T2,before_audit,M3,0.134731236,0.116246832,0.018484404,0.0058123416,harmful,1,0,-0.018484404,0.018484404,False
p2-main-nonlinear-d5-s212004-B100-c0.2-none,controlled,5,nonlinear,212004,100,0.2,none,T2,before_audit,M3,0.0796816945,0.0822979684,-0.0026162739,0.00411489842,neutral,0,0,0.0026162739,0,False
p2-main-nonlinear-d5-s212004-B100-c0.5-none,controlled,5,nonlinear,212004,100,0.5,none,T2,before_audit,M3,0.0827163433,0.0926981022,-0.0099817589,0.00463490511,beneficial,0,1,0.0099817589,0,False
p2-main-nonlinear-d5-s212004-B400-c0.2-none,controlled,5,nonlinear,212004,400,0.2,none,T2,before_audit,M3,0.0662170748,0.0662170748,0,0.00331085374,neutral,0,0,-0,0,True
p2-main-nonlinear-d5-s212004-B400-c0.5-none,controlled,5,nonlinear,212004,400,0.5,none,T2,before_audit,M3,0.0824025087,0.0824025087,0,0.00412012544,neutral,0,0,-0,0,True
p2-main-nonlinear-d5-s212005-B100-c0.2-none,controlled,5,nonlinear,212005,100,0.2,none,T2,before_audit,M3,0.0885032589,0.0885032589,0,0.00442516295,neutral,0,0,-0,0,True
p2-main-nonlinear-d5-s212005-B100-c0.5-none,controlled,5,nonlinear,212005,100,0.5,none,T2,before_audit,M3,0.0850845811,0.249166399,-0.164081818,0.01245832,beneficial,0,1,0.164081818,0,False
p2-main-nonlinear-d5-s212005-B400-c0.2-none,controlled,5,nonlinear,212005,400,0.2,none,T2,before_audit,M3,0.0820032308,0.0820032308,0,0.00410016154,neutral,0,0,-0,0,True
p2-main-nonlinear-d5-s212005-B400-c0.5-none,controlled,5,nonlinear,212005,400,0.5,none,T2,before_audit,M3,0.129143409,0.26701281,-0.137869401,0.0133506405,beneficial,0,1,0.137869401,0,False
p2-main-heteroscedastic-d5-s213001-B100-c0.2-none,controlled,5,heteroscedastic,213001,100,0.2,none,T2,before_audit,M3,0.305800349,0.245500272,0.060300077,0.0122750136,harmful,1,0,-0.060300077,0.060300077,False
p2-main-heteroscedastic-d5-s213001-B100-c0.5-none,controlled,5,heteroscedastic,213001,100,0.5,none,T2,before_audit,M3,0.371735071,0.370242685,0.001492386,0.0185121343,neutral,0,0,-0.001492386,0.001492386,False
p2-main-heteroscedastic-d5-s213001-B400-c0.2-none,controlled,5,heteroscedastic,213001,400,0.2,none,T2,before_audit,M3,0.0430853665,0.265553753,-0.222468387,0.0132776877,beneficial,0,1,0.222468387,0,False
p2-main-heteroscedastic-d5-s213001-B400-c0.5-none,controlled,5,heteroscedastic,213001,400,0.5,none,T2,before_audit,M3,0.0477863699,0.306589946,-0.258803576,0.0153294973,beneficial,0,1,0.258803576,0,False
p2-main-heteroscedastic-d5-s213002-B100-c0.2-none,controlled,5,heteroscedastic,213002,100,0.2,none,T2,before_audit,M3,0.0666200717,0.0666200717,0,0.00333100359,neutral,0,0,-0,0,True
p2-main-heteroscedastic-d5-s213002-B100-c0.5-none,controlled,5,heteroscedastic,213002,100,0.5,none,T2,before_audit,M3,0.0760624235,0.234716977,-0.158654553,0.0117358489,beneficial,0,1,0.158654553,0,False
p2-main-heteroscedastic-d5-s213002-B400-c0.2-none,controlled,5,heteroscedastic,213002,400,0.2,none,T2,before_audit,M3,0.0769955255,0.0646487437,0.0123467818,0.00323243719,harmful,1,0,-0.0123467818,0.0123467818,False
p2-main-heteroscedastic-d5-s213002-B400-c0.5-none,controlled,5,heteroscedastic,213002,400,0.5,none,T2,before_audit,M3,0.0544384482,0.231920436,-0.177481988,0.0115960218,beneficial,0,1,0.177481988,0,False
p2-main-heteroscedastic-d5-s213003-B100-c0.2-none,controlled,5,heteroscedastic,213003,100,0.2,none,T2,before_audit,M3,0.150322263,0.30209143,-0.151769167,0.0151045715,beneficial,0,1,0.151769167,0,False
p2-main-heteroscedastic-d5-s213003-B100-c0.5-none,controlled,5,heteroscedastic,213003,100,0.5,none,T2,before_audit,M3,0.132190794,0.226105834,-0.09391504,0.0113052917,beneficial,0,1,0.09391504,0,False
p2-main-heteroscedastic-d5-s213003-B400-c0.2-none,controlled,5,heteroscedastic,213003,400,0.2,none,T2,before_audit,M3,0.071570918,0.349091291,-0.277520373,0.0174545646,beneficial,0,1,0.277520373,0,False
p2-main-heteroscedastic-d5-s213003-B400-c0.5-none,controlled,5,heteroscedastic,213003,400,0.5,none,T2,before_audit,M3,0.0797285053,0.233936484,-0.154207979,0.0116968242,beneficial,0,1,0.154207979,0,False
p2-main-heteroscedastic-d5-s213004-B100-c0.2-none,controlled,5,heteroscedastic,213004,100,0.2,none,T2,before_audit,M3,0.078900598,0.317974483,-0.239073885,0.0158987241,beneficial,0,1,0.239073885,0,False
p2-main-heteroscedastic-d5-s213004-B100-c0.5-none,controlled,5,heteroscedastic,213004,100,0.5,none,T2,before_audit,M3,0.155868823,0.335130384,-0.179261561,0.0167565192,beneficial,0,1,0.179261561,0,False
p2-main-heteroscedastic-d5-s213004-B400-c0.2-none,controlled,5,heteroscedastic,213004,400,0.2,none,T2,before_audit,M3,0.0850312586,0.287883431,-0.202852172,0.0143941716,beneficial,0,1,0.202852172,0,False
p2-main-heteroscedastic-d5-s213004-B400-c0.5-none,controlled,5,heteroscedastic,213004,400,0.5,none,T2,before_audit,M3,0.0728884488,0.342879335,-0.269990886,0.0171439667,beneficial,0,1,0.269990886,0,False
p2-main-heteroscedastic-d5-s213005-B100-c0.2-none,controlled,5,heteroscedastic,213005,100,0.2,none,T2,before_audit,M3,0.127249579,0.0908666824,0.0363828966,0.00454333412,harmful,1,0,-0.0363828966,0.0363828966,False
p2-main-heteroscedastic-d5-s213005-B100-c0.5-none,controlled,5,heteroscedastic,213005,100,0.5,none,T2,before_audit,M3,0.158364316,0.158364316,0,0.0079182158,neutral,0,0,-0,0,True
p2-main-heteroscedastic-d5-s213005-B400-c0.2-none,controlled,5,heteroscedastic,213005,400,0.2,none,T2,before_audit,M3,0.0645001469,0.0645001469,0,0.00322500735,neutral,0,0,-0,0,True
p2-main-heteroscedastic-d5-s213005-B400-c0.5-none,controlled,5,heteroscedastic,213005,400,0.5,none,T2,before_audit,M3,0.0598624858,0.138403304,-0.0785408182,0.0069201652,beneficial,0,1,0.0785408182,0,False
p2-main-linear-d5-s211001-B100-c0.2-none,controlled,5,linear,211001,100,0.2,none,T2,before_audit,M4,0.0961105675,0.0961105675,0,0.00480552837,neutral,0,0,-0,0,True
p2-main-linear-d5-s211001-B100-c0.5-none,controlled,5,linear,211001,100,0.5,none,T2,before_audit,M4,0.282534798,0.282534798,0,0.0141267399,neutral,0,0,-0,0,True
p2-main-linear-d5-s211001-B400-c0.2-none,controlled,5,linear,211001,400,0.2,none,T2,before_audit,M4,0.0733200908,0.0733200908,0,0.00366600454,neutral,0,0,-0,0,True
p2-main-linear-d5-s211001-B400-c0.5-none,controlled,5,linear,211001,400,0.5,none,T2,before_audit,M4,0.127537012,0.25905175,-0.131514738,0.0129525875,beneficial,0,1,0.131514738,0,False
p2-main-linear-d5-s211002-B100-c0.2-none,controlled,5,linear,211002,100,0.2,none,T2,before_audit,M4,0.190943524,0.146971847,0.043971677,0.00734859235,harmful,1,0,-0.043971677,0.043971677,False
p2-main-linear-d5-s211002-B100-c0.5-none,controlled,5,linear,211002,100,0.5,none,T2,before_audit,M4,0.144098664,0.26015075,-0.116052086,0.0130075375,beneficial,0,1,0.116052086,0,False
p2-main-linear-d5-s211002-B400-c0.2-none,controlled,5,linear,211002,400,0.2,none,T2,before_audit,M4,0.0841981893,0.149723714,-0.0655255247,0.0074861857,beneficial,0,1,0.0655255247,0,False
p2-main-linear-d5-s211002-B400-c0.5-none,controlled,5,linear,211002,400,0.5,none,T2,before_audit,M4,0.0841981893,0.240719875,-0.156521686,0.0120359938,beneficial,0,1,0.156521686,0,False
p2-main-linear-d5-s211003-B100-c0.2-none,controlled,5,linear,211003,100,0.2,none,T2,before_audit,M4,0.0991822034,0.0991822034,0,0.00495911017,neutral,0,0,-0,0,True
p2-main-linear-d5-s211003-B100-c0.5-none,controlled,5,linear,211003,100,0.5,none,T2,before_audit,M4,0.148891819,0.148891819,0,0.00744459095,neutral,0,0,-0,0,True
p2-main-linear-d5-s211003-B400-c0.2-none,controlled,5,linear,211003,400,0.2,none,T2,before_audit,M4,0.0584413732,0.05485597,0.0035854032,0.0027427985,harmful,1,0,-0.0035854032,0.0035854032,False
p2-main-linear-d5-s211003-B400-c0.5-none,controlled,5,linear,211003,400,0.5,none,T2,before_audit,M4,0.0589657376,0.121372978,-0.0624072404,0.0060686489,beneficial,0,1,0.0624072404,0,False
p2-main-linear-d5-s211004-B100-c0.2-none,controlled,5,linear,211004,100,0.2,none,T2,before_audit,M4,0.175111274,0.0981462176,0.0769650564,0.00490731088,harmful,1,0,-0.0769650564,0.0769650564,False
p2-main-linear-d5-s211004-B100-c0.5-none,controlled,5,linear,211004,100,0.5,none,T2,before_audit,M4,0.30910478,0.34377789,-0.03467311,0.0171888945,beneficial,0,1,0.03467311,0,False
p2-main-linear-d5-s211004-B400-c0.2-none,controlled,5,linear,211004,400,0.2,none,T2,before_audit,M4,0.0647349196,0.0647349196,0,0.00323674598,neutral,0,0,-0,0,True
p2-main-linear-d5-s211004-B400-c0.5-none,controlled,5,linear,211004,400,0.5,none,T2,before_audit,M4,0.0563385797,0.360672851,-0.304334271,0.0180336426,beneficial,0,1,0.304334271,0,False
p2-main-linear-d5-s211005-B100-c0.2-none,controlled,5,linear,211005,100,0.2,none,T2,before_audit,M4,0.0796955054,0.0796955054,0,0.00398477527,neutral,0,0,-0,0,True
p2-main-linear-d5-s211005-B100-c0.5-none,controlled,5,linear,211005,100,0.5,none,T2,before_audit,M4,0.0796955054,0.200231527,-0.120536022,0.0100115764,beneficial,0,1,0.120536022,0,False
p2-main-linear-d5-s211005-B400-c0.2-none,controlled,5,linear,211005,400,0.2,none,T2,before_audit,M4,0.0721770947,0.0721770947,0,0.00360885473,neutral,0,0,-0,0,True
p2-main-linear-d5-s211005-B400-c0.5-none,controlled,5,linear,211005,400,0.5,none,T2,before_audit,M4,0.0721770947,0.199075013,-0.126897918,0.00995375065,beneficial,0,1,0.126897918,0,False
p2-main-nonlinear-d5-s212001-B100-c0.2-none,controlled,5,nonlinear,212001,100,0.2,none,T2,before_audit,M4,0.173533442,0.173533442,0,0.0086766721,neutral,0,0,-0,0,True
p2-main-nonlinear-d5-s212001-B100-c0.5-none,controlled,5,nonlinear,212001,100,0.5,none,T2,before_audit,M4,0.318806196,0.318806196,0,0.0159403098,neutral,0,0,-0,0,True
p2-main-nonlinear-d5-s212001-B400-c0.2-none,controlled,5,nonlinear,212001,400,0.2,none,T2,before_audit,M4,0.100597235,0.186340995,-0.08574376,0.00931704975,beneficial,0,1,0.08574376,0,False
p2-main-nonlinear-d5-s212001-B400-c0.5-none,controlled,5,nonlinear,212001,400,0.5,none,T2,before_audit,M4,0.100597235,0.349838724,-0.249241489,0.0174919362,beneficial,0,1,0.249241489,0,False
p2-main-nonlinear-d5-s212002-B100-c0.2-none,controlled,5,nonlinear,212002,100,0.2,none,T2,before_audit,M4,0.0919633533,0.0977151667,-0.0057518134,0.00488575834,beneficial,0,1,0.0057518134,0,False
p2-main-nonlinear-d5-s212002-B100-c0.5-none,controlled,5,nonlinear,212002,100,0.5,none,T2,before_audit,M4,0.0977151667,0.156372577,-0.0586574103,0.00781862885,beneficial,0,1,0.0586574103,0,False
p2-main-nonlinear-d5-s212002-B400-c0.2-none,controlled,5,nonlinear,212002,400,0.2,none,T2,before_audit,M4,0.0811470846,0.0811470846,0,0.00405735423,neutral,0,0,-0,0,True
p2-main-nonlinear-d5-s212002-B400-c0.5-none,controlled,5,nonlinear,212002,400,0.5,none,T2,before_audit,M4,0.0882080595,0.148316585,-0.0601085255,0.00741582925,beneficial,0,1,0.0601085255,0,False
p2-main-nonlinear-d5-s212003-B100-c0.2-none,controlled,5,nonlinear,212003,100,0.2,none,T2,before_audit,M4,0.0699832502,0.0866355797,-0.0166523295,0.00433177899,beneficial,0,1,0.0166523295,0,False
p2-main-nonlinear-d5-s212003-B100-c0.5-none,controlled,5,nonlinear,212003,100,0.5,none,T2,before_audit,M4,0.157667068,0.140520831,0.017146237,0.00702604155,harmful,1,0,-0.017146237,0.017146237,False
p2-main-nonlinear-d5-s212003-B400-c0.2-none,controlled,5,nonlinear,212003,400,0.2,none,T2,before_audit,M4,0.0783856846,0.0590520067,0.0193336779,0.00295260034,harmful,1,0,-0.0193336779,0.0193336779,False
p2-main-nonlinear-d5-s212003-B400-c0.5-none,controlled,5,nonlinear,212003,400,0.5,none,T2,before_audit,M4,0.116246832,0.116246832,0,0.0058123416,neutral,0,0,-0,0,True
p2-main-nonlinear-d5-s212004-B100-c0.2-none,controlled,5,nonlinear,212004,100,0.2,none,T2,before_audit,M4,0.0796816945,0.0822979684,-0.0026162739,0.00411489842,neutral,0,0,0.0026162739,0,False
p2-main-nonlinear-d5-s212004-B100-c0.5-none,controlled,5,nonlinear,212004,100,0.5,none,T2,before_audit,M4,0.0827163433,0.0926981022,-0.0099817589,0.00463490511,beneficial,0,1,0.0099817589,0,False
p2-main-nonlinear-d5-s212004-B400-c0.2-none,controlled,5,nonlinear,212004,400,0.2,none,T2,before_audit,M4,0.0662170748,0.0662170748,0,0.00331085374,neutral,0,0,-0,0,True
p2-main-nonlinear-d5-s212004-B400-c0.5-none,controlled,5,nonlinear,212004,400,0.5,none,T2,before_audit,M4,0.0824025087,0.0824025087,0,0.00412012544,neutral,0,0,-0,0,True
p2-main-nonlinear-d5-s212005-B100-c0.2-none,controlled,5,nonlinear,212005,100,0.2,none,T2,before_audit,M4,0.0885032589,0.0885032589,0,0.00442516295,neutral,0,0,-0,0,True
p2-main-nonlinear-d5-s212005-B100-c0.5-none,controlled,5,nonlinear,212005,100,0.5,none,T2,before_audit,M4,0.0904563715,0.249166399,-0.158710028,0.01245832,beneficial,0,1,0.158710028,0,False
p2-main-nonlinear-d5-s212005-B400-c0.2-none,controlled,5,nonlinear,212005,400,0.2,none,T2,before_audit,M4,0.0820032308,0.0820032308,0,0.00410016154,neutral,0,0,-0,0,True
p2-main-nonlinear-d5-s212005-B400-c0.5-none,controlled,5,nonlinear,212005,400,0.5,none,T2,before_audit,M4,0.129143409,0.26701281,-0.137869401,0.0133506405,beneficial,0,1,0.137869401,0,False
p2-main-heteroscedastic-d5-s213001-B100-c0.2-none,controlled,5,heteroscedastic,213001,100,0.2,none,T2,before_audit,M4,0.305800349,0.245500272,0.060300077,0.0122750136,harmful,1,0,-0.060300077,0.060300077,False
p2-main-heteroscedastic-d5-s213001-B100-c0.5-none,controlled,5,heteroscedastic,213001,100,0.5,none,T2,before_audit,M4,0.370242685,0.370242685,0,0.0185121343,neutral,0,0,-0,0,True
p2-main-heteroscedastic-d5-s213001-B400-c0.2-none,controlled,5,heteroscedastic,213001,400,0.2,none,T2,before_audit,M4,0.0430853665,0.265553753,-0.222468387,0.0132776877,beneficial,0,1,0.222468387,0,False
p2-main-heteroscedastic-d5-s213001-B400-c0.5-none,controlled,5,heteroscedastic,213001,400,0.5,none,T2,before_audit,M4,0.0477863699,0.306589946,-0.258803576,0.0153294973,beneficial,0,1,0.258803576,0,False
p2-main-heteroscedastic-d5-s213002-B100-c0.2-none,controlled,5,heteroscedastic,213002,100,0.2,none,T2,before_audit,M4,0.0666200717,0.0666200717,0,0.00333100359,neutral,0,0,-0,0,True
p2-main-heteroscedastic-d5-s213002-B100-c0.5-none,controlled,5,heteroscedastic,213002,100,0.5,none,T2,before_audit,M4,0.234716977,0.234716977,0,0.0117358489,neutral,0,0,-0,0,True
p2-main-heteroscedastic-d5-s213002-B400-c0.2-none,controlled,5,heteroscedastic,213002,400,0.2,none,T2,before_audit,M4,0.0769955255,0.0646487437,0.0123467818,0.00323243719,harmful,1,0,-0.0123467818,0.0123467818,False
p2-main-heteroscedastic-d5-s213002-B400-c0.5-none,controlled,5,heteroscedastic,213002,400,0.5,none,T2,before_audit,M4,0.0544384482,0.231920436,-0.177481988,0.0115960218,beneficial,0,1,0.177481988,0,False
p2-main-heteroscedastic-d5-s213003-B100-c0.2-none,controlled,5,heteroscedastic,213003,100,0.2,none,T2,before_audit,M4,0.150322263,0.30209143,-0.151769167,0.0151045715,beneficial,0,1,0.151769167,0,False
p2-main-heteroscedastic-d5-s213003-B100-c0.5-none,controlled,5,heteroscedastic,213003,100,0.5,none,T2,before_audit,M4,0.132190794,0.226105834,-0.09391504,0.0113052917,beneficial,0,1,0.09391504,0,False
p2-main-heteroscedastic-d5-s213003-B400-c0.2-none,controlled,5,heteroscedastic,213003,400,0.2,none,T2,before_audit,M4,0.071570918,0.349091291,-0.277520373,0.0174545646,beneficial,0,1,0.277520373,0,False
p2-main-heteroscedastic-d5-s213003-B400-c0.5-none,controlled,5,heteroscedastic,213003,400,0.5,none,T2,before_audit,M4,0.0797285053,0.233936484,-0.154207979,0.0116968242,beneficial,0,1,0.154207979,0,False
p2-main-heteroscedastic-d5-s213004-B100-c0.2-none,controlled,5,heteroscedastic,213004,100,0.2,none,T2,before_audit,M4,0.078900598,0.317974483,-0.239073885,0.0158987241,beneficial,0,1,0.239073885,0,False
p2-main-heteroscedastic-d5-s213004-B100-c0.5-none,controlled,5,heteroscedastic,213004,100,0.5,none,T2,before_audit,M4,0.155868823,0.335130384,-0.179261561,0.0167565192,beneficial,0,1,0.179261561,0,False
p2-main-heteroscedastic-d5-s213004-B400-c0.2-none,controlled,5,heteroscedastic,213004,400,0.2,none,T2,before_audit,M4,0.0710762491,0.287883431,-0.216807182,0.0143941716,beneficial,0,1,0.216807182,0,False
p2-main-heteroscedastic-d5-s213004-B400-c0.5-none,controlled,5,heteroscedastic,213004,400,0.5,none,T2,before_audit,M4,0.0951679349,0.342879335,-0.2477114,0.0171439667,beneficial,0,1,0.2477114,0,False
p2-main-heteroscedastic-d5-s213005-B100-c0.2-none,controlled,5,heteroscedastic,213005,100,0.2,none,T2,before_audit,M4,0.127249579,0.0908666824,0.0363828966,0.00454333412,harmful,1,0,-0.0363828966,0.0363828966,False
p2-main-heteroscedastic-d5-s213005-B100-c0.5-none,controlled,5,heteroscedastic,213005,100,0.5,none,T2,before_audit,M4,0.158364316,0.158364316,0,0.0079182158,neutral,0,0,-0,0,True
p2-main-heteroscedastic-d5-s213005-B400-c0.2-none,controlled,5,heteroscedastic,213005,400,0.2,none,T2,before_audit,M4,0.0645001469,0.0645001469,0,0.00322500735,neutral,0,0,-0,0,True
p2-main-heteroscedastic-d5-s213005-B400-c0.5-none,controlled,5,heteroscedastic,213005,400,0.5,none,T2,before_audit,M4,0.138403304,0.138403304,0,0.0069201652,neutral,0,0,-0,0,True
p2-main-linear-d5-s211001-B100-c0.2-none,controlled,5,linear,211001,100,0.2,none,T2,before_audit,M5,0.0818230783,0.0961105675,-0.0142874892,0.00480552837,beneficial,0,1,0.0142874892,0,False
p2-main-linear-d5-s211001-B100-c0.5-none,controlled,5,linear,211001,100,0.5,none,T2,before_audit,M5,0.170484935,0.282534798,-0.112049863,0.0141267399,beneficial,0,1,0.112049863,0,False
p2-main-linear-d5-s211001-B400-c0.2-none,controlled,5,linear,211001,400,0.2,none,T2,before_audit,M5,0.0726928363,0.0733200908,-0.0006272545,0.00366600454,neutral,0,0,0.0006272545,0,False
p2-main-linear-d5-s211001-B400-c0.5-none,controlled,5,linear,211001,400,0.5,none,T2,before_audit,M5,0.179886435,0.25905175,-0.079165315,0.0129525875,beneficial,0,1,0.079165315,0,False
p2-main-linear-d5-s211002-B100-c0.2-none,controlled,5,linear,211002,100,0.2,none,T2,before_audit,M5,0.146694134,0.146971847,-0.000277713,0.00734859235,neutral,0,0,0.000277713,0,False
p2-main-linear-d5-s211002-B100-c0.5-none,controlled,5,linear,211002,100,0.5,none,T2,before_audit,M5,0.204323952,0.26015075,-0.055826798,0.0130075375,beneficial,0,1,0.055826798,0,False
p2-main-linear-d5-s211002-B400-c0.2-none,controlled,5,linear,211002,400,0.2,none,T2,before_audit,M5,0.149420495,0.149723714,-0.000303219,0.0074861857,neutral,0,0,0.000303219,0,False
p2-main-linear-d5-s211002-B400-c0.5-none,controlled,5,linear,211002,400,0.5,none,T2,before_audit,M5,0.132840499,0.240719875,-0.107879376,0.0120359938,beneficial,0,1,0.107879376,0,False
p2-main-linear-d5-s211003-B100-c0.2-none,controlled,5,linear,211003,100,0.2,none,T2,before_audit,M5,0.0991822034,0.0991822034,0,0.00495911017,neutral,0,0,-0,0,False
p2-main-linear-d5-s211003-B100-c0.5-none,controlled,5,linear,211003,100,0.5,none,T2,before_audit,M5,0.148891819,0.148891819,0,0.00744459095,neutral,0,0,-0,0,True
p2-main-linear-d5-s211003-B400-c0.2-none,controlled,5,linear,211003,400,0.2,none,T2,before_audit,M5,0.05485597,0.05485597,0,0.0027427985,neutral,0,0,-0,0,False
p2-main-linear-d5-s211003-B400-c0.5-none,controlled,5,linear,211003,400,0.5,none,T2,before_audit,M5,0.103451625,0.121372978,-0.017921353,0.0060686489,beneficial,0,1,0.017921353,0,False
p2-main-linear-d5-s211004-B100-c0.2-none,controlled,5,linear,211004,100,0.2,none,T2,before_audit,M5,0.0973745311,0.0981462176,-0.0007716865,0.00490731088,neutral,0,0,0.0007716865,0,False
p2-main-linear-d5-s211004-B100-c0.5-none,controlled,5,linear,211004,100,0.5,none,T2,before_audit,M5,0.324147513,0.34377789,-0.019630377,0.0171888945,beneficial,0,1,0.019630377,0,False
p2-main-linear-d5-s211004-B400-c0.2-none,controlled,5,linear,211004,400,0.2,none,T2,before_audit,M5,0.0504752956,0.0647349196,-0.014259624,0.00323674598,beneficial,0,1,0.014259624,0,False
p2-main-linear-d5-s211004-B400-c0.5-none,controlled,5,linear,211004,400,0.5,none,T2,before_audit,M5,0.108844792,0.360672851,-0.251828059,0.0180336426,beneficial,0,1,0.251828059,0,False
p2-main-linear-d5-s211005-B100-c0.2-none,controlled,5,linear,211005,100,0.2,none,T2,before_audit,M5,0.0783169021,0.0796955054,-0.0013786033,0.00398477527,neutral,0,0,0.0013786033,0,False
p2-main-linear-d5-s211005-B100-c0.5-none,controlled,5,linear,211005,100,0.5,none,T2,before_audit,M5,0.0811082895,0.200231527,-0.119123237,0.0100115764,beneficial,0,1,0.119123237,0,False
p2-main-linear-d5-s211005-B400-c0.2-none,controlled,5,linear,211005,400,0.2,none,T2,before_audit,M5,0.0753953978,0.0721770947,0.0032183031,0.00360885473,neutral,0,0,-0.0032183031,0.0032183031,False
p2-main-linear-d5-s211005-B400-c0.5-none,controlled,5,linear,211005,400,0.5,none,T2,before_audit,M5,0.105829917,0.199075013,-0.093245096,0.00995375065,beneficial,0,1,0.093245096,0,False
p2-main-nonlinear-d5-s212001-B100-c0.2-none,controlled,5,nonlinear,212001,100,0.2,none,T2,before_audit,M5,0.172687799,0.173533442,-0.000845643,0.0086766721,neutral,0,0,0.000845643,0,False
p2-main-nonlinear-d5-s212001-B100-c0.5-none,controlled,5,nonlinear,212001,100,0.5,none,T2,before_audit,M5,0.237608321,0.318806196,-0.081197875,0.0159403098,beneficial,0,1,0.081197875,0,False
p2-main-nonlinear-d5-s212001-B400-c0.2-none,controlled,5,nonlinear,212001,400,0.2,none,T2,before_audit,M5,0.138863221,0.186340995,-0.047477774,0.00931704975,beneficial,0,1,0.047477774,0,False
p2-main-nonlinear-d5-s212001-B400-c0.5-none,controlled,5,nonlinear,212001,400,0.5,none,T2,before_audit,M5,0.220444215,0.349838724,-0.129394509,0.0174919362,beneficial,0,1,0.129394509,0,False
p2-main-nonlinear-d5-s212002-B100-c0.2-none,controlled,5,nonlinear,212002,100,0.2,none,T2,before_audit,M5,0.0965313961,0.0977151667,-0.0011837706,0.00488575834,neutral,0,0,0.0011837706,0,False
p2-main-nonlinear-d5-s212002-B100-c0.5-none,controlled,5,nonlinear,212002,100,0.5,none,T2,before_audit,M5,0.108398105,0.156372577,-0.047974472,0.00781862885,beneficial,0,1,0.047974472,0,False
p2-main-nonlinear-d5-s212002-B400-c0.2-none,controlled,5,nonlinear,212002,400,0.2,none,T2,before_audit,M5,0.0813059062,0.0811470846,0.0001588216,0.00405735423,neutral,0,0,-0.0001588216,0.0001588216,False
p2-main-nonlinear-d5-s212002-B400-c0.5-none,controlled,5,nonlinear,212002,400,0.5,none,T2,before_audit,M5,0.0928704739,0.148316585,-0.0554461111,0.00741582925,beneficial,0,1,0.0554461111,0,False
p2-main-nonlinear-d5-s212003-B100-c0.2-none,controlled,5,nonlinear,212003,100,0.2,none,T2,before_audit,M5,0.0861393784,0.0866355797,-0.0004962013,0.00433177899,neutral,0,0,0.0004962013,0,False
p2-main-nonlinear-d5-s212003-B100-c0.5-none,controlled,5,nonlinear,212003,100,0.5,none,T2,before_audit,M5,0.135606791,0.140520831,-0.00491404,0.00702604155,neutral,0,0,0.00491404,0,False
p2-main-nonlinear-d5-s212003-B400-c0.2-none,controlled,5,nonlinear,212003,400,0.2,none,T2,before_audit,M5,0.0600005947,0.0590520067,0.000948588,0.00295260034,neutral,0,0,-0.000948588,0.000948588,False
p2-main-nonlinear-d5-s212003-B400-c0.5-none,controlled,5,nonlinear,212003,400,0.5,none,T2,before_audit,M5,0.117391109,0.116246832,0.001144277,0.0058123416,neutral,0,0,-0.001144277,0.001144277,False
p2-main-nonlinear-d5-s212004-B100-c0.2-none,controlled,5,nonlinear,212004,100,0.2,none,T2,before_audit,M5,0.0775090034,0.0822979684,-0.004788965,0.00411489842,beneficial,0,1,0.004788965,0,False
p2-main-nonlinear-d5-s212004-B100-c0.5-none,controlled,5,nonlinear,212004,100,0.5,none,T2,before_audit,M5,0.0926616788,0.0926981022,-3.64234e-05,0.00463490511,neutral,0,0,3.64234e-05,0,False
p2-main-nonlinear-d5-s212004-B400-c0.2-none,controlled,5,nonlinear,212004,400,0.2,none,T2,before_audit,M5,0.0662170748,0.0662170748,0,0.00331085374,neutral,0,0,-0,0,False
p2-main-nonlinear-d5-s212004-B400-c0.5-none,controlled,5,nonlinear,212004,400,0.5,none,T2,before_audit,M5,0.0783321671,0.0824025087,-0.0040703416,0.00412012544,neutral,0,0,0.0040703416,0,False
p2-main-nonlinear-d5-s212005-B100-c0.2-none,controlled,5,nonlinear,212005,100,0.2,none,T2,before_audit,M5,0.0878444202,0.0885032589,-0.0006588387,0.00442516295,neutral,0,0,0.0006588387,0,False
p2-main-nonlinear-d5-s212005-B100-c0.5-none,controlled,5,nonlinear,212005,100,0.5,none,T2,before_audit,M5,0.135196298,0.249166399,-0.113970101,0.01245832,beneficial,0,1,0.113970101,0,False
p2-main-nonlinear-d5-s212005-B400-c0.2-none,controlled,5,nonlinear,212005,400,0.2,none,T2,before_audit,M5,0.0816372372,0.0820032308,-0.0003659936,0.00410016154,neutral,0,0,0.0003659936,0,False
p2-main-nonlinear-d5-s212005-B400-c0.5-none,controlled,5,nonlinear,212005,400,0.5,none,T2,before_audit,M5,0.15907983,0.26701281,-0.10793298,0.0133506405,beneficial,0,1,0.10793298,0,False
p2-main-heteroscedastic-d5-s213001-B100-c0.2-none,controlled,5,heteroscedastic,213001,100,0.2,none,T2,before_audit,M5,0.216307749,0.245500272,-0.029192523,0.0122750136,beneficial,0,1,0.029192523,0,False
p2-main-heteroscedastic-d5-s213001-B100-c0.5-none,controlled,5,heteroscedastic,213001,100,0.5,none,T2,before_audit,M5,0.351429189,0.370242685,-0.018813496,0.0185121343,beneficial,0,1,0.018813496,0,False
p2-main-heteroscedastic-d5-s213001-B400-c0.2-none,controlled,5,heteroscedastic,213001,400,0.2,none,T2,before_audit,M5,0.127792537,0.265553753,-0.137761216,0.0132776877,beneficial,0,1,0.137761216,0,False
p2-main-heteroscedastic-d5-s213001-B400-c0.5-none,controlled,5,heteroscedastic,213001,400,0.5,none,T2,before_audit,M5,0.181751827,0.306589946,-0.124838119,0.0153294973,beneficial,0,1,0.124838119,0,False
p2-main-heteroscedastic-d5-s213002-B100-c0.2-none,controlled,5,heteroscedastic,213002,100,0.2,none,T2,before_audit,M5,0.0769702531,0.0666200717,0.0103501814,0.00333100359,harmful,1,0,-0.0103501814,0.0103501814,False
p2-main-heteroscedastic-d5-s213002-B100-c0.5-none,controlled,5,heteroscedastic,213002,100,0.5,none,T2,before_audit,M5,0.206088866,0.234716977,-0.028628111,0.0117358489,beneficial,0,1,0.028628111,0,False
p2-main-heteroscedastic-d5-s213002-B400-c0.2-none,controlled,5,heteroscedastic,213002,400,0.2,none,T2,before_audit,M5,0.0627659522,0.0646487437,-0.0018827915,0.00323243719,neutral,0,0,0.0018827915,0,False
p2-main-heteroscedastic-d5-s213002-B400-c0.5-none,controlled,5,heteroscedastic,213002,400,0.5,none,T2,before_audit,M5,0.163451816,0.231920436,-0.06846862,0.0115960218,beneficial,0,1,0.06846862,0,False
p2-main-heteroscedastic-d5-s213003-B100-c0.2-none,controlled,5,heteroscedastic,213003,100,0.2,none,T2,before_audit,M5,0.249148811,0.30209143,-0.052942619,0.0151045715,beneficial,0,1,0.052942619,0,False
p2-main-heteroscedastic-d5-s213003-B100-c0.5-none,controlled,5,heteroscedastic,213003,100,0.5,none,T2,before_audit,M5,0.198583101,0.226105834,-0.027522733,0.0113052917,beneficial,0,1,0.027522733,0,False
p2-main-heteroscedastic-d5-s213003-B400-c0.2-none,controlled,5,heteroscedastic,213003,400,0.2,none,T2,before_audit,M5,0.186845119,0.349091291,-0.162246172,0.0174545646,beneficial,0,1,0.162246172,0,False
p2-main-heteroscedastic-d5-s213003-B400-c0.5-none,controlled,5,heteroscedastic,213003,400,0.5,none,T2,before_audit,M5,0.15044268,0.233936484,-0.083493804,0.0116968242,beneficial,0,1,0.083493804,0,False
p2-main-heteroscedastic-d5-s213004-B100-c0.2-none,controlled,5,heteroscedastic,213004,100,0.2,none,T2,before_audit,M5,0.078900598,0.317974483,-0.239073885,0.0158987241,beneficial,0,1,0.239073885,0,False
p2-main-heteroscedastic-d5-s213004-B100-c0.5-none,controlled,5,heteroscedastic,213004,100,0.5,none,T2,before_audit,M5,0.155868823,0.335130384,-0.179261561,0.0167565192,beneficial,0,1,0.179261561,0,False
p2-main-heteroscedastic-d5-s213004-B400-c0.2-none,controlled,5,heteroscedastic,213004,400,0.2,none,T2,before_audit,M5,0.0765130048,0.287883431,-0.211370426,0.0143941716,beneficial,0,1,0.211370426,0,False
p2-main-heteroscedastic-d5-s213004-B400-c0.5-none,controlled,5,heteroscedastic,213004,400,0.5,none,T2,before_audit,M5,0.0881273299,0.342879335,-0.254752005,0.0171439667,beneficial,0,1,0.254752005,0,False
p2-main-heteroscedastic-d5-s213005-B100-c0.2-none,controlled,5,heteroscedastic,213005,100,0.2,none,T2,before_audit,M5,0.0909161394,0.0908666824,4.9457e-05,0.00454333412,neutral,0,0,-4.9457e-05,4.9457e-05,False
p2-main-heteroscedastic-d5-s213005-B100-c0.5-none,controlled,5,heteroscedastic,213005,100,0.5,none,T2,before_audit,M5,0.158214996,0.158364316,-0.00014932,0.0079182158,neutral,0,0,0.00014932,0,False
p2-main-heteroscedastic-d5-s213005-B400-c0.2-none,controlled,5,heteroscedastic,213005,400,0.2,none,T2,before_audit,M5,0.0669383506,0.0645001469,0.0024382037,0.00322500735,neutral,0,0,-0.0024382037,0.0024382037,False
p2-main-heteroscedastic-d5-s213005-B400-c0.5-none,controlled,5,heteroscedastic,213005,400,0.5,none,T2,before_audit,M5,0.131385038,0.138403304,-0.007018266,0.0069201652,beneficial,0,1,0.007018266,0,False
p2-main-linear-d5-s211001-B100-c0.2-none,controlled,5,linear,211001,100,0.2,none,T2,before_audit,random,0.0961105675,0.0961105675,0,0.00480552837,neutral,0,0,-0,0,True
p2-main-linear-d5-s211001-B100-c0.5-none,controlled,5,linear,211001,100,0.5,none,T2,before_audit,random,0.177715694,0.282534798,-0.104819104,0.0141267399,beneficial,0,1,0.104819104,0,False
p2-main-linear-d5-s211001-B400-c0.2-none,controlled,5,linear,211001,400,0.2,none,T2,before_audit,random,0.0722379386,0.0733200908,-0.0010821522,0.00366600454,neutral,0,0,0.0010821522,0,False
p2-main-linear-d5-s211001-B400-c0.5-none,controlled,5,linear,211001,400,0.5,none,T2,before_audit,random,0.119613332,0.25905175,-0.139438418,0.0129525875,beneficial,0,1,0.139438418,0,False
p2-main-linear-d5-s211002-B100-c0.2-none,controlled,5,linear,211002,100,0.2,none,T2,before_audit,random,0.167987923,0.146971847,0.021016076,0.00734859235,harmful,1,0,-0.021016076,0.021016076,False
p2-main-linear-d5-s211002-B100-c0.5-none,controlled,5,linear,211002,100,0.5,none,T2,before_audit,random,0.254910698,0.26015075,-0.005240052,0.0130075375,neutral,0,0,0.005240052,0,False
p2-main-linear-d5-s211002-B400-c0.2-none,controlled,5,linear,211002,400,0.2,none,T2,before_audit,random,0.149723714,0.149723714,0,0.0074861857,neutral,0,0,-0,0,True
p2-main-linear-d5-s211002-B400-c0.5-none,controlled,5,linear,211002,400,0.5,none,T2,before_audit,random,0.244679744,0.240719875,0.003959869,0.0120359938,neutral,0,0,-0.003959869,0.003959869,False
p2-main-linear-d5-s211003-B100-c0.2-none,controlled,5,linear,211003,100,0.2,none,T2,before_audit,random,0.0915381014,0.0991822034,-0.007644102,0.00495911017,beneficial,0,1,0.007644102,0,False
p2-main-linear-d5-s211003-B100-c0.5-none,controlled,5,linear,211003,100,0.5,none,T2,before_audit,random,0.0915381014,0.148891819,-0.0573537176,0.00744459095,beneficial,0,1,0.0573537176,0,False
p2-main-linear-d5-s211003-B400-c0.2-none,controlled,5,linear,211003,400,0.2,none,T2,before_audit,random,0.0584413732,0.05485597,0.0035854032,0.0027427985,harmful,1,0,-0.0035854032,0.0035854032,False
p2-main-linear-d5-s211003-B400-c0.5-none,controlled,5,linear,211003,400,0.5,none,T2,before_audit,random,0.0584413732,0.121372978,-0.0629316048,0.0060686489,beneficial,0,1,0.0629316048,0,False
p2-main-linear-d5-s211004-B100-c0.2-none,controlled,5,linear,211004,100,0.2,none,T2,before_audit,random,0.154255932,0.0981462176,0.0561097144,0.00490731088,harmful,1,0,-0.0561097144,0.0561097144,False
p2-main-linear-d5-s211004-B100-c0.5-none,controlled,5,linear,211004,100,0.5,none,T2,before_audit,random,0.34742941,0.34377789,0.00365152,0.0171888945,neutral,0,0,-0.00365152,0.00365152,False
p2-main-linear-d5-s211004-B400-c0.2-none,controlled,5,linear,211004,400,0.2,none,T2,before_audit,random,0.0581403176,0.0647349196,-0.006594602,0.00323674598,beneficial,0,1,0.006594602,0,False
p2-main-linear-d5-s211004-B400-c0.5-none,controlled,5,linear,211004,400,0.5,none,T2,before_audit,random,0.360672851,0.360672851,0,0.0180336426,neutral,0,0,-0,0,True
p2-main-linear-d5-s211005-B100-c0.2-none,controlled,5,linear,211005,100,0.2,none,T2,before_audit,random,0.0796955054,0.0796955054,0,0.00398477527,neutral,0,0,-0,0,True
p2-main-linear-d5-s211005-B100-c0.5-none,controlled,5,linear,211005,100,0.5,none,T2,before_audit,random,0.0786090444,0.200231527,-0.121622483,0.0100115764,beneficial,0,1,0.121622483,0,False
p2-main-linear-d5-s211005-B400-c0.2-none,controlled,5,linear,211005,400,0.2,none,T2,before_audit,random,0.0708716065,0.0721770947,-0.0013054882,0.00360885473,neutral,0,0,0.0013054882,0,False
p2-main-linear-d5-s211005-B400-c0.5-none,controlled,5,linear,211005,400,0.5,none,T2,before_audit,random,0.0708716065,0.199075013,-0.128203407,0.00995375065,beneficial,0,1,0.128203407,0,False
p2-main-nonlinear-d5-s212001-B100-c0.2-none,controlled,5,nonlinear,212001,100,0.2,none,T2,before_audit,random,0.0750288665,0.173533442,-0.0985045755,0.0086766721,beneficial,0,1,0.0985045755,0,False
p2-main-nonlinear-d5-s212001-B100-c0.5-none,controlled,5,nonlinear,212001,100,0.5,none,T2,before_audit,random,0.318806196,0.318806196,0,0.0159403098,neutral,0,0,-0,0,True
p2-main-nonlinear-d5-s212001-B400-c0.2-none,controlled,5,nonlinear,212001,400,0.2,none,T2,before_audit,random,0.100597235,0.186340995,-0.08574376,0.00931704975,beneficial,0,1,0.08574376,0,False
p2-main-nonlinear-d5-s212001-B400-c0.5-none,controlled,5,nonlinear,212001,400,0.5,none,T2,before_audit,random,0.349838724,0.349838724,0,0.0174919362,neutral,0,0,-0,0,True
p2-main-nonlinear-d5-s212002-B100-c0.2-none,controlled,5,nonlinear,212002,100,0.2,none,T2,before_audit,random,0.112988425,0.0977151667,0.0152732583,0.00488575834,harmful,1,0,-0.0152732583,0.0152732583,False
p2-main-nonlinear-d5-s212002-B100-c0.5-none,controlled,5,nonlinear,212002,100,0.5,none,T2,before_audit,random,0.161985869,0.156372577,0.005613292,0.00781862885,neutral,0,0,-0.005613292,0.005613292,False
p2-main-nonlinear-d5-s212002-B400-c0.2-none,controlled,5,nonlinear,212002,400,0.2,none,T2,before_audit,random,0.0811470846,0.0811470846,0,0.00405735423,neutral,0,0,-0,0,True
p2-main-nonlinear-d5-s212002-B400-c0.5-none,controlled,5,nonlinear,212002,400,0.5,none,T2,before_audit,random,0.15001636,0.148316585,0.001699775,0.00741582925,neutral,0,0,-0.001699775,0.001699775,False
p2-main-nonlinear-d5-s212003-B100-c0.2-none,controlled,5,nonlinear,212003,100,0.2,none,T2,before_audit,random,0.0866355797,0.0866355797,0,0.00433177899,neutral,0,0,-0,0,True
p2-main-nonlinear-d5-s212003-B100-c0.5-none,controlled,5,nonlinear,212003,100,0.5,none,T2,before_audit,random,0.0765925075,0.140520831,-0.0639283235,0.00702604155,beneficial,0,1,0.0639283235,0,False
p2-main-nonlinear-d5-s212003-B400-c0.2-none,controlled,5,nonlinear,212003,400,0.2,none,T2,before_audit,random,0.0590520067,0.0590520067,0,0.00295260034,neutral,0,0,-0,0,True
p2-main-nonlinear-d5-s212003-B400-c0.5-none,controlled,5,nonlinear,212003,400,0.5,none,T2,before_audit,random,0.064971062,0.116246832,-0.05127577,0.0058123416,beneficial,0,1,0.05127577,0,False
p2-main-nonlinear-d5-s212004-B100-c0.2-none,controlled,5,nonlinear,212004,100,0.2,none,T2,before_audit,random,0.0827163433,0.0822979684,0.0004183749,0.00411489842,neutral,0,0,-0.0004183749,0.0004183749,False
p2-main-nonlinear-d5-s212004-B100-c0.5-none,controlled,5,nonlinear,212004,100,0.5,none,T2,before_audit,random,0.125822787,0.0926981022,0.0331246848,0.00463490511,harmful,1,0,-0.0331246848,0.0331246848,False
p2-main-nonlinear-d5-s212004-B400-c0.2-none,controlled,5,nonlinear,212004,400,0.2,none,T2,before_audit,random,0.0662170748,0.0662170748,0,0.00331085374,neutral,0,0,-0,0,True
p2-main-nonlinear-d5-s212004-B400-c0.5-none,controlled,5,nonlinear,212004,400,0.5,none,T2,before_audit,random,0.0824025087,0.0824025087,0,0.00412012544,neutral,0,0,-0,0,True
p2-main-nonlinear-d5-s212005-B100-c0.2-none,controlled,5,nonlinear,212005,100,0.2,none,T2,before_audit,random,0.0823548014,0.0885032589,-0.0061484575,0.00442516295,beneficial,0,1,0.0061484575,0,False
p2-main-nonlinear-d5-s212005-B100-c0.5-none,controlled,5,nonlinear,212005,100,0.5,none,T2,before_audit,random,0.117159694,0.249166399,-0.132006705,0.01245832,beneficial,0,1,0.132006705,0,False
p2-main-nonlinear-d5-s212005-B400-c0.2-none,controlled,5,nonlinear,212005,400,0.2,none,T2,before_audit,random,0.0820032308,0.0820032308,0,0.00410016154,neutral,0,0,-0,0,True
p2-main-nonlinear-d5-s212005-B400-c0.5-none,controlled,5,nonlinear,212005,400,0.5,none,T2,before_audit,random,0.127313286,0.26701281,-0.139699524,0.0133506405,beneficial,0,1,0.139699524,0,False
p2-main-heteroscedastic-d5-s213001-B100-c0.2-none,controlled,5,heteroscedastic,213001,100,0.2,none,T2,before_audit,random,0.321212207,0.245500272,0.075711935,0.0122750136,harmful,1,0,-0.075711935,0.075711935,False
p2-main-heteroscedastic-d5-s213001-B100-c0.5-none,controlled,5,heteroscedastic,213001,100,0.5,none,T2,before_audit,random,0.371735071,0.370242685,0.001492386,0.0185121343,neutral,0,0,-0.001492386,0.001492386,False
p2-main-heteroscedastic-d5-s213001-B400-c0.2-none,controlled,5,heteroscedastic,213001,400,0.2,none,T2,before_audit,random,0.0453310596,0.265553753,-0.220222693,0.0132776877,beneficial,0,1,0.220222693,0,False
p2-main-heteroscedastic-d5-s213001-B400-c0.5-none,controlled,5,heteroscedastic,213001,400,0.5,none,T2,before_audit,random,0.133359522,0.306589946,-0.173230424,0.0153294973,beneficial,0,1,0.173230424,0,False
p2-main-heteroscedastic-d5-s213002-B100-c0.2-none,controlled,5,heteroscedastic,213002,100,0.2,none,T2,before_audit,random,0.092112201,0.0666200717,0.0254921293,0.00333100359,harmful,1,0,-0.0254921293,0.0254921293,False
p2-main-heteroscedastic-d5-s213002-B100-c0.5-none,controlled,5,heteroscedastic,213002,100,0.5,none,T2,before_audit,random,0.0674870883,0.234716977,-0.167229889,0.0117358489,beneficial,0,1,0.167229889,0,False
p2-main-heteroscedastic-d5-s213002-B400-c0.2-none,controlled,5,heteroscedastic,213002,400,0.2,none,T2,before_audit,random,0.092699488,0.0646487437,0.0280507443,0.00323243719,harmful,1,0,-0.0280507443,0.0280507443,False
p2-main-heteroscedastic-d5-s213002-B400-c0.5-none,controlled,5,heteroscedastic,213002,400,0.5,none,T2,before_audit,random,0.109931389,0.231920436,-0.121989047,0.0115960218,beneficial,0,1,0.121989047,0,False
p2-main-heteroscedastic-d5-s213003-B100-c0.2-none,controlled,5,heteroscedastic,213003,100,0.2,none,T2,before_audit,random,0.408323805,0.30209143,0.106232375,0.0151045715,harmful,1,0,-0.106232375,0.106232375,False
p2-main-heteroscedastic-d5-s213003-B100-c0.5-none,controlled,5,heteroscedastic,213003,100,0.5,none,T2,before_audit,random,0.201219392,0.226105834,-0.024886442,0.0113052917,beneficial,0,1,0.024886442,0,False
p2-main-heteroscedastic-d5-s213003-B400-c0.2-none,controlled,5,heteroscedastic,213003,400,0.2,none,T2,before_audit,random,0.349091291,0.349091291,0,0.0174545646,neutral,0,0,-0,0,True
p2-main-heteroscedastic-d5-s213003-B400-c0.5-none,controlled,5,heteroscedastic,213003,400,0.5,none,T2,before_audit,random,0.231210113,0.233936484,-0.002726371,0.0116968242,neutral,0,0,0.002726371,0,False
p2-main-heteroscedastic-d5-s213004-B100-c0.2-none,controlled,5,heteroscedastic,213004,100,0.2,none,T2,before_audit,random,0.278302133,0.317974483,-0.03967235,0.0158987241,beneficial,0,1,0.03967235,0,False
p2-main-heteroscedastic-d5-s213004-B100-c0.5-none,controlled,5,heteroscedastic,213004,100,0.5,none,T2,before_audit,random,0.0890709286,0.335130384,-0.246059455,0.0167565192,beneficial,0,1,0.246059455,0,False
p2-main-heteroscedastic-d5-s213004-B400-c0.2-none,controlled,5,heteroscedastic,213004,400,0.2,none,T2,before_audit,random,0.214503457,0.287883431,-0.073379974,0.0143941716,beneficial,0,1,0.073379974,0,False
p2-main-heteroscedastic-d5-s213004-B400-c0.5-none,controlled,5,heteroscedastic,213004,400,0.5,none,T2,before_audit,random,0.0722707125,0.342879335,-0.270608623,0.0171439667,beneficial,0,1,0.270608623,0,False
p2-main-heteroscedastic-d5-s213005-B100-c0.2-none,controlled,5,heteroscedastic,213005,100,0.2,none,T2,before_audit,random,0.0826224883,0.0908666824,-0.0082441941,0.00454333412,beneficial,0,1,0.0082441941,0,False
p2-main-heteroscedastic-d5-s213005-B100-c0.5-none,controlled,5,heteroscedastic,213005,100,0.5,none,T2,before_audit,random,0.164865817,0.158364316,0.006501501,0.0079182158,neutral,0,0,-0.006501501,0.006501501,False
p2-main-heteroscedastic-d5-s213005-B400-c0.2-none,controlled,5,heteroscedastic,213005,400,0.2,none,T2,before_audit,random,0.0645001469,0.0645001469,0,0.00322500735,neutral,0,0,-0,0,True
p2-main-heteroscedastic-d5-s213005-B400-c0.5-none,controlled,5,heteroscedastic,213005,400,0.5,none,T2,before_audit,random,0.0598624858,0.138403304,-0.0785408182,0.0069201652,beneficial,0,1,0.0785408182,0,False
p2-main-linear-d5-s211001-B100-c0.2-none,controlled,5,linear,211001,100,0.2,none,T2,before_audit,rho0,0.0961105675,0.0961105675,0,0.00480552837,neutral,0,0,-0,0,True
p2-main-linear-d5-s211001-B100-c0.5-none,controlled,5,linear,211001,100,0.5,none,T2,before_audit,rho0,0.109175121,0.282534798,-0.173359677,0.0141267399,beneficial,0,1,0.173359677,0,False
p2-main-linear-d5-s211001-B400-c0.2-none,controlled,5,linear,211001,400,0.2,none,T2,before_audit,rho0,0.0733200908,0.0733200908,0,0.00366600454,neutral,0,0,-0,0,True
p2-main-linear-d5-s211001-B400-c0.5-none,controlled,5,linear,211001,400,0.5,none,T2,before_audit,rho0,0.127537012,0.25905175,-0.131514738,0.0129525875,beneficial,0,1,0.131514738,0,False
p2-main-linear-d5-s211002-B100-c0.2-none,controlled,5,linear,211002,100,0.2,none,T2,before_audit,rho0,0.190943524,0.146971847,0.043971677,0.00734859235,harmful,1,0,-0.043971677,0.043971677,False
p2-main-linear-d5-s211002-B100-c0.5-none,controlled,5,linear,211002,100,0.5,none,T2,before_audit,rho0,0.144098664,0.26015075,-0.116052086,0.0130075375,beneficial,0,1,0.116052086,0,False
p2-main-linear-d5-s211002-B400-c0.2-none,controlled,5,linear,211002,400,0.2,none,T2,before_audit,rho0,0.0841981893,0.149723714,-0.0655255247,0.0074861857,beneficial,0,1,0.0655255247,0,False
p2-main-linear-d5-s211002-B400-c0.5-none,controlled,5,linear,211002,400,0.5,none,T2,before_audit,rho0,0.0841981893,0.240719875,-0.156521686,0.0120359938,beneficial,0,1,0.156521686,0,False
p2-main-linear-d5-s211003-B100-c0.2-none,controlled,5,linear,211003,100,0.2,none,T2,before_audit,rho0,0.0829384103,0.0991822034,-0.0162437931,0.00495911017,beneficial,0,1,0.0162437931,0,False
p2-main-linear-d5-s211003-B100-c0.5-none,controlled,5,linear,211003,100,0.5,none,T2,before_audit,rho0,0.148891819,0.148891819,0,0.00744459095,neutral,0,0,-0,0,True
p2-main-linear-d5-s211003-B400-c0.2-none,controlled,5,linear,211003,400,0.2,none,T2,before_audit,rho0,0.0592978361,0.05485597,0.0044418661,0.0027427985,harmful,1,0,-0.0044418661,0.0044418661,False
p2-main-linear-d5-s211003-B400-c0.5-none,controlled,5,linear,211003,400,0.5,none,T2,before_audit,rho0,0.0589657376,0.121372978,-0.0624072404,0.0060686489,beneficial,0,1,0.0624072404,0,False
p2-main-linear-d5-s211004-B100-c0.2-none,controlled,5,linear,211004,100,0.2,none,T2,before_audit,rho0,0.175111274,0.0981462176,0.0769650564,0.00490731088,harmful,1,0,-0.0769650564,0.0769650564,False
p2-main-linear-d5-s211004-B100-c0.5-none,controlled,5,linear,211004,100,0.5,none,T2,before_audit,rho0,0.30910478,0.34377789,-0.03467311,0.0171888945,beneficial,0,1,0.03467311,0,False
p2-main-linear-d5-s211004-B400-c0.2-none,controlled,5,linear,211004,400,0.2,none,T2,before_audit,rho0,0.0647349196,0.0647349196,0,0.00323674598,neutral,0,0,-0,0,True
p2-main-linear-d5-s211004-B400-c0.5-none,controlled,5,linear,211004,400,0.5,none,T2,before_audit,rho0,0.0563385797,0.360672851,-0.304334271,0.0180336426,beneficial,0,1,0.304334271,0,False
p2-main-linear-d5-s211005-B100-c0.2-none,controlled,5,linear,211005,100,0.2,none,T2,before_audit,rho0,0.0796955054,0.0796955054,0,0.00398477527,neutral,0,0,-0,0,True
p2-main-linear-d5-s211005-B100-c0.5-none,controlled,5,linear,211005,100,0.5,none,T2,before_audit,rho0,0.0796955054,0.200231527,-0.120536022,0.0100115764,beneficial,0,1,0.120536022,0,False
p2-main-linear-d5-s211005-B400-c0.2-none,controlled,5,linear,211005,400,0.2,none,T2,before_audit,rho0,0.0721770947,0.0721770947,0,0.00360885473,neutral,0,0,-0,0,True
p2-main-linear-d5-s211005-B400-c0.5-none,controlled,5,linear,211005,400,0.5,none,T2,before_audit,rho0,0.0721770947,0.199075013,-0.126897918,0.00995375065,beneficial,0,1,0.126897918,0,False
p2-main-nonlinear-d5-s212001-B100-c0.2-none,controlled,5,nonlinear,212001,100,0.2,none,T2,before_audit,rho0,0.173533442,0.173533442,0,0.0086766721,neutral,0,0,-0,0,True
p2-main-nonlinear-d5-s212001-B100-c0.5-none,controlled,5,nonlinear,212001,100,0.5,none,T2,before_audit,rho0,0.0750288665,0.318806196,-0.243777329,0.0159403098,beneficial,0,1,0.243777329,0,False
p2-main-nonlinear-d5-s212001-B400-c0.2-none,controlled,5,nonlinear,212001,400,0.2,none,T2,before_audit,rho0,0.100597235,0.186340995,-0.08574376,0.00931704975,beneficial,0,1,0.08574376,0,False
p2-main-nonlinear-d5-s212001-B400-c0.5-none,controlled,5,nonlinear,212001,400,0.5,none,T2,before_audit,rho0,0.100597235,0.349838724,-0.249241489,0.0174919362,beneficial,0,1,0.249241489,0,False
p2-main-nonlinear-d5-s212002-B100-c0.2-none,controlled,5,nonlinear,212002,100,0.2,none,T2,before_audit,rho0,0.0919633533,0.0977151667,-0.0057518134,0.00488575834,beneficial,0,1,0.0057518134,0,False
p2-main-nonlinear-d5-s212002-B100-c0.5-none,controlled,5,nonlinear,212002,100,0.5,none,T2,before_audit,rho0,0.0977151667,0.156372577,-0.0586574103,0.00781862885,beneficial,0,1,0.0586574103,0,False
p2-main-nonlinear-d5-s212002-B400-c0.2-none,controlled,5,nonlinear,212002,400,0.2,none,T2,before_audit,rho0,0.0883816704,0.0811470846,0.0072345858,0.00405735423,harmful,1,0,-0.0072345858,0.0072345858,False
p2-main-nonlinear-d5-s212002-B400-c0.5-none,controlled,5,nonlinear,212002,400,0.5,none,T2,before_audit,rho0,0.0811470846,0.148316585,-0.0671695004,0.00741582925,beneficial,0,1,0.0671695004,0,False
p2-main-nonlinear-d5-s212003-B100-c0.2-none,controlled,5,nonlinear,212003,100,0.2,none,T2,before_audit,rho0,0.0699832502,0.0866355797,-0.0166523295,0.00433177899,beneficial,0,1,0.0166523295,0,False
p2-main-nonlinear-d5-s212003-B100-c0.5-none,controlled,5,nonlinear,212003,100,0.5,none,T2,before_audit,rho0,0.138999254,0.140520831,-0.001521577,0.00702604155,neutral,0,0,0.001521577,0,False
p2-main-nonlinear-d5-s212003-B400-c0.2-none,controlled,5,nonlinear,212003,400,0.2,none,T2,before_audit,rho0,0.0783856846,0.0590520067,0.0193336779,0.00295260034,harmful,1,0,-0.0193336779,0.0193336779,False
p2-main-nonlinear-d5-s212003-B400-c0.5-none,controlled,5,nonlinear,212003,400,0.5,none,T2,before_audit,rho0,0.134731236,0.116246832,0.018484404,0.0058123416,harmful,1,0,-0.018484404,0.018484404,False
p2-main-nonlinear-d5-s212004-B100-c0.2-none,controlled,5,nonlinear,212004,100,0.2,none,T2,before_audit,rho0,0.0796816945,0.0822979684,-0.0026162739,0.00411489842,neutral,0,0,0.0026162739,0,False
p2-main-nonlinear-d5-s212004-B100-c0.5-none,controlled,5,nonlinear,212004,100,0.5,none,T2,before_audit,rho0,0.0827163433,0.0926981022,-0.0099817589,0.00463490511,beneficial,0,1,0.0099817589,0,False
p2-main-nonlinear-d5-s212004-B400-c0.2-none,controlled,5,nonlinear,212004,400,0.2,none,T2,before_audit,rho0,0.0662170748,0.0662170748,0,0.00331085374,neutral,0,0,-0,0,True
p2-main-nonlinear-d5-s212004-B400-c0.5-none,controlled,5,nonlinear,212004,400,0.5,none,T2,before_audit,rho0,0.0824025087,0.0824025087,0,0.00412012544,neutral,0,0,-0,0,True
p2-main-nonlinear-d5-s212005-B100-c0.2-none,controlled,5,nonlinear,212005,100,0.2,none,T2,before_audit,rho0,0.0885032589,0.0885032589,0,0.00442516295,neutral,0,0,-0,0,True
p2-main-nonlinear-d5-s212005-B100-c0.5-none,controlled,5,nonlinear,212005,100,0.5,none,T2,before_audit,rho0,0.0850845811,0.249166399,-0.164081818,0.01245832,beneficial,0,1,0.164081818,0,False
p2-main-nonlinear-d5-s212005-B400-c0.2-none,controlled,5,nonlinear,212005,400,0.2,none,T2,before_audit,rho0,0.0820032308,0.0820032308,0,0.00410016154,neutral,0,0,-0,0,True
p2-main-nonlinear-d5-s212005-B400-c0.5-none,controlled,5,nonlinear,212005,400,0.5,none,T2,before_audit,rho0,0.129143409,0.26701281,-0.137869401,0.0133506405,beneficial,0,1,0.137869401,0,False
p2-main-heteroscedastic-d5-s213001-B100-c0.2-none,controlled,5,heteroscedastic,213001,100,0.2,none,T2,before_audit,rho0,0.305800349,0.245500272,0.060300077,0.0122750136,harmful,1,0,-0.060300077,0.060300077,False
p2-main-heteroscedastic-d5-s213001-B100-c0.5-none,controlled,5,heteroscedastic,213001,100,0.5,none,T2,before_audit,rho0,0.371735071,0.370242685,0.001492386,0.0185121343,neutral,0,0,-0.001492386,0.001492386,False
p2-main-heteroscedastic-d5-s213001-B400-c0.2-none,controlled,5,heteroscedastic,213001,400,0.2,none,T2,before_audit,rho0,0.0430853665,0.265553753,-0.222468387,0.0132776877,beneficial,0,1,0.222468387,0,False
p2-main-heteroscedastic-d5-s213001-B400-c0.5-none,controlled,5,heteroscedastic,213001,400,0.5,none,T2,before_audit,rho0,0.0477863699,0.306589946,-0.258803576,0.0153294973,beneficial,0,1,0.258803576,0,False
p2-main-heteroscedastic-d5-s213002-B100-c0.2-none,controlled,5,heteroscedastic,213002,100,0.2,none,T2,before_audit,rho0,0.0666200717,0.0666200717,0,0.00333100359,neutral,0,0,-0,0,True
p2-main-heteroscedastic-d5-s213002-B100-c0.5-none,controlled,5,heteroscedastic,213002,100,0.5,none,T2,before_audit,rho0,0.0760624235,0.234716977,-0.158654553,0.0117358489,beneficial,0,1,0.158654553,0,False
p2-main-heteroscedastic-d5-s213002-B400-c0.2-none,controlled,5,heteroscedastic,213002,400,0.2,none,T2,before_audit,rho0,0.0769955255,0.0646487437,0.0123467818,0.00323243719,harmful,1,0,-0.0123467818,0.0123467818,False
p2-main-heteroscedastic-d5-s213002-B400-c0.5-none,controlled,5,heteroscedastic,213002,400,0.5,none,T2,before_audit,rho0,0.0544384482,0.231920436,-0.177481988,0.0115960218,beneficial,0,1,0.177481988,0,False
p2-main-heteroscedastic-d5-s213003-B100-c0.2-none,controlled,5,heteroscedastic,213003,100,0.2,none,T2,before_audit,rho0,0.150322263,0.30209143,-0.151769167,0.0151045715,beneficial,0,1,0.151769167,0,False
p2-main-heteroscedastic-d5-s213003-B100-c0.5-none,controlled,5,heteroscedastic,213003,100,0.5,none,T2,before_audit,rho0,0.132190794,0.226105834,-0.09391504,0.0113052917,beneficial,0,1,0.09391504,0,False
p2-main-heteroscedastic-d5-s213003-B400-c0.2-none,controlled,5,heteroscedastic,213003,400,0.2,none,T2,before_audit,rho0,0.071570918,0.349091291,-0.277520373,0.0174545646,beneficial,0,1,0.277520373,0,False
p2-main-heteroscedastic-d5-s213003-B400-c0.5-none,controlled,5,heteroscedastic,213003,400,0.5,none,T2,before_audit,rho0,0.0797285053,0.233936484,-0.154207979,0.0116968242,beneficial,0,1,0.154207979,0,False
p2-main-heteroscedastic-d5-s213004-B100-c0.2-none,controlled,5,heteroscedastic,213004,100,0.2,none,T2,before_audit,rho0,0.078900598,0.317974483,-0.239073885,0.0158987241,beneficial,0,1,0.239073885,0,False
p2-main-heteroscedastic-d5-s213004-B100-c0.5-none,controlled,5,heteroscedastic,213004,100,0.5,none,T2,before_audit,rho0,0.155868823,0.335130384,-0.179261561,0.0167565192,beneficial,0,1,0.179261561,0,False
p2-main-heteroscedastic-d5-s213004-B400-c0.2-none,controlled,5,heteroscedastic,213004,400,0.2,none,T2,before_audit,rho0,0.0850312586,0.287883431,-0.202852172,0.0143941716,beneficial,0,1,0.202852172,0,False
p2-main-heteroscedastic-d5-s213004-B400-c0.5-none,controlled,5,heteroscedastic,213004,400,0.5,none,T2,before_audit,rho0,0.0728884488,0.342879335,-0.269990886,0.0171439667,beneficial,0,1,0.269990886,0,False
p2-main-heteroscedastic-d5-s213005-B100-c0.2-none,controlled,5,heteroscedastic,213005,100,0.2,none,T2,before_audit,rho0,0.127249579,0.0908666824,0.0363828966,0.00454333412,harmful,1,0,-0.0363828966,0.0363828966,False
p2-main-heteroscedastic-d5-s213005-B100-c0.5-none,controlled,5,heteroscedastic,213005,100,0.5,none,T2,before_audit,rho0,0.158364316,0.158364316,0,0.0079182158,neutral,0,0,-0,0,True
p2-main-heteroscedastic-d5-s213005-B400-c0.2-none,controlled,5,heteroscedastic,213005,400,0.2,none,T2,before_audit,rho0,0.0645001469,0.0645001469,0,0.00322500735,neutral,0,0,-0,0,True
p2-main-heteroscedastic-d5-s213005-B400-c0.5-none,controlled,5,heteroscedastic,213005,400,0.5,none,T2,before_audit,rho0,0.0598624858,0.138403304,-0.0785408182,0.0069201652,beneficial,0,1,0.0785408182,0,False
p2-main-linear-d5-s211001-B100-c0.2-none,controlled,5,linear,211001,100,0.2,none,T2,before_audit,tau0,0.076008983,0.0961105675,-0.0201015845,0.00480552837,beneficial,0,1,0.0201015845,0,False
p2-main-linear-d5-s211001-B100-c0.5-none,controlled,5,linear,211001,100,0.5,none,T2,before_audit,tau0,0.116857658,0.282534798,-0.16567714,0.0141267399,beneficial,0,1,0.16567714,0,False
p2-main-linear-d5-s211001-B400-c0.2-none,controlled,5,linear,211001,400,0.2,none,T2,before_audit,tau0,0.0608417206,0.0733200908,-0.0124783702,0.00366600454,beneficial,0,1,0.0124783702,0,False
p2-main-linear-d5-s211001-B400-c0.5-none,controlled,5,linear,211001,400,0.5,none,T2,before_audit,tau0,0.127658412,0.25905175,-0.131393338,0.0129525875,beneficial,0,1,0.131393338,0,False
p2-main-linear-d5-s211002-B100-c0.2-none,controlled,5,linear,211002,100,0.2,none,T2,before_audit,tau0,0.143042289,0.146971847,-0.003929558,0.00734859235,neutral,0,0,0.003929558,0,False
p2-main-linear-d5-s211002-B100-c0.5-none,controlled,5,linear,211002,100,0.5,none,T2,before_audit,tau0,0.152722776,0.26015075,-0.107427974,0.0130075375,beneficial,0,1,0.107427974,0,False
p2-main-linear-d5-s211002-B400-c0.2-none,controlled,5,linear,211002,400,0.2,none,T2,before_audit,tau0,0.140999126,0.149723714,-0.008724588,0.0074861857,beneficial,0,1,0.008724588,0,False
p2-main-linear-d5-s211002-B400-c0.5-none,controlled,5,linear,211002,400,0.5,none,T2,before_audit,tau0,0.073082082,0.240719875,-0.167637793,0.0120359938,beneficial,0,1,0.167637793,0,False
p2-main-linear-d5-s211003-B100-c0.2-none,controlled,5,linear,211003,100,0.2,none,T2,before_audit,tau0,0.0991822034,0.0991822034,0,0.00495911017,neutral,0,0,-0,0,False
p2-main-linear-d5-s211003-B100-c0.5-none,controlled,5,linear,211003,100,0.5,none,T2,before_audit,tau0,0.148891819,0.148891819,0,0.00744459095,neutral,0,0,-0,0,False
p2-main-linear-d5-s211003-B400-c0.2-none,controlled,5,linear,211003,400,0.2,none,T2,before_audit,tau0,0.05485597,0.05485597,0,0.0027427985,neutral,0,0,-0,0,False
p2-main-linear-d5-s211003-B400-c0.5-none,controlled,5,linear,211003,400,0.5,none,T2,before_audit,tau0,0.0996672536,0.121372978,-0.0217057244,0.0060686489,beneficial,0,1,0.0217057244,0,False
p2-main-linear-d5-s211004-B100-c0.2-none,controlled,5,linear,211004,100,0.2,none,T2,before_audit,tau0,0.0835927476,0.0981462176,-0.01455347,0.00490731088,beneficial,0,1,0.01455347,0,False
p2-main-linear-d5-s211004-B100-c0.5-none,controlled,5,linear,211004,100,0.5,none,T2,before_audit,tau0,0.312907591,0.34377789,-0.030870299,0.0171888945,beneficial,0,1,0.030870299,0,False
p2-main-linear-d5-s211004-B400-c0.2-none,controlled,5,linear,211004,400,0.2,none,T2,before_audit,tau0,0.075614286,0.0647349196,0.0108793664,0.00323674598,harmful,1,0,-0.0108793664,0.0108793664,False
p2-main-linear-d5-s211004-B400-c0.5-none,controlled,5,linear,211004,400,0.5,none,T2,before_audit,tau0,0.0563385797,0.360672851,-0.304334271,0.0180336426,beneficial,0,1,0.304334271,0,False
p2-main-linear-d5-s211005-B100-c0.2-none,controlled,5,linear,211005,100,0.2,none,T2,before_audit,tau0,0.0698043456,0.0796955054,-0.0098911598,0.00398477527,beneficial,0,1,0.0098911598,0,False
p2-main-linear-d5-s211005-B100-c0.5-none,controlled,5,linear,211005,100,0.5,none,T2,before_audit,tau0,0.0793474639,0.200231527,-0.120884063,0.0100115764,beneficial,0,1,0.120884063,0,False
p2-main-linear-d5-s211005-B400-c0.2-none,controlled,5,linear,211005,400,0.2,none,T2,before_audit,tau0,0.0965005433,0.0721770947,0.0243234486,0.00360885473,harmful,1,0,-0.0243234486,0.0243234486,False
p2-main-linear-d5-s211005-B400-c0.5-none,controlled,5,linear,211005,400,0.5,none,T2,before_audit,tau0,0.0693329945,0.199075013,-0.129742019,0.00995375065,beneficial,0,1,0.129742019,0,False
p2-main-nonlinear-d5-s212001-B100-c0.2-none,controlled,5,nonlinear,212001,100,0.2,none,T2,before_audit,tau0,0.17032737,0.173533442,-0.003206072,0.0086766721,neutral,0,0,0.003206072,0,False
p2-main-nonlinear-d5-s212001-B100-c0.5-none,controlled,5,nonlinear,212001,100,0.5,none,T2,before_audit,tau0,0.186735357,0.318806196,-0.132070839,0.0159403098,beneficial,0,1,0.132070839,0,False
p2-main-nonlinear-d5-s212001-B400-c0.2-none,controlled,5,nonlinear,212001,400,0.2,none,T2,before_audit,tau0,0.103427949,0.186340995,-0.082913046,0.00931704975,beneficial,0,1,0.082913046,0,False
p2-main-nonlinear-d5-s212001-B400-c0.5-none,controlled,5,nonlinear,212001,400,0.5,none,T2,before_audit,tau0,0.100597235,0.349838724,-0.249241489,0.0174919362,beneficial,0,1,0.249241489,0,False
p2-main-nonlinear-d5-s212002-B100-c0.2-none,controlled,5,nonlinear,212002,100,0.2,none,T2,before_audit,tau0,0.0924454108,0.0977151667,-0.0052697559,0.00488575834,beneficial,0,1,0.0052697559,0,False
p2-main-nonlinear-d5-s212002-B100-c0.5-none,controlled,5,nonlinear,212002,100,0.5,none,T2,before_audit,tau0,0.092821459,0.156372577,-0.063551118,0.00781862885,beneficial,0,1,0.063551118,0,False
p2-main-nonlinear-d5-s212002-B400-c0.2-none,controlled,5,nonlinear,212002,400,0.2,none,T2,before_audit,tau0,0.0854474331,0.0811470846,0.0043003485,0.00405735423,harmful,1,0,-0.0043003485,0.0043003485,False
p2-main-nonlinear-d5-s212002-B400-c0.5-none,controlled,5,nonlinear,212002,400,0.5,none,T2,before_audit,tau0,0.0811470846,0.148316585,-0.0671695004,0.00741582925,beneficial,0,1,0.0671695004,0,False
p2-main-nonlinear-d5-s212003-B100-c0.2-none,controlled,5,nonlinear,212003,100,0.2,none,T2,before_audit,tau0,0.0819248805,0.0866355797,-0.0047106992,0.00433177899,beneficial,0,1,0.0047106992,0,False
p2-main-nonlinear-d5-s212003-B100-c0.5-none,controlled,5,nonlinear,212003,100,0.5,none,T2,before_audit,tau0,0.140549218,0.140520831,2.8387e-05,0.00702604155,neutral,0,0,-2.8387e-05,2.8387e-05,False
p2-main-nonlinear-d5-s212003-B400-c0.2-none,controlled,5,nonlinear,212003,400,0.2,none,T2,before_audit,tau0,0.0725563057,0.0590520067,0.013504299,0.00295260034,harmful,1,0,-0.013504299,0.013504299,False
p2-main-nonlinear-d5-s212003-B400-c0.5-none,controlled,5,nonlinear,212003,400,0.5,none,T2,before_audit,tau0,0.126380267,0.116246832,0.010133435,0.0058123416,harmful,1,0,-0.010133435,0.010133435,False
p2-main-nonlinear-d5-s212004-B100-c0.2-none,controlled,5,nonlinear,212004,100,0.2,none,T2,before_audit,tau0,0.0778254631,0.0822979684,-0.0044725053,0.00411489842,beneficial,0,1,0.0044725053,0,False
p2-main-nonlinear-d5-s212004-B100-c0.5-none,controlled,5,nonlinear,212004,100,0.5,none,T2,before_audit,tau0,0.0913992822,0.0926981022,-0.00129882,0.00463490511,neutral,0,0,0.00129882,0,False
p2-main-nonlinear-d5-s212004-B400-c0.2-none,controlled,5,nonlinear,212004,400,0.2,none,T2,before_audit,tau0,0.0662170748,0.0662170748,0,0.00331085374,neutral,0,0,-0,0,False
p2-main-nonlinear-d5-s212004-B400-c0.5-none,controlled,5,nonlinear,212004,400,0.5,none,T2,before_audit,tau0,0.0661272146,0.0824025087,-0.0162752941,0.00412012544,beneficial,0,1,0.0162752941,0,False
p2-main-nonlinear-d5-s212005-B100-c0.2-none,controlled,5,nonlinear,212005,100,0.2,none,T2,before_audit,tau0,0.0896170214,0.0885032589,0.0011137625,0.00442516295,neutral,0,0,-0.0011137625,0.0011137625,False
p2-main-nonlinear-d5-s212005-B100-c0.5-none,controlled,5,nonlinear,212005,100,0.5,none,T2,before_audit,tau0,0.0879475847,0.249166399,-0.161218814,0.01245832,beneficial,0,1,0.161218814,0,False
p2-main-nonlinear-d5-s212005-B400-c0.2-none,controlled,5,nonlinear,212005,400,0.2,none,T2,before_audit,tau0,0.0775654775,0.0820032308,-0.0044377533,0.00410016154,beneficial,0,1,0.0044377533,0,False
p2-main-nonlinear-d5-s212005-B400-c0.5-none,controlled,5,nonlinear,212005,400,0.5,none,T2,before_audit,tau0,0.141569761,0.26701281,-0.125443049,0.0133506405,beneficial,0,1,0.125443049,0,False
p2-main-heteroscedastic-d5-s213001-B100-c0.2-none,controlled,5,heteroscedastic,213001,100,0.2,none,T2,before_audit,tau0,0.191584865,0.245500272,-0.053915407,0.0122750136,beneficial,0,1,0.053915407,0,False
p2-main-heteroscedastic-d5-s213001-B100-c0.5-none,controlled,5,heteroscedastic,213001,100,0.5,none,T2,before_audit,tau0,0.339882061,0.370242685,-0.030360624,0.0185121343,beneficial,0,1,0.030360624,0,False
p2-main-heteroscedastic-d5-s213001-B400-c0.2-none,controlled,5,heteroscedastic,213001,400,0.2,none,T2,before_audit,tau0,0.0612007044,0.265553753,-0.204353049,0.0132776877,beneficial,0,1,0.204353049,0,False
p2-main-heteroscedastic-d5-s213001-B400-c0.5-none,controlled,5,heteroscedastic,213001,400,0.5,none,T2,before_audit,tau0,0.093824327,0.306589946,-0.212765619,0.0153294973,beneficial,0,1,0.212765619,0,False
p2-main-heteroscedastic-d5-s213002-B100-c0.2-none,controlled,5,heteroscedastic,213002,100,0.2,none,T2,before_audit,tau0,0.156413659,0.0666200717,0.0897935873,0.00333100359,harmful,1,0,-0.0897935873,0.0897935873,False
p2-main-heteroscedastic-d5-s213002-B100-c0.5-none,controlled,5,heteroscedastic,213002,100,0.5,none,T2,before_audit,tau0,0.180287013,0.234716977,-0.054429964,0.0117358489,beneficial,0,1,0.054429964,0,False
p2-main-heteroscedastic-d5-s213002-B400-c0.2-none,controlled,5,heteroscedastic,213002,400,0.2,none,T2,before_audit,tau0,0.0523294049,0.0646487437,-0.0123193388,0.00323243719,beneficial,0,1,0.0123193388,0,False
p2-main-heteroscedastic-d5-s213002-B400-c0.5-none,controlled,5,heteroscedastic,213002,400,0.5,none,T2,before_audit,tau0,0.111947318,0.231920436,-0.119973118,0.0115960218,beneficial,0,1,0.119973118,0,False
p2-main-heteroscedastic-d5-s213003-B100-c0.2-none,controlled,5,heteroscedastic,213003,100,0.2,none,T2,before_audit,tau0,0.191696679,0.30209143,-0.110394751,0.0151045715,beneficial,0,1,0.110394751,0,False
p2-main-heteroscedastic-d5-s213003-B100-c0.5-none,controlled,5,heteroscedastic,213003,100,0.5,none,T2,before_audit,tau0,0.144392466,0.226105834,-0.081713368,0.0113052917,beneficial,0,1,0.081713368,0,False
p2-main-heteroscedastic-d5-s213003-B400-c0.2-none,controlled,5,heteroscedastic,213003,400,0.2,none,T2,before_audit,tau0,0.071570918,0.349091291,-0.277520373,0.0174545646,beneficial,0,1,0.277520373,0,False
p2-main-heteroscedastic-d5-s213003-B400-c0.5-none,controlled,5,heteroscedastic,213003,400,0.5,none,T2,before_audit,tau0,0.089314421,0.233936484,-0.144622063,0.0116968242,beneficial,0,1,0.144622063,0,False
p2-main-heteroscedastic-d5-s213004-B100-c0.2-none,controlled,5,heteroscedastic,213004,100,0.2,none,T2,before_audit,tau0,0.078900598,0.317974483,-0.239073885,0.0158987241,beneficial,0,1,0.239073885,0,False
p2-main-heteroscedastic-d5-s213004-B100-c0.5-none,controlled,5,heteroscedastic,213004,100,0.5,none,T2,before_audit,tau0,0.155868823,0.335130384,-0.179261561,0.0167565192,beneficial,0,1,0.179261561,0,False
p2-main-heteroscedastic-d5-s213004-B400-c0.2-none,controlled,5,heteroscedastic,213004,400,0.2,none,T2,before_audit,tau0,0.0735034396,0.287883431,-0.214379991,0.0143941716,beneficial,0,1,0.214379991,0,False
p2-main-heteroscedastic-d5-s213004-B400-c0.5-none,controlled,5,heteroscedastic,213004,400,0.5,none,T2,before_audit,tau0,0.0728884488,0.342879335,-0.269990886,0.0171439667,beneficial,0,1,0.269990886,0,False
p2-main-heteroscedastic-d5-s213005-B100-c0.2-none,controlled,5,heteroscedastic,213005,100,0.2,none,T2,before_audit,tau0,0.0978542392,0.0908666824,0.0069875568,0.00454333412,harmful,1,0,-0.0069875568,0.0069875568,False
p2-main-heteroscedastic-d5-s213005-B100-c0.5-none,controlled,5,heteroscedastic,213005,100,0.5,none,T2,before_audit,tau0,0.15773012,0.158364316,-0.000634196,0.0079182158,neutral,0,0,0.000634196,0,False
p2-main-heteroscedastic-d5-s213005-B400-c0.2-none,controlled,5,heteroscedastic,213005,400,0.2,none,T2,before_audit,tau0,0.0723262479,0.0645001469,0.007826101,0.00322500735,harmful,1,0,-0.007826101,0.007826101,False
p2-main-heteroscedastic-d5-s213005-B400-c0.5-none,controlled,5,heteroscedastic,213005,400,0.5,none,T2,before_audit,tau0,0.109158829,0.138403304,-0.029244475,0.0069201652,beneficial,0,1,0.029244475,0,False
p2-main-linear-d5-s211001-B100-c0.2-none,controlled,5,linear,211001,100,0.2,none,T2,before_audit,uniform,0.0909974327,0.0961105675,-0.0051131348,0.00480552837,beneficial,0,1,0.0051131348,0,False
p2-main-linear-d5-s211001-B100-c0.5-none,controlled,5,linear,211001,100,0.5,none,T2,before_audit,uniform,0.194390565,0.282534798,-0.088144233,0.0141267399,beneficial,0,1,0.088144233,0,False
p2-main-linear-d5-s211001-B400-c0.2-none,controlled,5,linear,211001,400,0.2,none,T2,before_audit,uniform,0.0621755694,0.0733200908,-0.0111445214,0.00366600454,beneficial,0,1,0.0111445214,0,False
p2-main-linear-d5-s211001-B400-c0.5-none,controlled,5,linear,211001,400,0.5,none,T2,before_audit,uniform,0.166594689,0.25905175,-0.092457061,0.0129525875,beneficial,0,1,0.092457061,0,False
p2-main-linear-d5-s211002-B100-c0.2-none,controlled,5,linear,211002,100,0.2,none,T2,before_audit,uniform,0.139936139,0.146971847,-0.007035708,0.00734859235,neutral,0,0,0.007035708,0,False
p2-main-linear-d5-s211002-B100-c0.5-none,controlled,5,linear,211002,100,0.5,none,T2,before_audit,uniform,0.132203301,0.26015075,-0.127947449,0.0130075375,beneficial,0,1,0.127947449,0,False
p2-main-linear-d5-s211002-B400-c0.2-none,controlled,5,linear,211002,400,0.2,none,T2,before_audit,uniform,0.143998782,0.149723714,-0.005724932,0.0074861857,neutral,0,0,0.005724932,0,False
p2-main-linear-d5-s211002-B400-c0.5-none,controlled,5,linear,211002,400,0.5,none,T2,before_audit,uniform,0.104483386,0.240719875,-0.136236489,0.0120359938,beneficial,0,1,0.136236489,0,False
p2-main-linear-d5-s211003-B100-c0.2-none,controlled,5,linear,211003,100,0.2,none,T2,before_audit,uniform,0.103676101,0.0991822034,0.0044938976,0.00495911017,neutral,0,0,-0.0044938976,0.0044938976,False
p2-main-linear-d5-s211003-B100-c0.5-none,controlled,5,linear,211003,100,0.5,none,T2,before_audit,uniform,0.134489665,0.148891819,-0.014402154,0.00744459095,beneficial,0,1,0.014402154,0,False
p2-main-linear-d5-s211003-B400-c0.2-none,controlled,5,linear,211003,400,0.2,none,T2,before_audit,uniform,0.142414262,0.05485597,0.087558292,0.0027427985,harmful,1,0,-0.087558292,0.087558292,False
p2-main-linear-d5-s211003-B400-c0.5-none,controlled,5,linear,211003,400,0.5,none,T2,before_audit,uniform,0.123489956,0.121372978,0.002116978,0.0060686489,neutral,0,0,-0.002116978,0.002116978,False
p2-main-linear-d5-s211004-B100-c0.2-none,controlled,5,linear,211004,100,0.2,none,T2,before_audit,uniform,0.0841747584,0.0981462176,-0.0139714592,0.00490731088,beneficial,0,1,0.0139714592,0,False
p2-main-linear-d5-s211004-B100-c0.5-none,controlled,5,linear,211004,100,0.5,none,T2,before_audit,uniform,0.314356287,0.34377789,-0.029421603,0.0171888945,beneficial,0,1,0.029421603,0,False
p2-main-linear-d5-s211004-B400-c0.2-none,controlled,5,linear,211004,400,0.2,none,T2,before_audit,uniform,0.0565914984,0.0647349196,-0.0081434212,0.00323674598,beneficial,0,1,0.0081434212,0,False
p2-main-linear-d5-s211004-B400-c0.5-none,controlled,5,linear,211004,400,0.5,none,T2,before_audit,uniform,0.143158394,0.360672851,-0.217514457,0.0180336426,beneficial,0,1,0.217514457,0,False
p2-main-linear-d5-s211005-B100-c0.2-none,controlled,5,linear,211005,100,0.2,none,T2,before_audit,uniform,0.0659222665,0.0796955054,-0.0137732389,0.00398477527,beneficial,0,1,0.0137732389,0,False
p2-main-linear-d5-s211005-B100-c0.5-none,controlled,5,linear,211005,100,0.5,none,T2,before_audit,uniform,0.104292929,0.200231527,-0.095938598,0.0100115764,beneficial,0,1,0.095938598,0,False
p2-main-linear-d5-s211005-B400-c0.2-none,controlled,5,linear,211005,400,0.2,none,T2,before_audit,uniform,0.102825347,0.0721770947,0.0306482523,0.00360885473,harmful,1,0,-0.0306482523,0.0306482523,False
p2-main-linear-d5-s211005-B400-c0.5-none,controlled,5,linear,211005,400,0.5,none,T2,before_audit,uniform,0.0911641245,0.199075013,-0.107910888,0.00995375065,beneficial,0,1,0.107910888,0,False
p2-main-nonlinear-d5-s212001-B100-c0.2-none,controlled,5,nonlinear,212001,100,0.2,none,T2,before_audit,uniform,0.170850068,0.173533442,-0.002683374,0.0086766721,neutral,0,0,0.002683374,0,False
p2-main-nonlinear-d5-s212001-B100-c0.5-none,controlled,5,nonlinear,212001,100,0.5,none,T2,before_audit,uniform,0.164686504,0.318806196,-0.154119692,0.0159403098,beneficial,0,1,0.154119692,0,False
p2-main-nonlinear-d5-s212001-B400-c0.2-none,controlled,5,nonlinear,212001,400,0.2,none,T2,before_audit,uniform,0.119069882,0.186340995,-0.067271113,0.00931704975,beneficial,0,1,0.067271113,0,False
p2-main-nonlinear-d5-s212001-B400-c0.5-none,controlled,5,nonlinear,212001,400,0.5,none,T2,before_audit,uniform,0.168531358,0.349838724,-0.181307366,0.0174919362,beneficial,0,1,0.181307366,0,False
p2-main-nonlinear-d5-s212002-B100-c0.2-none,controlled,5,nonlinear,212002,100,0.2,none,T2,before_audit,uniform,0.0838066737,0.0977151667,-0.013908493,0.00488575834,beneficial,0,1,0.013908493,0,False
p2-main-nonlinear-d5-s212002-B100-c0.5-none,controlled,5,nonlinear,212002,100,0.5,none,T2,before_audit,uniform,0.0929117526,0.156372577,-0.0634608244,0.00781862885,beneficial,0,1,0.0634608244,0,False
p2-main-nonlinear-d5-s212002-B400-c0.2-none,controlled,5,nonlinear,212002,400,0.2,none,T2,before_audit,uniform,0.0841146534,0.0811470846,0.0029675688,0.00405735423,neutral,0,0,-0.0029675688,0.0029675688,False
p2-main-nonlinear-d5-s212002-B400-c0.5-none,controlled,5,nonlinear,212002,400,0.5,none,T2,before_audit,uniform,0.0839825595,0.148316585,-0.0643340255,0.00741582925,beneficial,0,1,0.0643340255,0,False
p2-main-nonlinear-d5-s212003-B100-c0.2-none,controlled,5,nonlinear,212003,100,0.2,none,T2,before_audit,uniform,0.072192618,0.0866355797,-0.0144429617,0.00433177899,beneficial,0,1,0.0144429617,0,False
p2-main-nonlinear-d5-s212003-B100-c0.5-none,controlled,5,nonlinear,212003,100,0.5,none,T2,before_audit,uniform,0.140765091,0.140520831,0.00024426,0.00702604155,neutral,0,0,-0.00024426,0.00024426,False
p2-main-nonlinear-d5-s212003-B400-c0.2-none,controlled,5,nonlinear,212003,400,0.2,none,T2,before_audit,uniform,0.0633147856,0.0590520067,0.0042627789,0.00295260034,harmful,1,0,-0.0042627789,0.0042627789,False
p2-main-nonlinear-d5-s212003-B400-c0.5-none,controlled,5,nonlinear,212003,400,0.5,none,T2,before_audit,uniform,0.131201228,0.116246832,0.014954396,0.0058123416,harmful,1,0,-0.014954396,0.014954396,False
p2-main-nonlinear-d5-s212004-B100-c0.2-none,controlled,5,nonlinear,212004,100,0.2,none,T2,before_audit,uniform,0.0723329621,0.0822979684,-0.0099650063,0.00411489842,beneficial,0,1,0.0099650063,0,False
p2-main-nonlinear-d5-s212004-B100-c0.5-none,controlled,5,nonlinear,212004,100,0.5,none,T2,before_audit,uniform,0.0829412714,0.0926981022,-0.0097568308,0.00463490511,beneficial,0,1,0.0097568308,0,False
p2-main-nonlinear-d5-s212004-B400-c0.2-none,controlled,5,nonlinear,212004,400,0.2,none,T2,before_audit,uniform,0.0549674953,0.0662170748,-0.0112495795,0.00331085374,beneficial,0,1,0.0112495795,0,False
p2-main-nonlinear-d5-s212004-B400-c0.5-none,controlled,5,nonlinear,212004,400,0.5,none,T2,before_audit,uniform,0.0710774474,0.0824025087,-0.0113250613,0.00412012544,beneficial,0,1,0.0113250613,0,False
p2-main-nonlinear-d5-s212005-B100-c0.2-none,controlled,5,nonlinear,212005,100,0.2,none,T2,before_audit,uniform,0.0868042285,0.0885032589,-0.0016990304,0.00442516295,neutral,0,0,0.0016990304,0,False
p2-main-nonlinear-d5-s212005-B100-c0.5-none,controlled,5,nonlinear,212005,100,0.5,none,T2,before_audit,uniform,0.129058118,0.249166399,-0.120108281,0.01245832,beneficial,0,1,0.120108281,0,False
p2-main-nonlinear-d5-s212005-B400-c0.2-none,controlled,5,nonlinear,212005,400,0.2,none,T2,before_audit,uniform,0.0827023561,0.0820032308,0.0006991253,0.00410016154,neutral,0,0,-0.0006991253,0.0006991253,False
p2-main-nonlinear-d5-s212005-B400-c0.5-none,controlled,5,nonlinear,212005,400,0.5,none,T2,before_audit,uniform,0.158091165,0.26701281,-0.108921645,0.0133506405,beneficial,0,1,0.108921645,0,False
p2-main-heteroscedastic-d5-s213001-B100-c0.2-none,controlled,5,heteroscedastic,213001,100,0.2,none,T2,before_audit,uniform,0.145947178,0.245500272,-0.099553094,0.0122750136,beneficial,0,1,0.099553094,0,False
p2-main-heteroscedastic-d5-s213001-B100-c0.5-none,controlled,5,heteroscedastic,213001,100,0.5,none,T2,before_audit,uniform,0.173298404,0.370242685,-0.196944281,0.0185121343,beneficial,0,1,0.196944281,0,False
p2-main-heteroscedastic-d5-s213001-B400-c0.2-none,controlled,5,heteroscedastic,213001,400,0.2,none,T2,before_audit,uniform,0.103897912,0.265553753,-0.161655841,0.0132776877,beneficial,0,1,0.161655841,0,False
p2-main-heteroscedastic-d5-s213001-B400-c0.5-none,controlled,5,heteroscedastic,213001,400,0.5,none,T2,before_audit,uniform,0.107991715,0.306589946,-0.198598231,0.0153294973,beneficial,0,1,0.198598231,0,False
p2-main-heteroscedastic-d5-s213002-B100-c0.2-none,controlled,5,heteroscedastic,213002,100,0.2,none,T2,before_audit,uniform,0.1528307,0.0666200717,0.0862106283,0.00333100359,harmful,1,0,-0.0862106283,0.0862106283,False
p2-main-heteroscedastic-d5-s213002-B100-c0.5-none,controlled,5,heteroscedastic,213002,100,0.5,none,T2,before_audit,uniform,0.156266456,0.234716977,-0.078450521,0.0117358489,beneficial,0,1,0.078450521,0,False
p2-main-heteroscedastic-d5-s213002-B400-c0.2-none,controlled,5,heteroscedastic,213002,400,0.2,none,T2,before_audit,uniform,0.0533097697,0.0646487437,-0.011338974,0.00323243719,beneficial,0,1,0.011338974,0,False
p2-main-heteroscedastic-d5-s213002-B400-c0.5-none,controlled,5,heteroscedastic,213002,400,0.5,none,T2,before_audit,uniform,0.152145994,0.231920436,-0.079774442,0.0115960218,beneficial,0,1,0.079774442,0,False
p2-main-heteroscedastic-d5-s213003-B100-c0.2-none,controlled,5,heteroscedastic,213003,100,0.2,none,T2,before_audit,uniform,0.159287207,0.30209143,-0.142804223,0.0151045715,beneficial,0,1,0.142804223,0,False
p2-main-heteroscedastic-d5-s213003-B100-c0.5-none,controlled,5,heteroscedastic,213003,100,0.5,none,T2,before_audit,uniform,0.162393548,0.226105834,-0.063712286,0.0113052917,beneficial,0,1,0.063712286,0,False
p2-main-heteroscedastic-d5-s213003-B400-c0.2-none,controlled,5,heteroscedastic,213003,400,0.2,none,T2,before_audit,uniform,0.147986303,0.349091291,-0.201104988,0.0174545646,beneficial,0,1,0.201104988,0,False
p2-main-heteroscedastic-d5-s213003-B400-c0.5-none,controlled,5,heteroscedastic,213003,400,0.5,none,T2,before_audit,uniform,0.140794451,0.233936484,-0.093142033,0.0116968242,beneficial,0,1,0.093142033,0,False
p2-main-heteroscedastic-d5-s213004-B100-c0.2-none,controlled,5,heteroscedastic,213004,100,0.2,none,T2,before_audit,uniform,0.143527359,0.317974483,-0.174447124,0.0158987241,beneficial,0,1,0.174447124,0,False
p2-main-heteroscedastic-d5-s213004-B100-c0.5-none,controlled,5,heteroscedastic,213004,100,0.5,none,T2,before_audit,uniform,0.200926845,0.335130384,-0.134203539,0.0167565192,beneficial,0,1,0.134203539,0,False
p2-main-heteroscedastic-d5-s213004-B400-c0.2-none,controlled,5,heteroscedastic,213004,400,0.2,none,T2,before_audit,uniform,0.123125752,0.287883431,-0.164757679,0.0143941716,beneficial,0,1,0.164757679,0,False
p2-main-heteroscedastic-d5-s213004-B400-c0.5-none,controlled,5,heteroscedastic,213004,400,0.5,none,T2,before_audit,uniform,0.149932879,0.342879335,-0.192946456,0.0171439667,beneficial,0,1,0.192946456,0,False
p2-main-heteroscedastic-d5-s213005-B100-c0.2-none,controlled,5,heteroscedastic,213005,100,0.2,none,T2,before_audit,uniform,0.0950426335,0.0908666824,0.0041759511,0.00454333412,neutral,0,0,-0.0041759511,0.0041759511,False
p2-main-heteroscedastic-d5-s213005-B100-c0.5-none,controlled,5,heteroscedastic,213005,100,0.5,none,T2,before_audit,uniform,0.159212167,0.158364316,0.000847851,0.0079182158,neutral,0,0,-0.000847851,0.000847851,False
p2-main-heteroscedastic-d5-s213005-B400-c0.2-none,controlled,5,heteroscedastic,213005,400,0.2,none,T2,before_audit,uniform,0.0842374203,0.0645001469,0.0197372734,0.00322500735,harmful,1,0,-0.0197372734,0.0197372734,False
p2-main-heteroscedastic-d5-s213005-B400-c0.5-none,controlled,5,heteroscedastic,213005,400,0.5,none,T2,before_audit,uniform,0.106404349,0.138403304,-0.031998955,0.0069201652,beneficial,0,1,0.031998955,0,False
p2-main-linear-d5-s211001-B100-c0.2-none,controlled,5,linear,211001,100,0.2,none,T2,selected,M3,0.0961105675,0.0961105675,0,0.00480552837,neutral,0,0,-0,0,True
p2-main-linear-d5-s211001-B100-c0.5-none,controlled,5,linear,211001,100,0.5,none,T2,selected,M3,0.109175121,0.282534798,-0.173359677,0.0141267399,beneficial,0,1,0.173359677,0,False
p2-main-linear-d5-s211001-B400-c0.2-none,controlled,5,linear,211001,400,0.2,none,T2,selected,M3,0.0733200908,0.0733200908,0,0.00366600454,neutral,0,0,-0,0,True
p2-main-linear-d5-s211001-B400-c0.5-none,controlled,5,linear,211001,400,0.5,none,T2,selected,M3,0.127537012,0.25905175,-0.131514738,0.0129525875,beneficial,0,1,0.131514738,0,False
p2-main-linear-d5-s211002-B100-c0.2-none,controlled,5,linear,211002,100,0.2,none,T2,selected,M3,0.190943524,0.146971847,0.043971677,0.00734859235,harmful,1,0,-0.043971677,0.043971677,False
p2-main-linear-d5-s211002-B100-c0.5-none,controlled,5,linear,211002,100,0.5,none,T2,selected,M3,0.144098664,0.26015075,-0.116052086,0.0130075375,beneficial,0,1,0.116052086,0,False
p2-main-linear-d5-s211002-B400-c0.2-none,controlled,5,linear,211002,400,0.2,none,T2,selected,M3,0.0841981893,0.149723714,-0.0655255247,0.0074861857,beneficial,0,1,0.0655255247,0,False
p2-main-linear-d5-s211002-B400-c0.5-none,controlled,5,linear,211002,400,0.5,none,T2,selected,M3,0.0841981893,0.240719875,-0.156521686,0.0120359938,beneficial,0,1,0.156521686,0,False
p2-main-linear-d5-s211003-B100-c0.2-none,controlled,5,linear,211003,100,0.2,none,T2,selected,M3,0.0829384103,0.0991822034,-0.0162437931,0.00495911017,beneficial,0,1,0.0162437931,0,False
p2-main-linear-d5-s211003-B100-c0.5-none,controlled,5,linear,211003,100,0.5,none,T2,selected,M3,0.148891819,0.148891819,0,0.00744459095,neutral,0,0,-0,0,True
p2-main-linear-d5-s211003-B400-c0.2-none,controlled,5,linear,211003,400,0.2,none,T2,selected,M3,0.05485597,0.05485597,0,0.0027427985,neutral,0,0,-0,0,True
p2-main-linear-d5-s211003-B400-c0.5-none,controlled,5,linear,211003,400,0.5,none,T2,selected,M3,0.0589657376,0.121372978,-0.0624072404,0.0060686489,beneficial,0,1,0.0624072404,0,False
p2-main-linear-d5-s211004-B100-c0.2-none,controlled,5,linear,211004,100,0.2,none,T2,selected,M3,0.175111274,0.0981462176,0.0769650564,0.00490731088,harmful,1,0,-0.0769650564,0.0769650564,False
p2-main-linear-d5-s211004-B100-c0.5-none,controlled,5,linear,211004,100,0.5,none,T2,selected,M3,0.30910478,0.34377789,-0.03467311,0.0171888945,beneficial,0,1,0.03467311,0,False
p2-main-linear-d5-s211004-B400-c0.2-none,controlled,5,linear,211004,400,0.2,none,T2,selected,M3,0.0647349196,0.0647349196,0,0.00323674598,neutral,0,0,-0,0,True
p2-main-linear-d5-s211004-B400-c0.5-none,controlled,5,linear,211004,400,0.5,none,T2,selected,M3,0.0563385797,0.360672851,-0.304334271,0.0180336426,beneficial,0,1,0.304334271,0,False
p2-main-linear-d5-s211005-B100-c0.2-none,controlled,5,linear,211005,100,0.2,none,T2,selected,M3,0.0796955054,0.0796955054,0,0.00398477527,neutral,0,0,-0,0,True
p2-main-linear-d5-s211005-B100-c0.5-none,controlled,5,linear,211005,100,0.5,none,T2,selected,M3,0.0796955054,0.200231527,-0.120536022,0.0100115764,beneficial,0,1,0.120536022,0,False
p2-main-linear-d5-s211005-B400-c0.2-none,controlled,5,linear,211005,400,0.2,none,T2,selected,M3,0.0721770947,0.0721770947,0,0.00360885473,neutral,0,0,-0,0,True
p2-main-linear-d5-s211005-B400-c0.5-none,controlled,5,linear,211005,400,0.5,none,T2,selected,M3,0.0721770947,0.199075013,-0.126897918,0.00995375065,beneficial,0,1,0.126897918,0,False
p2-main-nonlinear-d5-s212001-B100-c0.2-none,controlled,5,nonlinear,212001,100,0.2,none,T2,selected,M3,0.173533442,0.173533442,0,0.0086766721,neutral,0,0,-0,0,True
p2-main-nonlinear-d5-s212001-B100-c0.5-none,controlled,5,nonlinear,212001,100,0.5,none,T2,selected,M3,0.0750288665,0.318806196,-0.243777329,0.0159403098,beneficial,0,1,0.243777329,0,False
p2-main-nonlinear-d5-s212001-B400-c0.2-none,controlled,5,nonlinear,212001,400,0.2,none,T2,selected,M3,0.100597235,0.186340995,-0.08574376,0.00931704975,beneficial,0,1,0.08574376,0,False
p2-main-nonlinear-d5-s212001-B400-c0.5-none,controlled,5,nonlinear,212001,400,0.5,none,T2,selected,M3,0.100597235,0.349838724,-0.249241489,0.0174919362,beneficial,0,1,0.249241489,0,False
p2-main-nonlinear-d5-s212002-B100-c0.2-none,controlled,5,nonlinear,212002,100,0.2,none,T2,selected,M3,0.0919633533,0.0977151667,-0.0057518134,0.00488575834,beneficial,0,1,0.0057518134,0,False
p2-main-nonlinear-d5-s212002-B100-c0.5-none,controlled,5,nonlinear,212002,100,0.5,none,T2,selected,M3,0.0977151667,0.156372577,-0.0586574103,0.00781862885,beneficial,0,1,0.0586574103,0,False
p2-main-nonlinear-d5-s212002-B400-c0.2-none,controlled,5,nonlinear,212002,400,0.2,none,T2,selected,M3,0.0883816704,0.0811470846,0.0072345858,0.00405735423,harmful,1,0,-0.0072345858,0.0072345858,False
p2-main-nonlinear-d5-s212002-B400-c0.5-none,controlled,5,nonlinear,212002,400,0.5,none,T2,selected,M3,0.0811470846,0.148316585,-0.0671695004,0.00741582925,beneficial,0,1,0.0671695004,0,False
p2-main-nonlinear-d5-s212003-B100-c0.2-none,controlled,5,nonlinear,212003,100,0.2,none,T2,selected,M3,0.0699832502,0.0866355797,-0.0166523295,0.00433177899,beneficial,0,1,0.0166523295,0,False
p2-main-nonlinear-d5-s212003-B100-c0.5-none,controlled,5,nonlinear,212003,100,0.5,none,T2,selected,M3,0.138999254,0.140520831,-0.001521577,0.00702604155,neutral,0,0,0.001521577,0,False
p2-main-nonlinear-d5-s212003-B400-c0.2-none,controlled,5,nonlinear,212003,400,0.2,none,T2,selected,M3,0.0783856846,0.0590520067,0.0193336779,0.00295260034,harmful,1,0,-0.0193336779,0.0193336779,False
p2-main-nonlinear-d5-s212003-B400-c0.5-none,controlled,5,nonlinear,212003,400,0.5,none,T2,selected,M3,0.134731236,0.116246832,0.018484404,0.0058123416,harmful,1,0,-0.018484404,0.018484404,False
p2-main-nonlinear-d5-s212004-B100-c0.2-none,controlled,5,nonlinear,212004,100,0.2,none,T2,selected,M3,0.0796816945,0.0822979684,-0.0026162739,0.00411489842,neutral,0,0,0.0026162739,0,False
p2-main-nonlinear-d5-s212004-B100-c0.5-none,controlled,5,nonlinear,212004,100,0.5,none,T2,selected,M3,0.0827163433,0.0926981022,-0.0099817589,0.00463490511,beneficial,0,1,0.0099817589,0,False
p2-main-nonlinear-d5-s212004-B400-c0.2-none,controlled,5,nonlinear,212004,400,0.2,none,T2,selected,M3,0.0662170748,0.0662170748,0,0.00331085374,neutral,0,0,-0,0,True
p2-main-nonlinear-d5-s212004-B400-c0.5-none,controlled,5,nonlinear,212004,400,0.5,none,T2,selected,M3,0.0824025087,0.0824025087,0,0.00412012544,neutral,0,0,-0,0,True
p2-main-nonlinear-d5-s212005-B100-c0.2-none,controlled,5,nonlinear,212005,100,0.2,none,T2,selected,M3,0.0885032589,0.0885032589,0,0.00442516295,neutral,0,0,-0,0,True
p2-main-nonlinear-d5-s212005-B100-c0.5-none,controlled,5,nonlinear,212005,100,0.5,none,T2,selected,M3,0.0850845811,0.249166399,-0.164081818,0.01245832,beneficial,0,1,0.164081818,0,False
p2-main-nonlinear-d5-s212005-B400-c0.2-none,controlled,5,nonlinear,212005,400,0.2,none,T2,selected,M3,0.0820032308,0.0820032308,0,0.00410016154,neutral,0,0,-0,0,True
p2-main-nonlinear-d5-s212005-B400-c0.5-none,controlled,5,nonlinear,212005,400,0.5,none,T2,selected,M3,0.129143409,0.26701281,-0.137869401,0.0133506405,beneficial,0,1,0.137869401,0,False
p2-main-heteroscedastic-d5-s213001-B100-c0.2-none,controlled,5,heteroscedastic,213001,100,0.2,none,T2,selected,M3,0.305800349,0.245500272,0.060300077,0.0122750136,harmful,1,0,-0.060300077,0.060300077,False
p2-main-heteroscedastic-d5-s213001-B100-c0.5-none,controlled,5,heteroscedastic,213001,100,0.5,none,T2,selected,M3,0.371735071,0.370242685,0.001492386,0.0185121343,neutral,0,0,-0.001492386,0.001492386,False
p2-main-heteroscedastic-d5-s213001-B400-c0.2-none,controlled,5,heteroscedastic,213001,400,0.2,none,T2,selected,M3,0.0430853665,0.265553753,-0.222468387,0.0132776877,beneficial,0,1,0.222468387,0,False
p2-main-heteroscedastic-d5-s213001-B400-c0.5-none,controlled,5,heteroscedastic,213001,400,0.5,none,T2,selected,M3,0.0477863699,0.306589946,-0.258803576,0.0153294973,beneficial,0,1,0.258803576,0,False
p2-main-heteroscedastic-d5-s213002-B100-c0.2-none,controlled,5,heteroscedastic,213002,100,0.2,none,T2,selected,M3,0.0666200717,0.0666200717,0,0.00333100359,neutral,0,0,-0,0,True
p2-main-heteroscedastic-d5-s213002-B100-c0.5-none,controlled,5,heteroscedastic,213002,100,0.5,none,T2,selected,M3,0.0760624235,0.234716977,-0.158654553,0.0117358489,beneficial,0,1,0.158654553,0,False
p2-main-heteroscedastic-d5-s213002-B400-c0.2-none,controlled,5,heteroscedastic,213002,400,0.2,none,T2,selected,M3,0.0769955255,0.0646487437,0.0123467818,0.00323243719,harmful,1,0,-0.0123467818,0.0123467818,False
p2-main-heteroscedastic-d5-s213002-B400-c0.5-none,controlled,5,heteroscedastic,213002,400,0.5,none,T2,selected,M3,0.0544384482,0.231920436,-0.177481988,0.0115960218,beneficial,0,1,0.177481988,0,False
p2-main-heteroscedastic-d5-s213003-B100-c0.2-none,controlled,5,heteroscedastic,213003,100,0.2,none,T2,selected,M3,0.150322263,0.30209143,-0.151769167,0.0151045715,beneficial,0,1,0.151769167,0,False
p2-main-heteroscedastic-d5-s213003-B100-c0.5-none,controlled,5,heteroscedastic,213003,100,0.5,none,T2,selected,M3,0.132190794,0.226105834,-0.09391504,0.0113052917,beneficial,0,1,0.09391504,0,False
p2-main-heteroscedastic-d5-s213003-B400-c0.2-none,controlled,5,heteroscedastic,213003,400,0.2,none,T2,selected,M3,0.071570918,0.349091291,-0.277520373,0.0174545646,beneficial,0,1,0.277520373,0,False
p2-main-heteroscedastic-d5-s213003-B400-c0.5-none,controlled,5,heteroscedastic,213003,400,0.5,none,T2,selected,M3,0.0797285053,0.233936484,-0.154207979,0.0116968242,beneficial,0,1,0.154207979,0,False
p2-main-heteroscedastic-d5-s213004-B100-c0.2-none,controlled,5,heteroscedastic,213004,100,0.2,none,T2,selected,M3,0.078900598,0.317974483,-0.239073885,0.0158987241,beneficial,0,1,0.239073885,0,False
p2-main-heteroscedastic-d5-s213004-B100-c0.5-none,controlled,5,heteroscedastic,213004,100,0.5,none,T2,selected,M3,0.155868823,0.335130384,-0.179261561,0.0167565192,beneficial,0,1,0.179261561,0,False
p2-main-heteroscedastic-d5-s213004-B400-c0.2-none,controlled,5,heteroscedastic,213004,400,0.2,none,T2,selected,M3,0.0850312586,0.287883431,-0.202852172,0.0143941716,beneficial,0,1,0.202852172,0,False
p2-main-heteroscedastic-d5-s213004-B400-c0.5-none,controlled,5,heteroscedastic,213004,400,0.5,none,T2,selected,M3,0.0728884488,0.342879335,-0.269990886,0.0171439667,beneficial,0,1,0.269990886,0,False
p2-main-heteroscedastic-d5-s213005-B100-c0.2-none,controlled,5,heteroscedastic,213005,100,0.2,none,T2,selected,M3,0.127249579,0.0908666824,0.0363828966,0.00454333412,harmful,1,0,-0.0363828966,0.0363828966,False
p2-main-heteroscedastic-d5-s213005-B100-c0.5-none,controlled,5,heteroscedastic,213005,100,0.5,none,T2,selected,M3,0.158364316,0.158364316,0,0.0079182158,neutral,0,0,-0,0,True
p2-main-heteroscedastic-d5-s213005-B400-c0.2-none,controlled,5,heteroscedastic,213005,400,0.2,none,T2,selected,M3,0.0645001469,0.0645001469,0,0.00322500735,neutral,0,0,-0,0,True
p2-main-heteroscedastic-d5-s213005-B400-c0.5-none,controlled,5,heteroscedastic,213005,400,0.5,none,T2,selected,M3,0.0598624858,0.138403304,-0.0785408182,0.0069201652,beneficial,0,1,0.0785408182,0,False
p2-main-linear-d5-s211001-B100-c0.2-none,controlled,5,linear,211001,100,0.2,none,T2,selected,M4,0.0961105675,0.0961105675,0,0.00480552837,neutral,0,0,-0,0,True
p2-main-linear-d5-s211001-B100-c0.5-none,controlled,5,linear,211001,100,0.5,none,T2,selected,M4,0.282534798,0.282534798,0,0.0141267399,neutral,0,0,-0,0,True
p2-main-linear-d5-s211001-B400-c0.2-none,controlled,5,linear,211001,400,0.2,none,T2,selected,M4,0.0733200908,0.0733200908,0,0.00366600454,neutral,0,0,-0,0,True
p2-main-linear-d5-s211001-B400-c0.5-none,controlled,5,linear,211001,400,0.5,none,T2,selected,M4,0.127537012,0.25905175,-0.131514738,0.0129525875,beneficial,0,1,0.131514738,0,False
p2-main-linear-d5-s211002-B100-c0.2-none,controlled,5,linear,211002,100,0.2,none,T2,selected,M4,0.190943524,0.146971847,0.043971677,0.00734859235,harmful,1,0,-0.043971677,0.043971677,False
p2-main-linear-d5-s211002-B100-c0.5-none,controlled,5,linear,211002,100,0.5,none,T2,selected,M4,0.144098664,0.26015075,-0.116052086,0.0130075375,beneficial,0,1,0.116052086,0,False
p2-main-linear-d5-s211002-B400-c0.2-none,controlled,5,linear,211002,400,0.2,none,T2,selected,M4,0.0841981893,0.149723714,-0.0655255247,0.0074861857,beneficial,0,1,0.0655255247,0,False
p2-main-linear-d5-s211002-B400-c0.5-none,controlled,5,linear,211002,400,0.5,none,T2,selected,M4,0.0841981893,0.240719875,-0.156521686,0.0120359938,beneficial,0,1,0.156521686,0,False
p2-main-linear-d5-s211003-B100-c0.2-none,controlled,5,linear,211003,100,0.2,none,T2,selected,M4,0.0991822034,0.0991822034,0,0.00495911017,neutral,0,0,-0,0,True
p2-main-linear-d5-s211003-B100-c0.5-none,controlled,5,linear,211003,100,0.5,none,T2,selected,M4,0.148891819,0.148891819,0,0.00744459095,neutral,0,0,-0,0,True
p2-main-linear-d5-s211003-B400-c0.2-none,controlled,5,linear,211003,400,0.2,none,T2,selected,M4,0.05485597,0.05485597,0,0.0027427985,neutral,0,0,-0,0,True
p2-main-linear-d5-s211003-B400-c0.5-none,controlled,5,linear,211003,400,0.5,none,T2,selected,M4,0.0589657376,0.121372978,-0.0624072404,0.0060686489,beneficial,0,1,0.0624072404,0,False
p2-main-linear-d5-s211004-B100-c0.2-none,controlled,5,linear,211004,100,0.2,none,T2,selected,M4,0.175111274,0.0981462176,0.0769650564,0.00490731088,harmful,1,0,-0.0769650564,0.0769650564,False
p2-main-linear-d5-s211004-B100-c0.5-none,controlled,5,linear,211004,100,0.5,none,T2,selected,M4,0.30910478,0.34377789,-0.03467311,0.0171888945,beneficial,0,1,0.03467311,0,False
p2-main-linear-d5-s211004-B400-c0.2-none,controlled,5,linear,211004,400,0.2,none,T2,selected,M4,0.0647349196,0.0647349196,0,0.00323674598,neutral,0,0,-0,0,True
p2-main-linear-d5-s211004-B400-c0.5-none,controlled,5,linear,211004,400,0.5,none,T2,selected,M4,0.0563385797,0.360672851,-0.304334271,0.0180336426,beneficial,0,1,0.304334271,0,False
p2-main-linear-d5-s211005-B100-c0.2-none,controlled,5,linear,211005,100,0.2,none,T2,selected,M4,0.0796955054,0.0796955054,0,0.00398477527,neutral,0,0,-0,0,True
p2-main-linear-d5-s211005-B100-c0.5-none,controlled,5,linear,211005,100,0.5,none,T2,selected,M4,0.0796955054,0.200231527,-0.120536022,0.0100115764,beneficial,0,1,0.120536022,0,False
p2-main-linear-d5-s211005-B400-c0.2-none,controlled,5,linear,211005,400,0.2,none,T2,selected,M4,0.0721770947,0.0721770947,0,0.00360885473,neutral,0,0,-0,0,True
p2-main-linear-d5-s211005-B400-c0.5-none,controlled,5,linear,211005,400,0.5,none,T2,selected,M4,0.0721770947,0.199075013,-0.126897918,0.00995375065,beneficial,0,1,0.126897918,0,False
p2-main-nonlinear-d5-s212001-B100-c0.2-none,controlled,5,nonlinear,212001,100,0.2,none,T2,selected,M4,0.173533442,0.173533442,0,0.0086766721,neutral,0,0,-0,0,True
p2-main-nonlinear-d5-s212001-B100-c0.5-none,controlled,5,nonlinear,212001,100,0.5,none,T2,selected,M4,0.318806196,0.318806196,0,0.0159403098,neutral,0,0,-0,0,True
p2-main-nonlinear-d5-s212001-B400-c0.2-none,controlled,5,nonlinear,212001,400,0.2,none,T2,selected,M4,0.100597235,0.186340995,-0.08574376,0.00931704975,beneficial,0,1,0.08574376,0,False
p2-main-nonlinear-d5-s212001-B400-c0.5-none,controlled,5,nonlinear,212001,400,0.5,none,T2,selected,M4,0.100597235,0.349838724,-0.249241489,0.0174919362,beneficial,0,1,0.249241489,0,False
p2-main-nonlinear-d5-s212002-B100-c0.2-none,controlled,5,nonlinear,212002,100,0.2,none,T2,selected,M4,0.0919633533,0.0977151667,-0.0057518134,0.00488575834,beneficial,0,1,0.0057518134,0,False
p2-main-nonlinear-d5-s212002-B100-c0.5-none,controlled,5,nonlinear,212002,100,0.5,none,T2,selected,M4,0.0977151667,0.156372577,-0.0586574103,0.00781862885,beneficial,0,1,0.0586574103,0,False
p2-main-nonlinear-d5-s212002-B400-c0.2-none,controlled,5,nonlinear,212002,400,0.2,none,T2,selected,M4,0.0811470846,0.0811470846,0,0.00405735423,neutral,0,0,-0,0,True
p2-main-nonlinear-d5-s212002-B400-c0.5-none,controlled,5,nonlinear,212002,400,0.5,none,T2,selected,M4,0.0882080595,0.148316585,-0.0601085255,0.00741582925,beneficial,0,1,0.0601085255,0,False
p2-main-nonlinear-d5-s212003-B100-c0.2-none,controlled,5,nonlinear,212003,100,0.2,none,T2,selected,M4,0.0699832502,0.0866355797,-0.0166523295,0.00433177899,beneficial,0,1,0.0166523295,0,False
p2-main-nonlinear-d5-s212003-B100-c0.5-none,controlled,5,nonlinear,212003,100,0.5,none,T2,selected,M4,0.157667068,0.140520831,0.017146237,0.00702604155,harmful,1,0,-0.017146237,0.017146237,False
p2-main-nonlinear-d5-s212003-B400-c0.2-none,controlled,5,nonlinear,212003,400,0.2,none,T2,selected,M4,0.0783856846,0.0590520067,0.0193336779,0.00295260034,harmful,1,0,-0.0193336779,0.0193336779,False
p2-main-nonlinear-d5-s212003-B400-c0.5-none,controlled,5,nonlinear,212003,400,0.5,none,T2,selected,M4,0.116246832,0.116246832,0,0.0058123416,neutral,0,0,-0,0,True
p2-main-nonlinear-d5-s212004-B100-c0.2-none,controlled,5,nonlinear,212004,100,0.2,none,T2,selected,M4,0.0796816945,0.0822979684,-0.0026162739,0.00411489842,neutral,0,0,0.0026162739,0,False
p2-main-nonlinear-d5-s212004-B100-c0.5-none,controlled,5,nonlinear,212004,100,0.5,none,T2,selected,M4,0.0827163433,0.0926981022,-0.0099817589,0.00463490511,beneficial,0,1,0.0099817589,0,False
p2-main-nonlinear-d5-s212004-B400-c0.2-none,controlled,5,nonlinear,212004,400,0.2,none,T2,selected,M4,0.0662170748,0.0662170748,0,0.00331085374,neutral,0,0,-0,0,True
p2-main-nonlinear-d5-s212004-B400-c0.5-none,controlled,5,nonlinear,212004,400,0.5,none,T2,selected,M4,0.0824025087,0.0824025087,0,0.00412012544,neutral,0,0,-0,0,True
p2-main-nonlinear-d5-s212005-B100-c0.2-none,controlled,5,nonlinear,212005,100,0.2,none,T2,selected,M4,0.0885032589,0.0885032589,0,0.00442516295,neutral,0,0,-0,0,True
p2-main-nonlinear-d5-s212005-B100-c0.5-none,controlled,5,nonlinear,212005,100,0.5,none,T2,selected,M4,0.0904563715,0.249166399,-0.158710028,0.01245832,beneficial,0,1,0.158710028,0,False
p2-main-nonlinear-d5-s212005-B400-c0.2-none,controlled,5,nonlinear,212005,400,0.2,none,T2,selected,M4,0.0820032308,0.0820032308,0,0.00410016154,neutral,0,0,-0,0,True
p2-main-nonlinear-d5-s212005-B400-c0.5-none,controlled,5,nonlinear,212005,400,0.5,none,T2,selected,M4,0.129143409,0.26701281,-0.137869401,0.0133506405,beneficial,0,1,0.137869401,0,False
p2-main-heteroscedastic-d5-s213001-B100-c0.2-none,controlled,5,heteroscedastic,213001,100,0.2,none,T2,selected,M4,0.305800349,0.245500272,0.060300077,0.0122750136,harmful,1,0,-0.060300077,0.060300077,False
p2-main-heteroscedastic-d5-s213001-B100-c0.5-none,controlled,5,heteroscedastic,213001,100,0.5,none,T2,selected,M4,0.370242685,0.370242685,0,0.0185121343,neutral,0,0,-0,0,True
p2-main-heteroscedastic-d5-s213001-B400-c0.2-none,controlled,5,heteroscedastic,213001,400,0.2,none,T2,selected,M4,0.0430853665,0.265553753,-0.222468387,0.0132776877,beneficial,0,1,0.222468387,0,False
p2-main-heteroscedastic-d5-s213001-B400-c0.5-none,controlled,5,heteroscedastic,213001,400,0.5,none,T2,selected,M4,0.0477863699,0.306589946,-0.258803576,0.0153294973,beneficial,0,1,0.258803576,0,False
p2-main-heteroscedastic-d5-s213002-B100-c0.2-none,controlled,5,heteroscedastic,213002,100,0.2,none,T2,selected,M4,0.0666200717,0.0666200717,0,0.00333100359,neutral,0,0,-0,0,True
p2-main-heteroscedastic-d5-s213002-B100-c0.5-none,controlled,5,heteroscedastic,213002,100,0.5,none,T2,selected,M4,0.234716977,0.234716977,0,0.0117358489,neutral,0,0,-0,0,True
p2-main-heteroscedastic-d5-s213002-B400-c0.2-none,controlled,5,heteroscedastic,213002,400,0.2,none,T2,selected,M4,0.0769955255,0.0646487437,0.0123467818,0.00323243719,harmful,1,0,-0.0123467818,0.0123467818,False
p2-main-heteroscedastic-d5-s213002-B400-c0.5-none,controlled,5,heteroscedastic,213002,400,0.5,none,T2,selected,M4,0.0544384482,0.231920436,-0.177481988,0.0115960218,beneficial,0,1,0.177481988,0,False
p2-main-heteroscedastic-d5-s213003-B100-c0.2-none,controlled,5,heteroscedastic,213003,100,0.2,none,T2,selected,M4,0.150322263,0.30209143,-0.151769167,0.0151045715,beneficial,0,1,0.151769167,0,False
p2-main-heteroscedastic-d5-s213003-B100-c0.5-none,controlled,5,heteroscedastic,213003,100,0.5,none,T2,selected,M4,0.132190794,0.226105834,-0.09391504,0.0113052917,beneficial,0,1,0.09391504,0,False
p2-main-heteroscedastic-d5-s213003-B400-c0.2-none,controlled,5,heteroscedastic,213003,400,0.2,none,T2,selected,M4,0.071570918,0.349091291,-0.277520373,0.0174545646,beneficial,0,1,0.277520373,0,False
p2-main-heteroscedastic-d5-s213003-B400-c0.5-none,controlled,5,heteroscedastic,213003,400,0.5,none,T2,selected,M4,0.0797285053,0.233936484,-0.154207979,0.0116968242,beneficial,0,1,0.154207979,0,False
p2-main-heteroscedastic-d5-s213004-B100-c0.2-none,controlled,5,heteroscedastic,213004,100,0.2,none,T2,selected,M4,0.078900598,0.317974483,-0.239073885,0.0158987241,beneficial,0,1,0.239073885,0,False
p2-main-heteroscedastic-d5-s213004-B100-c0.5-none,controlled,5,heteroscedastic,213004,100,0.5,none,T2,selected,M4,0.155868823,0.335130384,-0.179261561,0.0167565192,beneficial,0,1,0.179261561,0,False
p2-main-heteroscedastic-d5-s213004-B400-c0.2-none,controlled,5,heteroscedastic,213004,400,0.2,none,T2,selected,M4,0.0710762491,0.287883431,-0.216807182,0.0143941716,beneficial,0,1,0.216807182,0,False
p2-main-heteroscedastic-d5-s213004-B400-c0.5-none,controlled,5,heteroscedastic,213004,400,0.5,none,T2,selected,M4,0.0951679349,0.342879335,-0.2477114,0.0171439667,beneficial,0,1,0.2477114,0,False
p2-main-heteroscedastic-d5-s213005-B100-c0.2-none,controlled,5,heteroscedastic,213005,100,0.2,none,T2,selected,M4,0.127249579,0.0908666824,0.0363828966,0.00454333412,harmful,1,0,-0.0363828966,0.0363828966,False
p2-main-heteroscedastic-d5-s213005-B100-c0.5-none,controlled,5,heteroscedastic,213005,100,0.5,none,T2,selected,M4,0.158364316,0.158364316,0,0.0079182158,neutral,0,0,-0,0,True
p2-main-heteroscedastic-d5-s213005-B400-c0.2-none,controlled,5,heteroscedastic,213005,400,0.2,none,T2,selected,M4,0.0645001469,0.0645001469,0,0.00322500735,neutral,0,0,-0,0,True
p2-main-heteroscedastic-d5-s213005-B400-c0.5-none,controlled,5,heteroscedastic,213005,400,0.5,none,T2,selected,M4,0.138403304,0.138403304,0,0.0069201652,neutral,0,0,-0,0,True
p2-main-linear-d5-s211001-B100-c0.2-none,controlled,5,linear,211001,100,0.2,none,T2,selected,M5,0.0818230783,0.0961105675,-0.0142874892,0.00480552837,beneficial,0,1,0.0142874892,0,False
p2-main-linear-d5-s211001-B100-c0.5-none,controlled,5,linear,211001,100,0.5,none,T2,selected,M5,0.170484935,0.282534798,-0.112049863,0.0141267399,beneficial,0,1,0.112049863,0,False
p2-main-linear-d5-s211001-B400-c0.2-none,controlled,5,linear,211001,400,0.2,none,T2,selected,M5,0.0726928363,0.0733200908,-0.0006272545,0.00366600454,neutral,0,0,0.0006272545,0,False
p2-main-linear-d5-s211001-B400-c0.5-none,controlled,5,linear,211001,400,0.5,none,T2,selected,M5,0.179886435,0.25905175,-0.079165315,0.0129525875,beneficial,0,1,0.079165315,0,False
p2-main-linear-d5-s211002-B100-c0.2-none,controlled,5,linear,211002,100,0.2,none,T2,selected,M5,0.146694134,0.146971847,-0.000277713,0.00734859235,neutral,0,0,0.000277713,0,False
p2-main-linear-d5-s211002-B100-c0.5-none,controlled,5,linear,211002,100,0.5,none,T2,selected,M5,0.204323952,0.26015075,-0.055826798,0.0130075375,beneficial,0,1,0.055826798,0,False
p2-main-linear-d5-s211002-B400-c0.2-none,controlled,5,linear,211002,400,0.2,none,T2,selected,M5,0.149420495,0.149723714,-0.000303219,0.0074861857,neutral,0,0,0.000303219,0,False
p2-main-linear-d5-s211002-B400-c0.5-none,controlled,5,linear,211002,400,0.5,none,T2,selected,M5,0.132840499,0.240719875,-0.107879376,0.0120359938,beneficial,0,1,0.107879376,0,False
p2-main-linear-d5-s211003-B100-c0.2-none,controlled,5,linear,211003,100,0.2,none,T2,selected,M5,0.0991822034,0.0991822034,0,0.00495911017,neutral,0,0,-0,0,False
p2-main-linear-d5-s211003-B100-c0.5-none,controlled,5,linear,211003,100,0.5,none,T2,selected,M5,0.148891819,0.148891819,0,0.00744459095,neutral,0,0,-0,0,True
p2-main-linear-d5-s211003-B400-c0.2-none,controlled,5,linear,211003,400,0.2,none,T2,selected,M5,0.05485597,0.05485597,0,0.0027427985,neutral,0,0,-0,0,False
p2-main-linear-d5-s211003-B400-c0.5-none,controlled,5,linear,211003,400,0.5,none,T2,selected,M5,0.103451625,0.121372978,-0.017921353,0.0060686489,beneficial,0,1,0.017921353,0,False
p2-main-linear-d5-s211004-B100-c0.2-none,controlled,5,linear,211004,100,0.2,none,T2,selected,M5,0.0973745311,0.0981462176,-0.0007716865,0.00490731088,neutral,0,0,0.0007716865,0,False
p2-main-linear-d5-s211004-B100-c0.5-none,controlled,5,linear,211004,100,0.5,none,T2,selected,M5,0.324147513,0.34377789,-0.019630377,0.0171888945,beneficial,0,1,0.019630377,0,False
p2-main-linear-d5-s211004-B400-c0.2-none,controlled,5,linear,211004,400,0.2,none,T2,selected,M5,0.0504752956,0.0647349196,-0.014259624,0.00323674598,beneficial,0,1,0.014259624,0,False
p2-main-linear-d5-s211004-B400-c0.5-none,controlled,5,linear,211004,400,0.5,none,T2,selected,M5,0.108844792,0.360672851,-0.251828059,0.0180336426,beneficial,0,1,0.251828059,0,False
p2-main-linear-d5-s211005-B100-c0.2-none,controlled,5,linear,211005,100,0.2,none,T2,selected,M5,0.0783169021,0.0796955054,-0.0013786033,0.00398477527,neutral,0,0,0.0013786033,0,False
p2-main-linear-d5-s211005-B100-c0.5-none,controlled,5,linear,211005,100,0.5,none,T2,selected,M5,0.0811082895,0.200231527,-0.119123237,0.0100115764,beneficial,0,1,0.119123237,0,False
p2-main-linear-d5-s211005-B400-c0.2-none,controlled,5,linear,211005,400,0.2,none,T2,selected,M5,0.0753953978,0.0721770947,0.0032183031,0.00360885473,neutral,0,0,-0.0032183031,0.0032183031,False
p2-main-linear-d5-s211005-B400-c0.5-none,controlled,5,linear,211005,400,0.5,none,T2,selected,M5,0.105829917,0.199075013,-0.093245096,0.00995375065,beneficial,0,1,0.093245096,0,False
p2-main-nonlinear-d5-s212001-B100-c0.2-none,controlled,5,nonlinear,212001,100,0.2,none,T2,selected,M5,0.172687799,0.173533442,-0.000845643,0.0086766721,neutral,0,0,0.000845643,0,False
p2-main-nonlinear-d5-s212001-B100-c0.5-none,controlled,5,nonlinear,212001,100,0.5,none,T2,selected,M5,0.237608321,0.318806196,-0.081197875,0.0159403098,beneficial,0,1,0.081197875,0,False
p2-main-nonlinear-d5-s212001-B400-c0.2-none,controlled,5,nonlinear,212001,400,0.2,none,T2,selected,M5,0.138863221,0.186340995,-0.047477774,0.00931704975,beneficial,0,1,0.047477774,0,False
p2-main-nonlinear-d5-s212001-B400-c0.5-none,controlled,5,nonlinear,212001,400,0.5,none,T2,selected,M5,0.220444215,0.349838724,-0.129394509,0.0174919362,beneficial,0,1,0.129394509,0,False
p2-main-nonlinear-d5-s212002-B100-c0.2-none,controlled,5,nonlinear,212002,100,0.2,none,T2,selected,M5,0.0965313961,0.0977151667,-0.0011837706,0.00488575834,neutral,0,0,0.0011837706,0,False
p2-main-nonlinear-d5-s212002-B100-c0.5-none,controlled,5,nonlinear,212002,100,0.5,none,T2,selected,M5,0.108398105,0.156372577,-0.047974472,0.00781862885,beneficial,0,1,0.047974472,0,False
p2-main-nonlinear-d5-s212002-B400-c0.2-none,controlled,5,nonlinear,212002,400,0.2,none,T2,selected,M5,0.0813059062,0.0811470846,0.0001588216,0.00405735423,neutral,0,0,-0.0001588216,0.0001588216,False
p2-main-nonlinear-d5-s212002-B400-c0.5-none,controlled,5,nonlinear,212002,400,0.5,none,T2,selected,M5,0.0928704739,0.148316585,-0.0554461111,0.00741582925,beneficial,0,1,0.0554461111,0,False
p2-main-nonlinear-d5-s212003-B100-c0.2-none,controlled,5,nonlinear,212003,100,0.2,none,T2,selected,M5,0.0861393784,0.0866355797,-0.0004962013,0.00433177899,neutral,0,0,0.0004962013,0,False
p2-main-nonlinear-d5-s212003-B100-c0.5-none,controlled,5,nonlinear,212003,100,0.5,none,T2,selected,M5,0.135606791,0.140520831,-0.00491404,0.00702604155,neutral,0,0,0.00491404,0,False
p2-main-nonlinear-d5-s212003-B400-c0.2-none,controlled,5,nonlinear,212003,400,0.2,none,T2,selected,M5,0.0600005947,0.0590520067,0.000948588,0.00295260034,neutral,0,0,-0.000948588,0.000948588,False
p2-main-nonlinear-d5-s212003-B400-c0.5-none,controlled,5,nonlinear,212003,400,0.5,none,T2,selected,M5,0.117391109,0.116246832,0.001144277,0.0058123416,neutral,0,0,-0.001144277,0.001144277,False
p2-main-nonlinear-d5-s212004-B100-c0.2-none,controlled,5,nonlinear,212004,100,0.2,none,T2,selected,M5,0.0775090034,0.0822979684,-0.004788965,0.00411489842,beneficial,0,1,0.004788965,0,False
p2-main-nonlinear-d5-s212004-B100-c0.5-none,controlled,5,nonlinear,212004,100,0.5,none,T2,selected,M5,0.0926616788,0.0926981022,-3.64234e-05,0.00463490511,neutral,0,0,3.64234e-05,0,False
p2-main-nonlinear-d5-s212004-B400-c0.2-none,controlled,5,nonlinear,212004,400,0.2,none,T2,selected,M5,0.0662170748,0.0662170748,0,0.00331085374,neutral,0,0,-0,0,False
p2-main-nonlinear-d5-s212004-B400-c0.5-none,controlled,5,nonlinear,212004,400,0.5,none,T2,selected,M5,0.0783321671,0.0824025087,-0.0040703416,0.00412012544,neutral,0,0,0.0040703416,0,False
p2-main-nonlinear-d5-s212005-B100-c0.2-none,controlled,5,nonlinear,212005,100,0.2,none,T2,selected,M5,0.0878444202,0.0885032589,-0.0006588387,0.00442516295,neutral,0,0,0.0006588387,0,False
p2-main-nonlinear-d5-s212005-B100-c0.5-none,controlled,5,nonlinear,212005,100,0.5,none,T2,selected,M5,0.135196298,0.249166399,-0.113970101,0.01245832,beneficial,0,1,0.113970101,0,False
p2-main-nonlinear-d5-s212005-B400-c0.2-none,controlled,5,nonlinear,212005,400,0.2,none,T2,selected,M5,0.0816372372,0.0820032308,-0.0003659936,0.00410016154,neutral,0,0,0.0003659936,0,False
p2-main-nonlinear-d5-s212005-B400-c0.5-none,controlled,5,nonlinear,212005,400,0.5,none,T2,selected,M5,0.15907983,0.26701281,-0.10793298,0.0133506405,beneficial,0,1,0.10793298,0,False
p2-main-heteroscedastic-d5-s213001-B100-c0.2-none,controlled,5,heteroscedastic,213001,100,0.2,none,T2,selected,M5,0.216307749,0.245500272,-0.029192523,0.0122750136,beneficial,0,1,0.029192523,0,False
p2-main-heteroscedastic-d5-s213001-B100-c0.5-none,controlled,5,heteroscedastic,213001,100,0.5,none,T2,selected,M5,0.351429189,0.370242685,-0.018813496,0.0185121343,beneficial,0,1,0.018813496,0,False
p2-main-heteroscedastic-d5-s213001-B400-c0.2-none,controlled,5,heteroscedastic,213001,400,0.2,none,T2,selected,M5,0.127792537,0.265553753,-0.137761216,0.0132776877,beneficial,0,1,0.137761216,0,False
p2-main-heteroscedastic-d5-s213001-B400-c0.5-none,controlled,5,heteroscedastic,213001,400,0.5,none,T2,selected,M5,0.181751827,0.306589946,-0.124838119,0.0153294973,beneficial,0,1,0.124838119,0,False
p2-main-heteroscedastic-d5-s213002-B100-c0.2-none,controlled,5,heteroscedastic,213002,100,0.2,none,T2,selected,M5,0.0769702531,0.0666200717,0.0103501814,0.00333100359,harmful,1,0,-0.0103501814,0.0103501814,False
p2-main-heteroscedastic-d5-s213002-B100-c0.5-none,controlled,5,heteroscedastic,213002,100,0.5,none,T2,selected,M5,0.206088866,0.234716977,-0.028628111,0.0117358489,beneficial,0,1,0.028628111,0,False
p2-main-heteroscedastic-d5-s213002-B400-c0.2-none,controlled,5,heteroscedastic,213002,400,0.2,none,T2,selected,M5,0.0627659522,0.0646487437,-0.0018827915,0.00323243719,neutral,0,0,0.0018827915,0,False
p2-main-heteroscedastic-d5-s213002-B400-c0.5-none,controlled,5,heteroscedastic,213002,400,0.5,none,T2,selected,M5,0.163451816,0.231920436,-0.06846862,0.0115960218,beneficial,0,1,0.06846862,0,False
p2-main-heteroscedastic-d5-s213003-B100-c0.2-none,controlled,5,heteroscedastic,213003,100,0.2,none,T2,selected,M5,0.249148811,0.30209143,-0.052942619,0.0151045715,beneficial,0,1,0.052942619,0,False
p2-main-heteroscedastic-d5-s213003-B100-c0.5-none,controlled,5,heteroscedastic,213003,100,0.5,none,T2,selected,M5,0.198583101,0.226105834,-0.027522733,0.0113052917,beneficial,0,1,0.027522733,0,False
p2-main-heteroscedastic-d5-s213003-B400-c0.2-none,controlled,5,heteroscedastic,213003,400,0.2,none,T2,selected,M5,0.186845119,0.349091291,-0.162246172,0.0174545646,beneficial,0,1,0.162246172,0,False
p2-main-heteroscedastic-d5-s213003-B400-c0.5-none,controlled,5,heteroscedastic,213003,400,0.5,none,T2,selected,M5,0.15044268,0.233936484,-0.083493804,0.0116968242,beneficial,0,1,0.083493804,0,False
p2-main-heteroscedastic-d5-s213004-B100-c0.2-none,controlled,5,heteroscedastic,213004,100,0.2,none,T2,selected,M5,0.078900598,0.317974483,-0.239073885,0.0158987241,beneficial,0,1,0.239073885,0,False
p2-main-heteroscedastic-d5-s213004-B100-c0.5-none,controlled,5,heteroscedastic,213004,100,0.5,none,T2,selected,M5,0.155868823,0.335130384,-0.179261561,0.0167565192,beneficial,0,1,0.179261561,0,False
p2-main-heteroscedastic-d5-s213004-B400-c0.2-none,controlled,5,heteroscedastic,213004,400,0.2,none,T2,selected,M5,0.0765130048,0.287883431,-0.211370426,0.0143941716,beneficial,0,1,0.211370426,0,False
p2-main-heteroscedastic-d5-s213004-B400-c0.5-none,controlled,5,heteroscedastic,213004,400,0.5,none,T2,selected,M5,0.0881273299,0.342879335,-0.254752005,0.0171439667,beneficial,0,1,0.254752005,0,False
p2-main-heteroscedastic-d5-s213005-B100-c0.2-none,controlled,5,heteroscedastic,213005,100,0.2,none,T2,selected,M5,0.0909161394,0.0908666824,4.9457e-05,0.00454333412,neutral,0,0,-4.9457e-05,4.9457e-05,False
p2-main-heteroscedastic-d5-s213005-B100-c0.5-none,controlled,5,heteroscedastic,213005,100,0.5,none,T2,selected,M5,0.158214996,0.158364316,-0.00014932,0.0079182158,neutral,0,0,0.00014932,0,False
p2-main-heteroscedastic-d5-s213005-B400-c0.2-none,controlled,5,heteroscedastic,213005,400,0.2,none,T2,selected,M5,0.0669383506,0.0645001469,0.0024382037,0.00322500735,neutral,0,0,-0.0024382037,0.0024382037,False
p2-main-heteroscedastic-d5-s213005-B400-c0.5-none,controlled,5,heteroscedastic,213005,400,0.5,none,T2,selected,M5,0.131385038,0.138403304,-0.007018266,0.0069201652,beneficial,0,1,0.007018266,0,False
p2-main-linear-d5-s211001-B100-c0.2-none,controlled,5,linear,211001,100,0.2,none,T2,selected,random,0.0961105675,0.0961105675,0,0.00480552837,neutral,0,0,-0,0,True
p2-main-linear-d5-s211001-B100-c0.5-none,controlled,5,linear,211001,100,0.5,none,T2,selected,random,0.177715694,0.282534798,-0.104819104,0.0141267399,beneficial,0,1,0.104819104,0,False
p2-main-linear-d5-s211001-B400-c0.2-none,controlled,5,linear,211001,400,0.2,none,T2,selected,random,0.0722379386,0.0733200908,-0.0010821522,0.00366600454,neutral,0,0,0.0010821522,0,False
p2-main-linear-d5-s211001-B400-c0.5-none,controlled,5,linear,211001,400,0.5,none,T2,selected,random,0.119613332,0.25905175,-0.139438418,0.0129525875,beneficial,0,1,0.139438418,0,False
p2-main-linear-d5-s211002-B100-c0.2-none,controlled,5,linear,211002,100,0.2,none,T2,selected,random,0.167987923,0.146971847,0.021016076,0.00734859235,harmful,1,0,-0.021016076,0.021016076,False
p2-main-linear-d5-s211002-B100-c0.5-none,controlled,5,linear,211002,100,0.5,none,T2,selected,random,0.26015075,0.26015075,0,0.0130075375,neutral,0,0,-0,0,True
p2-main-linear-d5-s211002-B400-c0.2-none,controlled,5,linear,211002,400,0.2,none,T2,selected,random,0.149723714,0.149723714,0,0.0074861857,neutral,0,0,-0,0,True
p2-main-linear-d5-s211002-B400-c0.5-none,controlled,5,linear,211002,400,0.5,none,T2,selected,random,0.244679744,0.240719875,0.003959869,0.0120359938,neutral,0,0,-0.003959869,0.003959869,False
p2-main-linear-d5-s211003-B100-c0.2-none,controlled,5,linear,211003,100,0.2,none,T2,selected,random,0.0915381014,0.0991822034,-0.007644102,0.00495911017,beneficial,0,1,0.007644102,0,False
p2-main-linear-d5-s211003-B100-c0.5-none,controlled,5,linear,211003,100,0.5,none,T2,selected,random,0.148891819,0.148891819,0,0.00744459095,neutral,0,0,-0,0,True
p2-main-linear-d5-s211003-B400-c0.2-none,controlled,5,linear,211003,400,0.2,none,T2,selected,random,0.05485597,0.05485597,0,0.0027427985,neutral,0,0,-0,0,True
p2-main-linear-d5-s211003-B400-c0.5-none,controlled,5,linear,211003,400,0.5,none,T2,selected,random,0.0584413732,0.121372978,-0.0629316048,0.0060686489,beneficial,0,1,0.0629316048,0,False
p2-main-linear-d5-s211004-B100-c0.2-none,controlled,5,linear,211004,100,0.2,none,T2,selected,random,0.0981462176,0.0981462176,0,0.00490731088,neutral,0,0,-0,0,True
p2-main-linear-d5-s211004-B100-c0.5-none,controlled,5,linear,211004,100,0.5,none,T2,selected,random,0.34742941,0.34377789,0.00365152,0.0171888945,neutral,0,0,-0.00365152,0.00365152,False
p2-main-linear-d5-s211004-B400-c0.2-none,controlled,5,linear,211004,400,0.2,none,T2,selected,random,0.0581403176,0.0647349196,-0.006594602,0.00323674598,beneficial,0,1,0.006594602,0,False
p2-main-linear-d5-s211004-B400-c0.5-none,controlled,5,linear,211004,400,0.5,none,T2,selected,random,0.360672851,0.360672851,0,0.0180336426,neutral,0,0,-0,0,True
p2-main-linear-d5-s211005-B100-c0.2-none,controlled,5,linear,211005,100,0.2,none,T2,selected,random,0.0796955054,0.0796955054,0,0.00398477527,neutral,0,0,-0,0,True
p2-main-linear-d5-s211005-B100-c0.5-none,controlled,5,linear,211005,100,0.5,none,T2,selected,random,0.0786090444,0.200231527,-0.121622483,0.0100115764,beneficial,0,1,0.121622483,0,False
p2-main-linear-d5-s211005-B400-c0.2-none,controlled,5,linear,211005,400,0.2,none,T2,selected,random,0.0708716065,0.0721770947,-0.0013054882,0.00360885473,neutral,0,0,0.0013054882,0,False
p2-main-linear-d5-s211005-B400-c0.5-none,controlled,5,linear,211005,400,0.5,none,T2,selected,random,0.0708716065,0.199075013,-0.128203407,0.00995375065,beneficial,0,1,0.128203407,0,False
p2-main-nonlinear-d5-s212001-B100-c0.2-none,controlled,5,nonlinear,212001,100,0.2,none,T2,selected,random,0.0750288665,0.173533442,-0.0985045755,0.0086766721,beneficial,0,1,0.0985045755,0,False
p2-main-nonlinear-d5-s212001-B100-c0.5-none,controlled,5,nonlinear,212001,100,0.5,none,T2,selected,random,0.318806196,0.318806196,0,0.0159403098,neutral,0,0,-0,0,True
p2-main-nonlinear-d5-s212001-B400-c0.2-none,controlled,5,nonlinear,212001,400,0.2,none,T2,selected,random,0.100597235,0.186340995,-0.08574376,0.00931704975,beneficial,0,1,0.08574376,0,False
p2-main-nonlinear-d5-s212001-B400-c0.5-none,controlled,5,nonlinear,212001,400,0.5,none,T2,selected,random,0.349838724,0.349838724,0,0.0174919362,neutral,0,0,-0,0,True
p2-main-nonlinear-d5-s212002-B100-c0.2-none,controlled,5,nonlinear,212002,100,0.2,none,T2,selected,random,0.112988425,0.0977151667,0.0152732583,0.00488575834,harmful,1,0,-0.0152732583,0.0152732583,False
p2-main-nonlinear-d5-s212002-B100-c0.5-none,controlled,5,nonlinear,212002,100,0.5,none,T2,selected,random,0.161985869,0.156372577,0.005613292,0.00781862885,neutral,0,0,-0.005613292,0.005613292,False
p2-main-nonlinear-d5-s212002-B400-c0.2-none,controlled,5,nonlinear,212002,400,0.2,none,T2,selected,random,0.0811470846,0.0811470846,0,0.00405735423,neutral,0,0,-0,0,True
p2-main-nonlinear-d5-s212002-B400-c0.5-none,controlled,5,nonlinear,212002,400,0.5,none,T2,selected,random,0.15001636,0.148316585,0.001699775,0.00741582925,neutral,0,0,-0.001699775,0.001699775,False
p2-main-nonlinear-d5-s212003-B100-c0.2-none,controlled,5,nonlinear,212003,100,0.2,none,T2,selected,random,0.0866355797,0.0866355797,0,0.00433177899,neutral,0,0,-0,0,True
p2-main-nonlinear-d5-s212003-B100-c0.5-none,controlled,5,nonlinear,212003,100,0.5,none,T2,selected,random,0.0765925075,0.140520831,-0.0639283235,0.00702604155,beneficial,0,1,0.0639283235,0,False
p2-main-nonlinear-d5-s212003-B400-c0.2-none,controlled,5,nonlinear,212003,400,0.2,none,T2,selected,random,0.0590520067,0.0590520067,0,0.00295260034,neutral,0,0,-0,0,True
p2-main-nonlinear-d5-s212003-B400-c0.5-none,controlled,5,nonlinear,212003,400,0.5,none,T2,selected,random,0.064971062,0.116246832,-0.05127577,0.0058123416,beneficial,0,1,0.05127577,0,False
p2-main-nonlinear-d5-s212004-B100-c0.2-none,controlled,5,nonlinear,212004,100,0.2,none,T2,selected,random,0.0827163433,0.0822979684,0.0004183749,0.00411489842,neutral,0,0,-0.0004183749,0.0004183749,False
p2-main-nonlinear-d5-s212004-B100-c0.5-none,controlled,5,nonlinear,212004,100,0.5,none,T2,selected,random,0.125822787,0.0926981022,0.0331246848,0.00463490511,harmful,1,0,-0.0331246848,0.0331246848,False
p2-main-nonlinear-d5-s212004-B400-c0.2-none,controlled,5,nonlinear,212004,400,0.2,none,T2,selected,random,0.0662170748,0.0662170748,0,0.00331085374,neutral,0,0,-0,0,True
p2-main-nonlinear-d5-s212004-B400-c0.5-none,controlled,5,nonlinear,212004,400,0.5,none,T2,selected,random,0.0824025087,0.0824025087,0,0.00412012544,neutral,0,0,-0,0,True
p2-main-nonlinear-d5-s212005-B100-c0.2-none,controlled,5,nonlinear,212005,100,0.2,none,T2,selected,random,0.0823548014,0.0885032589,-0.0061484575,0.00442516295,beneficial,0,1,0.0061484575,0,False
p2-main-nonlinear-d5-s212005-B100-c0.5-none,controlled,5,nonlinear,212005,100,0.5,none,T2,selected,random,0.117159694,0.249166399,-0.132006705,0.01245832,beneficial,0,1,0.132006705,0,False
p2-main-nonlinear-d5-s212005-B400-c0.2-none,controlled,5,nonlinear,212005,400,0.2,none,T2,selected,random,0.0820032308,0.0820032308,0,0.00410016154,neutral,0,0,-0,0,True
p2-main-nonlinear-d5-s212005-B400-c0.5-none,controlled,5,nonlinear,212005,400,0.5,none,T2,selected,random,0.127313286,0.26701281,-0.139699524,0.0133506405,beneficial,0,1,0.139699524,0,False
p2-main-heteroscedastic-d5-s213001-B100-c0.2-none,controlled,5,heteroscedastic,213001,100,0.2,none,T2,selected,random,0.321212207,0.245500272,0.075711935,0.0122750136,harmful,1,0,-0.075711935,0.075711935,False
p2-main-heteroscedastic-d5-s213001-B100-c0.5-none,controlled,5,heteroscedastic,213001,100,0.5,none,T2,selected,random,0.371735071,0.370242685,0.001492386,0.0185121343,neutral,0,0,-0.001492386,0.001492386,False
p2-main-heteroscedastic-d5-s213001-B400-c0.2-none,controlled,5,heteroscedastic,213001,400,0.2,none,T2,selected,random,0.0453310596,0.265553753,-0.220222693,0.0132776877,beneficial,0,1,0.220222693,0,False
p2-main-heteroscedastic-d5-s213001-B400-c0.5-none,controlled,5,heteroscedastic,213001,400,0.5,none,T2,selected,random,0.133359522,0.306589946,-0.173230424,0.0153294973,beneficial,0,1,0.173230424,0,False
p2-main-heteroscedastic-d5-s213002-B100-c0.2-none,controlled,5,heteroscedastic,213002,100,0.2,none,T2,selected,random,0.0666200717,0.0666200717,0,0.00333100359,neutral,0,0,-0,0,True
p2-main-heteroscedastic-d5-s213002-B100-c0.5-none,controlled,5,heteroscedastic,213002,100,0.5,none,T2,selected,random,0.0674870883,0.234716977,-0.167229889,0.0117358489,beneficial,0,1,0.167229889,0,False
p2-main-heteroscedastic-d5-s213002-B400-c0.2-none,controlled,5,heteroscedastic,213002,400,0.2,none,T2,selected,random,0.092699488,0.0646487437,0.0280507443,0.00323243719,harmful,1,0,-0.0280507443,0.0280507443,False
p2-main-heteroscedastic-d5-s213002-B400-c0.5-none,controlled,5,heteroscedastic,213002,400,0.5,none,T2,selected,random,0.109931389,0.231920436,-0.121989047,0.0115960218,beneficial,0,1,0.121989047,0,False
p2-main-heteroscedastic-d5-s213003-B100-c0.2-none,controlled,5,heteroscedastic,213003,100,0.2,none,T2,selected,random,0.30209143,0.30209143,0,0.0151045715,neutral,0,0,-0,0,True
p2-main-heteroscedastic-d5-s213003-B100-c0.5-none,controlled,5,heteroscedastic,213003,100,0.5,none,T2,selected,random,0.201219392,0.226105834,-0.024886442,0.0113052917,beneficial,0,1,0.024886442,0,False
p2-main-heteroscedastic-d5-s213003-B400-c0.2-none,controlled,5,heteroscedastic,213003,400,0.2,none,T2,selected,random,0.349091291,0.349091291,0,0.0174545646,neutral,0,0,-0,0,True
p2-main-heteroscedastic-d5-s213003-B400-c0.5-none,controlled,5,heteroscedastic,213003,400,0.5,none,T2,selected,random,0.231210113,0.233936484,-0.002726371,0.0116968242,neutral,0,0,0.002726371,0,False
p2-main-heteroscedastic-d5-s213004-B100-c0.2-none,controlled,5,heteroscedastic,213004,100,0.2,none,T2,selected,random,0.278302133,0.317974483,-0.03967235,0.0158987241,beneficial,0,1,0.03967235,0,False
p2-main-heteroscedastic-d5-s213004-B100-c0.5-none,controlled,5,heteroscedastic,213004,100,0.5,none,T2,selected,random,0.0890709286,0.335130384,-0.246059455,0.0167565192,beneficial,0,1,0.246059455,0,False
p2-main-heteroscedastic-d5-s213004-B400-c0.2-none,controlled,5,heteroscedastic,213004,400,0.2,none,T2,selected,random,0.214503457,0.287883431,-0.073379974,0.0143941716,beneficial,0,1,0.073379974,0,False
p2-main-heteroscedastic-d5-s213004-B400-c0.5-none,controlled,5,heteroscedastic,213004,400,0.5,none,T2,selected,random,0.0722707125,0.342879335,-0.270608623,0.0171439667,beneficial,0,1,0.270608623,0,False
p2-main-heteroscedastic-d5-s213005-B100-c0.2-none,controlled,5,heteroscedastic,213005,100,0.2,none,T2,selected,random,0.0826224883,0.0908666824,-0.0082441941,0.00454333412,beneficial,0,1,0.0082441941,0,False
p2-main-heteroscedastic-d5-s213005-B100-c0.5-none,controlled,5,heteroscedastic,213005,100,0.5,none,T2,selected,random,0.164865817,0.158364316,0.006501501,0.0079182158,neutral,0,0,-0.006501501,0.006501501,False
p2-main-heteroscedastic-d5-s213005-B400-c0.2-none,controlled,5,heteroscedastic,213005,400,0.2,none,T2,selected,random,0.0645001469,0.0645001469,0,0.00322500735,neutral,0,0,-0,0,True
p2-main-heteroscedastic-d5-s213005-B400-c0.5-none,controlled,5,heteroscedastic,213005,400,0.5,none,T2,selected,random,0.0598624858,0.138403304,-0.0785408182,0.0069201652,beneficial,0,1,0.0785408182,0,False
p2-main-linear-d5-s211001-B100-c0.2-none,controlled,5,linear,211001,100,0.2,none,T2,selected,rho0,0.0961105675,0.0961105675,0,0.00480552837,neutral,0,0,-0,0,True
p2-main-linear-d5-s211001-B100-c0.5-none,controlled,5,linear,211001,100,0.5,none,T2,selected,rho0,0.109175121,0.282534798,-0.173359677,0.0141267399,beneficial,0,1,0.173359677,0,False
p2-main-linear-d5-s211001-B400-c0.2-none,controlled,5,linear,211001,400,0.2,none,T2,selected,rho0,0.0733200908,0.0733200908,0,0.00366600454,neutral,0,0,-0,0,True
p2-main-linear-d5-s211001-B400-c0.5-none,controlled,5,linear,211001,400,0.5,none,T2,selected,rho0,0.127537012,0.25905175,-0.131514738,0.0129525875,beneficial,0,1,0.131514738,0,False
p2-main-linear-d5-s211002-B100-c0.2-none,controlled,5,linear,211002,100,0.2,none,T2,selected,rho0,0.190943524,0.146971847,0.043971677,0.00734859235,harmful,1,0,-0.043971677,0.043971677,False
p2-main-linear-d5-s211002-B100-c0.5-none,controlled,5,linear,211002,100,0.5,none,T2,selected,rho0,0.144098664,0.26015075,-0.116052086,0.0130075375,beneficial,0,1,0.116052086,0,False
p2-main-linear-d5-s211002-B400-c0.2-none,controlled,5,linear,211002,400,0.2,none,T2,selected,rho0,0.0841981893,0.149723714,-0.0655255247,0.0074861857,beneficial,0,1,0.0655255247,0,False
p2-main-linear-d5-s211002-B400-c0.5-none,controlled,5,linear,211002,400,0.5,none,T2,selected,rho0,0.0841981893,0.240719875,-0.156521686,0.0120359938,beneficial,0,1,0.156521686,0,False
p2-main-linear-d5-s211003-B100-c0.2-none,controlled,5,linear,211003,100,0.2,none,T2,selected,rho0,0.0829384103,0.0991822034,-0.0162437931,0.00495911017,beneficial,0,1,0.0162437931,0,False
p2-main-linear-d5-s211003-B100-c0.5-none,controlled,5,linear,211003,100,0.5,none,T2,selected,rho0,0.148891819,0.148891819,0,0.00744459095,neutral,0,0,-0,0,True
p2-main-linear-d5-s211003-B400-c0.2-none,controlled,5,linear,211003,400,0.2,none,T2,selected,rho0,0.05485597,0.05485597,0,0.0027427985,neutral,0,0,-0,0,True
p2-main-linear-d5-s211003-B400-c0.5-none,controlled,5,linear,211003,400,0.5,none,T2,selected,rho0,0.0589657376,0.121372978,-0.0624072404,0.0060686489,beneficial,0,1,0.0624072404,0,False
p2-main-linear-d5-s211004-B100-c0.2-none,controlled,5,linear,211004,100,0.2,none,T2,selected,rho0,0.175111274,0.0981462176,0.0769650564,0.00490731088,harmful,1,0,-0.0769650564,0.0769650564,False
p2-main-linear-d5-s211004-B100-c0.5-none,controlled,5,linear,211004,100,0.5,none,T2,selected,rho0,0.30910478,0.34377789,-0.03467311,0.0171888945,beneficial,0,1,0.03467311,0,False
p2-main-linear-d5-s211004-B400-c0.2-none,controlled,5,linear,211004,400,0.2,none,T2,selected,rho0,0.0647349196,0.0647349196,0,0.00323674598,neutral,0,0,-0,0,True
p2-main-linear-d5-s211004-B400-c0.5-none,controlled,5,linear,211004,400,0.5,none,T2,selected,rho0,0.0563385797,0.360672851,-0.304334271,0.0180336426,beneficial,0,1,0.304334271,0,False
p2-main-linear-d5-s211005-B100-c0.2-none,controlled,5,linear,211005,100,0.2,none,T2,selected,rho0,0.0796955054,0.0796955054,0,0.00398477527,neutral,0,0,-0,0,True
p2-main-linear-d5-s211005-B100-c0.5-none,controlled,5,linear,211005,100,0.5,none,T2,selected,rho0,0.0796955054,0.200231527,-0.120536022,0.0100115764,beneficial,0,1,0.120536022,0,False
p2-main-linear-d5-s211005-B400-c0.2-none,controlled,5,linear,211005,400,0.2,none,T2,selected,rho0,0.0721770947,0.0721770947,0,0.00360885473,neutral,0,0,-0,0,True
p2-main-linear-d5-s211005-B400-c0.5-none,controlled,5,linear,211005,400,0.5,none,T2,selected,rho0,0.0721770947,0.199075013,-0.126897918,0.00995375065,beneficial,0,1,0.126897918,0,False
p2-main-nonlinear-d5-s212001-B100-c0.2-none,controlled,5,nonlinear,212001,100,0.2,none,T2,selected,rho0,0.173533442,0.173533442,0,0.0086766721,neutral,0,0,-0,0,True
p2-main-nonlinear-d5-s212001-B100-c0.5-none,controlled,5,nonlinear,212001,100,0.5,none,T2,selected,rho0,0.0750288665,0.318806196,-0.243777329,0.0159403098,beneficial,0,1,0.243777329,0,False
p2-main-nonlinear-d5-s212001-B400-c0.2-none,controlled,5,nonlinear,212001,400,0.2,none,T2,selected,rho0,0.100597235,0.186340995,-0.08574376,0.00931704975,beneficial,0,1,0.08574376,0,False
p2-main-nonlinear-d5-s212001-B400-c0.5-none,controlled,5,nonlinear,212001,400,0.5,none,T2,selected,rho0,0.100597235,0.349838724,-0.249241489,0.0174919362,beneficial,0,1,0.249241489,0,False
p2-main-nonlinear-d5-s212002-B100-c0.2-none,controlled,5,nonlinear,212002,100,0.2,none,T2,selected,rho0,0.0919633533,0.0977151667,-0.0057518134,0.00488575834,beneficial,0,1,0.0057518134,0,False
p2-main-nonlinear-d5-s212002-B100-c0.5-none,controlled,5,nonlinear,212002,100,0.5,none,T2,selected,rho0,0.0977151667,0.156372577,-0.0586574103,0.00781862885,beneficial,0,1,0.0586574103,0,False
p2-main-nonlinear-d5-s212002-B400-c0.2-none,controlled,5,nonlinear,212002,400,0.2,none,T2,selected,rho0,0.0883816704,0.0811470846,0.0072345858,0.00405735423,harmful,1,0,-0.0072345858,0.0072345858,False
p2-main-nonlinear-d5-s212002-B400-c0.5-none,controlled,5,nonlinear,212002,400,0.5,none,T2,selected,rho0,0.0811470846,0.148316585,-0.0671695004,0.00741582925,beneficial,0,1,0.0671695004,0,False
p2-main-nonlinear-d5-s212003-B100-c0.2-none,controlled,5,nonlinear,212003,100,0.2,none,T2,selected,rho0,0.0699832502,0.0866355797,-0.0166523295,0.00433177899,beneficial,0,1,0.0166523295,0,False
p2-main-nonlinear-d5-s212003-B100-c0.5-none,controlled,5,nonlinear,212003,100,0.5,none,T2,selected,rho0,0.138999254,0.140520831,-0.001521577,0.00702604155,neutral,0,0,0.001521577,0,False
p2-main-nonlinear-d5-s212003-B400-c0.2-none,controlled,5,nonlinear,212003,400,0.2,none,T2,selected,rho0,0.0783856846,0.0590520067,0.0193336779,0.00295260034,harmful,1,0,-0.0193336779,0.0193336779,False
p2-main-nonlinear-d5-s212003-B400-c0.5-none,controlled,5,nonlinear,212003,400,0.5,none,T2,selected,rho0,0.134731236,0.116246832,0.018484404,0.0058123416,harmful,1,0,-0.018484404,0.018484404,False
p2-main-nonlinear-d5-s212004-B100-c0.2-none,controlled,5,nonlinear,212004,100,0.2,none,T2,selected,rho0,0.0796816945,0.0822979684,-0.0026162739,0.00411489842,neutral,0,0,0.0026162739,0,False
p2-main-nonlinear-d5-s212004-B100-c0.5-none,controlled,5,nonlinear,212004,100,0.5,none,T2,selected,rho0,0.0827163433,0.0926981022,-0.0099817589,0.00463490511,beneficial,0,1,0.0099817589,0,False
p2-main-nonlinear-d5-s212004-B400-c0.2-none,controlled,5,nonlinear,212004,400,0.2,none,T2,selected,rho0,0.0662170748,0.0662170748,0,0.00331085374,neutral,0,0,-0,0,True
p2-main-nonlinear-d5-s212004-B400-c0.5-none,controlled,5,nonlinear,212004,400,0.5,none,T2,selected,rho0,0.0824025087,0.0824025087,0,0.00412012544,neutral,0,0,-0,0,True
p2-main-nonlinear-d5-s212005-B100-c0.2-none,controlled,5,nonlinear,212005,100,0.2,none,T2,selected,rho0,0.0885032589,0.0885032589,0,0.00442516295,neutral,0,0,-0,0,True
p2-main-nonlinear-d5-s212005-B100-c0.5-none,controlled,5,nonlinear,212005,100,0.5,none,T2,selected,rho0,0.0850845811,0.249166399,-0.164081818,0.01245832,beneficial,0,1,0.164081818,0,False
p2-main-nonlinear-d5-s212005-B400-c0.2-none,controlled,5,nonlinear,212005,400,0.2,none,T2,selected,rho0,0.0820032308,0.0820032308,0,0.00410016154,neutral,0,0,-0,0,True
p2-main-nonlinear-d5-s212005-B400-c0.5-none,controlled,5,nonlinear,212005,400,0.5,none,T2,selected,rho0,0.129143409,0.26701281,-0.137869401,0.0133506405,beneficial,0,1,0.137869401,0,False
p2-main-heteroscedastic-d5-s213001-B100-c0.2-none,controlled,5,heteroscedastic,213001,100,0.2,none,T2,selected,rho0,0.305800349,0.245500272,0.060300077,0.0122750136,harmful,1,0,-0.060300077,0.060300077,False
p2-main-heteroscedastic-d5-s213001-B100-c0.5-none,controlled,5,heteroscedastic,213001,100,0.5,none,T2,selected,rho0,0.371735071,0.370242685,0.001492386,0.0185121343,neutral,0,0,-0.001492386,0.001492386,False
p2-main-heteroscedastic-d5-s213001-B400-c0.2-none,controlled,5,heteroscedastic,213001,400,0.2,none,T2,selected,rho0,0.0430853665,0.265553753,-0.222468387,0.0132776877,beneficial,0,1,0.222468387,0,False
p2-main-heteroscedastic-d5-s213001-B400-c0.5-none,controlled,5,heteroscedastic,213001,400,0.5,none,T2,selected,rho0,0.0477863699,0.306589946,-0.258803576,0.0153294973,beneficial,0,1,0.258803576,0,False
p2-main-heteroscedastic-d5-s213002-B100-c0.2-none,controlled,5,heteroscedastic,213002,100,0.2,none,T2,selected,rho0,0.0666200717,0.0666200717,0,0.00333100359,neutral,0,0,-0,0,True
p2-main-heteroscedastic-d5-s213002-B100-c0.5-none,controlled,5,heteroscedastic,213002,100,0.5,none,T2,selected,rho0,0.0760624235,0.234716977,-0.158654553,0.0117358489,beneficial,0,1,0.158654553,0,False
p2-main-heteroscedastic-d5-s213002-B400-c0.2-none,controlled,5,heteroscedastic,213002,400,0.2,none,T2,selected,rho0,0.0769955255,0.0646487437,0.0123467818,0.00323243719,harmful,1,0,-0.0123467818,0.0123467818,False
p2-main-heteroscedastic-d5-s213002-B400-c0.5-none,controlled,5,heteroscedastic,213002,400,0.5,none,T2,selected,rho0,0.0544384482,0.231920436,-0.177481988,0.0115960218,beneficial,0,1,0.177481988,0,False
p2-main-heteroscedastic-d5-s213003-B100-c0.2-none,controlled,5,heteroscedastic,213003,100,0.2,none,T2,selected,rho0,0.150322263,0.30209143,-0.151769167,0.0151045715,beneficial,0,1,0.151769167,0,False
p2-main-heteroscedastic-d5-s213003-B100-c0.5-none,controlled,5,heteroscedastic,213003,100,0.5,none,T2,selected,rho0,0.132190794,0.226105834,-0.09391504,0.0113052917,beneficial,0,1,0.09391504,0,False
p2-main-heteroscedastic-d5-s213003-B400-c0.2-none,controlled,5,heteroscedastic,213003,400,0.2,none,T2,selected,rho0,0.071570918,0.349091291,-0.277520373,0.0174545646,beneficial,0,1,0.277520373,0,False
p2-main-heteroscedastic-d5-s213003-B400-c0.5-none,controlled,5,heteroscedastic,213003,400,0.5,none,T2,selected,rho0,0.0797285053,0.233936484,-0.154207979,0.0116968242,beneficial,0,1,0.154207979,0,False
p2-main-heteroscedastic-d5-s213004-B100-c0.2-none,controlled,5,heteroscedastic,213004,100,0.2,none,T2,selected,rho0,0.078900598,0.317974483,-0.239073885,0.0158987241,beneficial,0,1,0.239073885,0,False
p2-main-heteroscedastic-d5-s213004-B100-c0.5-none,controlled,5,heteroscedastic,213004,100,0.5,none,T2,selected,rho0,0.155868823,0.335130384,-0.179261561,0.0167565192,beneficial,0,1,0.179261561,0,False
p2-main-heteroscedastic-d5-s213004-B400-c0.2-none,controlled,5,heteroscedastic,213004,400,0.2,none,T2,selected,rho0,0.0850312586,0.287883431,-0.202852172,0.0143941716,beneficial,0,1,0.202852172,0,False
p2-main-heteroscedastic-d5-s213004-B400-c0.5-none,controlled,5,heteroscedastic,213004,400,0.5,none,T2,selected,rho0,0.0728884488,0.342879335,-0.269990886,0.0171439667,beneficial,0,1,0.269990886,0,False
p2-main-heteroscedastic-d5-s213005-B100-c0.2-none,controlled,5,heteroscedastic,213005,100,0.2,none,T2,selected,rho0,0.127249579,0.0908666824,0.0363828966,0.00454333412,harmful,1,0,-0.0363828966,0.0363828966,False
p2-main-heteroscedastic-d5-s213005-B100-c0.5-none,controlled,5,heteroscedastic,213005,100,0.5,none,T2,selected,rho0,0.158364316,0.158364316,0,0.0079182158,neutral,0,0,-0,0,True
p2-main-heteroscedastic-d5-s213005-B400-c0.2-none,controlled,5,heteroscedastic,213005,400,0.2,none,T2,selected,rho0,0.0645001469,0.0645001469,0,0.00322500735,neutral,0,0,-0,0,True
p2-main-heteroscedastic-d5-s213005-B400-c0.5-none,controlled,5,heteroscedastic,213005,400,0.5,none,T2,selected,rho0,0.0598624858,0.138403304,-0.0785408182,0.0069201652,beneficial,0,1,0.0785408182,0,False
p2-main-linear-d5-s211001-B100-c0.2-none,controlled,5,linear,211001,100,0.2,none,T2,selected,tau0,0.076008983,0.0961105675,-0.0201015845,0.00480552837,beneficial,0,1,0.0201015845,0,False
p2-main-linear-d5-s211001-B100-c0.5-none,controlled,5,linear,211001,100,0.5,none,T2,selected,tau0,0.116857658,0.282534798,-0.16567714,0.0141267399,beneficial,0,1,0.16567714,0,False
p2-main-linear-d5-s211001-B400-c0.2-none,controlled,5,linear,211001,400,0.2,none,T2,selected,tau0,0.0608417206,0.0733200908,-0.0124783702,0.00366600454,beneficial,0,1,0.0124783702,0,False
p2-main-linear-d5-s211001-B400-c0.5-none,controlled,5,linear,211001,400,0.5,none,T2,selected,tau0,0.127658412,0.25905175,-0.131393338,0.0129525875,beneficial,0,1,0.131393338,0,False
p2-main-linear-d5-s211002-B100-c0.2-none,controlled,5,linear,211002,100,0.2,none,T2,selected,tau0,0.143042289,0.146971847,-0.003929558,0.00734859235,neutral,0,0,0.003929558,0,False
p2-main-linear-d5-s211002-B100-c0.5-none,controlled,5,linear,211002,100,0.5,none,T2,selected,tau0,0.152722776,0.26015075,-0.107427974,0.0130075375,beneficial,0,1,0.107427974,0,False
p2-main-linear-d5-s211002-B400-c0.2-none,controlled,5,linear,211002,400,0.2,none,T2,selected,tau0,0.140999126,0.149723714,-0.008724588,0.0074861857,beneficial,0,1,0.008724588,0,False
p2-main-linear-d5-s211002-B400-c0.5-none,controlled,5,linear,211002,400,0.5,none,T2,selected,tau0,0.073082082,0.240719875,-0.167637793,0.0120359938,beneficial,0,1,0.167637793,0,False
p2-main-linear-d5-s211003-B100-c0.2-none,controlled,5,linear,211003,100,0.2,none,T2,selected,tau0,0.0991822034,0.0991822034,0,0.00495911017,neutral,0,0,-0,0,False
p2-main-linear-d5-s211003-B100-c0.5-none,controlled,5,linear,211003,100,0.5,none,T2,selected,tau0,0.148891819,0.148891819,0,0.00744459095,neutral,0,0,-0,0,False
p2-main-linear-d5-s211003-B400-c0.2-none,controlled,5,linear,211003,400,0.2,none,T2,selected,tau0,0.05485597,0.05485597,0,0.0027427985,neutral,0,0,-0,0,False
p2-main-linear-d5-s211003-B400-c0.5-none,controlled,5,linear,211003,400,0.5,none,T2,selected,tau0,0.0996672536,0.121372978,-0.0217057244,0.0060686489,beneficial,0,1,0.0217057244,0,False
p2-main-linear-d5-s211004-B100-c0.2-none,controlled,5,linear,211004,100,0.2,none,T2,selected,tau0,0.0835927476,0.0981462176,-0.01455347,0.00490731088,beneficial,0,1,0.01455347,0,False
p2-main-linear-d5-s211004-B100-c0.5-none,controlled,5,linear,211004,100,0.5,none,T2,selected,tau0,0.312907591,0.34377789,-0.030870299,0.0171888945,beneficial,0,1,0.030870299,0,False
p2-main-linear-d5-s211004-B400-c0.2-none,controlled,5,linear,211004,400,0.2,none,T2,selected,tau0,0.075614286,0.0647349196,0.0108793664,0.00323674598,harmful,1,0,-0.0108793664,0.0108793664,False
p2-main-linear-d5-s211004-B400-c0.5-none,controlled,5,linear,211004,400,0.5,none,T2,selected,tau0,0.0563385797,0.360672851,-0.304334271,0.0180336426,beneficial,0,1,0.304334271,0,False
p2-main-linear-d5-s211005-B100-c0.2-none,controlled,5,linear,211005,100,0.2,none,T2,selected,tau0,0.0698043456,0.0796955054,-0.0098911598,0.00398477527,beneficial,0,1,0.0098911598,0,False
p2-main-linear-d5-s211005-B100-c0.5-none,controlled,5,linear,211005,100,0.5,none,T2,selected,tau0,0.0793474639,0.200231527,-0.120884063,0.0100115764,beneficial,0,1,0.120884063,0,False
p2-main-linear-d5-s211005-B400-c0.2-none,controlled,5,linear,211005,400,0.2,none,T2,selected,tau0,0.0965005433,0.0721770947,0.0243234486,0.00360885473,harmful,1,0,-0.0243234486,0.0243234486,False
p2-main-linear-d5-s211005-B400-c0.5-none,controlled,5,linear,211005,400,0.5,none,T2,selected,tau0,0.0693329945,0.199075013,-0.129742019,0.00995375065,beneficial,0,1,0.129742019,0,False
p2-main-nonlinear-d5-s212001-B100-c0.2-none,controlled,5,nonlinear,212001,100,0.2,none,T2,selected,tau0,0.173533442,0.173533442,0,0.0086766721,neutral,0,0,-0,0,True
p2-main-nonlinear-d5-s212001-B100-c0.5-none,controlled,5,nonlinear,212001,100,0.5,none,T2,selected,tau0,0.186735357,0.318806196,-0.132070839,0.0159403098,beneficial,0,1,0.132070839,0,False
p2-main-nonlinear-d5-s212001-B400-c0.2-none,controlled,5,nonlinear,212001,400,0.2,none,T2,selected,tau0,0.103427949,0.186340995,-0.082913046,0.00931704975,beneficial,0,1,0.082913046,0,False
p2-main-nonlinear-d5-s212001-B400-c0.5-none,controlled,5,nonlinear,212001,400,0.5,none,T2,selected,tau0,0.100597235,0.349838724,-0.249241489,0.0174919362,beneficial,0,1,0.249241489,0,False
p2-main-nonlinear-d5-s212002-B100-c0.2-none,controlled,5,nonlinear,212002,100,0.2,none,T2,selected,tau0,0.0924454108,0.0977151667,-0.0052697559,0.00488575834,beneficial,0,1,0.0052697559,0,False
p2-main-nonlinear-d5-s212002-B100-c0.5-none,controlled,5,nonlinear,212002,100,0.5,none,T2,selected,tau0,0.092821459,0.156372577,-0.063551118,0.00781862885,beneficial,0,1,0.063551118,0,False
p2-main-nonlinear-d5-s212002-B400-c0.2-none,controlled,5,nonlinear,212002,400,0.2,none,T2,selected,tau0,0.0854474331,0.0811470846,0.0043003485,0.00405735423,harmful,1,0,-0.0043003485,0.0043003485,False
p2-main-nonlinear-d5-s212002-B400-c0.5-none,controlled,5,nonlinear,212002,400,0.5,none,T2,selected,tau0,0.0811470846,0.148316585,-0.0671695004,0.00741582925,beneficial,0,1,0.0671695004,0,False
p2-main-nonlinear-d5-s212003-B100-c0.2-none,controlled,5,nonlinear,212003,100,0.2,none,T2,selected,tau0,0.0819248805,0.0866355797,-0.0047106992,0.00433177899,beneficial,0,1,0.0047106992,0,False
p2-main-nonlinear-d5-s212003-B100-c0.5-none,controlled,5,nonlinear,212003,100,0.5,none,T2,selected,tau0,0.140549218,0.140520831,2.8387e-05,0.00702604155,neutral,0,0,-2.8387e-05,2.8387e-05,False
p2-main-nonlinear-d5-s212003-B400-c0.2-none,controlled,5,nonlinear,212003,400,0.2,none,T2,selected,tau0,0.0725563057,0.0590520067,0.013504299,0.00295260034,harmful,1,0,-0.013504299,0.013504299,False
p2-main-nonlinear-d5-s212003-B400-c0.5-none,controlled,5,nonlinear,212003,400,0.5,none,T2,selected,tau0,0.126380267,0.116246832,0.010133435,0.0058123416,harmful,1,0,-0.010133435,0.010133435,False
p2-main-nonlinear-d5-s212004-B100-c0.2-none,controlled,5,nonlinear,212004,100,0.2,none,T2,selected,tau0,0.0778254631,0.0822979684,-0.0044725053,0.00411489842,beneficial,0,1,0.0044725053,0,False
p2-main-nonlinear-d5-s212004-B100-c0.5-none,controlled,5,nonlinear,212004,100,0.5,none,T2,selected,tau0,0.0913992822,0.0926981022,-0.00129882,0.00463490511,neutral,0,0,0.00129882,0,False
p2-main-nonlinear-d5-s212004-B400-c0.2-none,controlled,5,nonlinear,212004,400,0.2,none,T2,selected,tau0,0.0662170748,0.0662170748,0,0.00331085374,neutral,0,0,-0,0,False
p2-main-nonlinear-d5-s212004-B400-c0.5-none,controlled,5,nonlinear,212004,400,0.5,none,T2,selected,tau0,0.0661272146,0.0824025087,-0.0162752941,0.00412012544,beneficial,0,1,0.0162752941,0,False
p2-main-nonlinear-d5-s212005-B100-c0.2-none,controlled,5,nonlinear,212005,100,0.2,none,T2,selected,tau0,0.0896170214,0.0885032589,0.0011137625,0.00442516295,neutral,0,0,-0.0011137625,0.0011137625,False
p2-main-nonlinear-d5-s212005-B100-c0.5-none,controlled,5,nonlinear,212005,100,0.5,none,T2,selected,tau0,0.0879475847,0.249166399,-0.161218814,0.01245832,beneficial,0,1,0.161218814,0,False
p2-main-nonlinear-d5-s212005-B400-c0.2-none,controlled,5,nonlinear,212005,400,0.2,none,T2,selected,tau0,0.0775654775,0.0820032308,-0.0044377533,0.00410016154,beneficial,0,1,0.0044377533,0,False
p2-main-nonlinear-d5-s212005-B400-c0.5-none,controlled,5,nonlinear,212005,400,0.5,none,T2,selected,tau0,0.141569761,0.26701281,-0.125443049,0.0133506405,beneficial,0,1,0.125443049,0,False
p2-main-heteroscedastic-d5-s213001-B100-c0.2-none,controlled,5,heteroscedastic,213001,100,0.2,none,T2,selected,tau0,0.191584865,0.245500272,-0.053915407,0.0122750136,beneficial,0,1,0.053915407,0,False
p2-main-heteroscedastic-d5-s213001-B100-c0.5-none,controlled,5,heteroscedastic,213001,100,0.5,none,T2,selected,tau0,0.339882061,0.370242685,-0.030360624,0.0185121343,beneficial,0,1,0.030360624,0,False
p2-main-heteroscedastic-d5-s213001-B400-c0.2-none,controlled,5,heteroscedastic,213001,400,0.2,none,T2,selected,tau0,0.0612007044,0.265553753,-0.204353049,0.0132776877,beneficial,0,1,0.204353049,0,False
p2-main-heteroscedastic-d5-s213001-B400-c0.5-none,controlled,5,heteroscedastic,213001,400,0.5,none,T2,selected,tau0,0.093824327,0.306589946,-0.212765619,0.0153294973,beneficial,0,1,0.212765619,0,False
p2-main-heteroscedastic-d5-s213002-B100-c0.2-none,controlled,5,heteroscedastic,213002,100,0.2,none,T2,selected,tau0,0.156413659,0.0666200717,0.0897935873,0.00333100359,harmful,1,0,-0.0897935873,0.0897935873,False
p2-main-heteroscedastic-d5-s213002-B100-c0.5-none,controlled,5,heteroscedastic,213002,100,0.5,none,T2,selected,tau0,0.180287013,0.234716977,-0.054429964,0.0117358489,beneficial,0,1,0.054429964,0,False
p2-main-heteroscedastic-d5-s213002-B400-c0.2-none,controlled,5,heteroscedastic,213002,400,0.2,none,T2,selected,tau0,0.0523294049,0.0646487437,-0.0123193388,0.00323243719,beneficial,0,1,0.0123193388,0,False
p2-main-heteroscedastic-d5-s213002-B400-c0.5-none,controlled,5,heteroscedastic,213002,400,0.5,none,T2,selected,tau0,0.111947318,0.231920436,-0.119973118,0.0115960218,beneficial,0,1,0.119973118,0,False
p2-main-heteroscedastic-d5-s213003-B100-c0.2-none,controlled,5,heteroscedastic,213003,100,0.2,none,T2,selected,tau0,0.191696679,0.30209143,-0.110394751,0.0151045715,beneficial,0,1,0.110394751,0,False
p2-main-heteroscedastic-d5-s213003-B100-c0.5-none,controlled,5,heteroscedastic,213003,100,0.5,none,T2,selected,tau0,0.144392466,0.226105834,-0.081713368,0.0113052917,beneficial,0,1,0.081713368,0,False
p2-main-heteroscedastic-d5-s213003-B400-c0.2-none,controlled,5,heteroscedastic,213003,400,0.2,none,T2,selected,tau0,0.071570918,0.349091291,-0.277520373,0.0174545646,beneficial,0,1,0.277520373,0,False
p2-main-heteroscedastic-d5-s213003-B400-c0.5-none,controlled,5,heteroscedastic,213003,400,0.5,none,T2,selected,tau0,0.089314421,0.233936484,-0.144622063,0.0116968242,beneficial,0,1,0.144622063,0,False
p2-main-heteroscedastic-d5-s213004-B100-c0.2-none,controlled,5,heteroscedastic,213004,100,0.2,none,T2,selected,tau0,0.078900598,0.317974483,-0.239073885,0.0158987241,beneficial,0,1,0.239073885,0,False
p2-main-heteroscedastic-d5-s213004-B100-c0.5-none,controlled,5,heteroscedastic,213004,100,0.5,none,T2,selected,tau0,0.155868823,0.335130384,-0.179261561,0.0167565192,beneficial,0,1,0.179261561,0,False
p2-main-heteroscedastic-d5-s213004-B400-c0.2-none,controlled,5,heteroscedastic,213004,400,0.2,none,T2,selected,tau0,0.0735034396,0.287883431,-0.214379991,0.0143941716,beneficial,0,1,0.214379991,0,False
p2-main-heteroscedastic-d5-s213004-B400-c0.5-none,controlled,5,heteroscedastic,213004,400,0.5,none,T2,selected,tau0,0.0728884488,0.342879335,-0.269990886,0.0171439667,beneficial,0,1,0.269990886,0,False
p2-main-heteroscedastic-d5-s213005-B100-c0.2-none,controlled,5,heteroscedastic,213005,100,0.2,none,T2,selected,tau0,0.0978542392,0.0908666824,0.0069875568,0.00454333412,harmful,1,0,-0.0069875568,0.0069875568,False
p2-main-heteroscedastic-d5-s213005-B100-c0.5-none,controlled,5,heteroscedastic,213005,100,0.5,none,T2,selected,tau0,0.15773012,0.158364316,-0.000634196,0.0079182158,neutral,0,0,0.000634196,0,False
p2-main-heteroscedastic-d5-s213005-B400-c0.2-none,controlled,5,heteroscedastic,213005,400,0.2,none,T2,selected,tau0,0.0723262479,0.0645001469,0.007826101,0.00322500735,harmful,1,0,-0.007826101,0.007826101,False
p2-main-heteroscedastic-d5-s213005-B400-c0.5-none,controlled,5,heteroscedastic,213005,400,0.5,none,T2,selected,tau0,0.109158829,0.138403304,-0.029244475,0.0069201652,beneficial,0,1,0.029244475,0,False
p2-main-linear-d5-s211001-B100-c0.2-none,controlled,5,linear,211001,100,0.2,none,T2,selected,uniform,0.0909974327,0.0961105675,-0.0051131348,0.00480552837,beneficial,0,1,0.0051131348,0,False
p2-main-linear-d5-s211001-B100-c0.5-none,controlled,5,linear,211001,100,0.5,none,T2,selected,uniform,0.194390565,0.282534798,-0.088144233,0.0141267399,beneficial,0,1,0.088144233,0,False
p2-main-linear-d5-s211001-B400-c0.2-none,controlled,5,linear,211001,400,0.2,none,T2,selected,uniform,0.0621755694,0.0733200908,-0.0111445214,0.00366600454,beneficial,0,1,0.0111445214,0,False
p2-main-linear-d5-s211001-B400-c0.5-none,controlled,5,linear,211001,400,0.5,none,T2,selected,uniform,0.166594689,0.25905175,-0.092457061,0.0129525875,beneficial,0,1,0.092457061,0,False
p2-main-linear-d5-s211002-B100-c0.2-none,controlled,5,linear,211002,100,0.2,none,T2,selected,uniform,0.139936139,0.146971847,-0.007035708,0.00734859235,neutral,0,0,0.007035708,0,False
p2-main-linear-d5-s211002-B100-c0.5-none,controlled,5,linear,211002,100,0.5,none,T2,selected,uniform,0.132203301,0.26015075,-0.127947449,0.0130075375,beneficial,0,1,0.127947449,0,False
p2-main-linear-d5-s211002-B400-c0.2-none,controlled,5,linear,211002,400,0.2,none,T2,selected,uniform,0.143998782,0.149723714,-0.005724932,0.0074861857,neutral,0,0,0.005724932,0,False
p2-main-linear-d5-s211002-B400-c0.5-none,controlled,5,linear,211002,400,0.5,none,T2,selected,uniform,0.104483386,0.240719875,-0.136236489,0.0120359938,beneficial,0,1,0.136236489,0,False
p2-main-linear-d5-s211003-B100-c0.2-none,controlled,5,linear,211003,100,0.2,none,T2,selected,uniform,0.103676101,0.0991822034,0.0044938976,0.00495911017,neutral,0,0,-0.0044938976,0.0044938976,False
p2-main-linear-d5-s211003-B100-c0.5-none,controlled,5,linear,211003,100,0.5,none,T2,selected,uniform,0.134489665,0.148891819,-0.014402154,0.00744459095,beneficial,0,1,0.014402154,0,False
p2-main-linear-d5-s211003-B400-c0.2-none,controlled,5,linear,211003,400,0.2,none,T2,selected,uniform,0.142414262,0.05485597,0.087558292,0.0027427985,harmful,1,0,-0.087558292,0.087558292,False
p2-main-linear-d5-s211003-B400-c0.5-none,controlled,5,linear,211003,400,0.5,none,T2,selected,uniform,0.123489956,0.121372978,0.002116978,0.0060686489,neutral,0,0,-0.002116978,0.002116978,False
p2-main-linear-d5-s211004-B100-c0.2-none,controlled,5,linear,211004,100,0.2,none,T2,selected,uniform,0.0841747584,0.0981462176,-0.0139714592,0.00490731088,beneficial,0,1,0.0139714592,0,False
p2-main-linear-d5-s211004-B100-c0.5-none,controlled,5,linear,211004,100,0.5,none,T2,selected,uniform,0.314356287,0.34377789,-0.029421603,0.0171888945,beneficial,0,1,0.029421603,0,False
p2-main-linear-d5-s211004-B400-c0.2-none,controlled,5,linear,211004,400,0.2,none,T2,selected,uniform,0.0565914984,0.0647349196,-0.0081434212,0.00323674598,beneficial,0,1,0.0081434212,0,False
p2-main-linear-d5-s211004-B400-c0.5-none,controlled,5,linear,211004,400,0.5,none,T2,selected,uniform,0.143158394,0.360672851,-0.217514457,0.0180336426,beneficial,0,1,0.217514457,0,False
p2-main-linear-d5-s211005-B100-c0.2-none,controlled,5,linear,211005,100,0.2,none,T2,selected,uniform,0.0659222665,0.0796955054,-0.0137732389,0.00398477527,beneficial,0,1,0.0137732389,0,False
p2-main-linear-d5-s211005-B100-c0.5-none,controlled,5,linear,211005,100,0.5,none,T2,selected,uniform,0.104292929,0.200231527,-0.095938598,0.0100115764,beneficial,0,1,0.095938598,0,False
p2-main-linear-d5-s211005-B400-c0.2-none,controlled,5,linear,211005,400,0.2,none,T2,selected,uniform,0.102825347,0.0721770947,0.0306482523,0.00360885473,harmful,1,0,-0.0306482523,0.0306482523,False
p2-main-linear-d5-s211005-B400-c0.5-none,controlled,5,linear,211005,400,0.5,none,T2,selected,uniform,0.0911641245,0.199075013,-0.107910888,0.00995375065,beneficial,0,1,0.107910888,0,False
p2-main-nonlinear-d5-s212001-B100-c0.2-none,controlled,5,nonlinear,212001,100,0.2,none,T2,selected,uniform,0.170850068,0.173533442,-0.002683374,0.0086766721,neutral,0,0,0.002683374,0,False
p2-main-nonlinear-d5-s212001-B100-c0.5-none,controlled,5,nonlinear,212001,100,0.5,none,T2,selected,uniform,0.164686504,0.318806196,-0.154119692,0.0159403098,beneficial,0,1,0.154119692,0,False
p2-main-nonlinear-d5-s212001-B400-c0.2-none,controlled,5,nonlinear,212001,400,0.2,none,T2,selected,uniform,0.119069882,0.186340995,-0.067271113,0.00931704975,beneficial,0,1,0.067271113,0,False
p2-main-nonlinear-d5-s212001-B400-c0.5-none,controlled,5,nonlinear,212001,400,0.5,none,T2,selected,uniform,0.168531358,0.349838724,-0.181307366,0.0174919362,beneficial,0,1,0.181307366,0,False
p2-main-nonlinear-d5-s212002-B100-c0.2-none,controlled,5,nonlinear,212002,100,0.2,none,T2,selected,uniform,0.0838066737,0.0977151667,-0.013908493,0.00488575834,beneficial,0,1,0.013908493,0,False
p2-main-nonlinear-d5-s212002-B100-c0.5-none,controlled,5,nonlinear,212002,100,0.5,none,T2,selected,uniform,0.0929117526,0.156372577,-0.0634608244,0.00781862885,beneficial,0,1,0.0634608244,0,False
p2-main-nonlinear-d5-s212002-B400-c0.2-none,controlled,5,nonlinear,212002,400,0.2,none,T2,selected,uniform,0.0841146534,0.0811470846,0.0029675688,0.00405735423,neutral,0,0,-0.0029675688,0.0029675688,False
p2-main-nonlinear-d5-s212002-B400-c0.5-none,controlled,5,nonlinear,212002,400,0.5,none,T2,selected,uniform,0.0839825595,0.148316585,-0.0643340255,0.00741582925,beneficial,0,1,0.0643340255,0,False
p2-main-nonlinear-d5-s212003-B100-c0.2-none,controlled,5,nonlinear,212003,100,0.2,none,T2,selected,uniform,0.072192618,0.0866355797,-0.0144429617,0.00433177899,beneficial,0,1,0.0144429617,0,False
p2-main-nonlinear-d5-s212003-B100-c0.5-none,controlled,5,nonlinear,212003,100,0.5,none,T2,selected,uniform,0.140765091,0.140520831,0.00024426,0.00702604155,neutral,0,0,-0.00024426,0.00024426,False
p2-main-nonlinear-d5-s212003-B400-c0.2-none,controlled,5,nonlinear,212003,400,0.2,none,T2,selected,uniform,0.0633147856,0.0590520067,0.0042627789,0.00295260034,harmful,1,0,-0.0042627789,0.0042627789,False
p2-main-nonlinear-d5-s212003-B400-c0.5-none,controlled,5,nonlinear,212003,400,0.5,none,T2,selected,uniform,0.131201228,0.116246832,0.014954396,0.0058123416,harmful,1,0,-0.014954396,0.014954396,False
p2-main-nonlinear-d5-s212004-B100-c0.2-none,controlled,5,nonlinear,212004,100,0.2,none,T2,selected,uniform,0.0723329621,0.0822979684,-0.0099650063,0.00411489842,beneficial,0,1,0.0099650063,0,False
p2-main-nonlinear-d5-s212004-B100-c0.5-none,controlled,5,nonlinear,212004,100,0.5,none,T2,selected,uniform,0.0829412714,0.0926981022,-0.0097568308,0.00463490511,beneficial,0,1,0.0097568308,0,False
p2-main-nonlinear-d5-s212004-B400-c0.2-none,controlled,5,nonlinear,212004,400,0.2,none,T2,selected,uniform,0.0549674953,0.0662170748,-0.0112495795,0.00331085374,beneficial,0,1,0.0112495795,0,False
p2-main-nonlinear-d5-s212004-B400-c0.5-none,controlled,5,nonlinear,212004,400,0.5,none,T2,selected,uniform,0.0710774474,0.0824025087,-0.0113250613,0.00412012544,beneficial,0,1,0.0113250613,0,False
p2-main-nonlinear-d5-s212005-B100-c0.2-none,controlled,5,nonlinear,212005,100,0.2,none,T2,selected,uniform,0.0868042285,0.0885032589,-0.0016990304,0.00442516295,neutral,0,0,0.0016990304,0,False
p2-main-nonlinear-d5-s212005-B100-c0.5-none,controlled,5,nonlinear,212005,100,0.5,none,T2,selected,uniform,0.129058118,0.249166399,-0.120108281,0.01245832,beneficial,0,1,0.120108281,0,False
p2-main-nonlinear-d5-s212005-B400-c0.2-none,controlled,5,nonlinear,212005,400,0.2,none,T2,selected,uniform,0.0827023561,0.0820032308,0.0006991253,0.00410016154,neutral,0,0,-0.0006991253,0.0006991253,False
p2-main-nonlinear-d5-s212005-B400-c0.5-none,controlled,5,nonlinear,212005,400,0.5,none,T2,selected,uniform,0.158091165,0.26701281,-0.108921645,0.0133506405,beneficial,0,1,0.108921645,0,False
p2-main-heteroscedastic-d5-s213001-B100-c0.2-none,controlled,5,heteroscedastic,213001,100,0.2,none,T2,selected,uniform,0.145947178,0.245500272,-0.099553094,0.0122750136,beneficial,0,1,0.099553094,0,False
p2-main-heteroscedastic-d5-s213001-B100-c0.5-none,controlled,5,heteroscedastic,213001,100,0.5,none,T2,selected,uniform,0.173298404,0.370242685,-0.196944281,0.0185121343,beneficial,0,1,0.196944281,0,False
p2-main-heteroscedastic-d5-s213001-B400-c0.2-none,controlled,5,heteroscedastic,213001,400,0.2,none,T2,selected,uniform,0.103897912,0.265553753,-0.161655841,0.0132776877,beneficial,0,1,0.161655841,0,False
p2-main-heteroscedastic-d5-s213001-B400-c0.5-none,controlled,5,heteroscedastic,213001,400,0.5,none,T2,selected,uniform,0.107991715,0.306589946,-0.198598231,0.0153294973,beneficial,0,1,0.198598231,0,False
p2-main-heteroscedastic-d5-s213002-B100-c0.2-none,controlled,5,heteroscedastic,213002,100,0.2,none,T2,selected,uniform,0.1528307,0.0666200717,0.0862106283,0.00333100359,harmful,1,0,-0.0862106283,0.0862106283,False
p2-main-heteroscedastic-d5-s213002-B100-c0.5-none,controlled,5,heteroscedastic,213002,100,0.5,none,T2,selected,uniform,0.156266456,0.234716977,-0.078450521,0.0117358489,beneficial,0,1,0.078450521,0,False
p2-main-heteroscedastic-d5-s213002-B400-c0.2-none,controlled,5,heteroscedastic,213002,400,0.2,none,T2,selected,uniform,0.0533097697,0.0646487437,-0.011338974,0.00323243719,beneficial,0,1,0.011338974,0,False
p2-main-heteroscedastic-d5-s213002-B400-c0.5-none,controlled,5,heteroscedastic,213002,400,0.5,none,T2,selected,uniform,0.152145994,0.231920436,-0.079774442,0.0115960218,beneficial,0,1,0.079774442,0,False
p2-main-heteroscedastic-d5-s213003-B100-c0.2-none,controlled,5,heteroscedastic,213003,100,0.2,none,T2,selected,uniform,0.159287207,0.30209143,-0.142804223,0.0151045715,beneficial,0,1,0.142804223,0,False
p2-main-heteroscedastic-d5-s213003-B100-c0.5-none,controlled,5,heteroscedastic,213003,100,0.5,none,T2,selected,uniform,0.162393548,0.226105834,-0.063712286,0.0113052917,beneficial,0,1,0.063712286,0,False
p2-main-heteroscedastic-d5-s213003-B400-c0.2-none,controlled,5,heteroscedastic,213003,400,0.2,none,T2,selected,uniform,0.147986303,0.349091291,-0.201104988,0.0174545646,beneficial,0,1,0.201104988,0,False
p2-main-heteroscedastic-d5-s213003-B400-c0.5-none,controlled,5,heteroscedastic,213003,400,0.5,none,T2,selected,uniform,0.140794451,0.233936484,-0.093142033,0.0116968242,beneficial,0,1,0.093142033,0,False
p2-main-heteroscedastic-d5-s213004-B100-c0.2-none,controlled,5,heteroscedastic,213004,100,0.2,none,T2,selected,uniform,0.143527359,0.317974483,-0.174447124,0.0158987241,beneficial,0,1,0.174447124,0,False
p2-main-heteroscedastic-d5-s213004-B100-c0.5-none,controlled,5,heteroscedastic,213004,100,0.5,none,T2,selected,uniform,0.200926845,0.335130384,-0.134203539,0.0167565192,beneficial,0,1,0.134203539,0,False
p2-main-heteroscedastic-d5-s213004-B400-c0.2-none,controlled,5,heteroscedastic,213004,400,0.2,none,T2,selected,uniform,0.123125752,0.287883431,-0.164757679,0.0143941716,beneficial,0,1,0.164757679,0,False
p2-main-heteroscedastic-d5-s213004-B400-c0.5-none,controlled,5,heteroscedastic,213004,400,0.5,none,T2,selected,uniform,0.149932879,0.342879335,-0.192946456,0.0171439667,beneficial,0,1,0.192946456,0,False
p2-main-heteroscedastic-d5-s213005-B100-c0.2-none,controlled,5,heteroscedastic,213005,100,0.2,none,T2,selected,uniform,0.0950426335,0.0908666824,0.0041759511,0.00454333412,neutral,0,0,-0.0041759511,0.0041759511,False
p2-main-heteroscedastic-d5-s213005-B100-c0.5-none,controlled,5,heteroscedastic,213005,100,0.5,none,T2,selected,uniform,0.159212167,0.158364316,0.000847851,0.0079182158,neutral,0,0,-0.000847851,0.000847851,False
p2-main-heteroscedastic-d5-s213005-B400-c0.2-none,controlled,5,heteroscedastic,213005,400,0.2,none,T2,selected,uniform,0.0842374203,0.0645001469,0.0197372734,0.00322500735,harmful,1,0,-0.0197372734,0.0197372734,False
p2-main-heteroscedastic-d5-s213005-B400-c0.5-none,controlled,5,heteroscedastic,213005,400,0.5,none,T2,selected,uniform,0.106404349,0.138403304,-0.031998955,0.0069201652,beneficial,0,1,0.031998955,0,False
p2-chambers-B400-c-1-anonymous,real,6,real,244001,400,-1,anonymous,T2,before_audit,M3,0.134851247,0.146088257,-0.01123701,0.00730441285,beneficial,0,1,0.01123701,0,False
p2-chambers-B400-c-1-anonymous,real,6,real,244001,400,-1,anonymous,T2,before_audit,M4,0.134851247,0.146088257,-0.01123701,0.00730441285,beneficial,0,1,0.01123701,0,False
p2-chambers-B400-c-1-anonymous,real,6,real,244001,400,-1,anonymous,T2,before_audit,M5,0.145990953,0.146088257,-9.7304e-05,0.00730441285,neutral,0,0,9.7304e-05,0,False
p2-chambers-B400-c-1-anonymous,real,6,real,244001,400,-1,anonymous,T2,before_audit,llm_edit,0.219696581,0.146088257,0.073608324,0.00730441285,harmful,1,0,-0.073608324,0.073608324,False
p2-chambers-B400-c-1-anonymous,real,6,real,244001,400,-1,anonymous,T2,before_audit,random,0.134851247,0.146088257,-0.01123701,0.00730441285,beneficial,0,1,0.01123701,0,False
p2-chambers-B400-c-1-anonymous,real,6,real,244001,400,-1,anonymous,T2,before_audit,rho0,0.134851247,0.146088257,-0.01123701,0.00730441285,beneficial,0,1,0.01123701,0,False
p2-chambers-B400-c-1-anonymous,real,6,real,244001,400,-1,anonymous,T2,before_audit,tau0,0.138716072,0.146088257,-0.007372185,0.00730441285,beneficial,0,1,0.007372185,0,False
p2-chambers-B400-c-1-anonymous,real,6,real,244001,400,-1,anonymous,T2,before_audit,uniform,0.128826752,0.146088257,-0.017261505,0.00730441285,beneficial,0,1,0.017261505,0,False
p2-chambers-B400-c-1-anonymous,real,6,real,244001,400,-1,anonymous,T2,selected,M3,0.134851247,0.146088257,-0.01123701,0.00730441285,beneficial,0,1,0.01123701,0,False
p2-chambers-B400-c-1-anonymous,real,6,real,244001,400,-1,anonymous,T2,selected,M4,0.134851247,0.146088257,-0.01123701,0.00730441285,beneficial,0,1,0.01123701,0,False
p2-chambers-B400-c-1-anonymous,real,6,real,244001,400,-1,anonymous,T2,selected,M5,0.145990953,0.146088257,-9.7304e-05,0.00730441285,neutral,0,0,9.7304e-05,0,False
p2-chambers-B400-c-1-anonymous,real,6,real,244001,400,-1,anonymous,T2,selected,llm_edit,0.219696581,0.146088257,0.073608324,0.00730441285,harmful,1,0,-0.073608324,0.073608324,False
p2-chambers-B400-c-1-anonymous,real,6,real,244001,400,-1,anonymous,T2,selected,random,0.134851247,0.146088257,-0.01123701,0.00730441285,beneficial,0,1,0.01123701,0,False
p2-chambers-B400-c-1-anonymous,real,6,real,244001,400,-1,anonymous,T2,selected,rho0,0.134851247,0.146088257,-0.01123701,0.00730441285,beneficial,0,1,0.01123701,0,False
p2-chambers-B400-c-1-anonymous,real,6,real,244001,400,-1,anonymous,T2,selected,tau0,0.138716072,0.146088257,-0.007372185,0.00730441285,beneficial,0,1,0.007372185,0,False
p2-chambers-B400-c-1-anonymous,real,6,real,244001,400,-1,anonymous,T2,selected,uniform,0.128826752,0.146088257,-0.017261505,0.00730441285,beneficial,0,1,0.017261505,0,False
p2-chambers-B400-c-1-anonymous,real,6,real,244001,400,-1,anonymous,T2_exploratory,before_audit,M3,0.115376299,0.113103891,0.002272408,0.00565519455,neutral,0,0,-0.002272408,0.002272408,False
p2-chambers-B400-c-1-anonymous,real,6,real,244001,400,-1,anonymous,T2_exploratory,before_audit,M4,0.115376299,0.113103891,0.002272408,0.00565519455,neutral,0,0,-0.002272408,0.002272408,False
p2-chambers-B400-c-1-anonymous,real,6,real,244001,400,-1,anonymous,T2_exploratory,before_audit,M5,0.113104152,0.113103891,2.61e-07,0.00565519455,neutral,0,0,-2.61e-07,2.61e-07,False
p2-chambers-B400-c-1-anonymous,real,6,real,244001,400,-1,anonymous,T2_exploratory,before_audit,llm_edit,0.114318793,0.113103891,0.001214902,0.00565519455,neutral,0,0,-0.001214902,0.001214902,False
p2-chambers-B400-c-1-anonymous,real,6,real,244001,400,-1,anonymous,T2_exploratory,before_audit,random,0.115376299,0.113103891,0.002272408,0.00565519455,neutral,0,0,-0.002272408,0.002272408,False
p2-chambers-B400-c-1-anonymous,real,6,real,244001,400,-1,anonymous,T2_exploratory,before_audit,rho0,0.115376299,0.113103891,0.002272408,0.00565519455,neutral,0,0,-0.002272408,0.002272408,False
p2-chambers-B400-c-1-anonymous,real,6,real,244001,400,-1,anonymous,T2_exploratory,before_audit,tau0,0.114248753,0.113103891,0.001144862,0.00565519455,neutral,0,0,-0.001144862,0.001144862,False
p2-chambers-B400-c-1-anonymous,real,6,real,244001,400,-1,anonymous,T2_exploratory,before_audit,uniform,0.113932664,0.113103891,0.000828773,0.00565519455,neutral,0,0,-0.000828773,0.000828773,False
p2-chambers-B400-c-1-anonymous,real,6,real,244001,400,-1,anonymous,T2_exploratory,selected,M3,0.115376299,0.113103891,0.002272408,0.00565519455,neutral,0,0,-0.002272408,0.002272408,False
p2-chambers-B400-c-1-anonymous,real,6,real,244001,400,-1,anonymous,T2_exploratory,selected,M4,0.115376299,0.113103891,0.002272408,0.00565519455,neutral,0,0,-0.002272408,0.002272408,False
p2-chambers-B400-c-1-anonymous,real,6,real,244001,400,-1,anonymous,T2_exploratory,selected,M5,0.113104152,0.113103891,2.61e-07,0.00565519455,neutral,0,0,-2.61e-07,2.61e-07,False
p2-chambers-B400-c-1-anonymous,real,6,real,244001,400,-1,anonymous,T2_exploratory,selected,llm_edit,0.114318793,0.113103891,0.001214902,0.00565519455,neutral,0,0,-0.001214902,0.001214902,False
p2-chambers-B400-c-1-anonymous,real,6,real,244001,400,-1,anonymous,T2_exploratory,selected,random,0.115376299,0.113103891,0.002272408,0.00565519455,neutral,0,0,-0.002272408,0.002272408,False
p2-chambers-B400-c-1-anonymous,real,6,real,244001,400,-1,anonymous,T2_exploratory,selected,rho0,0.115376299,0.113103891,0.002272408,0.00565519455,neutral,0,0,-0.002272408,0.002272408,False
p2-chambers-B400-c-1-anonymous,real,6,real,244001,400,-1,anonymous,T2_exploratory,selected,tau0,0.114248753,0.113103891,0.001144862,0.00565519455,neutral,0,0,-0.001144862,0.001144862,False
p2-chambers-B400-c-1-anonymous,real,6,real,244001,400,-1,anonymous,T2_exploratory,selected,uniform,0.113932664,0.113103891,0.000828773,0.00565519455,neutral,0,0,-0.000828773,0.000828773,False
p2-chambers-B400-c-1-coherent,real,6,real,244001,400,-1,coherent,T2,before_audit,M3,0.134851247,0.146088257,-0.01123701,0.00730441285,beneficial,0,1,0.01123701,0,False
p2-chambers-B400-c-1-coherent,real,6,real,244001,400,-1,coherent,T2,before_audit,M4,0.134851247,0.146088257,-0.01123701,0.00730441285,beneficial,0,1,0.01123701,0,False
p2-chambers-B400-c-1-coherent,real,6,real,244001,400,-1,coherent,T2,before_audit,M5,0.145990953,0.146088257,-9.7304e-05,0.00730441285,neutral,0,0,9.7304e-05,0,False
p2-chambers-B400-c-1-coherent,real,6,real,244001,400,-1,coherent,T2,before_audit,llm_edit,0.219696581,0.146088257,0.073608324,0.00730441285,harmful,1,0,-0.073608324,0.073608324,False
p2-chambers-B400-c-1-coherent,real,6,real,244001,400,-1,coherent,T2,before_audit,random,0.134851247,0.146088257,-0.01123701,0.00730441285,beneficial,0,1,0.01123701,0,False
p2-chambers-B400-c-1-coherent,real,6,real,244001,400,-1,coherent,T2,before_audit,rho0,0.134851247,0.146088257,-0.01123701,0.00730441285,beneficial,0,1,0.01123701,0,False
p2-chambers-B400-c-1-coherent,real,6,real,244001,400,-1,coherent,T2,before_audit,tau0,0.138716072,0.146088257,-0.007372185,0.00730441285,beneficial,0,1,0.007372185,0,False
p2-chambers-B400-c-1-coherent,real,6,real,244001,400,-1,coherent,T2,before_audit,uniform,0.128826752,0.146088257,-0.017261505,0.00730441285,beneficial,0,1,0.017261505,0,False
p2-chambers-B400-c-1-coherent,real,6,real,244001,400,-1,coherent,T2,selected,M3,0.134851247,0.146088257,-0.01123701,0.00730441285,beneficial,0,1,0.01123701,0,False
p2-chambers-B400-c-1-coherent,real,6,real,244001,400,-1,coherent,T2,selected,M4,0.134851247,0.146088257,-0.01123701,0.00730441285,beneficial,0,1,0.01123701,0,False
p2-chambers-B400-c-1-coherent,real,6,real,244001,400,-1,coherent,T2,selected,M5,0.145990953,0.146088257,-9.7304e-05,0.00730441285,neutral,0,0,9.7304e-05,0,False
p2-chambers-B400-c-1-coherent,real,6,real,244001,400,-1,coherent,T2,selected,llm_edit,0.219696581,0.146088257,0.073608324,0.00730441285,harmful,1,0,-0.073608324,0.073608324,False
p2-chambers-B400-c-1-coherent,real,6,real,244001,400,-1,coherent,T2,selected,random,0.134851247,0.146088257,-0.01123701,0.00730441285,beneficial,0,1,0.01123701,0,False
p2-chambers-B400-c-1-coherent,real,6,real,244001,400,-1,coherent,T2,selected,rho0,0.134851247,0.146088257,-0.01123701,0.00730441285,beneficial,0,1,0.01123701,0,False
p2-chambers-B400-c-1-coherent,real,6,real,244001,400,-1,coherent,T2,selected,tau0,0.138716072,0.146088257,-0.007372185,0.00730441285,beneficial,0,1,0.007372185,0,False
p2-chambers-B400-c-1-coherent,real,6,real,244001,400,-1,coherent,T2,selected,uniform,0.128826752,0.146088257,-0.017261505,0.00730441285,beneficial,0,1,0.017261505,0,False
p2-chambers-B400-c-1-coherent,real,6,real,244001,400,-1,coherent,T2_exploratory,before_audit,M3,0.115376299,0.113103891,0.002272408,0.00565519455,neutral,0,0,-0.002272408,0.002272408,False
p2-chambers-B400-c-1-coherent,real,6,real,244001,400,-1,coherent,T2_exploratory,before_audit,M4,0.115376299,0.113103891,0.002272408,0.00565519455,neutral,0,0,-0.002272408,0.002272408,False
p2-chambers-B400-c-1-coherent,real,6,real,244001,400,-1,coherent,T2_exploratory,before_audit,M5,0.113104152,0.113103891,2.61e-07,0.00565519455,neutral,0,0,-2.61e-07,2.61e-07,False
p2-chambers-B400-c-1-coherent,real,6,real,244001,400,-1,coherent,T2_exploratory,before_audit,llm_edit,0.114318793,0.113103891,0.001214902,0.00565519455,neutral,0,0,-0.001214902,0.001214902,False
p2-chambers-B400-c-1-coherent,real,6,real,244001,400,-1,coherent,T2_exploratory,before_audit,random,0.115376299,0.113103891,0.002272408,0.00565519455,neutral,0,0,-0.002272408,0.002272408,False
p2-chambers-B400-c-1-coherent,real,6,real,244001,400,-1,coherent,T2_exploratory,before_audit,rho0,0.115376299,0.113103891,0.002272408,0.00565519455,neutral,0,0,-0.002272408,0.002272408,False
p2-chambers-B400-c-1-coherent,real,6,real,244001,400,-1,coherent,T2_exploratory,before_audit,tau0,0.114248753,0.113103891,0.001144862,0.00565519455,neutral,0,0,-0.001144862,0.001144862,False
p2-chambers-B400-c-1-coherent,real,6,real,244001,400,-1,coherent,T2_exploratory,before_audit,uniform,0.113932664,0.113103891,0.000828773,0.00565519455,neutral,0,0,-0.000828773,0.000828773,False
p2-chambers-B400-c-1-coherent,real,6,real,244001,400,-1,coherent,T2_exploratory,selected,M3,0.115376299,0.113103891,0.002272408,0.00565519455,neutral,0,0,-0.002272408,0.002272408,False
p2-chambers-B400-c-1-coherent,real,6,real,244001,400,-1,coherent,T2_exploratory,selected,M4,0.115376299,0.113103891,0.002272408,0.00565519455,neutral,0,0,-0.002272408,0.002272408,False
p2-chambers-B400-c-1-coherent,real,6,real,244001,400,-1,coherent,T2_exploratory,selected,M5,0.113104152,0.113103891,2.61e-07,0.00565519455,neutral,0,0,-2.61e-07,2.61e-07,False
p2-chambers-B400-c-1-coherent,real,6,real,244001,400,-1,coherent,T2_exploratory,selected,llm_edit,0.114318793,0.113103891,0.001214902,0.00565519455,neutral,0,0,-0.001214902,0.001214902,False
p2-chambers-B400-c-1-coherent,real,6,real,244001,400,-1,coherent,T2_exploratory,selected,random,0.115376299,0.113103891,0.002272408,0.00565519455,neutral,0,0,-0.002272408,0.002272408,False
p2-chambers-B400-c-1-coherent,real,6,real,244001,400,-1,coherent,T2_exploratory,selected,rho0,0.115376299,0.113103891,0.002272408,0.00565519455,neutral,0,0,-0.002272408,0.002272408,False
p2-chambers-B400-c-1-coherent,real,6,real,244001,400,-1,coherent,T2_exploratory,selected,tau0,0.114248753,0.113103891,0.001144862,0.00565519455,neutral,0,0,-0.001144862,0.001144862,False
p2-chambers-B400-c-1-coherent,real,6,real,244001,400,-1,coherent,T2_exploratory,selected,uniform,0.113932664,0.113103891,0.000828773,0.00565519455,neutral,0,0,-0.000828773,0.000828773,False
p2-chambers-B400-c-1-shuffled,real,6,real,244001,400,-1,shuffled,T2,before_audit,M3,0.134851247,0.146088257,-0.01123701,0.00730441285,beneficial,0,1,0.01123701,0,False
p2-chambers-B400-c-1-shuffled,real,6,real,244001,400,-1,shuffled,T2,before_audit,M4,0.134851247,0.146088257,-0.01123701,0.00730441285,beneficial,0,1,0.01123701,0,False
p2-chambers-B400-c-1-shuffled,real,6,real,244001,400,-1,shuffled,T2,before_audit,M5,0.145990953,0.146088257,-9.7304e-05,0.00730441285,neutral,0,0,9.7304e-05,0,False
p2-chambers-B400-c-1-shuffled,real,6,real,244001,400,-1,shuffled,T2,before_audit,llm_edit,0.219696581,0.146088257,0.073608324,0.00730441285,harmful,1,0,-0.073608324,0.073608324,False
p2-chambers-B400-c-1-shuffled,real,6,real,244001,400,-1,shuffled,T2,before_audit,random,0.134851247,0.146088257,-0.01123701,0.00730441285,beneficial,0,1,0.01123701,0,False
p2-chambers-B400-c-1-shuffled,real,6,real,244001,400,-1,shuffled,T2,before_audit,rho0,0.134851247,0.146088257,-0.01123701,0.00730441285,beneficial,0,1,0.01123701,0,False
p2-chambers-B400-c-1-shuffled,real,6,real,244001,400,-1,shuffled,T2,before_audit,tau0,0.138716072,0.146088257,-0.007372185,0.00730441285,beneficial,0,1,0.007372185,0,False
p2-chambers-B400-c-1-shuffled,real,6,real,244001,400,-1,shuffled,T2,before_audit,uniform,0.128826752,0.146088257,-0.017261505,0.00730441285,beneficial,0,1,0.017261505,0,False
p2-chambers-B400-c-1-shuffled,real,6,real,244001,400,-1,shuffled,T2,selected,M3,0.134851247,0.146088257,-0.01123701,0.00730441285,beneficial,0,1,0.01123701,0,False
p2-chambers-B400-c-1-shuffled,real,6,real,244001,400,-1,shuffled,T2,selected,M4,0.134851247,0.146088257,-0.01123701,0.00730441285,beneficial,0,1,0.01123701,0,False
p2-chambers-B400-c-1-shuffled,real,6,real,244001,400,-1,shuffled,T2,selected,M5,0.145990953,0.146088257,-9.7304e-05,0.00730441285,neutral,0,0,9.7304e-05,0,False
p2-chambers-B400-c-1-shuffled,real,6,real,244001,400,-1,shuffled,T2,selected,llm_edit,0.219696581,0.146088257,0.073608324,0.00730441285,harmful,1,0,-0.073608324,0.073608324,False
p2-chambers-B400-c-1-shuffled,real,6,real,244001,400,-1,shuffled,T2,selected,random,0.134851247,0.146088257,-0.01123701,0.00730441285,beneficial,0,1,0.01123701,0,False
p2-chambers-B400-c-1-shuffled,real,6,real,244001,400,-1,shuffled,T2,selected,rho0,0.134851247,0.146088257,-0.01123701,0.00730441285,beneficial,0,1,0.01123701,0,False
p2-chambers-B400-c-1-shuffled,real,6,real,244001,400,-1,shuffled,T2,selected,tau0,0.138716072,0.146088257,-0.007372185,0.00730441285,beneficial,0,1,0.007372185,0,False
p2-chambers-B400-c-1-shuffled,real,6,real,244001,400,-1,shuffled,T2,selected,uniform,0.128826752,0.146088257,-0.017261505,0.00730441285,beneficial,0,1,0.017261505,0,False
p2-chambers-B400-c-1-shuffled,real,6,real,244001,400,-1,shuffled,T2_exploratory,before_audit,M3,0.115376299,0.113103891,0.002272408,0.00565519455,neutral,0,0,-0.002272408,0.002272408,False
p2-chambers-B400-c-1-shuffled,real,6,real,244001,400,-1,shuffled,T2_exploratory,before_audit,M4,0.115376299,0.113103891,0.002272408,0.00565519455,neutral,0,0,-0.002272408,0.002272408,False
p2-chambers-B400-c-1-shuffled,real,6,real,244001,400,-1,shuffled,T2_exploratory,before_audit,M5,0.113104152,0.113103891,2.61e-07,0.00565519455,neutral,0,0,-2.61e-07,2.61e-07,False
p2-chambers-B400-c-1-shuffled,real,6,real,244001,400,-1,shuffled,T2_exploratory,before_audit,llm_edit,0.114318793,0.113103891,0.001214902,0.00565519455,neutral,0,0,-0.001214902,0.001214902,False
p2-chambers-B400-c-1-shuffled,real,6,real,244001,400,-1,shuffled,T2_exploratory,before_audit,random,0.115376299,0.113103891,0.002272408,0.00565519455,neutral,0,0,-0.002272408,0.002272408,False
p2-chambers-B400-c-1-shuffled,real,6,real,244001,400,-1,shuffled,T2_exploratory,before_audit,rho0,0.115376299,0.113103891,0.002272408,0.00565519455,neutral,0,0,-0.002272408,0.002272408,False
p2-chambers-B400-c-1-shuffled,real,6,real,244001,400,-1,shuffled,T2_exploratory,before_audit,tau0,0.114248753,0.113103891,0.001144862,0.00565519455,neutral,0,0,-0.001144862,0.001144862,False
p2-chambers-B400-c-1-shuffled,real,6,real,244001,400,-1,shuffled,T2_exploratory,before_audit,uniform,0.113932664,0.113103891,0.000828773,0.00565519455,neutral,0,0,-0.000828773,0.000828773,False
p2-chambers-B400-c-1-shuffled,real,6,real,244001,400,-1,shuffled,T2_exploratory,selected,M3,0.115376299,0.113103891,0.002272408,0.00565519455,neutral,0,0,-0.002272408,0.002272408,False
p2-chambers-B400-c-1-shuffled,real,6,real,244001,400,-1,shuffled,T2_exploratory,selected,M4,0.115376299,0.113103891,0.002272408,0.00565519455,neutral,0,0,-0.002272408,0.002272408,False
p2-chambers-B400-c-1-shuffled,real,6,real,244001,400,-1,shuffled,T2_exploratory,selected,M5,0.113104152,0.113103891,2.61e-07,0.00565519455,neutral,0,0,-2.61e-07,2.61e-07,False
p2-chambers-B400-c-1-shuffled,real,6,real,244001,400,-1,shuffled,T2_exploratory,selected,llm_edit,0.114318793,0.113103891,0.001214902,0.00565519455,neutral,0,0,-0.001214902,0.001214902,False
p2-chambers-B400-c-1-shuffled,real,6,real,244001,400,-1,shuffled,T2_exploratory,selected,random,0.115376299,0.113103891,0.002272408,0.00565519455,neutral,0,0,-0.002272408,0.002272408,False
p2-chambers-B400-c-1-shuffled,real,6,real,244001,400,-1,shuffled,T2_exploratory,selected,rho0,0.115376299,0.113103891,0.002272408,0.00565519455,neutral,0,0,-0.002272408,0.002272408,False
p2-chambers-B400-c-1-shuffled,real,6,real,244001,400,-1,shuffled,T2_exploratory,selected,tau0,0.114248753,0.113103891,0.001144862,0.00565519455,neutral,0,0,-0.001144862,0.001144862,False
p2-chambers-B400-c-1-shuffled,real,6,real,244001,400,-1,shuffled,T2_exploratory,selected,uniform,0.113932664,0.113103891,0.000828773,0.00565519455,neutral,0,0,-0.000828773,0.000828773,False
p2-main-heteroscedastic-d5-s241001-B100-semantic-c-1-anonymous,semantic,5,heteroscedastic,241001,100,-1,anonymous,T2,before_audit,M3,0.107896281,0.106074579,0.001821702,0.00530372895,neutral,0,0,-0.001821702,0.001821702,False
p2-main-heteroscedastic-d5-s241002-B100-semantic-c-1-anonymous,semantic,5,heteroscedastic,241002,100,-1,anonymous,T2,before_audit,M3,0.10950458,0.102012443,0.007492137,0.00510062215,harmful,1,0,-0.007492137,0.007492137,False
p2-main-heteroscedastic-d5-s241003-B100-semantic-c-1-anonymous,semantic,5,heteroscedastic,241003,100,-1,anonymous,T2,before_audit,M3,0.0819153984,0.0885089363,-0.0065935379,0.00442544682,beneficial,0,1,0.0065935379,0,False
p2-main-heteroscedastic-d5-s241004-B100-semantic-c-1-anonymous,semantic,5,heteroscedastic,241004,100,-1,anonymous,T2,before_audit,M3,0.114197418,0.085041215,0.029156203,0.00425206075,harmful,1,0,-0.029156203,0.029156203,False
p2-main-heteroscedastic-d5-s241005-B100-semantic-c-1-anonymous,semantic,5,heteroscedastic,241005,100,-1,anonymous,T2,before_audit,M3,0.183842992,0.117891302,0.06595169,0.0058945651,harmful,1,0,-0.06595169,0.06595169,False
p2-main-heteroscedastic-d5-s241001-B100-semantic-c-1-anonymous,semantic,5,heteroscedastic,241001,100,-1,anonymous,T2,before_audit,M4,0.134214888,0.106074579,0.028140309,0.00530372895,harmful,1,0,-0.028140309,0.028140309,False
p2-main-heteroscedastic-d5-s241002-B100-semantic-c-1-anonymous,semantic,5,heteroscedastic,241002,100,-1,anonymous,T2,before_audit,M4,0.10950458,0.102012443,0.007492137,0.00510062215,harmful,1,0,-0.007492137,0.007492137,False
p2-main-heteroscedastic-d5-s241003-B100-semantic-c-1-anonymous,semantic,5,heteroscedastic,241003,100,-1,anonymous,T2,before_audit,M4,0.0819153984,0.0885089363,-0.0065935379,0.00442544682,beneficial,0,1,0.0065935379,0,False
p2-main-heteroscedastic-d5-s241004-B100-semantic-c-1-anonymous,semantic,5,heteroscedastic,241004,100,-1,anonymous,T2,before_audit,M4,0.114197418,0.085041215,0.029156203,0.00425206075,harmful,1,0,-0.029156203,0.029156203,False
p2-main-heteroscedastic-d5-s241005-B100-semantic-c-1-anonymous,semantic,5,heteroscedastic,241005,100,-1,anonymous,T2,before_audit,M4,0.183842992,0.117891302,0.06595169,0.0058945651,harmful,1,0,-0.06595169,0.06595169,False
p2-main-heteroscedastic-d5-s241001-B100-semantic-c-1-anonymous,semantic,5,heteroscedastic,241001,100,-1,anonymous,T2,before_audit,M5,0.0814051827,0.106074579,-0.0246693963,0.00530372895,beneficial,0,1,0.0246693963,0,False
p2-main-heteroscedastic-d5-s241002-B100-semantic-c-1-anonymous,semantic,5,heteroscedastic,241002,100,-1,anonymous,T2,before_audit,M5,0.102255978,0.102012443,0.000243535,0.00510062215,neutral,0,0,-0.000243535,0.000243535,False
p2-main-heteroscedastic-d5-s241003-B100-semantic-c-1-anonymous,semantic,5,heteroscedastic,241003,100,-1,anonymous,T2,before_audit,M5,0.0674685389,0.0885089363,-0.0210403974,0.00442544682,beneficial,0,1,0.0210403974,0,False
p2-main-heteroscedastic-d5-s241004-B100-semantic-c-1-anonymous,semantic,5,heteroscedastic,241004,100,-1,anonymous,T2,before_audit,M5,0.085041215,0.085041215,0,0.00425206075,neutral,0,0,-0,0,False
p2-main-heteroscedastic-d5-s241005-B100-semantic-c-1-anonymous,semantic,5,heteroscedastic,241005,100,-1,anonymous,T2,before_audit,M5,0.116906583,0.117891302,-0.000984719,0.0058945651,neutral,0,0,0.000984719,0,False
p2-main-heteroscedastic-d5-s241001-B100-semantic-c-1-anonymous,semantic,5,heteroscedastic,241001,100,-1,anonymous,T2,before_audit,llm_edit,0.107896281,0.106074579,0.001821702,0.00530372895,neutral,0,0,-0.001821702,0.001821702,False
p2-main-heteroscedastic-d5-s241002-B100-semantic-c-1-anonymous,semantic,5,heteroscedastic,241002,100,-1,anonymous,T2,before_audit,llm_edit,0.10950458,0.102012443,0.007492137,0.00510062215,harmful,1,0,-0.007492137,0.007492137,False
p2-main-heteroscedastic-d5-s241003-B100-semantic-c-1-anonymous,semantic,5,heteroscedastic,241003,100,-1,anonymous,T2,before_audit,llm_edit,0.165813307,0.0885089363,0.0773043707,0.00442544682,harmful,1,0,-0.0773043707,0.0773043707,False
p2-main-heteroscedastic-d5-s241004-B100-semantic-c-1-anonymous,semantic,5,heteroscedastic,241004,100,-1,anonymous,T2,before_audit,llm_edit,0.132144839,0.085041215,0.047103624,0.00425206075,harmful,1,0,-0.047103624,0.047103624,False
p2-main-heteroscedastic-d5-s241005-B100-semantic-c-1-anonymous,semantic,5,heteroscedastic,241005,100,-1,anonymous,T2,before_audit,llm_edit,0.117655093,0.117891302,-0.000236209,0.0058945651,neutral,0,0,0.000236209,0,False
p2-main-heteroscedastic-d5-s241001-B100-semantic-c-1-anonymous,semantic,5,heteroscedastic,241001,100,-1,anonymous,T2,before_audit,random,0.130188947,0.106074579,0.024114368,0.00530372895,harmful,1,0,-0.024114368,0.024114368,False
p2-main-heteroscedastic-d5-s241002-B100-semantic-c-1-anonymous,semantic,5,heteroscedastic,241002,100,-1,anonymous,T2,before_audit,random,0.091832613,0.102012443,-0.01017983,0.00510062215,beneficial,0,1,0.01017983,0,False
p2-main-heteroscedastic-d5-s241003-B100-semantic-c-1-anonymous,semantic,5,heteroscedastic,241003,100,-1,anonymous,T2,before_audit,random,0.0819153984,0.0885089363,-0.0065935379,0.00442544682,beneficial,0,1,0.0065935379,0,False
p2-main-heteroscedastic-d5-s241004-B100-semantic-c-1-anonymous,semantic,5,heteroscedastic,241004,100,-1,anonymous,T2,before_audit,random,0.114197418,0.085041215,0.029156203,0.00425206075,harmful,1,0,-0.029156203,0.029156203,False
p2-main-heteroscedastic-d5-s241005-B100-semantic-c-1-anonymous,semantic,5,heteroscedastic,241005,100,-1,anonymous,T2,before_audit,random,0.183842992,0.117891302,0.06595169,0.0058945651,harmful,1,0,-0.06595169,0.06595169,False
p2-main-heteroscedastic-d5-s241001-B100-semantic-c-1-anonymous,semantic,5,heteroscedastic,241001,100,-1,anonymous,T2,before_audit,rho0,0.107896281,0.106074579,0.001821702,0.00530372895,neutral,0,0,-0.001821702,0.001821702,False
p2-main-heteroscedastic-d5-s241002-B100-semantic-c-1-anonymous,semantic,5,heteroscedastic,241002,100,-1,anonymous,T2,before_audit,rho0,0.10950458,0.102012443,0.007492137,0.00510062215,harmful,1,0,-0.007492137,0.007492137,False
p2-main-heteroscedastic-d5-s241003-B100-semantic-c-1-anonymous,semantic,5,heteroscedastic,241003,100,-1,anonymous,T2,before_audit,rho0,0.0819153984,0.0885089363,-0.0065935379,0.00442544682,beneficial,0,1,0.0065935379,0,False
p2-main-heteroscedastic-d5-s241004-B100-semantic-c-1-anonymous,semantic,5,heteroscedastic,241004,100,-1,anonymous,T2,before_audit,rho0,0.114197418,0.085041215,0.029156203,0.00425206075,harmful,1,0,-0.029156203,0.029156203,False
p2-main-heteroscedastic-d5-s241005-B100-semantic-c-1-anonymous,semantic,5,heteroscedastic,241005,100,-1,anonymous,T2,before_audit,rho0,0.183842992,0.117891302,0.06595169,0.0058945651,harmful,1,0,-0.06595169,0.06595169,False
p2-main-heteroscedastic-d5-s241001-B100-semantic-c-1-anonymous,semantic,5,heteroscedastic,241001,100,-1,anonymous,T2,before_audit,tau0,0.132859004,0.106074579,0.026784425,0.00530372895,harmful,1,0,-0.026784425,0.026784425,False
p2-main-heteroscedastic-d5-s241002-B100-semantic-c-1-anonymous,semantic,5,heteroscedastic,241002,100,-1,anonymous,T2,before_audit,tau0,0.123904109,0.102012443,0.021891666,0.00510062215,harmful,1,0,-0.021891666,0.021891666,False
p2-main-heteroscedastic-d5-s241003-B100-semantic-c-1-anonymous,semantic,5,heteroscedastic,241003,100,-1,anonymous,T2,before_audit,tau0,0.0819153984,0.0885089363,-0.0065935379,0.00442544682,beneficial,0,1,0.0065935379,0,False
p2-main-heteroscedastic-d5-s241004-B100-semantic-c-1-anonymous,semantic,5,heteroscedastic,241004,100,-1,anonymous,T2,before_audit,tau0,0.085041215,0.085041215,0,0.00425206075,neutral,0,0,-0,0,False
p2-main-heteroscedastic-d5-s241005-B100-semantic-c-1-anonymous,semantic,5,heteroscedastic,241005,100,-1,anonymous,T2,before_audit,tau0,0.113413468,0.117891302,-0.004477834,0.0058945651,neutral,0,0,0.004477834,0,False
p2-main-heteroscedastic-d5-s241001-B100-semantic-c-1-anonymous,semantic,5,heteroscedastic,241001,100,-1,anonymous,T2,before_audit,uniform,0.0894892414,0.106074579,-0.0165853376,0.00530372895,beneficial,0,1,0.0165853376,0,False
p2-main-heteroscedastic-d5-s241002-B100-semantic-c-1-anonymous,semantic,5,heteroscedastic,241002,100,-1,anonymous,T2,before_audit,uniform,0.110536747,0.102012443,0.008524304,0.00510062215,harmful,1,0,-0.008524304,0.008524304,False
p2-main-heteroscedastic-d5-s241003-B100-semantic-c-1-anonymous,semantic,5,heteroscedastic,241003,100,-1,anonymous,T2,before_audit,uniform,0.0661139662,0.0885089363,-0.0223949701,0.00442544682,beneficial,0,1,0.0223949701,0,False
p2-main-heteroscedastic-d5-s241004-B100-semantic-c-1-anonymous,semantic,5,heteroscedastic,241004,100,-1,anonymous,T2,before_audit,uniform,0.0883751462,0.085041215,0.0033339312,0.00425206075,neutral,0,0,-0.0033339312,0.0033339312,False
p2-main-heteroscedastic-d5-s241005-B100-semantic-c-1-anonymous,semantic,5,heteroscedastic,241005,100,-1,anonymous,T2,before_audit,uniform,0.113111444,0.117891302,-0.004779858,0.0058945651,neutral,0,0,0.004779858,0,False
p2-main-heteroscedastic-d5-s241001-B100-semantic-c-1-anonymous,semantic,5,heteroscedastic,241001,100,-1,anonymous,T2,selected,M3,0.106074579,0.106074579,0,0.00530372895,neutral,0,0,-0,0,True
p2-main-heteroscedastic-d5-s241002-B100-semantic-c-1-anonymous,semantic,5,heteroscedastic,241002,100,-1,anonymous,T2,selected,M3,0.10950458,0.102012443,0.007492137,0.00510062215,harmful,1,0,-0.007492137,0.007492137,False
p2-main-heteroscedastic-d5-s241003-B100-semantic-c-1-anonymous,semantic,5,heteroscedastic,241003,100,-1,anonymous,T2,selected,M3,0.0819153984,0.0885089363,-0.0065935379,0.00442544682,beneficial,0,1,0.0065935379,0,False
p2-main-heteroscedastic-d5-s241004-B100-semantic-c-1-anonymous,semantic,5,heteroscedastic,241004,100,-1,anonymous,T2,selected,M3,0.114197418,0.085041215,0.029156203,0.00425206075,harmful,1,0,-0.029156203,0.029156203,False
p2-main-heteroscedastic-d5-s241005-B100-semantic-c-1-anonymous,semantic,5,heteroscedastic,241005,100,-1,anonymous,T2,selected,M3,0.183842992,0.117891302,0.06595169,0.0058945651,harmful,1,0,-0.06595169,0.06595169,False
p2-main-heteroscedastic-d5-s241001-B100-semantic-c-1-anonymous,semantic,5,heteroscedastic,241001,100,-1,anonymous,T2,selected,M4,0.106074579,0.106074579,0,0.00530372895,neutral,0,0,-0,0,True
p2-main-heteroscedastic-d5-s241002-B100-semantic-c-1-anonymous,semantic,5,heteroscedastic,241002,100,-1,anonymous,T2,selected,M4,0.10950458,0.102012443,0.007492137,0.00510062215,harmful,1,0,-0.007492137,0.007492137,False
p2-main-heteroscedastic-d5-s241003-B100-semantic-c-1-anonymous,semantic,5,heteroscedastic,241003,100,-1,anonymous,T2,selected,M4,0.0819153984,0.0885089363,-0.0065935379,0.00442544682,beneficial,0,1,0.0065935379,0,False
p2-main-heteroscedastic-d5-s241004-B100-semantic-c-1-anonymous,semantic,5,heteroscedastic,241004,100,-1,anonymous,T2,selected,M4,0.114197418,0.085041215,0.029156203,0.00425206075,harmful,1,0,-0.029156203,0.029156203,False
p2-main-heteroscedastic-d5-s241005-B100-semantic-c-1-anonymous,semantic,5,heteroscedastic,241005,100,-1,anonymous,T2,selected,M4,0.183842992,0.117891302,0.06595169,0.0058945651,harmful,1,0,-0.06595169,0.06595169,False
p2-main-heteroscedastic-d5-s241001-B100-semantic-c-1-anonymous,semantic,5,heteroscedastic,241001,100,-1,anonymous,T2,selected,M5,0.0814051827,0.106074579,-0.0246693963,0.00530372895,beneficial,0,1,0.0246693963,0,False
p2-main-heteroscedastic-d5-s241002-B100-semantic-c-1-anonymous,semantic,5,heteroscedastic,241002,100,-1,anonymous,T2,selected,M5,0.102255978,0.102012443,0.000243535,0.00510062215,neutral,0,0,-0.000243535,0.000243535,False
p2-main-heteroscedastic-d5-s241003-B100-semantic-c-1-anonymous,semantic,5,heteroscedastic,241003,100,-1,anonymous,T2,selected,M5,0.0674685389,0.0885089363,-0.0210403974,0.00442544682,beneficial,0,1,0.0210403974,0,False
p2-main-heteroscedastic-d5-s241004-B100-semantic-c-1-anonymous,semantic,5,heteroscedastic,241004,100,-1,anonymous,T2,selected,M5,0.085041215,0.085041215,0,0.00425206075,neutral,0,0,-0,0,False
p2-main-heteroscedastic-d5-s241005-B100-semantic-c-1-anonymous,semantic,5,heteroscedastic,241005,100,-1,anonymous,T2,selected,M5,0.116906583,0.117891302,-0.000984719,0.0058945651,neutral,0,0,0.000984719,0,False
p2-main-heteroscedastic-d5-s241001-B100-semantic-c-1-anonymous,semantic,5,heteroscedastic,241001,100,-1,anonymous,T2,selected,llm_edit,0.106074579,0.106074579,0,0.00530372895,neutral,0,0,-0,0,True
p2-main-heteroscedastic-d5-s241002-B100-semantic-c-1-anonymous,semantic,5,heteroscedastic,241002,100,-1,anonymous,T2,selected,llm_edit,0.10950458,0.102012443,0.007492137,0.00510062215,harmful,1,0,-0.007492137,0.007492137,False
p2-main-heteroscedastic-d5-s241003-B100-semantic-c-1-anonymous,semantic,5,heteroscedastic,241003,100,-1,anonymous,T2,selected,llm_edit,0.0885089363,0.0885089363,0,0.00442544682,neutral,0,0,-0,0,True
p2-main-heteroscedastic-d5-s241004-B100-semantic-c-1-anonymous,semantic,5,heteroscedastic,241004,100,-1,anonymous,T2,selected,llm_edit,0.132144839,0.085041215,0.047103624,0.00425206075,harmful,1,0,-0.047103624,0.047103624,False
p2-main-heteroscedastic-d5-s241005-B100-semantic-c-1-anonymous,semantic,5,heteroscedastic,241005,100,-1,anonymous,T2,selected,llm_edit,0.117655093,0.117891302,-0.000236209,0.0058945651,neutral,0,0,0.000236209,0,False
p2-main-heteroscedastic-d5-s241001-B100-semantic-c-1-anonymous,semantic,5,heteroscedastic,241001,100,-1,anonymous,T2,selected,random,0.106074579,0.106074579,0,0.00530372895,neutral,0,0,-0,0,True
p2-main-heteroscedastic-d5-s241002-B100-semantic-c-1-anonymous,semantic,5,heteroscedastic,241002,100,-1,anonymous,T2,selected,random,0.091832613,0.102012443,-0.01017983,0.00510062215,beneficial,0,1,0.01017983,0,False
p2-main-heteroscedastic-d5-s241003-B100-semantic-c-1-anonymous,semantic,5,heteroscedastic,241003,100,-1,anonymous,T2,selected,random,0.0819153984,0.0885089363,-0.0065935379,0.00442544682,beneficial,0,1,0.0065935379,0,False
p2-main-heteroscedastic-d5-s241004-B100-semantic-c-1-anonymous,semantic,5,heteroscedastic,241004,100,-1,anonymous,T2,selected,random,0.114197418,0.085041215,0.029156203,0.00425206075,harmful,1,0,-0.029156203,0.029156203,False
p2-main-heteroscedastic-d5-s241005-B100-semantic-c-1-anonymous,semantic,5,heteroscedastic,241005,100,-1,anonymous,T2,selected,random,0.183842992,0.117891302,0.06595169,0.0058945651,harmful,1,0,-0.06595169,0.06595169,False
p2-main-heteroscedastic-d5-s241001-B100-semantic-c-1-anonymous,semantic,5,heteroscedastic,241001,100,-1,anonymous,T2,selected,rho0,0.106074579,0.106074579,0,0.00530372895,neutral,0,0,-0,0,True
p2-main-heteroscedastic-d5-s241002-B100-semantic-c-1-anonymous,semantic,5,heteroscedastic,241002,100,-1,anonymous,T2,selected,rho0,0.10950458,0.102012443,0.007492137,0.00510062215,harmful,1,0,-0.007492137,0.007492137,False
p2-main-heteroscedastic-d5-s241003-B100-semantic-c-1-anonymous,semantic,5,heteroscedastic,241003,100,-1,anonymous,T2,selected,rho0,0.0819153984,0.0885089363,-0.0065935379,0.00442544682,beneficial,0,1,0.0065935379,0,False
p2-main-heteroscedastic-d5-s241004-B100-semantic-c-1-anonymous,semantic,5,heteroscedastic,241004,100,-1,anonymous,T2,selected,rho0,0.114197418,0.085041215,0.029156203,0.00425206075,harmful,1,0,-0.029156203,0.029156203,False
p2-main-heteroscedastic-d5-s241005-B100-semantic-c-1-anonymous,semantic,5,heteroscedastic,241005,100,-1,anonymous,T2,selected,rho0,0.183842992,0.117891302,0.06595169,0.0058945651,harmful,1,0,-0.06595169,0.06595169,False
p2-main-heteroscedastic-d5-s241001-B100-semantic-c-1-anonymous,semantic,5,heteroscedastic,241001,100,-1,anonymous,T2,selected,tau0,0.106074579,0.106074579,0,0.00530372895,neutral,0,0,-0,0,True
p2-main-heteroscedastic-d5-s241002-B100-semantic-c-1-anonymous,semantic,5,heteroscedastic,241002,100,-1,anonymous,T2,selected,tau0,0.123904109,0.102012443,0.021891666,0.00510062215,harmful,1,0,-0.021891666,0.021891666,False
p2-main-heteroscedastic-d5-s241003-B100-semantic-c-1-anonymous,semantic,5,heteroscedastic,241003,100,-1,anonymous,T2,selected,tau0,0.0819153984,0.0885089363,-0.0065935379,0.00442544682,beneficial,0,1,0.0065935379,0,False
p2-main-heteroscedastic-d5-s241004-B100-semantic-c-1-anonymous,semantic,5,heteroscedastic,241004,100,-1,anonymous,T2,selected,tau0,0.085041215,0.085041215,0,0.00425206075,neutral,0,0,-0,0,False
p2-main-heteroscedastic-d5-s241005-B100-semantic-c-1-anonymous,semantic,5,heteroscedastic,241005,100,-1,anonymous,T2,selected,tau0,0.113413468,0.117891302,-0.004477834,0.0058945651,neutral,0,0,0.004477834,0,False
p2-main-heteroscedastic-d5-s241001-B100-semantic-c-1-anonymous,semantic,5,heteroscedastic,241001,100,-1,anonymous,T2,selected,uniform,0.0894892414,0.106074579,-0.0165853376,0.00530372895,beneficial,0,1,0.0165853376,0,False
p2-main-heteroscedastic-d5-s241002-B100-semantic-c-1-anonymous,semantic,5,heteroscedastic,241002,100,-1,anonymous,T2,selected,uniform,0.110536747,0.102012443,0.008524304,0.00510062215,harmful,1,0,-0.008524304,0.008524304,False
p2-main-heteroscedastic-d5-s241003-B100-semantic-c-1-anonymous,semantic,5,heteroscedastic,241003,100,-1,anonymous,T2,selected,uniform,0.0661139662,0.0885089363,-0.0223949701,0.00442544682,beneficial,0,1,0.0223949701,0,False
p2-main-heteroscedastic-d5-s241004-B100-semantic-c-1-anonymous,semantic,5,heteroscedastic,241004,100,-1,anonymous,T2,selected,uniform,0.0883751462,0.085041215,0.0033339312,0.00425206075,neutral,0,0,-0.0033339312,0.0033339312,False
p2-main-heteroscedastic-d5-s241005-B100-semantic-c-1-anonymous,semantic,5,heteroscedastic,241005,100,-1,anonymous,T2,selected,uniform,0.113111444,0.117891302,-0.004779858,0.0058945651,neutral,0,0,0.004779858,0,False
p2-main-heteroscedastic-d5-s241001-B100-semantic-c-1-coherent,semantic,5,heteroscedastic,241001,100,-1,coherent,T2,before_audit,M3,0.102710595,0.0807369327,0.0219736623,0.00403684663,harmful,1,0,-0.0219736623,0.0219736623,False
p2-main-heteroscedastic-d5-s241002-B100-semantic-c-1-coherent,semantic,5,heteroscedastic,241002,100,-1,coherent,T2,before_audit,M3,0.10950458,0.106453973,0.003050607,0.00532269865,neutral,0,0,-0.003050607,0.003050607,False
p2-main-heteroscedastic-d5-s241003-B100-semantic-c-1-coherent,semantic,5,heteroscedastic,241003,100,-1,coherent,T2,before_audit,M3,0.0819153984,0.0885089363,-0.0065935379,0.00442544682,beneficial,0,1,0.0065935379,0,False
p2-main-heteroscedastic-d5-s241004-B100-semantic-c-1-coherent,semantic,5,heteroscedastic,241004,100,-1,coherent,T2,before_audit,M3,0.114197418,0.0794191882,0.0347782298,0.00397095941,harmful,1,0,-0.0347782298,0.0347782298,False
p2-main-heteroscedastic-d5-s241005-B100-semantic-c-1-coherent,semantic,5,heteroscedastic,241005,100,-1,coherent,T2,before_audit,M3,0.171968381,0.126827729,0.045140652,0.00634138645,harmful,1,0,-0.045140652,0.045140652,False
p2-main-heteroscedastic-d5-s241001-B100-semantic-c-1-coherent,semantic,5,heteroscedastic,241001,100,-1,coherent,T2,before_audit,M4,0.102710595,0.0807369327,0.0219736623,0.00403684663,harmful,1,0,-0.0219736623,0.0219736623,False
p2-main-heteroscedastic-d5-s241002-B100-semantic-c-1-coherent,semantic,5,heteroscedastic,241002,100,-1,coherent,T2,before_audit,M4,0.10950458,0.106453973,0.003050607,0.00532269865,neutral,0,0,-0.003050607,0.003050607,False
p2-main-heteroscedastic-d5-s241003-B100-semantic-c-1-coherent,semantic,5,heteroscedastic,241003,100,-1,coherent,T2,before_audit,M4,0.0819153984,0.0885089363,-0.0065935379,0.00442544682,beneficial,0,1,0.0065935379,0,False
p2-main-heteroscedastic-d5-s241004-B100-semantic-c-1-coherent,semantic,5,heteroscedastic,241004,100,-1,coherent,T2,before_audit,M4,0.0794191882,0.0794191882,0,0.00397095941,neutral,0,0,-0,0,True
p2-main-heteroscedastic-d5-s241005-B100-semantic-c-1-coherent,semantic,5,heteroscedastic,241005,100,-1,coherent,T2,before_audit,M4,0.171968381,0.126827729,0.045140652,0.00634138645,harmful,1,0,-0.045140652,0.045140652,False
p2-main-heteroscedastic-d5-s241001-B100-semantic-c-1-coherent,semantic,5,heteroscedastic,241001,100,-1,coherent,T2,before_audit,M5,0.0804115012,0.0807369327,-0.0003254315,0.00403684663,neutral,0,0,0.0003254315,0,False
p2-main-heteroscedastic-d5-s241002-B100-semantic-c-1-coherent,semantic,5,heteroscedastic,241002,100,-1,coherent,T2,before_audit,M5,0.106555007,0.106453973,0.000101034,0.00532269865,neutral,0,0,-0.000101034,0.000101034,False
p2-main-heteroscedastic-d5-s241003-B100-semantic-c-1-coherent,semantic,5,heteroscedastic,241003,100,-1,coherent,T2,before_audit,M5,0.0674685389,0.0885089363,-0.0210403974,0.00442544682,beneficial,0,1,0.0210403974,0,False
p2-main-heteroscedastic-d5-s241004-B100-semantic-c-1-coherent,semantic,5,heteroscedastic,241004,100,-1,coherent,T2,before_audit,M5,0.0777651866,0.0794191882,-0.0016540016,0.00397095941,neutral,0,0,0.0016540016,0,False
p2-main-heteroscedastic-d5-s241005-B100-semantic-c-1-coherent,semantic,5,heteroscedastic,241005,100,-1,coherent,T2,before_audit,M5,0.130322762,0.126827729,0.003495033,0.00634138645,neutral,0,0,-0.003495033,0.003495033,False
p2-main-heteroscedastic-d5-s241001-B100-semantic-c-1-coherent,semantic,5,heteroscedastic,241001,100,-1,coherent,T2,before_audit,llm_edit,0.106074579,0.0807369327,0.0253376463,0.00403684663,harmful,1,0,-0.0253376463,0.0253376463,False
p2-main-heteroscedastic-d5-s241002-B100-semantic-c-1-coherent,semantic,5,heteroscedastic,241002,100,-1,coherent,T2,before_audit,llm_edit,0.109674074,0.106453973,0.003220101,0.00532269865,neutral,0,0,-0.003220101,0.003220101,False
p2-main-heteroscedastic-d5-s241003-B100-semantic-c-1-coherent,semantic,5,heteroscedastic,241003,100,-1,coherent,T2,before_audit,llm_edit,0.0885089363,0.0885089363,0,0.00442544682,neutral,0,0,-0,0,True
p2-main-heteroscedastic-d5-s241004-B100-semantic-c-1-coherent,semantic,5,heteroscedastic,241004,100,-1,coherent,T2,before_audit,llm_edit,0.114197418,0.0794191882,0.0347782298,0.00397095941,harmful,1,0,-0.0347782298,0.0347782298,False
p2-main-heteroscedastic-d5-s241005-B100-semantic-c-1-coherent,semantic,5,heteroscedastic,241005,100,-1,coherent,T2,before_audit,llm_edit,0.171968381,0.126827729,0.045140652,0.00634138645,harmful,1,0,-0.045140652,0.045140652,False
p2-main-heteroscedastic-d5-s241001-B100-semantic-c-1-coherent,semantic,5,heteroscedastic,241001,100,-1,coherent,T2,before_audit,random,0.102710595,0.0807369327,0.0219736623,0.00403684663,harmful,1,0,-0.0219736623,0.0219736623,False
p2-main-heteroscedastic-d5-s241002-B100-semantic-c-1-coherent,semantic,5,heteroscedastic,241002,100,-1,coherent,T2,before_audit,random,0.0961956978,0.106453973,-0.0102582752,0.00532269865,beneficial,0,1,0.0102582752,0,False
p2-main-heteroscedastic-d5-s241003-B100-semantic-c-1-coherent,semantic,5,heteroscedastic,241003,100,-1,coherent,T2,before_audit,random,0.0819153984,0.0885089363,-0.0065935379,0.00442544682,beneficial,0,1,0.0065935379,0,False
p2-main-heteroscedastic-d5-s241004-B100-semantic-c-1-coherent,semantic,5,heteroscedastic,241004,100,-1,coherent,T2,before_audit,random,0.114197418,0.0794191882,0.0347782298,0.00397095941,harmful,1,0,-0.0347782298,0.0347782298,False
p2-main-heteroscedastic-d5-s241005-B100-semantic-c-1-coherent,semantic,5,heteroscedastic,241005,100,-1,coherent,T2,before_audit,random,0.164049561,0.126827729,0.037221832,0.00634138645,harmful,1,0,-0.037221832,0.037221832,False
p2-main-heteroscedastic-d5-s241001-B100-semantic-c-1-coherent,semantic,5,heteroscedastic,241001,100,-1,coherent,T2,before_audit,rho0,0.102710595,0.0807369327,0.0219736623,0.00403684663,harmful,1,0,-0.0219736623,0.0219736623,False
p2-main-heteroscedastic-d5-s241002-B100-semantic-c-1-coherent,semantic,5,heteroscedastic,241002,100,-1,coherent,T2,before_audit,rho0,0.10950458,0.106453973,0.003050607,0.00532269865,neutral,0,0,-0.003050607,0.003050607,False
p2-main-heteroscedastic-d5-s241003-B100-semantic-c-1-coherent,semantic,5,heteroscedastic,241003,100,-1,coherent,T2,before_audit,rho0,0.0819153984,0.0885089363,-0.0065935379,0.00442544682,beneficial,0,1,0.0065935379,0,False
p2-main-heteroscedastic-d5-s241004-B100-semantic-c-1-coherent,semantic,5,heteroscedastic,241004,100,-1,coherent,T2,before_audit,rho0,0.114197418,0.0794191882,0.0347782298,0.00397095941,harmful,1,0,-0.0347782298,0.0347782298,False
p2-main-heteroscedastic-d5-s241005-B100-semantic-c-1-coherent,semantic,5,heteroscedastic,241005,100,-1,coherent,T2,before_audit,rho0,0.171968381,0.126827729,0.045140652,0.00634138645,harmful,1,0,-0.045140652,0.045140652,False
p2-main-heteroscedastic-d5-s241001-B100-semantic-c-1-coherent,semantic,5,heteroscedastic,241001,100,-1,coherent,T2,before_audit,tau0,0.0845129043,0.0807369327,0.0037759716,0.00403684663,neutral,0,0,-0.0037759716,0.0037759716,False
p2-main-heteroscedastic-d5-s241002-B100-semantic-c-1-coherent,semantic,5,heteroscedastic,241002,100,-1,coherent,T2,before_audit,tau0,0.123904109,0.106453973,0.017450136,0.00532269865,harmful,1,0,-0.017450136,0.017450136,False
p2-main-heteroscedastic-d5-s241003-B100-semantic-c-1-coherent,semantic,5,heteroscedastic,241003,100,-1,coherent,T2,before_audit,tau0,0.0819153984,0.0885089363,-0.0065935379,0.00442544682,beneficial,0,1,0.0065935379,0,False
p2-main-heteroscedastic-d5-s241004-B100-semantic-c-1-coherent,semantic,5,heteroscedastic,241004,100,-1,coherent,T2,before_audit,tau0,0.0761328489,0.0794191882,-0.0032863393,0.00397095941,neutral,0,0,0.0032863393,0,False
p2-main-heteroscedastic-d5-s241005-B100-semantic-c-1-coherent,semantic,5,heteroscedastic,241005,100,-1,coherent,T2,before_audit,tau0,0.171968381,0.126827729,0.045140652,0.00634138645,harmful,1,0,-0.045140652,0.045140652,False
p2-main-heteroscedastic-d5-s241001-B100-semantic-c-1-coherent,semantic,5,heteroscedastic,241001,100,-1,coherent,T2,before_audit,uniform,0.0827702209,0.0807369327,0.0020332882,0.00403684663,neutral,0,0,-0.0020332882,0.0020332882,False
p2-main-heteroscedastic-d5-s241002-B100-semantic-c-1-coherent,semantic,5,heteroscedastic,241002,100,-1,coherent,T2,before_audit,uniform,0.111778716,0.106453973,0.005324743,0.00532269865,harmful,1,0,-0.005324743,0.005324743,False
p2-main-heteroscedastic-d5-s241003-B100-semantic-c-1-coherent,semantic,5,heteroscedastic,241003,100,-1,coherent,T2,before_audit,uniform,0.0661139662,0.0885089363,-0.0223949701,0.00442544682,beneficial,0,1,0.0223949701,0,False
p2-main-heteroscedastic-d5-s241004-B100-semantic-c-1-coherent,semantic,5,heteroscedastic,241004,100,-1,coherent,T2,before_audit,uniform,0.0848331228,0.0794191882,0.0054139346,0.00397095941,harmful,1,0,-0.0054139346,0.0054139346,False
p2-main-heteroscedastic-d5-s241005-B100-semantic-c-1-coherent,semantic,5,heteroscedastic,241005,100,-1,coherent,T2,before_audit,uniform,0.119041895,0.126827729,-0.007785834,0.00634138645,beneficial,0,1,0.007785834,0,False
p2-main-heteroscedastic-d5-s241001-B100-semantic-c-1-coherent,semantic,5,heteroscedastic,241001,100,-1,coherent,T2,selected,M3,0.0807369327,0.0807369327,0,0.00403684663,neutral,0,0,-0,0,True
p2-main-heteroscedastic-d5-s241002-B100-semantic-c-1-coherent,semantic,5,heteroscedastic,241002,100,-1,coherent,T2,selected,M3,0.10950458,0.106453973,0.003050607,0.00532269865,neutral,0,0,-0.003050607,0.003050607,False
p2-main-heteroscedastic-d5-s241003-B100-semantic-c-1-coherent,semantic,5,heteroscedastic,241003,100,-1,coherent,T2,selected,M3,0.0819153984,0.0885089363,-0.0065935379,0.00442544682,beneficial,0,1,0.0065935379,0,False
p2-main-heteroscedastic-d5-s241004-B100-semantic-c-1-coherent,semantic,5,heteroscedastic,241004,100,-1,coherent,T2,selected,M3,0.114197418,0.0794191882,0.0347782298,0.00397095941,harmful,1,0,-0.0347782298,0.0347782298,False
p2-main-heteroscedastic-d5-s241005-B100-semantic-c-1-coherent,semantic,5,heteroscedastic,241005,100,-1,coherent,T2,selected,M3,0.171968381,0.126827729,0.045140652,0.00634138645,harmful,1,0,-0.045140652,0.045140652,False
p2-main-heteroscedastic-d5-s241001-B100-semantic-c-1-coherent,semantic,5,heteroscedastic,241001,100,-1,coherent,T2,selected,M4,0.0807369327,0.0807369327,0,0.00403684663,neutral,0,0,-0,0,True
p2-main-heteroscedastic-d5-s241002-B100-semantic-c-1-coherent,semantic,5,heteroscedastic,241002,100,-1,coherent,T2,selected,M4,0.10950458,0.106453973,0.003050607,0.00532269865,neutral,0,0,-0.003050607,0.003050607,False
p2-main-heteroscedastic-d5-s241003-B100-semantic-c-1-coherent,semantic,5,heteroscedastic,241003,100,-1,coherent,T2,selected,M4,0.0819153984,0.0885089363,-0.0065935379,0.00442544682,beneficial,0,1,0.0065935379,0,False
p2-main-heteroscedastic-d5-s241004-B100-semantic-c-1-coherent,semantic,5,heteroscedastic,241004,100,-1,coherent,T2,selected,M4,0.0794191882,0.0794191882,0,0.00397095941,neutral,0,0,-0,0,True
p2-main-heteroscedastic-d5-s241005-B100-semantic-c-1-coherent,semantic,5,heteroscedastic,241005,100,-1,coherent,T2,selected,M4,0.171968381,0.126827729,0.045140652,0.00634138645,harmful,1,0,-0.045140652,0.045140652,False
p2-main-heteroscedastic-d5-s241001-B100-semantic-c-1-coherent,semantic,5,heteroscedastic,241001,100,-1,coherent,T2,selected,M5,0.0804115012,0.0807369327,-0.0003254315,0.00403684663,neutral,0,0,0.0003254315,0,False
p2-main-heteroscedastic-d5-s241002-B100-semantic-c-1-coherent,semantic,5,heteroscedastic,241002,100,-1,coherent,T2,selected,M5,0.106555007,0.106453973,0.000101034,0.00532269865,neutral,0,0,-0.000101034,0.000101034,False
p2-main-heteroscedastic-d5-s241003-B100-semantic-c-1-coherent,semantic,5,heteroscedastic,241003,100,-1,coherent,T2,selected,M5,0.0674685389,0.0885089363,-0.0210403974,0.00442544682,beneficial,0,1,0.0210403974,0,False
p2-main-heteroscedastic-d5-s241004-B100-semantic-c-1-coherent,semantic,5,heteroscedastic,241004,100,-1,coherent,T2,selected,M5,0.0777651866,0.0794191882,-0.0016540016,0.00397095941,neutral,0,0,0.0016540016,0,False
p2-main-heteroscedastic-d5-s241005-B100-semantic-c-1-coherent,semantic,5,heteroscedastic,241005,100,-1,coherent,T2,selected,M5,0.130322762,0.126827729,0.003495033,0.00634138645,neutral,0,0,-0.003495033,0.003495033,False
p2-main-heteroscedastic-d5-s241001-B100-semantic-c-1-coherent,semantic,5,heteroscedastic,241001,100,-1,coherent,T2,selected,llm_edit,0.106074579,0.0807369327,0.0253376463,0.00403684663,harmful,1,0,-0.0253376463,0.0253376463,False
p2-main-heteroscedastic-d5-s241002-B100-semantic-c-1-coherent,semantic,5,heteroscedastic,241002,100,-1,coherent,T2,selected,llm_edit,0.109674074,0.106453973,0.003220101,0.00532269865,neutral,0,0,-0.003220101,0.003220101,False
p2-main-heteroscedastic-d5-s241003-B100-semantic-c-1-coherent,semantic,5,heteroscedastic,241003,100,-1,coherent,T2,selected,llm_edit,0.0885089363,0.0885089363,0,0.00442544682,neutral,0,0,-0,0,True
p2-main-heteroscedastic-d5-s241004-B100-semantic-c-1-coherent,semantic,5,heteroscedastic,241004,100,-1,coherent,T2,selected,llm_edit,0.114197418,0.0794191882,0.0347782298,0.00397095941,harmful,1,0,-0.0347782298,0.0347782298,False
p2-main-heteroscedastic-d5-s241005-B100-semantic-c-1-coherent,semantic,5,heteroscedastic,241005,100,-1,coherent,T2,selected,llm_edit,0.171968381,0.126827729,0.045140652,0.00634138645,harmful,1,0,-0.045140652,0.045140652,False
p2-main-heteroscedastic-d5-s241001-B100-semantic-c-1-coherent,semantic,5,heteroscedastic,241001,100,-1,coherent,T2,selected,random,0.0807369327,0.0807369327,0,0.00403684663,neutral,0,0,-0,0,True
p2-main-heteroscedastic-d5-s241002-B100-semantic-c-1-coherent,semantic,5,heteroscedastic,241002,100,-1,coherent,T2,selected,random,0.0961956978,0.106453973,-0.0102582752,0.00532269865,beneficial,0,1,0.0102582752,0,False
p2-main-heteroscedastic-d5-s241003-B100-semantic-c-1-coherent,semantic,5,heteroscedastic,241003,100,-1,coherent,T2,selected,random,0.0819153984,0.0885089363,-0.0065935379,0.00442544682,beneficial,0,1,0.0065935379,0,False
p2-main-heteroscedastic-d5-s241004-B100-semantic-c-1-coherent,semantic,5,heteroscedastic,241004,100,-1,coherent,T2,selected,random,0.114197418,0.0794191882,0.0347782298,0.00397095941,harmful,1,0,-0.0347782298,0.0347782298,False
p2-main-heteroscedastic-d5-s241005-B100-semantic-c-1-coherent,semantic,5,heteroscedastic,241005,100,-1,coherent,T2,selected,random,0.164049561,0.126827729,0.037221832,0.00634138645,harmful,1,0,-0.037221832,0.037221832,False
p2-main-heteroscedastic-d5-s241001-B100-semantic-c-1-coherent,semantic,5,heteroscedastic,241001,100,-1,coherent,T2,selected,rho0,0.0807369327,0.0807369327,0,0.00403684663,neutral,0,0,-0,0,True
p2-main-heteroscedastic-d5-s241002-B100-semantic-c-1-coherent,semantic,5,heteroscedastic,241002,100,-1,coherent,T2,selected,rho0,0.10950458,0.106453973,0.003050607,0.00532269865,neutral,0,0,-0.003050607,0.003050607,False
p2-main-heteroscedastic-d5-s241003-B100-semantic-c-1-coherent,semantic,5,heteroscedastic,241003,100,-1,coherent,T2,selected,rho0,0.0819153984,0.0885089363,-0.0065935379,0.00442544682,beneficial,0,1,0.0065935379,0,False
p2-main-heteroscedastic-d5-s241004-B100-semantic-c-1-coherent,semantic,5,heteroscedastic,241004,100,-1,coherent,T2,selected,rho0,0.114197418,0.0794191882,0.0347782298,0.00397095941,harmful,1,0,-0.0347782298,0.0347782298,False
p2-main-heteroscedastic-d5-s241005-B100-semantic-c-1-coherent,semantic,5,heteroscedastic,241005,100,-1,coherent,T2,selected,rho0,0.171968381,0.126827729,0.045140652,0.00634138645,harmful,1,0,-0.045140652,0.045140652,False
p2-main-heteroscedastic-d5-s241001-B100-semantic-c-1-coherent,semantic,5,heteroscedastic,241001,100,-1,coherent,T2,selected,tau0,0.0845129043,0.0807369327,0.0037759716,0.00403684663,neutral,0,0,-0.0037759716,0.0037759716,False
p2-main-heteroscedastic-d5-s241002-B100-semantic-c-1-coherent,semantic,5,heteroscedastic,241002,100,-1,coherent,T2,selected,tau0,0.123904109,0.106453973,0.017450136,0.00532269865,harmful,1,0,-0.017450136,0.017450136,False
p2-main-heteroscedastic-d5-s241003-B100-semantic-c-1-coherent,semantic,5,heteroscedastic,241003,100,-1,coherent,T2,selected,tau0,0.0819153984,0.0885089363,-0.0065935379,0.00442544682,beneficial,0,1,0.0065935379,0,False
p2-main-heteroscedastic-d5-s241004-B100-semantic-c-1-coherent,semantic,5,heteroscedastic,241004,100,-1,coherent,T2,selected,tau0,0.0761328489,0.0794191882,-0.0032863393,0.00397095941,neutral,0,0,0.0032863393,0,False
p2-main-heteroscedastic-d5-s241005-B100-semantic-c-1-coherent,semantic,5,heteroscedastic,241005,100,-1,coherent,T2,selected,tau0,0.171968381,0.126827729,0.045140652,0.00634138645,harmful,1,0,-0.045140652,0.045140652,False
p2-main-heteroscedastic-d5-s241001-B100-semantic-c-1-coherent,semantic,5,heteroscedastic,241001,100,-1,coherent,T2,selected,uniform,0.0827702209,0.0807369327,0.0020332882,0.00403684663,neutral,0,0,-0.0020332882,0.0020332882,False
p2-main-heteroscedastic-d5-s241002-B100-semantic-c-1-coherent,semantic,5,heteroscedastic,241002,100,-1,coherent,T2,selected,uniform,0.111778716,0.106453973,0.005324743,0.00532269865,harmful,1,0,-0.005324743,0.005324743,False
p2-main-heteroscedastic-d5-s241003-B100-semantic-c-1-coherent,semantic,5,heteroscedastic,241003,100,-1,coherent,T2,selected,uniform,0.0661139662,0.0885089363,-0.0223949701,0.00442544682,beneficial,0,1,0.0223949701,0,False
p2-main-heteroscedastic-d5-s241004-B100-semantic-c-1-coherent,semantic,5,heteroscedastic,241004,100,-1,coherent,T2,selected,uniform,0.0848331228,0.0794191882,0.0054139346,0.00397095941,harmful,1,0,-0.0054139346,0.0054139346,False
p2-main-heteroscedastic-d5-s241005-B100-semantic-c-1-coherent,semantic,5,heteroscedastic,241005,100,-1,coherent,T2,selected,uniform,0.119041895,0.126827729,-0.007785834,0.00634138645,beneficial,0,1,0.007785834,0,False
p2-main-heteroscedastic-d5-s241001-B100-semantic-c-1-shuffled,semantic,5,heteroscedastic,241001,100,-1,shuffled,T2,before_audit,M3,0.107896281,0.106074579,0.001821702,0.00530372895,neutral,0,0,-0.001821702,0.001821702,False
p2-main-heteroscedastic-d5-s241002-B100-semantic-c-1-shuffled,semantic,5,heteroscedastic,241002,100,-1,shuffled,T2,before_audit,M3,0.155040508,0.119249555,0.035790953,0.00596247775,harmful,1,0,-0.035790953,0.035790953,False
p2-main-heteroscedastic-d5-s241003-B100-semantic-c-1-shuffled,semantic,5,heteroscedastic,241003,100,-1,shuffled,T2,before_audit,M3,0.0819153984,0.0885089363,-0.0065935379,0.00442544682,beneficial,0,1,0.0065935379,0,False
p2-main-heteroscedastic-d5-s241004-B100-semantic-c-1-shuffled,semantic,5,heteroscedastic,241004,100,-1,shuffled,T2,before_audit,M3,0.114197418,0.085041215,0.029156203,0.00425206075,harmful,1,0,-0.029156203,0.029156203,False
p2-main-heteroscedastic-d5-s241005-B100-semantic-c-1-shuffled,semantic,5,heteroscedastic,241005,100,-1,shuffled,T2,before_audit,M3,0.168693339,0.0911296407,0.0775636983,0.00455648204,harmful,1,0,-0.0775636983,0.0775636983,False
p2-main-heteroscedastic-d5-s241001-B100-semantic-c-1-shuffled,semantic,5,heteroscedastic,241001,100,-1,shuffled,T2,before_audit,M4,0.134214888,0.106074579,0.028140309,0.00530372895,harmful,1,0,-0.028140309,0.028140309,False
p2-main-heteroscedastic-d5-s241002-B100-semantic-c-1-shuffled,semantic,5,heteroscedastic,241002,100,-1,shuffled,T2,before_audit,M4,0.155040508,0.119249555,0.035790953,0.00596247775,harmful,1,0,-0.035790953,0.035790953,False
p2-main-heteroscedastic-d5-s241003-B100-semantic-c-1-shuffled,semantic,5,heteroscedastic,241003,100,-1,shuffled,T2,before_audit,M4,0.0819153984,0.0885089363,-0.0065935379,0.00442544682,beneficial,0,1,0.0065935379,0,False
p2-main-heteroscedastic-d5-s241004-B100-semantic-c-1-shuffled,semantic,5,heteroscedastic,241004,100,-1,shuffled,T2,before_audit,M4,0.114197418,0.085041215,0.029156203,0.00425206075,harmful,1,0,-0.029156203,0.029156203,False
p2-main-heteroscedastic-d5-s241005-B100-semantic-c-1-shuffled,semantic,5,heteroscedastic,241005,100,-1,shuffled,T2,before_audit,M4,0.168693339,0.0911296407,0.0775636983,0.00455648204,harmful,1,0,-0.0775636983,0.0775636983,False
p2-main-heteroscedastic-d5-s241001-B100-semantic-c-1-shuffled,semantic,5,heteroscedastic,241001,100,-1,shuffled,T2,before_audit,M5,0.0814051827,0.106074579,-0.0246693963,0.00530372895,beneficial,0,1,0.0246693963,0,False
p2-main-heteroscedastic-d5-s241002-B100-semantic-c-1-shuffled,semantic,5,heteroscedastic,241002,100,-1,shuffled,T2,before_audit,M5,0.0920510739,0.119249555,-0.0271984811,0.00596247775,beneficial,0,1,0.0271984811,0,False
p2-main-heteroscedastic-d5-s241003-B100-semantic-c-1-shuffled,semantic,5,heteroscedastic,241003,100,-1,shuffled,T2,before_audit,M5,0.0674685389,0.0885089363,-0.0210403974,0.00442544682,beneficial,0,1,0.0210403974,0,False
p2-main-heteroscedastic-d5-s241004-B100-semantic-c-1-shuffled,semantic,5,heteroscedastic,241004,100,-1,shuffled,T2,before_audit,M5,0.085041215,0.085041215,0,0.00425206075,neutral,0,0,-0,0,False
p2-main-heteroscedastic-d5-s241005-B100-semantic-c-1-shuffled,semantic,5,heteroscedastic,241005,100,-1,shuffled,T2,before_audit,M5,0.0888229931,0.0911296407,-0.0023066476,0.00455648204,neutral,0,0,0.0023066476,0,False
p2-main-heteroscedastic-d5-s241001-B100-semantic-c-1-shuffled,semantic,5,heteroscedastic,241001,100,-1,shuffled,T2,before_audit,llm_edit,0.107896281,0.106074579,0.001821702,0.00530372895,neutral,0,0,-0.001821702,0.001821702,False
p2-main-heteroscedastic-d5-s241002-B100-semantic-c-1-shuffled,semantic,5,heteroscedastic,241002,100,-1,shuffled,T2,before_audit,llm_edit,0.10950458,0.119249555,-0.009744975,0.00596247775,beneficial,0,1,0.009744975,0,False
p2-main-heteroscedastic-d5-s241003-B100-semantic-c-1-shuffled,semantic,5,heteroscedastic,241003,100,-1,shuffled,T2,before_audit,llm_edit,0.0885089363,0.0885089363,0,0.00442544682,neutral,0,0,-0,0,True
p2-main-heteroscedastic-d5-s241004-B100-semantic-c-1-shuffled,semantic,5,heteroscedastic,241004,100,-1,shuffled,T2,before_audit,llm_edit,0.0794191882,0.085041215,-0.0056220268,0.00425206075,beneficial,0,1,0.0056220268,0,False
p2-main-heteroscedastic-d5-s241005-B100-semantic-c-1-shuffled,semantic,5,heteroscedastic,241005,100,-1,shuffled,T2,before_audit,llm_edit,0.168693339,0.0911296407,0.0775636983,0.00455648204,harmful,1,0,-0.0775636983,0.0775636983,False
p2-main-heteroscedastic-d5-s241001-B100-semantic-c-1-shuffled,semantic,5,heteroscedastic,241001,100,-1,shuffled,T2,before_audit,random,0.106074579,0.106074579,0,0.00530372895,neutral,0,0,-0,0,True
p2-main-heteroscedastic-d5-s241002-B100-semantic-c-1-shuffled,semantic,5,heteroscedastic,241002,100,-1,shuffled,T2,before_audit,random,0.165763353,0.119249555,0.046513798,0.00596247775,harmful,1,0,-0.046513798,0.046513798,False
p2-main-heteroscedastic-d5-s241003-B100-semantic-c-1-shuffled,semantic,5,heteroscedastic,241003,100,-1,shuffled,T2,before_audit,random,0.0819153984,0.0885089363,-0.0065935379,0.00442544682,beneficial,0,1,0.0065935379,0,False
p2-main-heteroscedastic-d5-s241004-B100-semantic-c-1-shuffled,semantic,5,heteroscedastic,241004,100,-1,shuffled,T2,before_audit,random,0.114197418,0.085041215,0.029156203,0.00425206075,harmful,1,0,-0.029156203,0.029156203,False
p2-main-heteroscedastic-d5-s241005-B100-semantic-c-1-shuffled,semantic,5,heteroscedastic,241005,100,-1,shuffled,T2,before_audit,random,0.117655093,0.0911296407,0.0265254523,0.00455648204,harmful,1,0,-0.0265254523,0.0265254523,False
p2-main-heteroscedastic-d5-s241001-B100-semantic-c-1-shuffled,semantic,5,heteroscedastic,241001,100,-1,shuffled,T2,before_audit,rho0,0.107896281,0.106074579,0.001821702,0.00530372895,neutral,0,0,-0.001821702,0.001821702,False
p2-main-heteroscedastic-d5-s241002-B100-semantic-c-1-shuffled,semantic,5,heteroscedastic,241002,100,-1,shuffled,T2,before_audit,rho0,0.155040508,0.119249555,0.035790953,0.00596247775,harmful,1,0,-0.035790953,0.035790953,False
p2-main-heteroscedastic-d5-s241003-B100-semantic-c-1-shuffled,semantic,5,heteroscedastic,241003,100,-1,shuffled,T2,before_audit,rho0,0.0819153984,0.0885089363,-0.0065935379,0.00442544682,beneficial,0,1,0.0065935379,0,False
p2-main-heteroscedastic-d5-s241004-B100-semantic-c-1-shuffled,semantic,5,heteroscedastic,241004,100,-1,shuffled,T2,before_audit,rho0,0.114197418,0.085041215,0.029156203,0.00425206075,harmful,1,0,-0.029156203,0.029156203,False
p2-main-heteroscedastic-d5-s241005-B100-semantic-c-1-shuffled,semantic,5,heteroscedastic,241005,100,-1,shuffled,T2,before_audit,rho0,0.168693339,0.0911296407,0.0775636983,0.00455648204,harmful,1,0,-0.0775636983,0.0775636983,False
p2-main-heteroscedastic-d5-s241001-B100-semantic-c-1-shuffled,semantic,5,heteroscedastic,241001,100,-1,shuffled,T2,before_audit,tau0,0.132859004,0.106074579,0.026784425,0.00530372895,harmful,1,0,-0.026784425,0.026784425,False
p2-main-heteroscedastic-d5-s241002-B100-semantic-c-1-shuffled,semantic,5,heteroscedastic,241002,100,-1,shuffled,T2,before_audit,tau0,0.10950458,0.119249555,-0.009744975,0.00596247775,beneficial,0,1,0.009744975,0,False
p2-main-heteroscedastic-d5-s241003-B100-semantic-c-1-shuffled,semantic,5,heteroscedastic,241003,100,-1,shuffled,T2,before_audit,tau0,0.0819153984,0.0885089363,-0.0065935379,0.00442544682,beneficial,0,1,0.0065935379,0,False
p2-main-heteroscedastic-d5-s241004-B100-semantic-c-1-shuffled,semantic,5,heteroscedastic,241004,100,-1,shuffled,T2,before_audit,tau0,0.085041215,0.085041215,0,0.00425206075,neutral,0,0,-0,0,False
p2-main-heteroscedastic-d5-s241005-B100-semantic-c-1-shuffled,semantic,5,heteroscedastic,241005,100,-1,shuffled,T2,before_audit,tau0,0.0848730405,0.0911296407,-0.0062566002,0.00455648204,beneficial,0,1,0.0062566002,0,False
p2-main-heteroscedastic-d5-s241001-B100-semantic-c-1-shuffled,semantic,5,heteroscedastic,241001,100,-1,shuffled,T2,before_audit,uniform,0.0894892414,0.106074579,-0.0165853376,0.00530372895,beneficial,0,1,0.0165853376,0,False
p2-main-heteroscedastic-d5-s241002-B100-semantic-c-1-shuffled,semantic,5,heteroscedastic,241002,100,-1,shuffled,T2,before_audit,uniform,0.0966367597,0.119249555,-0.0226127953,0.00596247775,beneficial,0,1,0.0226127953,0,False
p2-main-heteroscedastic-d5-s241003-B100-semantic-c-1-shuffled,semantic,5,heteroscedastic,241003,100,-1,shuffled,T2,before_audit,uniform,0.0661139662,0.0885089363,-0.0223949701,0.00442544682,beneficial,0,1,0.0223949701,0,False
p2-main-heteroscedastic-d5-s241004-B100-semantic-c-1-shuffled,semantic,5,heteroscedastic,241004,100,-1,shuffled,T2,before_audit,uniform,0.0883751462,0.085041215,0.0033339312,0.00425206075,neutral,0,0,-0.0033339312,0.0033339312,False
p2-main-heteroscedastic-d5-s241005-B100-semantic-c-1-shuffled,semantic,5,heteroscedastic,241005,100,-1,shuffled,T2,before_audit,uniform,0.0853593027,0.0911296407,-0.005770338,0.00455648204,beneficial,0,1,0.005770338,0,False
p2-main-heteroscedastic-d5-s241001-B100-semantic-c-1-shuffled,semantic,5,heteroscedastic,241001,100,-1,shuffled,T2,selected,M3,0.106074579,0.106074579,0,0.00530372895,neutral,0,0,-0,0,True
p2-main-heteroscedastic-d5-s241002-B100-semantic-c-1-shuffled,semantic,5,heteroscedastic,241002,100,-1,shuffled,T2,selected,M3,0.155040508,0.119249555,0.035790953,0.00596247775,harmful,1,0,-0.035790953,0.035790953,False
p2-main-heteroscedastic-d5-s241003-B100-semantic-c-1-shuffled,semantic,5,heteroscedastic,241003,100,-1,shuffled,T2,selected,M3,0.0819153984,0.0885089363,-0.0065935379,0.00442544682,beneficial,0,1,0.0065935379,0,False
p2-main-heteroscedastic-d5-s241004-B100-semantic-c-1-shuffled,semantic,5,heteroscedastic,241004,100,-1,shuffled,T2,selected,M3,0.114197418,0.085041215,0.029156203,0.00425206075,harmful,1,0,-0.029156203,0.029156203,False
p2-main-heteroscedastic-d5-s241005-B100-semantic-c-1-shuffled,semantic,5,heteroscedastic,241005,100,-1,shuffled,T2,selected,M3,0.168693339,0.0911296407,0.0775636983,0.00455648204,harmful,1,0,-0.0775636983,0.0775636983,False
p2-main-heteroscedastic-d5-s241001-B100-semantic-c-1-shuffled,semantic,5,heteroscedastic,241001,100,-1,shuffled,T2,selected,M4,0.106074579,0.106074579,0,0.00530372895,neutral,0,0,-0,0,True
p2-main-heteroscedastic-d5-s241002-B100-semantic-c-1-shuffled,semantic,5,heteroscedastic,241002,100,-1,shuffled,T2,selected,M4,0.155040508,0.119249555,0.035790953,0.00596247775,harmful,1,0,-0.035790953,0.035790953,False
p2-main-heteroscedastic-d5-s241003-B100-semantic-c-1-shuffled,semantic,5,heteroscedastic,241003,100,-1,shuffled,T2,selected,M4,0.0819153984,0.0885089363,-0.0065935379,0.00442544682,beneficial,0,1,0.0065935379,0,False
p2-main-heteroscedastic-d5-s241004-B100-semantic-c-1-shuffled,semantic,5,heteroscedastic,241004,100,-1,shuffled,T2,selected,M4,0.114197418,0.085041215,0.029156203,0.00425206075,harmful,1,0,-0.029156203,0.029156203,False
p2-main-heteroscedastic-d5-s241005-B100-semantic-c-1-shuffled,semantic,5,heteroscedastic,241005,100,-1,shuffled,T2,selected,M4,0.168693339,0.0911296407,0.0775636983,0.00455648204,harmful,1,0,-0.0775636983,0.0775636983,False
p2-main-heteroscedastic-d5-s241001-B100-semantic-c-1-shuffled,semantic,5,heteroscedastic,241001,100,-1,shuffled,T2,selected,M5,0.0814051827,0.106074579,-0.0246693963,0.00530372895,beneficial,0,1,0.0246693963,0,False
p2-main-heteroscedastic-d5-s241002-B100-semantic-c-1-shuffled,semantic,5,heteroscedastic,241002,100,-1,shuffled,T2,selected,M5,0.0920510739,0.119249555,-0.0271984811,0.00596247775,beneficial,0,1,0.0271984811,0,False
p2-main-heteroscedastic-d5-s241003-B100-semantic-c-1-shuffled,semantic,5,heteroscedastic,241003,100,-1,shuffled,T2,selected,M5,0.0674685389,0.0885089363,-0.0210403974,0.00442544682,beneficial,0,1,0.0210403974,0,False
p2-main-heteroscedastic-d5-s241004-B100-semantic-c-1-shuffled,semantic,5,heteroscedastic,241004,100,-1,shuffled,T2,selected,M5,0.085041215,0.085041215,0,0.00425206075,neutral,0,0,-0,0,False
p2-main-heteroscedastic-d5-s241005-B100-semantic-c-1-shuffled,semantic,5,heteroscedastic,241005,100,-1,shuffled,T2,selected,M5,0.0888229931,0.0911296407,-0.0023066476,0.00455648204,neutral,0,0,0.0023066476,0,False
p2-main-heteroscedastic-d5-s241001-B100-semantic-c-1-shuffled,semantic,5,heteroscedastic,241001,100,-1,shuffled,T2,selected,llm_edit,0.106074579,0.106074579,0,0.00530372895,neutral,0,0,-0,0,True
p2-main-heteroscedastic-d5-s241002-B100-semantic-c-1-shuffled,semantic,5,heteroscedastic,241002,100,-1,shuffled,T2,selected,llm_edit,0.10950458,0.119249555,-0.009744975,0.00596247775,beneficial,0,1,0.009744975,0,False
p2-main-heteroscedastic-d5-s241003-B100-semantic-c-1-shuffled,semantic,5,heteroscedastic,241003,100,-1,shuffled,T2,selected,llm_edit,0.0885089363,0.0885089363,0,0.00442544682,neutral,0,0,-0,0,True
p2-main-heteroscedastic-d5-s241004-B100-semantic-c-1-shuffled,semantic,5,heteroscedastic,241004,100,-1,shuffled,T2,selected,llm_edit,0.0794191882,0.085041215,-0.0056220268,0.00425206075,beneficial,0,1,0.0056220268,0,False
p2-main-heteroscedastic-d5-s241005-B100-semantic-c-1-shuffled,semantic,5,heteroscedastic,241005,100,-1,shuffled,T2,selected,llm_edit,0.168693339,0.0911296407,0.0775636983,0.00455648204,harmful,1,0,-0.0775636983,0.0775636983,False
p2-main-heteroscedastic-d5-s241001-B100-semantic-c-1-shuffled,semantic,5,heteroscedastic,241001,100,-1,shuffled,T2,selected,random,0.106074579,0.106074579,0,0.00530372895,neutral,0,0,-0,0,True
p2-main-heteroscedastic-d5-s241002-B100-semantic-c-1-shuffled,semantic,5,heteroscedastic,241002,100,-1,shuffled,T2,selected,random,0.165763353,0.119249555,0.046513798,0.00596247775,harmful,1,0,-0.046513798,0.046513798,False
p2-main-heteroscedastic-d5-s241003-B100-semantic-c-1-shuffled,semantic,5,heteroscedastic,241003,100,-1,shuffled,T2,selected,random,0.0819153984,0.0885089363,-0.0065935379,0.00442544682,beneficial,0,1,0.0065935379,0,False
p2-main-heteroscedastic-d5-s241004-B100-semantic-c-1-shuffled,semantic,5,heteroscedastic,241004,100,-1,shuffled,T2,selected,random,0.114197418,0.085041215,0.029156203,0.00425206075,harmful,1,0,-0.029156203,0.029156203,False
p2-main-heteroscedastic-d5-s241005-B100-semantic-c-1-shuffled,semantic,5,heteroscedastic,241005,100,-1,shuffled,T2,selected,random,0.117655093,0.0911296407,0.0265254523,0.00455648204,harmful,1,0,-0.0265254523,0.0265254523,False
p2-main-heteroscedastic-d5-s241001-B100-semantic-c-1-shuffled,semantic,5,heteroscedastic,241001,100,-1,shuffled,T2,selected,rho0,0.106074579,0.106074579,0,0.00530372895,neutral,0,0,-0,0,True
p2-main-heteroscedastic-d5-s241002-B100-semantic-c-1-shuffled,semantic,5,heteroscedastic,241002,100,-1,shuffled,T2,selected,rho0,0.155040508,0.119249555,0.035790953,0.00596247775,harmful,1,0,-0.035790953,0.035790953,False
p2-main-heteroscedastic-d5-s241003-B100-semantic-c-1-shuffled,semantic,5,heteroscedastic,241003,100,-1,shuffled,T2,selected,rho0,0.0819153984,0.0885089363,-0.0065935379,0.00442544682,beneficial,0,1,0.0065935379,0,False
p2-main-heteroscedastic-d5-s241004-B100-semantic-c-1-shuffled,semantic,5,heteroscedastic,241004,100,-1,shuffled,T2,selected,rho0,0.114197418,0.085041215,0.029156203,0.00425206075,harmful,1,0,-0.029156203,0.029156203,False
p2-main-heteroscedastic-d5-s241005-B100-semantic-c-1-shuffled,semantic,5,heteroscedastic,241005,100,-1,shuffled,T2,selected,rho0,0.168693339,0.0911296407,0.0775636983,0.00455648204,harmful,1,0,-0.0775636983,0.0775636983,False
p2-main-heteroscedastic-d5-s241001-B100-semantic-c-1-shuffled,semantic,5,heteroscedastic,241001,100,-1,shuffled,T2,selected,tau0,0.106074579,0.106074579,0,0.00530372895,neutral,0,0,-0,0,True
p2-main-heteroscedastic-d5-s241002-B100-semantic-c-1-shuffled,semantic,5,heteroscedastic,241002,100,-1,shuffled,T2,selected,tau0,0.10950458,0.119249555,-0.009744975,0.00596247775,beneficial,0,1,0.009744975,0,False
p2-main-heteroscedastic-d5-s241003-B100-semantic-c-1-shuffled,semantic,5,heteroscedastic,241003,100,-1,shuffled,T2,selected,tau0,0.0819153984,0.0885089363,-0.0065935379,0.00442544682,beneficial,0,1,0.0065935379,0,False
p2-main-heteroscedastic-d5-s241004-B100-semantic-c-1-shuffled,semantic,5,heteroscedastic,241004,100,-1,shuffled,T2,selected,tau0,0.085041215,0.085041215,0,0.00425206075,neutral,0,0,-0,0,False
p2-main-heteroscedastic-d5-s241005-B100-semantic-c-1-shuffled,semantic,5,heteroscedastic,241005,100,-1,shuffled,T2,selected,tau0,0.0848730405,0.0911296407,-0.0062566002,0.00455648204,beneficial,0,1,0.0062566002,0,False
p2-main-heteroscedastic-d5-s241001-B100-semantic-c-1-shuffled,semantic,5,heteroscedastic,241001,100,-1,shuffled,T2,selected,uniform,0.0894892414,0.106074579,-0.0165853376,0.00530372895,beneficial,0,1,0.0165853376,0,False
p2-main-heteroscedastic-d5-s241002-B100-semantic-c-1-shuffled,semantic,5,heteroscedastic,241002,100,-1,shuffled,T2,selected,uniform,0.0966367597,0.119249555,-0.0226127953,0.00596247775,beneficial,0,1,0.0226127953,0,False
p2-main-heteroscedastic-d5-s241003-B100-semantic-c-1-shuffled,semantic,5,heteroscedastic,241003,100,-1,shuffled,T2,selected,uniform,0.0661139662,0.0885089363,-0.0223949701,0.00442544682,beneficial,0,1,0.0223949701,0,False
p2-main-heteroscedastic-d5-s241004-B100-semantic-c-1-shuffled,semantic,5,heteroscedastic,241004,100,-1,shuffled,T2,selected,uniform,0.0883751462,0.085041215,0.0033339312,0.00425206075,neutral,0,0,-0.0033339312,0.0033339312,False
p2-main-heteroscedastic-d5-s241005-B100-semantic-c-1-shuffled,semantic,5,heteroscedastic,241005,100,-1,shuffled,T2,selected,uniform,0.0853593027,0.0911296407,-0.005770338,0.00455648204,beneficial,0,1,0.005770338,0,False
