study,metadata_variant,endpoint,method,metric,conditions,mean,low,high,independent_scms
controlled,none,T1,M0,energy_score,60,0.666507384,0.657353694,0.675932495,15
controlled,none,T1,M0,mean_effect_rmse,60,0.273227918,0.230310609,0.318789014,15
controlled,none,T1,M0,worst_regime_sw1,60,0.500185218,0.43280404,0.568665021,15
controlled,none,T1,M0,coverage_90,60,0.895005968,0.889938558,0.900306939,15
controlled,none,T1,M0,width_90,60,3.25854387,3.24545258,3.27333038,15
controlled,none,T1,M0,shd,60,5.93333333,5.33333333,6.53333333,15
controlled,none,T1,M1,energy_score,60,0.62240707,0.613616625,0.632061918,15
controlled,none,T1,M1,mean_effect_rmse,60,0.144301118,0.116604338,0.172993191,15
controlled,none,T1,M1,worst_regime_sw1,60,0.200323395,0.165595733,0.23673257,15
controlled,none,T1,M1,coverage_90,60,0.889590115,0.885207231,0.894122535,15
controlled,none,T1,M1,width_90,60,3.05742523,2.99758201,3.11382933,15
controlled,none,T1,M1,shd,60,1.86666667,1.63333333,2.13333333,15
controlled,none,T1,M2,energy_score,60,0.630044487,0.619908524,0.64094104,15
controlled,none,T1,M2,mean_effect_rmse,60,0.199139028,0.166093561,0.236923046,15
controlled,none,T1,M2,worst_regime_sw1,60,0.264519971,0.218654939,0.3135256,15
controlled,none,T1,M2,coverage_90,60,0.89232449,0.88852773,0.895250312,15
controlled,none,T1,M2,width_90,60,3.12050002,3.06424084,3.17288787,15
controlled,none,T1,M2,shd,60,4.63333333,3.9,5.43333333,15
controlled,none,T1,M3,energy_score,60,0.612993613,0.601427696,0.624649378,15
controlled,none,T1,M3,mean_effect_rmse,60,0.0732158329,0.0604958456,0.0875517175,15
controlled,none,T1,M3,worst_regime_sw1,60,0.108820623,0.0973674865,0.12292268,15
controlled,none,T1,M3,coverage_90,60,0.897016737,0.894985301,0.899230788,15
controlled,none,T1,M3,width_90,60,3.07966998,3.01874038,3.13316922,15
controlled,none,T1,M3,shd,60,1.45,1.11666667,1.76666667,15
controlled,none,T1,M4,energy_score,60,0.613752023,0.602029786,0.625527013,15
controlled,none,T1,M4,mean_effect_rmse,60,0.0813659113,0.0676459361,0.0966476899,15
controlled,none,T1,M4,worst_regime_sw1,60,0.11799735,0.103907895,0.134376199,15
controlled,none,T1,M4,coverage_90,60,0.896796333,0.894596744,0.899195082,15
controlled,none,T1,M4,width_90,60,3.08274706,3.01932681,3.13700429,15
controlled,none,T1,M4,shd,60,1.58333333,1.28333333,1.88333333,15
controlled,none,T1,M5,energy_score,60,0.614137368,0.602631736,0.625832719,15
controlled,none,T1,M5,mean_effect_rmse,60,0.0915850021,0.0783641093,0.105171273,15
controlled,none,T1,M5,worst_regime_sw1,60,0.129211863,0.114814475,0.144449779,15
controlled,none,T1,M5,coverage_90,60,0.897789849,0.895582954,0.900056729,15
controlled,none,T1,M5,width_90,60,3.09569651,3.03077357,3.15083568,15
controlled,none,T1,fixed,energy_score,60,0.620884883,0.611588834,0.630673198,15
controlled,none,T1,fixed,mean_effect_rmse,60,0.134383594,0.107115349,0.162794713,15
controlled,none,T1,fixed,worst_regime_sw1,60,0.185645208,0.151095056,0.22331457,15
controlled,none,T1,fixed,coverage_90,60,0.895785183,0.89349016,0.898186747,15
controlled,none,T1,fixed,width_90,60,3.10652809,3.05331904,3.15486776,15
controlled,none,T1,fixed,shd,60,1.86666667,1.63333333,2.13333333,15
controlled,none,T1,random,energy_score,60,0.615833051,0.604888441,0.627102671,15
controlled,none,T1,random,mean_effect_rmse,60,0.0998157635,0.0769437631,0.122119274,15
controlled,none,T1,random,worst_regime_sw1,60,0.140355951,0.116806783,0.163585404,15
controlled,none,T1,random,coverage_90,60,0.896843126,0.894540507,0.899193149,15
controlled,none,T1,random,width_90,60,3.09165208,3.02656383,3.14644089,15
controlled,none,T1,random,shd,60,1.78333333,1.36666667,2.23333333,15
controlled,none,T2,M0,energy_score,60,0.65941823,0.652671024,0.665464583,15
controlled,none,T2,M0,mean_effect_rmse,60,0.272048378,0.226439826,0.317370187,15
controlled,none,T2,M0,worst_regime_sw1,60,0.506624091,0.442077424,0.57067054,15
controlled,none,T2,M0,coverage_90,60,0.898952908,0.896104533,0.902016127,15
controlled,none,T2,M0,width_90,60,3.25578044,3.24248461,3.2655646,15
controlled,none,T2,M0,shd,60,5.93333333,5.33333333,6.53333333,15
controlled,none,T2,M1,energy_score,60,0.629544758,0.621124598,0.638265333,15
controlled,none,T2,M1,mean_effect_rmse,60,0.145392426,0.114881921,0.176682068,15
controlled,none,T2,M1,worst_regime_sw1,60,0.308600836,0.245353311,0.368528118,15
controlled,none,T2,M1,coverage_90,60,0.885140652,0.880526462,0.889915772,15
controlled,none,T2,M1,width_90,60,3.05596748,3.00119011,3.10814339,15
controlled,none,T2,M1,shd,60,1.86666667,1.63333333,2.13333333,15
controlled,none,T2,M2,energy_score,60,0.654134211,0.640890183,0.667035877,15
controlled,none,T2,M2,mean_effect_rmse,60,0.215072497,0.183834995,0.248453619,15
controlled,none,T2,M2,worst_regime_sw1,60,0.430377214,0.357776285,0.514711891,15
controlled,none,T2,M2,coverage_90,60,0.878960503,0.867488268,0.887505934,15
controlled,none,T2,M2,width_90,60,3.09974552,3.04868589,3.14777455,15
controlled,none,T2,M2,shd,60,4.63333333,3.9,5.43333333,15
controlled,none,T2,M3,energy_score,60,0.609842257,0.599607567,0.619967835,15
controlled,none,T2,M3,mean_effect_rmse,60,0.0759957454,0.0647507193,0.0881270077,15
controlled,none,T2,M3,worst_regime_sw1,60,0.148415575,0.122488964,0.178575705,15
controlled,none,T2,M3,coverage_90,60,0.896100532,0.893525441,0.898554942,15
controlled,none,T2,M3,width_90,60,3.05263004,2.98957004,3.11389309,15
controlled,none,T2,M3,shd,60,1.45,1.11666667,1.76666667,15
controlled,none,T2,M4,energy_score,60,0.612275872,0.601040132,0.623519166,15
controlled,none,T2,M4,mean_effect_rmse,60,0.0836109877,0.0711504993,0.0973392202,15
controlled,none,T2,M4,worst_regime_sw1,60,0.170202736,0.140788282,0.203850104,15
controlled,none,T2,M4,coverage_90,60,0.894906277,0.891981133,0.897849104,15
controlled,none,T2,M4,width_90,60,3.05195456,2.98561455,3.11612961,15
controlled,none,T2,M4,shd,60,1.58333333,1.28333333,1.88333333,15
controlled,none,T2,M5,energy_score,60,0.613253043,0.600880324,0.624844055,15
controlled,none,T2,M5,mean_effect_rmse,60,0.0956203418,0.081117409,0.110928655,15
controlled,none,T2,M5,worst_regime_sw1,60,0.19192701,0.156068128,0.230166882,15
controlled,none,T2,M5,coverage_90,60,0.896053738,0.893097568,0.899098426,15
controlled,none,T2,M5,width_90,60,3.07249003,3.00435872,3.13919692,15
controlled,none,T2,fixed,energy_score,60,0.627359526,0.616899071,0.637441616,15
controlled,none,T2,fixed,mean_effect_rmse,60,0.137032464,0.107748953,0.16597428,15
controlled,none,T2,fixed,worst_regime_sw1,60,0.278841036,0.218320959,0.334841322,15
controlled,none,T2,fixed,coverage_90,60,0.889813232,0.885724386,0.894435255,15
controlled,none,T2,fixed,width_90,60,3.06808398,3.0101415,3.12621978,15
controlled,none,T2,fixed,shd,60,1.86666667,1.63333333,2.13333333,15
controlled,none,T2,random,energy_score,60,0.618799242,0.606670012,0.630454841,15
controlled,none,T2,random,mean_effect_rmse,60,0.104562588,0.0817643581,0.12693349,15
controlled,none,T2,random,worst_regime_sw1,60,0.215392884,0.158499463,0.271362769,15
controlled,none,T2,random,coverage_90,60,0.892833794,0.888798252,0.896914334,15
controlled,none,T2,random,width_90,60,3.05995334,2.99827153,3.1211123,15
controlled,none,T2,random,shd,60,1.78333333,1.36666667,2.23333333,15
controlled,none,T3,M0,energy_score,60,0.679850713,0.661623047,0.701094359,15
controlled,none,T3,M0,mean_effect_rmse,60,0.319785804,0.233536049,0.40809735,15
controlled,none,T3,M0,worst_regime_sw1,60,0.423573978,0.339895385,0.514339392,15
controlled,none,T3,M0,coverage_90,60,0.88873291,0.880354716,0.896472168,15
controlled,none,T3,M0,width_90,60,3.25583935,3.23843883,3.27288706,15
controlled,none,T3,M0,shd,60,5.93333333,5.33333333,6.53333333,15
controlled,none,T3,M1,energy_score,60,0.642417763,0.63289104,0.65430832,15
controlled,none,T3,M1,mean_effect_rmse,60,0.184017393,0.137590001,0.234988712,15
controlled,none,T3,M1,worst_regime_sw1,60,0.245822326,0.198062118,0.302031467,15
controlled,none,T3,M1,coverage_90,60,0.875932821,0.866004206,0.88482638,15
controlled,none,T3,M1,width_90,60,3.02928934,2.97148129,3.09332182,15
controlled,none,T3,M1,shd,60,1.86666667,1.63333333,2.13333333,15
controlled,none,T3,M2,energy_score,60,0.669898675,0.651193323,0.694480538,15
controlled,none,T3,M2,mean_effect_rmse,60,0.302446706,0.234203872,0.379516455,15
controlled,none,T3,M2,worst_regime_sw1,60,0.36764677,0.305429237,0.440396957,15
controlled,none,T3,M2,coverage_90,60,0.859617106,0.837766266,0.87892156,15
controlled,none,T3,M2,width_90,60,3.04622708,2.97266746,3.11747107,15
controlled,none,T3,M2,shd,60,4.63333333,3.9,5.43333333,15
controlled,none,T3,M3,energy_score,60,0.636610042,0.623149116,0.653494755,15
controlled,none,T3,M3,mean_effect_rmse,60,0.155651554,0.108455396,0.210022218,15
controlled,none,T3,M3,worst_regime_sw1,60,0.191523282,0.148296712,0.245245466,15
controlled,none,T3,M3,coverage_90,60,0.882133993,0.87254748,0.890233536,15
controlled,none,T3,M3,width_90,60,3.06191565,3.02663062,3.09934845,15
controlled,none,T3,M3,shd,60,1.45,1.11666667,1.76666667,15
controlled,none,T3,M4,energy_score,60,0.638015015,0.625213958,0.654444411,15
controlled,none,T3,M4,mean_effect_rmse,60,0.161833542,0.120471887,0.211883694,15
controlled,none,T3,M4,worst_regime_sw1,60,0.201054963,0.161068054,0.25225771,15
controlled,none,T3,M4,coverage_90,60,0.880923462,0.871599096,0.888916397,15
controlled,none,T3,M4,width_90,60,3.05846444,3.02169143,3.09743412,15
controlled,none,T3,M4,shd,60,1.58333333,1.28333333,1.88333333,15
controlled,none,T3,M5,energy_score,60,0.633895707,0.625498715,0.643754215,15
controlled,none,T3,M5,mean_effect_rmse,60,0.14187357,0.103777286,0.186540881,15
controlled,none,T3,M5,worst_regime_sw1,60,0.189725946,0.151143883,0.233235683,15
controlled,none,T3,M5,coverage_90,60,0.886194865,0.879588623,0.892527593,15
controlled,none,T3,M5,width_90,60,3.08307989,3.05516793,3.11347229,15
controlled,none,T3,fixed,energy_score,60,0.638131634,0.63013915,0.647462486,15
controlled,none,T3,fixed,mean_effect_rmse,60,0.153113354,0.117264598,0.192662345,15
controlled,none,T3,fixed,worst_regime_sw1,60,0.223925563,0.187634598,0.264313942,15
controlled,none,T3,fixed,coverage_90,60,0.881368001,0.874680583,0.888264186,15
controlled,none,T3,fixed,width_90,60,3.06173243,3.03053433,3.0964331,15
controlled,none,T3,fixed,shd,60,1.86666667,1.63333333,2.13333333,15
controlled,none,T3,random,energy_score,60,0.64096721,0.630527103,0.652400261,15
controlled,none,T3,random,mean_effect_rmse,60,0.172488332,0.128361677,0.2188798,15
controlled,none,T3,random,worst_regime_sw1,60,0.220669964,0.174507688,0.271768153,15
controlled,none,T3,random,coverage_90,60,0.880342611,0.873086344,0.887319565,15
controlled,none,T3,random,width_90,60,3.06964803,3.03788087,3.10464051,15
controlled,none,T3,random,shd,60,1.78333333,1.36666667,2.23333333,15
controlled,none,observational,M0,energy_score,60,0.65586214,0.650929761,0.66032991,15
controlled,none,observational,M0,mean_effect_rmse,60,1.48432769e-08,1.22624725e-08,1.74748989e-08,15
controlled,none,observational,M0,worst_regime_sw1,60,0.183102625,0.173145661,0.192962337,15
controlled,none,observational,M0,coverage_90,60,0.901432308,0.898242211,0.90489618,15
controlled,none,observational,M0,width_90,60,3.24506063,3.23106352,3.25827733,15
controlled,none,observational,M0,shd,60,5.93333333,5.33333333,6.53333333,15
controlled,none,observational,M1,energy_score,60,0.64916307,0.64375099,0.654518482,15
controlled,none,observational,M1,mean_effect_rmse,60,5.10270616e-08,4.42988804e-08,5.71449505e-08,15
controlled,none,observational,M1,worst_regime_sw1,60,0.113462702,0.105112002,0.122214025,15
controlled,none,observational,M1,coverage_90,60,0.887669287,0.883893245,0.891462176,15
controlled,none,observational,M1,width_90,60,3.15324481,3.11551066,3.18971739,15
controlled,none,observational,M1,shd,60,1.86666667,1.63333333,2.13333333,15
controlled,none,observational,M2,energy_score,60,0.65226894,0.647012458,0.657434014,15
controlled,none,observational,M2,mean_effect_rmse,60,7.11173044e-08,5.33681889e-08,8.97864783e-08,15
controlled,none,observational,M2,worst_regime_sw1,60,0.135814889,0.117751071,0.155723262,15
controlled,none,observational,M2,coverage_90,60,0.896302096,0.890390311,0.900944024,15
controlled,none,observational,M2,width_90,60,3.22889446,3.18597631,3.26680248,15
controlled,none,observational,M2,shd,60,4.63333333,3.9,5.43333333,15
controlled,none,observational,M3,energy_score,60,0.646082133,0.640373875,0.651413524,15
controlled,none,observational,M3,mean_effect_rmse,60,3.98983074e-08,3.16744481e-08,4.86032485e-08,15
controlled,none,observational,M3,worst_regime_sw1,60,0.0838215752,0.0773461968,0.0903962548,15
controlled,none,observational,M3,coverage_90,60,0.898642594,0.896379573,0.900879003,15
controlled,none,observational,M3,width_90,60,3.23867914,3.21744852,3.25871095,15
controlled,none,observational,M3,shd,60,1.45,1.11666667,1.76666667,15
controlled,none,observational,M4,energy_score,60,0.646509287,0.640734989,0.651967837,15
controlled,none,observational,M4,mean_effect_rmse,60,4.1804653e-08,3.45819925e-08,5.01080832e-08,15
controlled,none,observational,M4,worst_regime_sw1,60,0.0876775334,0.0809673583,0.0943437214,15
controlled,none,observational,M4,coverage_90,60,0.898229183,0.895569595,0.900895442,15
controlled,none,observational,M4,width_90,60,3.23445866,3.20849814,3.25779242,15
controlled,none,observational,M4,shd,60,1.58333333,1.28333333,1.88333333,15
controlled,none,observational,M5,energy_score,60,0.646583356,0.640678249,0.652135499,15
controlled,none,observational,M5,mean_effect_rmse,60,4.80731832e-08,4.04483229e-08,5.59588497e-08,15
controlled,none,observational,M5,worst_regime_sw1,60,0.0896251987,0.0828837921,0.0956579935,15
controlled,none,observational,M5,coverage_90,60,0.897539075,0.894807874,0.90028981,15
controlled,none,observational,M5,width_90,60,3.23058122,3.20646694,3.25360354,15
controlled,none,observational,fixed,energy_score,60,0.648909855,0.64335007,0.654302388,15
controlled,none,observational,fixed,mean_effect_rmse,60,5.04459697e-08,4.17966439e-08,5.95324076e-08,15
controlled,none,observational,fixed,worst_regime_sw1,60,0.109481093,0.0996995009,0.118482512,15
controlled,none,observational,fixed,coverage_90,60,0.896126313,0.893263762,0.8989686,15
controlled,none,observational,fixed,width_90,60,3.2225757,3.19839558,3.24649533,15
controlled,none,observational,fixed,shd,60,1.86666667,1.63333333,2.13333333,15
controlled,none,observational,random,energy_score,60,0.647458069,0.641991956,0.652714579,15
controlled,none,observational,random,mean_effect_rmse,60,4.68344642e-08,3.5798897e-08,5.82534358e-08,15
controlled,none,observational,random,worst_regime_sw1,60,0.0948648849,0.0857977531,0.104237134,15
controlled,none,observational,random,coverage_90,60,0.897597668,0.895341563,0.899850352,15
controlled,none,observational,random,width_90,60,3.2344318,3.2122705,3.25295298,15
controlled,none,observational,random,shd,60,1.78333333,1.36666667,2.23333333,15
real,anonymous,T1,M0,energy_score,1,1.43270251,,,0
real,anonymous,T1,M0,mean_effect_rmse,1,1.63764123,,,0
real,anonymous,T1,M0,worst_regime_sw1,1,1.40983284,,,0
real,anonymous,T1,M0,coverage_90,1,0.722500026,,,0
real,anonymous,T1,M0,width_90,1,3.1348567,,,0
real,anonymous,T1,M1,energy_score,1,0.671409704,,,0
real,anonymous,T1,M1,mean_effect_rmse,1,0.0590100027,,,0
real,anonymous,T1,M1,worst_regime_sw1,1,0.125114858,,,0
real,anonymous,T1,M1,coverage_90,1,0.935000002,,,0
real,anonymous,T1,M1,width_90,1,3.2787621,,,0
real,anonymous,T1,M2,energy_score,1,0.668393737,,,0
real,anonymous,T1,M2,mean_effect_rmse,1,0.0749352467,,,0
real,anonymous,T1,M2,worst_regime_sw1,1,0.0861223862,,,0
real,anonymous,T1,M2,coverage_90,1,0.912500024,,,0
real,anonymous,T1,M2,width_90,1,3.19405293,,,0
real,anonymous,T1,M3,energy_score,1,0.668383341,,,0
real,anonymous,T1,M3,mean_effect_rmse,1,0.056478182,,,0
real,anonymous,T1,M3,worst_regime_sw1,1,0.0867303312,,,0
real,anonymous,T1,M3,coverage_90,1,0.912500024,,,0
real,anonymous,T1,M3,width_90,1,3.19026995,,,0
real,anonymous,T1,M4,energy_score,1,0.668383341,,,0
real,anonymous,T1,M4,mean_effect_rmse,1,0.056478182,,,0
real,anonymous,T1,M4,worst_regime_sw1,1,0.0867303312,,,0
real,anonymous,T1,M4,coverage_90,1,0.912500024,,,0
real,anonymous,T1,M4,width_90,1,3.19026995,,,0
real,anonymous,T1,M5,energy_score,1,0.668395976,,,0
real,anonymous,T1,M5,mean_effect_rmse,1,0.0638614323,,,0
real,anonymous,T1,M5,worst_regime_sw1,1,0.0873647481,,,0
real,anonymous,T1,M5,coverage_90,1,0.913333356,,,0
real,anonymous,T1,M5,width_90,1,3.18821335,,,0
real,anonymous,T1,fixed,energy_score,1,0.668396083,,,0
real,anonymous,T1,fixed,mean_effect_rmse,1,0.0639033552,,,0
real,anonymous,T1,fixed,worst_regime_sw1,1,0.0873685181,,,0
real,anonymous,T1,fixed,coverage_90,1,0.913333356,,,0
real,anonymous,T1,fixed,width_90,1,3.18821335,,,0
real,anonymous,T1,llm_edit,energy_score,1,0.668378916,,,0
real,anonymous,T1,llm_edit,mean_effect_rmse,1,0.0721118743,,,0
real,anonymous,T1,llm_edit,worst_regime_sw1,1,0.0863393918,,,0
real,anonymous,T1,llm_edit,coverage_90,1,0.911666691,,,0
real,anonymous,T1,llm_edit,width_90,1,3.18533683,,,0
real,anonymous,T1,random,energy_score,1,0.668383341,,,0
real,anonymous,T1,random,mean_effect_rmse,1,0.056478182,,,0
real,anonymous,T1,random,worst_regime_sw1,1,0.0867303312,,,0
real,anonymous,T1,random,coverage_90,1,0.912500024,,,0
real,anonymous,T1,random,width_90,1,3.19026995,,,0
real,anonymous,T1_exploratory,M0,energy_score,1,0.889421228,,,0
real,anonymous,T1_exploratory,M0,mean_effect_rmse,1,0.823747617,,,0
real,anonymous,T1_exploratory,M0,worst_regime_sw1,1,0.719079256,,,0
real,anonymous,T1_exploratory,M0,coverage_90,1,0.81583333,,,0
real,anonymous,T1_exploratory,M0,width_90,1,3.13513144,,,0
real,anonymous,T1_exploratory,M1,energy_score,1,0.691325509,,,0
real,anonymous,T1_exploratory,M1,mean_effect_rmse,1,0.172353263,,,0
real,anonymous,T1_exploratory,M1,worst_regime_sw1,1,0.138534606,,,0
real,anonymous,T1_exploratory,M1,coverage_90,1,0.920833349,,,0
real,anonymous,T1_exploratory,M1,width_90,1,3.28743172,,,0
real,anonymous,T1_exploratory,M2,energy_score,1,0.689665266,,,0
real,anonymous,T1_exploratory,M2,mean_effect_rmse,1,0.12036788,,,0
real,anonymous,T1_exploratory,M2,worst_regime_sw1,1,0.133963317,,,0
real,anonymous,T1_exploratory,M2,coverage_90,1,0.895000041,,,0
real,anonymous,T1_exploratory,M2,width_90,1,3.22526153,,,0
real,anonymous,T1_exploratory,M3,energy_score,1,0.689734501,,,0
real,anonymous,T1_exploratory,M3,mean_effect_rmse,1,0.111707108,,,0
real,anonymous,T1_exploratory,M3,worst_regime_sw1,1,0.134624124,,,0
real,anonymous,T1_exploratory,M3,coverage_90,1,0.892500043,,,0
real,anonymous,T1_exploratory,M3,width_90,1,3.22040304,,,0
real,anonymous,T1_exploratory,M4,energy_score,1,0.689734501,,,0
real,anonymous,T1_exploratory,M4,mean_effect_rmse,1,0.111707108,,,0
real,anonymous,T1_exploratory,M4,worst_regime_sw1,1,0.134624124,,,0
real,anonymous,T1_exploratory,M4,coverage_90,1,0.892500043,,,0
real,anonymous,T1_exploratory,M4,width_90,1,3.22040304,,,0
real,anonymous,T1_exploratory,M5,energy_score,1,0.689704486,,,0
real,anonymous,T1_exploratory,M5,mean_effect_rmse,1,0.122643916,,,0
real,anonymous,T1_exploratory,M5,worst_regime_sw1,1,0.135696754,,,0
real,anonymous,T1_exploratory,M5,coverage_90,1,0.896944483,,,0
real,anonymous,T1_exploratory,M5,width_90,1,3.22814123,,,0
real,anonymous,T1_exploratory,fixed,energy_score,1,0.689705339,,,0
real,anonymous,T1_exploratory,fixed,mean_effect_rmse,1,0.122728986,,,0
real,anonymous,T1_exploratory,fixed,worst_regime_sw1,1,0.135720104,,,0
real,anonymous,T1_exploratory,fixed,coverage_90,1,0.896944483,,,0
real,anonymous,T1_exploratory,fixed,width_90,1,3.22818152,,,0
real,anonymous,T1_exploratory,llm_edit,energy_score,1,0.689689168,,,0
real,anonymous,T1_exploratory,llm_edit,mean_effect_rmse,1,0.125658689,,,0
real,anonymous,T1_exploratory,llm_edit,worst_regime_sw1,1,0.134886324,,,0
real,anonymous,T1_exploratory,llm_edit,coverage_90,1,0.896388928,,,0
real,anonymous,T1_exploratory,llm_edit,width_90,1,3.2288487,,,0
real,anonymous,T1_exploratory,random,energy_score,1,0.689734501,,,0
real,anonymous,T1_exploratory,random,mean_effect_rmse,1,0.111707108,,,0
real,anonymous,T1_exploratory,random,worst_regime_sw1,1,0.134624124,,,0
real,anonymous,T1_exploratory,random,coverage_90,1,0.892500043,,,0
real,anonymous,T1_exploratory,random,width_90,1,3.22040304,,,0
real,anonymous,T2,M0,energy_score,1,2.80389382,,,0
real,anonymous,T2,M0,mean_effect_rmse,1,3.20225901,,,0
real,anonymous,T2,M0,worst_regime_sw1,1,2.71087337,,,0
real,anonymous,T2,M0,coverage_90,1,0.7148,,,0
real,anonymous,T2,M0,width_90,1,3.13439155,,,0
real,anonymous,T2,M1,energy_score,1,0.682805521,,,0
real,anonymous,T2,M1,mean_effect_rmse,1,0.072741376,,,0
real,anonymous,T2,M1,worst_regime_sw1,1,0.0855734125,,,0
real,anonymous,T2,M1,coverage_90,1,0.921199977,,,0
real,anonymous,T2,M1,width_90,1,3.23014235,,,0
real,anonymous,T2,M2,energy_score,1,0.696207042,,,0
real,anonymous,T2,M2,mean_effect_rmse,1,0.16501565,,,0
real,anonymous,T2,M2,worst_regime_sw1,1,0.172341704,,,0
real,anonymous,T2,M2,coverage_90,1,0.840200007,,,0
real,anonymous,T2,M2,width_90,1,2.9602313,,,0
real,anonymous,T2,M3,energy_score,1,0.689563298,,,0
real,anonymous,T2,M3,mean_effect_rmse,1,0.14568252,,,0
real,anonymous,T2,M3,worst_regime_sw1,1,0.134851247,,,0
real,anonymous,T2,M3,coverage_90,1,0.856000006,,,0
real,anonymous,T2,M3,width_90,1,3.01469588,,,0
real,anonymous,T2,M4,energy_score,1,0.689563298,,,0
real,anonymous,T2,M4,mean_effect_rmse,1,0.14568252,,,0
real,anonymous,T2,M4,worst_regime_sw1,1,0.134851247,,,0
real,anonymous,T2,M4,coverage_90,1,0.856000006,,,0
real,anonymous,T2,M4,width_90,1,3.01469588,,,0
real,anonymous,T2,M5,energy_score,1,0.691159673,,,0
real,anonymous,T2,M5,mean_effect_rmse,1,0.142011148,,,0
real,anonymous,T2,M5,worst_regime_sw1,1,0.145990953,,,0
real,anonymous,T2,M5,coverage_90,1,0.852999985,,,0
real,anonymous,T2,M5,width_90,1,3.01064014,,,0
real,anonymous,T2,fixed,energy_score,1,0.691174707,,,0
real,anonymous,T2,fixed,mean_effect_rmse,1,0.142036856,,,0
real,anonymous,T2,fixed,worst_regime_sw1,1,0.146088257,,,0
real,anonymous,T2,fixed,coverage_90,1,0.852999985,,,0
real,anonymous,T2,fixed,width_90,1,3.01064014,,,0
real,anonymous,T2,llm_edit,energy_score,1,0.706948453,,,0
real,anonymous,T2,llm_edit,mean_effect_rmse,1,0.217895684,,,0
real,anonymous,T2,llm_edit,worst_regime_sw1,1,0.219696581,,,0
real,anonymous,T2,llm_edit,coverage_90,1,0.825199962,,,0
real,anonymous,T2,llm_edit,width_90,1,2.90277696,,,0
real,anonymous,T2,random,energy_score,1,0.689563298,,,0
real,anonymous,T2,random,mean_effect_rmse,1,0.14568252,,,0
real,anonymous,T2,random,worst_regime_sw1,1,0.134851247,,,0
real,anonymous,T2,random,coverage_90,1,0.856000006,,,0
real,anonymous,T2,random,width_90,1,3.01469588,,,0
real,anonymous,T2_exploratory,M0,energy_score,1,1.30898632,,,0
real,anonymous,T2_exploratory,M0,mean_effect_rmse,1,1.52694095,,,0
real,anonymous,T2_exploratory,M0,worst_regime_sw1,1,1.29048371,,,0
real,anonymous,T2_exploratory,M0,coverage_90,1,0.733333309,,,0
real,anonymous,T2_exploratory,M0,width_90,1,3.15159448,,,0
real,anonymous,T2_exploratory,M1,energy_score,1,0.674135601,,,0
real,anonymous,T2_exploratory,M1,mean_effect_rmse,1,0.200048982,,,0
real,anonymous,T2_exploratory,M1,worst_regime_sw1,1,0.158355087,,,0
real,anonymous,T2_exploratory,M1,coverage_90,1,0.934133311,,,0
real,anonymous,T2_exploratory,M1,width_90,1,3.29308478,,,0
real,anonymous,T2_exploratory,M2,energy_score,1,0.673037249,,,0
real,anonymous,T2_exploratory,M2,mean_effect_rmse,1,0.146751538,,,0
real,anonymous,T2_exploratory,M2,worst_regime_sw1,1,0.144671798,,,0
real,anonymous,T2_exploratory,M2,coverage_90,1,0.902533313,,,0
real,anonymous,T2_exploratory,M2,width_90,1,3.1865205,,,0
real,anonymous,T2_exploratory,M3,energy_score,1,0.673127488,,,0
real,anonymous,T2_exploratory,M3,mean_effect_rmse,1,0.139688782,,,0
real,anonymous,T2_exploratory,M3,worst_regime_sw1,1,0.145412609,,,0
real,anonymous,T2_exploratory,M3,coverage_90,1,0.9053333,,,0
real,anonymous,T2_exploratory,M3,width_90,1,3.19187077,,,0
real,anonymous,T2_exploratory,M4,energy_score,1,0.673127488,,,0
real,anonymous,T2_exploratory,M4,mean_effect_rmse,1,0.139688782,,,0
real,anonymous,T2_exploratory,M4,worst_regime_sw1,1,0.145412609,,,0
real,anonymous,T2_exploratory,M4,coverage_90,1,0.9053333,,,0
real,anonymous,T2_exploratory,M4,width_90,1,3.19187077,,,0
real,anonymous,T2_exploratory,M5,energy_score,1,0.672888686,,,0
real,anonymous,T2_exploratory,M5,mean_effect_rmse,1,0.141982019,,,0
real,anonymous,T2_exploratory,M5,worst_regime_sw1,1,0.144148439,,,0
real,anonymous,T2_exploratory,M5,coverage_90,1,0.903666655,,,0
real,anonymous,T2_exploratory,M5,width_90,1,3.19097598,,,0
real,anonymous,T2_exploratory,fixed,energy_score,1,0.672888331,,,0
real,anonymous,T2_exploratory,fixed,mean_effect_rmse,1,0.14196696,,,0
real,anonymous,T2_exploratory,fixed,worst_regime_sw1,1,0.14415285,,,0
real,anonymous,T2_exploratory,fixed,coverage_90,1,0.903666655,,,0
real,anonymous,T2_exploratory,fixed,width_90,1,3.19097598,,,0
real,anonymous,T2_exploratory,llm_edit,energy_score,1,0.673050932,,,0
real,anonymous,T2_exploratory,llm_edit,mean_effect_rmse,1,0.14752184,,,0
real,anonymous,T2_exploratory,llm_edit,worst_regime_sw1,1,0.144486427,,,0
real,anonymous,T2_exploratory,llm_edit,coverage_90,1,0.905266643,,,0
real,anonymous,T2_exploratory,llm_edit,width_90,1,3.19387213,,,0
real,anonymous,T2_exploratory,random,energy_score,1,0.673127488,,,0
real,anonymous,T2_exploratory,random,mean_effect_rmse,1,0.139688782,,,0
real,anonymous,T2_exploratory,random,worst_regime_sw1,1,0.145412609,,,0
real,anonymous,T2_exploratory,random,coverage_90,1,0.9053333,,,0
real,anonymous,T2_exploratory,random,width_90,1,3.19187077,,,0
real,anonymous,observational,M0,energy_score,1,0.689569473,,,0
real,anonymous,observational,M0,mean_effect_rmse,1,2.41248577e-08,,,0
real,anonymous,observational,M0,worst_regime_sw1,1,0.16305986,,,0
real,anonymous,observational,M0,coverage_90,1,0.902832031,,,0
real,anonymous,observational,M0,width_90,1,3.14848423,,,0
real,anonymous,observational,M1,energy_score,1,0.68440649,,,0
real,anonymous,observational,M1,mean_effect_rmse,1,5.25860607e-08,,,0
real,anonymous,observational,M1,worst_regime_sw1,1,0.104234383,,,0
real,anonymous,observational,M1,coverage_90,1,0.946940124,,,0
real,anonymous,observational,M1,width_90,1,3.3665607,,,0
real,anonymous,observational,M2,energy_score,1,0.682000978,,,0
real,anonymous,observational,M2,mean_effect_rmse,1,1.95106546e-08,,,0
real,anonymous,observational,M2,worst_regime_sw1,1,0.0774548203,,,0
real,anonymous,observational,M2,coverage_90,1,0.909016967,,,0
real,anonymous,observational,M2,width_90,1,3.20279217,,,0
real,anonymous,observational,M3,energy_score,1,0.681420867,,,0
real,anonymous,observational,M3,mean_effect_rmse,1,1.01043537e-08,,,0
real,anonymous,observational,M3,worst_regime_sw1,1,0.0708552748,,,0
real,anonymous,observational,M3,coverage_90,1,0.909830749,,,0
real,anonymous,observational,M3,width_90,1,3.19746923,,,0
real,anonymous,observational,M4,energy_score,1,0.681420867,,,0
real,anonymous,observational,M4,mean_effect_rmse,1,1.01043537e-08,,,0
real,anonymous,observational,M4,worst_regime_sw1,1,0.0708552748,,,0
real,anonymous,observational,M4,coverage_90,1,0.909830749,,,0
real,anonymous,observational,M4,width_90,1,3.19746923,,,0
real,anonymous,observational,M5,energy_score,1,0.681802514,,,0
real,anonymous,observational,M5,mean_effect_rmse,1,1.16214332e-08,,,0
real,anonymous,observational,M5,worst_regime_sw1,1,0.075283587,,,0
real,anonymous,observational,M5,coverage_90,1,0.909016967,,,0
real,anonymous,observational,M5,width_90,1,3.20181131,,,0
real,anonymous,observational,fixed,energy_score,1,0.681804752,,,0
real,anonymous,observational,fixed,mean_effect_rmse,1,1.10278557e-08,,,0
real,anonymous,observational,fixed,worst_regime_sw1,1,0.075310573,,,0
real,anonymous,observational,fixed,coverage_90,1,0.909016967,,,0
real,anonymous,observational,fixed,width_90,1,3.20181131,,,0
real,anonymous,observational,llm_edit,energy_score,1,0.68200857,,,0
real,anonymous,observational,llm_edit,mean_effect_rmse,1,1.10278557e-08,,,0
real,anonymous,observational,llm_edit,worst_regime_sw1,1,0.0776346475,,,0
real,anonymous,observational,llm_edit,coverage_90,1,0.909993529,,,0
real,anonymous,observational,llm_edit,width_90,1,3.20461416,,,0
real,anonymous,observational,random,energy_score,1,0.681420867,,,0
real,anonymous,observational,random,mean_effect_rmse,1,1.01043537e-08,,,0
real,anonymous,observational,random,worst_regime_sw1,1,0.0708552748,,,0
real,anonymous,observational,random,coverage_90,1,0.909830749,,,0
real,anonymous,observational,random,width_90,1,3.19746923,,,0
real,coherent,T1,M0,energy_score,1,1.43270251,,,0
real,coherent,T1,M0,mean_effect_rmse,1,1.63764123,,,0
real,coherent,T1,M0,worst_regime_sw1,1,1.40983284,,,0
real,coherent,T1,M0,coverage_90,1,0.722500026,,,0
real,coherent,T1,M0,width_90,1,3.1348567,,,0
real,coherent,T1,M1,energy_score,1,0.671409704,,,0
real,coherent,T1,M1,mean_effect_rmse,1,0.0590100027,,,0
real,coherent,T1,M1,worst_regime_sw1,1,0.125114858,,,0
real,coherent,T1,M1,coverage_90,1,0.935000002,,,0
real,coherent,T1,M1,width_90,1,3.2787621,,,0
real,coherent,T1,M2,energy_score,1,0.668393737,,,0
real,coherent,T1,M2,mean_effect_rmse,1,0.0749352467,,,0
real,coherent,T1,M2,worst_regime_sw1,1,0.0861223862,,,0
real,coherent,T1,M2,coverage_90,1,0.912500024,,,0
real,coherent,T1,M2,width_90,1,3.19405293,,,0
real,coherent,T1,M3,energy_score,1,0.668383341,,,0
real,coherent,T1,M3,mean_effect_rmse,1,0.056478182,,,0
real,coherent,T1,M3,worst_regime_sw1,1,0.0867303312,,,0
real,coherent,T1,M3,coverage_90,1,0.912500024,,,0
real,coherent,T1,M3,width_90,1,3.19026995,,,0
real,coherent,T1,M4,energy_score,1,0.668383341,,,0
real,coherent,T1,M4,mean_effect_rmse,1,0.056478182,,,0
real,coherent,T1,M4,worst_regime_sw1,1,0.0867303312,,,0
real,coherent,T1,M4,coverage_90,1,0.912500024,,,0
real,coherent,T1,M4,width_90,1,3.19026995,,,0
real,coherent,T1,M5,energy_score,1,0.668395976,,,0
real,coherent,T1,M5,mean_effect_rmse,1,0.0638614323,,,0
real,coherent,T1,M5,worst_regime_sw1,1,0.0873647481,,,0
real,coherent,T1,M5,coverage_90,1,0.913333356,,,0
real,coherent,T1,M5,width_90,1,3.18821335,,,0
real,coherent,T1,fixed,energy_score,1,0.668396083,,,0
real,coherent,T1,fixed,mean_effect_rmse,1,0.0639033552,,,0
real,coherent,T1,fixed,worst_regime_sw1,1,0.0873685181,,,0
real,coherent,T1,fixed,coverage_90,1,0.913333356,,,0
real,coherent,T1,fixed,width_90,1,3.18821335,,,0
real,coherent,T1,llm_edit,energy_score,1,0.668378916,,,0
real,coherent,T1,llm_edit,mean_effect_rmse,1,0.0721118743,,,0
real,coherent,T1,llm_edit,worst_regime_sw1,1,0.0863393918,,,0
real,coherent,T1,llm_edit,coverage_90,1,0.911666691,,,0
real,coherent,T1,llm_edit,width_90,1,3.18533683,,,0
real,coherent,T1,random,energy_score,1,0.668383341,,,0
real,coherent,T1,random,mean_effect_rmse,1,0.056478182,,,0
real,coherent,T1,random,worst_regime_sw1,1,0.0867303312,,,0
real,coherent,T1,random,coverage_90,1,0.912500024,,,0
real,coherent,T1,random,width_90,1,3.19026995,,,0
real,coherent,T1_exploratory,M0,energy_score,1,0.889421228,,,0
real,coherent,T1_exploratory,M0,mean_effect_rmse,1,0.823747617,,,0
real,coherent,T1_exploratory,M0,worst_regime_sw1,1,0.719079256,,,0
real,coherent,T1_exploratory,M0,coverage_90,1,0.81583333,,,0
real,coherent,T1_exploratory,M0,width_90,1,3.13513144,,,0
real,coherent,T1_exploratory,M1,energy_score,1,0.691325509,,,0
real,coherent,T1_exploratory,M1,mean_effect_rmse,1,0.172353263,,,0
real,coherent,T1_exploratory,M1,worst_regime_sw1,1,0.138534606,,,0
real,coherent,T1_exploratory,M1,coverage_90,1,0.920833349,,,0
real,coherent,T1_exploratory,M1,width_90,1,3.28743172,,,0
real,coherent,T1_exploratory,M2,energy_score,1,0.689665266,,,0
real,coherent,T1_exploratory,M2,mean_effect_rmse,1,0.12036788,,,0
real,coherent,T1_exploratory,M2,worst_regime_sw1,1,0.133963317,,,0
real,coherent,T1_exploratory,M2,coverage_90,1,0.895000041,,,0
real,coherent,T1_exploratory,M2,width_90,1,3.22526153,,,0
real,coherent,T1_exploratory,M3,energy_score,1,0.689734501,,,0
real,coherent,T1_exploratory,M3,mean_effect_rmse,1,0.111707108,,,0
real,coherent,T1_exploratory,M3,worst_regime_sw1,1,0.134624124,,,0
real,coherent,T1_exploratory,M3,coverage_90,1,0.892500043,,,0
real,coherent,T1_exploratory,M3,width_90,1,3.22040304,,,0
real,coherent,T1_exploratory,M4,energy_score,1,0.689734501,,,0
real,coherent,T1_exploratory,M4,mean_effect_rmse,1,0.111707108,,,0
real,coherent,T1_exploratory,M4,worst_regime_sw1,1,0.134624124,,,0
real,coherent,T1_exploratory,M4,coverage_90,1,0.892500043,,,0
real,coherent,T1_exploratory,M4,width_90,1,3.22040304,,,0
real,coherent,T1_exploratory,M5,energy_score,1,0.689704486,,,0
real,coherent,T1_exploratory,M5,mean_effect_rmse,1,0.122643916,,,0
real,coherent,T1_exploratory,M5,worst_regime_sw1,1,0.135696754,,,0
real,coherent,T1_exploratory,M5,coverage_90,1,0.896944483,,,0
real,coherent,T1_exploratory,M5,width_90,1,3.22814123,,,0
real,coherent,T1_exploratory,fixed,energy_score,1,0.689705339,,,0
real,coherent,T1_exploratory,fixed,mean_effect_rmse,1,0.122728986,,,0
real,coherent,T1_exploratory,fixed,worst_regime_sw1,1,0.135720104,,,0
real,coherent,T1_exploratory,fixed,coverage_90,1,0.896944483,,,0
real,coherent,T1_exploratory,fixed,width_90,1,3.22818152,,,0
real,coherent,T1_exploratory,llm_edit,energy_score,1,0.689689168,,,0
real,coherent,T1_exploratory,llm_edit,mean_effect_rmse,1,0.125658689,,,0
real,coherent,T1_exploratory,llm_edit,worst_regime_sw1,1,0.134886324,,,0
real,coherent,T1_exploratory,llm_edit,coverage_90,1,0.896388928,,,0
real,coherent,T1_exploratory,llm_edit,width_90,1,3.2288487,,,0
real,coherent,T1_exploratory,random,energy_score,1,0.689734501,,,0
real,coherent,T1_exploratory,random,mean_effect_rmse,1,0.111707108,,,0
real,coherent,T1_exploratory,random,worst_regime_sw1,1,0.134624124,,,0
real,coherent,T1_exploratory,random,coverage_90,1,0.892500043,,,0
real,coherent,T1_exploratory,random,width_90,1,3.22040304,,,0
real,coherent,T2,M0,energy_score,1,2.80389382,,,0
real,coherent,T2,M0,mean_effect_rmse,1,3.20225901,,,0
real,coherent,T2,M0,worst_regime_sw1,1,2.71087337,,,0
real,coherent,T2,M0,coverage_90,1,0.7148,,,0
real,coherent,T2,M0,width_90,1,3.13439155,,,0
real,coherent,T2,M1,energy_score,1,0.682805521,,,0
real,coherent,T2,M1,mean_effect_rmse,1,0.072741376,,,0
real,coherent,T2,M1,worst_regime_sw1,1,0.0855734125,,,0
real,coherent,T2,M1,coverage_90,1,0.921199977,,,0
real,coherent,T2,M1,width_90,1,3.23014235,,,0
real,coherent,T2,M2,energy_score,1,0.696207042,,,0
real,coherent,T2,M2,mean_effect_rmse,1,0.16501565,,,0
real,coherent,T2,M2,worst_regime_sw1,1,0.172341704,,,0
real,coherent,T2,M2,coverage_90,1,0.840200007,,,0
real,coherent,T2,M2,width_90,1,2.9602313,,,0
real,coherent,T2,M3,energy_score,1,0.689563298,,,0
real,coherent,T2,M3,mean_effect_rmse,1,0.14568252,,,0
real,coherent,T2,M3,worst_regime_sw1,1,0.134851247,,,0
real,coherent,T2,M3,coverage_90,1,0.856000006,,,0
real,coherent,T2,M3,width_90,1,3.01469588,,,0
real,coherent,T2,M4,energy_score,1,0.689563298,,,0
real,coherent,T2,M4,mean_effect_rmse,1,0.14568252,,,0
real,coherent,T2,M4,worst_regime_sw1,1,0.134851247,,,0
real,coherent,T2,M4,coverage_90,1,0.856000006,,,0
real,coherent,T2,M4,width_90,1,3.01469588,,,0
real,coherent,T2,M5,energy_score,1,0.691159673,,,0
real,coherent,T2,M5,mean_effect_rmse,1,0.142011148,,,0
real,coherent,T2,M5,worst_regime_sw1,1,0.145990953,,,0
real,coherent,T2,M5,coverage_90,1,0.852999985,,,0
real,coherent,T2,M5,width_90,1,3.01064014,,,0
real,coherent,T2,fixed,energy_score,1,0.691174707,,,0
real,coherent,T2,fixed,mean_effect_rmse,1,0.142036856,,,0
real,coherent,T2,fixed,worst_regime_sw1,1,0.146088257,,,0
real,coherent,T2,fixed,coverage_90,1,0.852999985,,,0
real,coherent,T2,fixed,width_90,1,3.01064014,,,0
real,coherent,T2,llm_edit,energy_score,1,0.706948453,,,0
real,coherent,T2,llm_edit,mean_effect_rmse,1,0.217895684,,,0
real,coherent,T2,llm_edit,worst_regime_sw1,1,0.219696581,,,0
real,coherent,T2,llm_edit,coverage_90,1,0.825199962,,,0
real,coherent,T2,llm_edit,width_90,1,2.90277696,,,0
real,coherent,T2,random,energy_score,1,0.689563298,,,0
real,coherent,T2,random,mean_effect_rmse,1,0.14568252,,,0
real,coherent,T2,random,worst_regime_sw1,1,0.134851247,,,0
real,coherent,T2,random,coverage_90,1,0.856000006,,,0
real,coherent,T2,random,width_90,1,3.01469588,,,0
real,coherent,T2_exploratory,M0,energy_score,1,1.30898632,,,0
real,coherent,T2_exploratory,M0,mean_effect_rmse,1,1.52694095,,,0
real,coherent,T2_exploratory,M0,worst_regime_sw1,1,1.29048371,,,0
real,coherent,T2_exploratory,M0,coverage_90,1,0.733333309,,,0
real,coherent,T2_exploratory,M0,width_90,1,3.15159448,,,0
real,coherent,T2_exploratory,M1,energy_score,1,0.674135601,,,0
real,coherent,T2_exploratory,M1,mean_effect_rmse,1,0.200048982,,,0
real,coherent,T2_exploratory,M1,worst_regime_sw1,1,0.158355087,,,0
real,coherent,T2_exploratory,M1,coverage_90,1,0.934133311,,,0
real,coherent,T2_exploratory,M1,width_90,1,3.29308478,,,0
real,coherent,T2_exploratory,M2,energy_score,1,0.673037249,,,0
real,coherent,T2_exploratory,M2,mean_effect_rmse,1,0.146751538,,,0
real,coherent,T2_exploratory,M2,worst_regime_sw1,1,0.144671798,,,0
real,coherent,T2_exploratory,M2,coverage_90,1,0.902533313,,,0
real,coherent,T2_exploratory,M2,width_90,1,3.1865205,,,0
real,coherent,T2_exploratory,M3,energy_score,1,0.673127488,,,0
real,coherent,T2_exploratory,M3,mean_effect_rmse,1,0.139688782,,,0
real,coherent,T2_exploratory,M3,worst_regime_sw1,1,0.145412609,,,0
real,coherent,T2_exploratory,M3,coverage_90,1,0.9053333,,,0
real,coherent,T2_exploratory,M3,width_90,1,3.19187077,,,0
real,coherent,T2_exploratory,M4,energy_score,1,0.673127488,,,0
real,coherent,T2_exploratory,M4,mean_effect_rmse,1,0.139688782,,,0
real,coherent,T2_exploratory,M4,worst_regime_sw1,1,0.145412609,,,0
real,coherent,T2_exploratory,M4,coverage_90,1,0.9053333,,,0
real,coherent,T2_exploratory,M4,width_90,1,3.19187077,,,0
real,coherent,T2_exploratory,M5,energy_score,1,0.672888686,,,0
real,coherent,T2_exploratory,M5,mean_effect_rmse,1,0.141982019,,,0
real,coherent,T2_exploratory,M5,worst_regime_sw1,1,0.144148439,,,0
real,coherent,T2_exploratory,M5,coverage_90,1,0.903666655,,,0
real,coherent,T2_exploratory,M5,width_90,1,3.19097598,,,0
real,coherent,T2_exploratory,fixed,energy_score,1,0.672888331,,,0
real,coherent,T2_exploratory,fixed,mean_effect_rmse,1,0.14196696,,,0
real,coherent,T2_exploratory,fixed,worst_regime_sw1,1,0.14415285,,,0
real,coherent,T2_exploratory,fixed,coverage_90,1,0.903666655,,,0
real,coherent,T2_exploratory,fixed,width_90,1,3.19097598,,,0
real,coherent,T2_exploratory,llm_edit,energy_score,1,0.673050932,,,0
real,coherent,T2_exploratory,llm_edit,mean_effect_rmse,1,0.14752184,,,0
real,coherent,T2_exploratory,llm_edit,worst_regime_sw1,1,0.144486427,,,0
real,coherent,T2_exploratory,llm_edit,coverage_90,1,0.905266643,,,0
real,coherent,T2_exploratory,llm_edit,width_90,1,3.19387213,,,0
real,coherent,T2_exploratory,random,energy_score,1,0.673127488,,,0
real,coherent,T2_exploratory,random,mean_effect_rmse,1,0.139688782,,,0
real,coherent,T2_exploratory,random,worst_regime_sw1,1,0.145412609,,,0
real,coherent,T2_exploratory,random,coverage_90,1,0.9053333,,,0
real,coherent,T2_exploratory,random,width_90,1,3.19187077,,,0
real,coherent,observational,M0,energy_score,1,0.689569473,,,0
real,coherent,observational,M0,mean_effect_rmse,1,2.41248577e-08,,,0
real,coherent,observational,M0,worst_regime_sw1,1,0.16305986,,,0
real,coherent,observational,M0,coverage_90,1,0.902832031,,,0
real,coherent,observational,M0,width_90,1,3.14848423,,,0
real,coherent,observational,M1,energy_score,1,0.68440649,,,0
real,coherent,observational,M1,mean_effect_rmse,1,5.25860607e-08,,,0
real,coherent,observational,M1,worst_regime_sw1,1,0.104234383,,,0
real,coherent,observational,M1,coverage_90,1,0.946940124,,,0
real,coherent,observational,M1,width_90,1,3.3665607,,,0
real,coherent,observational,M2,energy_score,1,0.682000978,,,0
real,coherent,observational,M2,mean_effect_rmse,1,1.95106546e-08,,,0
real,coherent,observational,M2,worst_regime_sw1,1,0.0774548203,,,0
real,coherent,observational,M2,coverage_90,1,0.909016967,,,0
real,coherent,observational,M2,width_90,1,3.20279217,,,0
real,coherent,observational,M3,energy_score,1,0.681420867,,,0
real,coherent,observational,M3,mean_effect_rmse,1,1.01043537e-08,,,0
real,coherent,observational,M3,worst_regime_sw1,1,0.0708552748,,,0
real,coherent,observational,M3,coverage_90,1,0.909830749,,,0
real,coherent,observational,M3,width_90,1,3.19746923,,,0
real,coherent,observational,M4,energy_score,1,0.681420867,,,0
real,coherent,observational,M4,mean_effect_rmse,1,1.01043537e-08,,,0
real,coherent,observational,M4,worst_regime_sw1,1,0.0708552748,,,0
real,coherent,observational,M4,coverage_90,1,0.909830749,,,0
real,coherent,observational,M4,width_90,1,3.19746923,,,0
real,coherent,observational,M5,energy_score,1,0.681802514,,,0
real,coherent,observational,M5,mean_effect_rmse,1,1.16214332e-08,,,0
real,coherent,observational,M5,worst_regime_sw1,1,0.075283587,,,0
real,coherent,observational,M5,coverage_90,1,0.909016967,,,0
real,coherent,observational,M5,width_90,1,3.20181131,,,0
real,coherent,observational,fixed,energy_score,1,0.681804752,,,0
real,coherent,observational,fixed,mean_effect_rmse,1,1.10278557e-08,,,0
real,coherent,observational,fixed,worst_regime_sw1,1,0.075310573,,,0
real,coherent,observational,fixed,coverage_90,1,0.909016967,,,0
real,coherent,observational,fixed,width_90,1,3.20181131,,,0
real,coherent,observational,llm_edit,energy_score,1,0.68200857,,,0
real,coherent,observational,llm_edit,mean_effect_rmse,1,1.10278557e-08,,,0
real,coherent,observational,llm_edit,worst_regime_sw1,1,0.0776346475,,,0
real,coherent,observational,llm_edit,coverage_90,1,0.909993529,,,0
real,coherent,observational,llm_edit,width_90,1,3.20461416,,,0
real,coherent,observational,random,energy_score,1,0.681420867,,,0
real,coherent,observational,random,mean_effect_rmse,1,1.01043537e-08,,,0
real,coherent,observational,random,worst_regime_sw1,1,0.0708552748,,,0
real,coherent,observational,random,coverage_90,1,0.909830749,,,0
real,coherent,observational,random,width_90,1,3.19746923,,,0
real,shuffled,T1,M0,energy_score,1,1.43270251,,,0
real,shuffled,T1,M0,mean_effect_rmse,1,1.63764123,,,0
real,shuffled,T1,M0,worst_regime_sw1,1,1.40983284,,,0
real,shuffled,T1,M0,coverage_90,1,0.722500026,,,0
real,shuffled,T1,M0,width_90,1,3.1348567,,,0
real,shuffled,T1,M1,energy_score,1,0.671409704,,,0
real,shuffled,T1,M1,mean_effect_rmse,1,0.0590100027,,,0
real,shuffled,T1,M1,worst_regime_sw1,1,0.125114858,,,0
real,shuffled,T1,M1,coverage_90,1,0.935000002,,,0
real,shuffled,T1,M1,width_90,1,3.2787621,,,0
real,shuffled,T1,M2,energy_score,1,0.668393737,,,0
real,shuffled,T1,M2,mean_effect_rmse,1,0.0749352467,,,0
real,shuffled,T1,M2,worst_regime_sw1,1,0.0861223862,,,0
real,shuffled,T1,M2,coverage_90,1,0.912500024,,,0
real,shuffled,T1,M2,width_90,1,3.19405293,,,0
real,shuffled,T1,M3,energy_score,1,0.668383341,,,0
real,shuffled,T1,M3,mean_effect_rmse,1,0.056478182,,,0
real,shuffled,T1,M3,worst_regime_sw1,1,0.0867303312,,,0
real,shuffled,T1,M3,coverage_90,1,0.912500024,,,0
real,shuffled,T1,M3,width_90,1,3.19026995,,,0
real,shuffled,T1,M4,energy_score,1,0.668383341,,,0
real,shuffled,T1,M4,mean_effect_rmse,1,0.056478182,,,0
real,shuffled,T1,M4,worst_regime_sw1,1,0.0867303312,,,0
real,shuffled,T1,M4,coverage_90,1,0.912500024,,,0
real,shuffled,T1,M4,width_90,1,3.19026995,,,0
real,shuffled,T1,M5,energy_score,1,0.668395976,,,0
real,shuffled,T1,M5,mean_effect_rmse,1,0.0638614323,,,0
real,shuffled,T1,M5,worst_regime_sw1,1,0.0873647481,,,0
real,shuffled,T1,M5,coverage_90,1,0.913333356,,,0
real,shuffled,T1,M5,width_90,1,3.18821335,,,0
real,shuffled,T1,fixed,energy_score,1,0.668396083,,,0
real,shuffled,T1,fixed,mean_effect_rmse,1,0.0639033552,,,0
real,shuffled,T1,fixed,worst_regime_sw1,1,0.0873685181,,,0
real,shuffled,T1,fixed,coverage_90,1,0.913333356,,,0
real,shuffled,T1,fixed,width_90,1,3.18821335,,,0
real,shuffled,T1,llm_edit,energy_score,1,0.668378916,,,0
real,shuffled,T1,llm_edit,mean_effect_rmse,1,0.0721118743,,,0
real,shuffled,T1,llm_edit,worst_regime_sw1,1,0.0863393918,,,0
real,shuffled,T1,llm_edit,coverage_90,1,0.911666691,,,0
real,shuffled,T1,llm_edit,width_90,1,3.18533683,,,0
real,shuffled,T1,random,energy_score,1,0.668383341,,,0
real,shuffled,T1,random,mean_effect_rmse,1,0.056478182,,,0
real,shuffled,T1,random,worst_regime_sw1,1,0.0867303312,,,0
real,shuffled,T1,random,coverage_90,1,0.912500024,,,0
real,shuffled,T1,random,width_90,1,3.19026995,,,0
real,shuffled,T1_exploratory,M0,energy_score,1,0.889421228,,,0
real,shuffled,T1_exploratory,M0,mean_effect_rmse,1,0.823747617,,,0
real,shuffled,T1_exploratory,M0,worst_regime_sw1,1,0.719079256,,,0
real,shuffled,T1_exploratory,M0,coverage_90,1,0.81583333,,,0
real,shuffled,T1_exploratory,M0,width_90,1,3.13513144,,,0
real,shuffled,T1_exploratory,M1,energy_score,1,0.691325509,,,0
real,shuffled,T1_exploratory,M1,mean_effect_rmse,1,0.172353263,,,0
real,shuffled,T1_exploratory,M1,worst_regime_sw1,1,0.138534606,,,0
real,shuffled,T1_exploratory,M1,coverage_90,1,0.920833349,,,0
real,shuffled,T1_exploratory,M1,width_90,1,3.28743172,,,0
real,shuffled,T1_exploratory,M2,energy_score,1,0.689665266,,,0
real,shuffled,T1_exploratory,M2,mean_effect_rmse,1,0.12036788,,,0
real,shuffled,T1_exploratory,M2,worst_regime_sw1,1,0.133963317,,,0
real,shuffled,T1_exploratory,M2,coverage_90,1,0.895000041,,,0
real,shuffled,T1_exploratory,M2,width_90,1,3.22526153,,,0
real,shuffled,T1_exploratory,M3,energy_score,1,0.689734501,,,0
real,shuffled,T1_exploratory,M3,mean_effect_rmse,1,0.111707108,,,0
real,shuffled,T1_exploratory,M3,worst_regime_sw1,1,0.134624124,,,0
real,shuffled,T1_exploratory,M3,coverage_90,1,0.892500043,,,0
real,shuffled,T1_exploratory,M3,width_90,1,3.22040304,,,0
real,shuffled,T1_exploratory,M4,energy_score,1,0.689734501,,,0
real,shuffled,T1_exploratory,M4,mean_effect_rmse,1,0.111707108,,,0
real,shuffled,T1_exploratory,M4,worst_regime_sw1,1,0.134624124,,,0
real,shuffled,T1_exploratory,M4,coverage_90,1,0.892500043,,,0
real,shuffled,T1_exploratory,M4,width_90,1,3.22040304,,,0
real,shuffled,T1_exploratory,M5,energy_score,1,0.689704486,,,0
real,shuffled,T1_exploratory,M5,mean_effect_rmse,1,0.122643916,,,0
real,shuffled,T1_exploratory,M5,worst_regime_sw1,1,0.135696754,,,0
real,shuffled,T1_exploratory,M5,coverage_90,1,0.896944483,,,0
real,shuffled,T1_exploratory,M5,width_90,1,3.22814123,,,0
real,shuffled,T1_exploratory,fixed,energy_score,1,0.689705339,,,0
real,shuffled,T1_exploratory,fixed,mean_effect_rmse,1,0.122728986,,,0
real,shuffled,T1_exploratory,fixed,worst_regime_sw1,1,0.135720104,,,0
real,shuffled,T1_exploratory,fixed,coverage_90,1,0.896944483,,,0
real,shuffled,T1_exploratory,fixed,width_90,1,3.22818152,,,0
real,shuffled,T1_exploratory,llm_edit,energy_score,1,0.689689168,,,0
real,shuffled,T1_exploratory,llm_edit,mean_effect_rmse,1,0.125658689,,,0
real,shuffled,T1_exploratory,llm_edit,worst_regime_sw1,1,0.134886324,,,0
real,shuffled,T1_exploratory,llm_edit,coverage_90,1,0.896388928,,,0
real,shuffled,T1_exploratory,llm_edit,width_90,1,3.2288487,,,0
real,shuffled,T1_exploratory,random,energy_score,1,0.689734501,,,0
real,shuffled,T1_exploratory,random,mean_effect_rmse,1,0.111707108,,,0
real,shuffled,T1_exploratory,random,worst_regime_sw1,1,0.134624124,,,0
real,shuffled,T1_exploratory,random,coverage_90,1,0.892500043,,,0
real,shuffled,T1_exploratory,random,width_90,1,3.22040304,,,0
real,shuffled,T2,M0,energy_score,1,2.80389382,,,0
real,shuffled,T2,M0,mean_effect_rmse,1,3.20225901,,,0
real,shuffled,T2,M0,worst_regime_sw1,1,2.71087337,,,0
real,shuffled,T2,M0,coverage_90,1,0.7148,,,0
real,shuffled,T2,M0,width_90,1,3.13439155,,,0
real,shuffled,T2,M1,energy_score,1,0.682805521,,,0
real,shuffled,T2,M1,mean_effect_rmse,1,0.072741376,,,0
real,shuffled,T2,M1,worst_regime_sw1,1,0.0855734125,,,0
real,shuffled,T2,M1,coverage_90,1,0.921199977,,,0
real,shuffled,T2,M1,width_90,1,3.23014235,,,0
real,shuffled,T2,M2,energy_score,1,0.696207042,,,0
real,shuffled,T2,M2,mean_effect_rmse,1,0.16501565,,,0
real,shuffled,T2,M2,worst_regime_sw1,1,0.172341704,,,0
real,shuffled,T2,M2,coverage_90,1,0.840200007,,,0
real,shuffled,T2,M2,width_90,1,2.9602313,,,0
real,shuffled,T2,M3,energy_score,1,0.689563298,,,0
real,shuffled,T2,M3,mean_effect_rmse,1,0.14568252,,,0
real,shuffled,T2,M3,worst_regime_sw1,1,0.134851247,,,0
real,shuffled,T2,M3,coverage_90,1,0.856000006,,,0
real,shuffled,T2,M3,width_90,1,3.01469588,,,0
real,shuffled,T2,M4,energy_score,1,0.689563298,,,0
real,shuffled,T2,M4,mean_effect_rmse,1,0.14568252,,,0
real,shuffled,T2,M4,worst_regime_sw1,1,0.134851247,,,0
real,shuffled,T2,M4,coverage_90,1,0.856000006,,,0
real,shuffled,T2,M4,width_90,1,3.01469588,,,0
real,shuffled,T2,M5,energy_score,1,0.691159673,,,0
real,shuffled,T2,M5,mean_effect_rmse,1,0.142011148,,,0
real,shuffled,T2,M5,worst_regime_sw1,1,0.145990953,,,0
real,shuffled,T2,M5,coverage_90,1,0.852999985,,,0
real,shuffled,T2,M5,width_90,1,3.01064014,,,0
real,shuffled,T2,fixed,energy_score,1,0.691174707,,,0
real,shuffled,T2,fixed,mean_effect_rmse,1,0.142036856,,,0
real,shuffled,T2,fixed,worst_regime_sw1,1,0.146088257,,,0
real,shuffled,T2,fixed,coverage_90,1,0.852999985,,,0
real,shuffled,T2,fixed,width_90,1,3.01064014,,,0
real,shuffled,T2,llm_edit,energy_score,1,0.706948453,,,0
real,shuffled,T2,llm_edit,mean_effect_rmse,1,0.217895684,,,0
real,shuffled,T2,llm_edit,worst_regime_sw1,1,0.219696581,,,0
real,shuffled,T2,llm_edit,coverage_90,1,0.825199962,,,0
real,shuffled,T2,llm_edit,width_90,1,2.90277696,,,0
real,shuffled,T2,random,energy_score,1,0.689563298,,,0
real,shuffled,T2,random,mean_effect_rmse,1,0.14568252,,,0
real,shuffled,T2,random,worst_regime_sw1,1,0.134851247,,,0
real,shuffled,T2,random,coverage_90,1,0.856000006,,,0
real,shuffled,T2,random,width_90,1,3.01469588,,,0
real,shuffled,T2_exploratory,M0,energy_score,1,1.30898632,,,0
real,shuffled,T2_exploratory,M0,mean_effect_rmse,1,1.52694095,,,0
real,shuffled,T2_exploratory,M0,worst_regime_sw1,1,1.29048371,,,0
real,shuffled,T2_exploratory,M0,coverage_90,1,0.733333309,,,0
real,shuffled,T2_exploratory,M0,width_90,1,3.15159448,,,0
real,shuffled,T2_exploratory,M1,energy_score,1,0.674135601,,,0
real,shuffled,T2_exploratory,M1,mean_effect_rmse,1,0.200048982,,,0
real,shuffled,T2_exploratory,M1,worst_regime_sw1,1,0.158355087,,,0
real,shuffled,T2_exploratory,M1,coverage_90,1,0.934133311,,,0
real,shuffled,T2_exploratory,M1,width_90,1,3.29308478,,,0
real,shuffled,T2_exploratory,M2,energy_score,1,0.673037249,,,0
real,shuffled,T2_exploratory,M2,mean_effect_rmse,1,0.146751538,,,0
real,shuffled,T2_exploratory,M2,worst_regime_sw1,1,0.144671798,,,0
real,shuffled,T2_exploratory,M2,coverage_90,1,0.902533313,,,0
real,shuffled,T2_exploratory,M2,width_90,1,3.1865205,,,0
real,shuffled,T2_exploratory,M3,energy_score,1,0.673127488,,,0
real,shuffled,T2_exploratory,M3,mean_effect_rmse,1,0.139688782,,,0
real,shuffled,T2_exploratory,M3,worst_regime_sw1,1,0.145412609,,,0
real,shuffled,T2_exploratory,M3,coverage_90,1,0.9053333,,,0
real,shuffled,T2_exploratory,M3,width_90,1,3.19187077,,,0
real,shuffled,T2_exploratory,M4,energy_score,1,0.673127488,,,0
real,shuffled,T2_exploratory,M4,mean_effect_rmse,1,0.139688782,,,0
real,shuffled,T2_exploratory,M4,worst_regime_sw1,1,0.145412609,,,0
real,shuffled,T2_exploratory,M4,coverage_90,1,0.9053333,,,0
real,shuffled,T2_exploratory,M4,width_90,1,3.19187077,,,0
real,shuffled,T2_exploratory,M5,energy_score,1,0.672888686,,,0
real,shuffled,T2_exploratory,M5,mean_effect_rmse,1,0.141982019,,,0
real,shuffled,T2_exploratory,M5,worst_regime_sw1,1,0.144148439,,,0
real,shuffled,T2_exploratory,M5,coverage_90,1,0.903666655,,,0
real,shuffled,T2_exploratory,M5,width_90,1,3.19097598,,,0
real,shuffled,T2_exploratory,fixed,energy_score,1,0.672888331,,,0
real,shuffled,T2_exploratory,fixed,mean_effect_rmse,1,0.14196696,,,0
real,shuffled,T2_exploratory,fixed,worst_regime_sw1,1,0.14415285,,,0
real,shuffled,T2_exploratory,fixed,coverage_90,1,0.903666655,,,0
real,shuffled,T2_exploratory,fixed,width_90,1,3.19097598,,,0
real,shuffled,T2_exploratory,llm_edit,energy_score,1,0.673050932,,,0
real,shuffled,T2_exploratory,llm_edit,mean_effect_rmse,1,0.14752184,,,0
real,shuffled,T2_exploratory,llm_edit,worst_regime_sw1,1,0.144486427,,,0
real,shuffled,T2_exploratory,llm_edit,coverage_90,1,0.905266643,,,0
real,shuffled,T2_exploratory,llm_edit,width_90,1,3.19387213,,,0
real,shuffled,T2_exploratory,random,energy_score,1,0.673127488,,,0
real,shuffled,T2_exploratory,random,mean_effect_rmse,1,0.139688782,,,0
real,shuffled,T2_exploratory,random,worst_regime_sw1,1,0.145412609,,,0
real,shuffled,T2_exploratory,random,coverage_90,1,0.9053333,,,0
real,shuffled,T2_exploratory,random,width_90,1,3.19187077,,,0
real,shuffled,observational,M0,energy_score,1,0.689569473,,,0
real,shuffled,observational,M0,mean_effect_rmse,1,2.41248577e-08,,,0
real,shuffled,observational,M0,worst_regime_sw1,1,0.16305986,,,0
real,shuffled,observational,M0,coverage_90,1,0.902832031,,,0
real,shuffled,observational,M0,width_90,1,3.14848423,,,0
real,shuffled,observational,M1,energy_score,1,0.68440649,,,0
real,shuffled,observational,M1,mean_effect_rmse,1,5.25860607e-08,,,0
real,shuffled,observational,M1,worst_regime_sw1,1,0.104234383,,,0
real,shuffled,observational,M1,coverage_90,1,0.946940124,,,0
real,shuffled,observational,M1,width_90,1,3.3665607,,,0
real,shuffled,observational,M2,energy_score,1,0.682000978,,,0
real,shuffled,observational,M2,mean_effect_rmse,1,1.95106546e-08,,,0
real,shuffled,observational,M2,worst_regime_sw1,1,0.0774548203,,,0
real,shuffled,observational,M2,coverage_90,1,0.909016967,,,0
real,shuffled,observational,M2,width_90,1,3.20279217,,,0
real,shuffled,observational,M3,energy_score,1,0.681420867,,,0
real,shuffled,observational,M3,mean_effect_rmse,1,1.01043537e-08,,,0
real,shuffled,observational,M3,worst_regime_sw1,1,0.0708552748,,,0
real,shuffled,observational,M3,coverage_90,1,0.909830749,,,0
real,shuffled,observational,M3,width_90,1,3.19746923,,,0
real,shuffled,observational,M4,energy_score,1,0.681420867,,,0
real,shuffled,observational,M4,mean_effect_rmse,1,1.01043537e-08,,,0
real,shuffled,observational,M4,worst_regime_sw1,1,0.0708552748,,,0
real,shuffled,observational,M4,coverage_90,1,0.909830749,,,0
real,shuffled,observational,M4,width_90,1,3.19746923,,,0
real,shuffled,observational,M5,energy_score,1,0.681802514,,,0
real,shuffled,observational,M5,mean_effect_rmse,1,1.16214332e-08,,,0
real,shuffled,observational,M5,worst_regime_sw1,1,0.075283587,,,0
real,shuffled,observational,M5,coverage_90,1,0.909016967,,,0
real,shuffled,observational,M5,width_90,1,3.20181131,,,0
real,shuffled,observational,fixed,energy_score,1,0.681804752,,,0
real,shuffled,observational,fixed,mean_effect_rmse,1,1.10278557e-08,,,0
real,shuffled,observational,fixed,worst_regime_sw1,1,0.075310573,,,0
real,shuffled,observational,fixed,coverage_90,1,0.909016967,,,0
real,shuffled,observational,fixed,width_90,1,3.20181131,,,0
real,shuffled,observational,llm_edit,energy_score,1,0.68200857,,,0
real,shuffled,observational,llm_edit,mean_effect_rmse,1,1.10278557e-08,,,0
real,shuffled,observational,llm_edit,worst_regime_sw1,1,0.0776346475,,,0
real,shuffled,observational,llm_edit,coverage_90,1,0.909993529,,,0
real,shuffled,observational,llm_edit,width_90,1,3.20461416,,,0
real,shuffled,observational,random,energy_score,1,0.681420867,,,0
real,shuffled,observational,random,mean_effect_rmse,1,1.01043537e-08,,,0
real,shuffled,observational,random,worst_regime_sw1,1,0.0708552748,,,0
real,shuffled,observational,random,coverage_90,1,0.909830749,,,0
real,shuffled,observational,random,width_90,1,3.19746923,,,0
semantic,anonymous,T1,M0,energy_score,5,0.654085858,0.648913661,0.6590602,5
semantic,anonymous,T1,M0,mean_effect_rmse,5,0.116692857,0.100520787,0.12950794,5
semantic,anonymous,T1,M0,worst_regime_sw1,5,0.15517716,0.122280192,0.186974734,5
semantic,anonymous,T1,M0,coverage_90,5,0.900170898,0.897526042,0.902319336,5
semantic,anonymous,T1,M0,width_90,5,3.22510259,3.21054929,3.24017262,5
semantic,anonymous,T1,M0,shd,5,4.2,3.4,5,5
semantic,anonymous,T1,M1,energy_score,5,0.652151541,0.64693501,0.657368072,5
semantic,anonymous,T1,M1,mean_effect_rmse,5,0.0646381587,0.0452180616,0.0906756823,5
semantic,anonymous,T1,M1,worst_regime_sw1,5,0.118319733,0.0995331809,0.135293174,5
semantic,anonymous,T1,M1,coverage_90,5,0.904248047,0.903287761,0.905160726,5
semantic,anonymous,T1,M1,width_90,5,3.27964133,3.26453635,3.2940251,5
semantic,anonymous,T1,M1,shd,5,1,0.2,1.8,5
semantic,anonymous,T1,M2,energy_score,5,0.652299833,0.64685988,0.657880918,5
semantic,anonymous,T1,M2,mean_effect_rmse,5,0.0624152771,0.0466659733,0.0788852127,5
semantic,anonymous,T1,M2,worst_regime_sw1,5,0.12385367,0.103044726,0.144521099,5
semantic,anonymous,T1,M2,coverage_90,5,0.892879232,0.891072591,0.895613607,5
semantic,anonymous,T1,M2,width_90,5,3.14864901,3.13175284,3.17590375,5
semantic,anonymous,T1,M2,shd,5,1.8,1,2.6,5
semantic,anonymous,T1,M3,energy_score,5,0.651870573,0.646458833,0.657282313,5
semantic,anonymous,T1,M3,mean_effect_rmse,5,0.0790684708,0.0508495732,0.108223102,5
semantic,anonymous,T1,M3,worst_regime_sw1,5,0.115888596,0.103623696,0.129242014,5
semantic,anonymous,T1,M3,coverage_90,5,0.893017578,0.890812174,0.8953125,5
semantic,anonymous,T1,M3,width_90,5,3.15355668,3.11790986,3.1892035,5
semantic,anonymous,T1,M3,shd,5,2.2,1,3.4,5
semantic,anonymous,T1,M4,energy_score,5,0.651870573,0.646458833,0.657282313,5
semantic,anonymous,T1,M4,mean_effect_rmse,5,0.0790684708,0.0508495732,0.108223102,5
semantic,anonymous,T1,M4,worst_regime_sw1,5,0.115888596,0.103623696,0.129242014,5
semantic,anonymous,T1,M4,coverage_90,5,0.893017578,0.890812174,0.8953125,5
semantic,anonymous,T1,M4,width_90,5,3.15355668,3.11790986,3.1892035,5
semantic,anonymous,T1,M4,shd,5,2.2,1,3.4,5
semantic,anonymous,T1,M5,energy_score,5,0.652054278,0.646304703,0.657803854,5
semantic,anonymous,T1,M5,mean_effect_rmse,5,0.067109149,0.0411063207,0.0923592941,5
semantic,anonymous,T1,M5,worst_regime_sw1,5,0.121192341,0.107879938,0.134706378,5
semantic,anonymous,T1,M5,coverage_90,5,0.893253581,0.891625976,0.894881185,5
semantic,anonymous,T1,M5,width_90,5,3.15376748,3.14229864,3.17146635,5
semantic,anonymous,T1,fixed,energy_score,5,0.652205404,0.646519653,0.657891154,5
semantic,anonymous,T1,fixed,mean_effect_rmse,5,0.0653679774,0.0471901794,0.0918313497,5
semantic,anonymous,T1,fixed,worst_regime_sw1,5,0.119079953,0.104020697,0.134965936,5
semantic,anonymous,T1,fixed,coverage_90,5,0.893229167,0.890714518,0.896110026,5
semantic,anonymous,T1,fixed,width_90,5,3.15219137,3.13286107,3.17249158,5
semantic,anonymous,T1,fixed,shd,5,1,0.2,1.8,5
semantic,anonymous,T1,llm_edit,energy_score,5,0.651544559,0.646434935,0.656654183,5
semantic,anonymous,T1,llm_edit,mean_effect_rmse,5,0.0704684053,0.0482861455,0.0929606525,5
semantic,anonymous,T1,llm_edit,worst_regime_sw1,5,0.109251676,0.093773505,0.12768788,5
semantic,anonymous,T1,llm_edit,coverage_90,5,0.895532227,0.892675781,0.897875977,5
semantic,anonymous,T1,llm_edit,width_90,5,3.17152305,3.14213227,3.19707859,5
semantic,anonymous,T1,llm_edit,shd,5,1.8,0.8,3,5
semantic,anonymous,T1,random,energy_score,5,0.651951301,0.646458833,0.65744377,5
semantic,anonymous,T1,random,mean_effect_rmse,5,0.0772909183,0.0508495732,0.10639153,5
semantic,anonymous,T1,random,worst_regime_sw1,5,0.115609828,0.103623696,0.12840571,5
semantic,anonymous,T1,random,coverage_90,5,0.892211914,0.890681966,0.894563802,5
semantic,anonymous,T1,random,width_90,5,3.14474187,3.11439037,3.18342029,5
semantic,anonymous,T1,random,shd,5,2,1,2.8,5
semantic,anonymous,T2,M0,energy_score,5,0.653602775,0.646932452,0.66121049,5
semantic,anonymous,T2,M0,mean_effect_rmse,5,0.104535848,0.098942885,0.109562196,5
semantic,anonymous,T2,M0,worst_regime_sw1,5,0.153133762,0.131156435,0.183385086,5
semantic,anonymous,T2,M0,coverage_90,5,0.899967448,0.895743815,0.904630534,5
semantic,anonymous,T2,M0,width_90,5,3.21653347,3.19403542,3.23501158,5
semantic,anonymous,T2,M0,shd,5,4.2,3.4,5,5
semantic,anonymous,T2,M1,energy_score,5,0.65219142,0.644132726,0.660643574,5
semantic,anonymous,T2,M1,mean_effect_rmse,5,0.0670404635,0.0561530151,0.0749337529,5
semantic,anonymous,T2,M1,worst_regime_sw1,5,0.119906191,0.0978556041,0.150597569,5
semantic,anonymous,T2,M1,coverage_90,5,0.90476888,0.901741537,0.90760905,5
semantic,anonymous,T2,M1,width_90,5,3.26976363,3.25831196,3.28021025,5
semantic,anonymous,T2,M1,shd,5,1,0.2,1.8,5
semantic,anonymous,T2,M2,energy_score,5,0.651670361,0.642984637,0.662149831,5
semantic,anonymous,T2,M2,mean_effect_rmse,5,0.0718549876,0.0584677364,0.0834789602,5
semantic,anonymous,T2,M2,worst_regime_sw1,5,0.11057447,0.0901999072,0.13514141,5
semantic,anonymous,T2,M2,coverage_90,5,0.893473307,0.889290365,0.89765625,5
semantic,anonymous,T2,M2,width_90,5,3.14052463,3.09286105,3.18659916,5
semantic,anonymous,T2,M2,shd,5,1.8,1,2.6,5
semantic,anonymous,T2,M3,energy_score,5,0.654286162,0.644106777,0.664704478,5
semantic,anonymous,T2,M3,mean_effect_rmse,5,0.0712714456,0.0545977645,0.087227907,5
semantic,anonymous,T2,M3,worst_regime_sw1,5,0.143591049,0.109080607,0.185318509,5
semantic,anonymous,T2,M3,coverage_90,5,0.895263672,0.890332031,0.901749674,5
semantic,anonymous,T2,M3,width_90,5,3.17099951,3.10415427,3.24483631,5
semantic,anonymous,T2,M3,shd,5,2.2,1,3.4,5
semantic,anonymous,T2,M4,energy_score,5,0.654286162,0.644106777,0.664704478,5
semantic,anonymous,T2,M4,mean_effect_rmse,5,0.0712714456,0.0545977645,0.087227907,5
semantic,anonymous,T2,M4,worst_regime_sw1,5,0.143591049,0.109080607,0.185318509,5
semantic,anonymous,T2,M4,coverage_90,5,0.895263672,0.890332031,0.901749674,5
semantic,anonymous,T2,M4,width_90,5,3.17099951,3.10415427,3.24483631,5
semantic,anonymous,T2,M4,shd,5,2.2,1,3.4,5
semantic,anonymous,T2,M5,energy_score,5,0.651383193,0.642331568,0.661390317,5
semantic,anonymous,T2,M5,mean_effect_rmse,5,0.0684377015,0.0585231396,0.0781964927,5
semantic,anonymous,T2,M5,worst_regime_sw1,5,0.110728183,0.0813968212,0.14480479,5
semantic,anonymous,T2,M5,coverage_90,5,0.896972656,0.893806966,0.900268555,5
semantic,anonymous,T2,M5,width_90,5,3.17464566,3.13655357,3.20239665,5
semantic,anonymous,T2,fixed,energy_score,5,0.652109543,0.643365343,0.661358332,5
semantic,anonymous,T2,fixed,mean_effect_rmse,5,0.0760961105,0.0715482152,0.081458188,5
semantic,anonymous,T2,fixed,worst_regime_sw1,5,0.125160868,0.102879634,0.148348014,5
semantic,anonymous,T2,fixed,coverage_90,5,0.896305339,0.891821289,0.900675456,5
semantic,anonymous,T2,fixed,width_90,5,3.17378267,3.11987014,3.20625286,5
semantic,anonymous,T2,fixed,shd,5,1,0.2,1.8,5
semantic,anonymous,T2,llm_edit,energy_score,5,0.653142055,0.644737561,0.662248405,5
semantic,anonymous,T2,llm_edit,mean_effect_rmse,5,0.0783445569,0.0645825655,0.0949429204,5
semantic,anonymous,T2,llm_edit,worst_regime_sw1,5,0.137115718,0.116801354,0.155341137,5
semantic,anonymous,T2,llm_edit,coverage_90,5,0.894197591,0.890136719,0.899088541,5
semantic,anonymous,T2,llm_edit,width_90,5,3.16107394,3.11637648,3.20507421,5
semantic,anonymous,T2,llm_edit,shd,5,1.8,0.8,3,5
semantic,anonymous,T2,random,energy_score,5,0.653916776,0.644106777,0.664335092,5
semantic,anonymous,T2,random,mean_effect_rmse,5,0.0747022654,0.0571945574,0.0922099735,5
semantic,anonymous,T2,random,worst_regime_sw1,5,0.140498608,0.105988166,0.181140616,5
semantic,anonymous,T2,random,coverage_90,5,0.895369466,0.890437826,0.901749674,5
semantic,anonymous,T2,random,width_90,5,3.172517,3.10415427,3.24483631,5
semantic,anonymous,T2,random,shd,5,2,1,2.8,5
semantic,anonymous,T3,M0,energy_score,5,0.650309813,0.646742499,0.655089492,5
semantic,anonymous,T3,M0,mean_effect_rmse,5,0.0427642275,0.0352934342,0.0506109017,5
semantic,anonymous,T3,M0,worst_regime_sw1,5,0.0614795476,0.0535357803,0.0687960401,5
semantic,anonymous,T3,M0,coverage_90,5,0.89954834,0.89708252,0.901907043,5
semantic,anonymous,T3,M0,width_90,5,3.19035408,3.16646938,3.22146883,5
semantic,anonymous,T3,M0,shd,5,4.2,3.4,5,5
semantic,anonymous,T3,M1,energy_score,5,0.652667892,0.648954153,0.657885927,5
semantic,anonymous,T3,M1,mean_effect_rmse,5,0.0454061791,0.0380288593,0.0527834989,5
semantic,anonymous,T3,M1,worst_regime_sw1,5,0.107243228,0.0981942698,0.116952488,5
semantic,anonymous,T3,M1,coverage_90,5,0.903710937,0.903186035,0.904418945,5
semantic,anonymous,T3,M1,width_90,5,3.26936674,3.24441638,3.29848469,5
semantic,anonymous,T3,M1,shd,5,1,0.2,1.8,5
semantic,anonymous,T3,M2,energy_score,5,0.651596808,0.648029494,0.656092035,5
semantic,anonymous,T3,M2,mean_effect_rmse,5,0.041041235,0.033037018,0.0494816012,5
semantic,anonymous,T3,M2,worst_regime_sw1,5,0.0909870774,0.0872464196,0.0948354691,5
semantic,anonymous,T3,M2,coverage_90,5,0.891455078,0.888830566,0.893786621,5
semantic,anonymous,T3,M2,width_90,5,3.11113207,3.06643434,3.14664862,5
semantic,anonymous,T3,M2,shd,5,1.8,1,2.6,5
semantic,anonymous,T3,M3,energy_score,5,0.65195871,0.648211574,0.656735707,5
semantic,anonymous,T3,M3,mean_effect_rmse,5,0.0408690196,0.0329707896,0.049105553,5
semantic,anonymous,T3,M3,worst_regime_sw1,5,0.100757498,0.0948794388,0.10523839,5
semantic,anonymous,T3,M3,coverage_90,5,0.890869141,0.885229492,0.895935059,5
semantic,anonymous,T3,M3,width_90,5,3.11045868,3.06153843,3.16227005,5
semantic,anonymous,T3,M3,shd,5,2.2,1,3.4,5
semantic,anonymous,T3,M4,energy_score,5,0.65195871,0.648211574,0.656735707,5
semantic,anonymous,T3,M4,mean_effect_rmse,5,0.0408690196,0.0329707896,0.049105553,5
semantic,anonymous,T3,M4,worst_regime_sw1,5,0.100757498,0.0948794388,0.10523839,5
semantic,anonymous,T3,M4,coverage_90,5,0.890869141,0.885229492,0.895935059,5
semantic,anonymous,T3,M4,width_90,5,3.11045868,3.06153843,3.16227005,5
semantic,anonymous,T3,M4,shd,5,2.2,1,3.4,5
semantic,anonymous,T3,M5,energy_score,5,0.65167048,0.648111111,0.656214839,5
semantic,anonymous,T3,M5,mean_effect_rmse,5,0.0440095763,0.0373668203,0.0506822845,5
semantic,anonymous,T3,M5,worst_regime_sw1,5,0.0928071469,0.0886386931,0.0977527275,5
semantic,anonymous,T3,M5,coverage_90,5,0.892138672,0.888891602,0.894946289,5
semantic,anonymous,T3,M5,width_90,5,3.11968198,3.07224591,3.16342588,5
semantic,anonymous,T3,fixed,energy_score,5,0.651833874,0.648159814,0.656621188,5
semantic,anonymous,T3,fixed,mean_effect_rmse,5,0.0452393475,0.0387135156,0.051893204,5
semantic,anonymous,T3,fixed,worst_regime_sw1,5,0.0969875038,0.0931593478,0.100923666,5
semantic,anonymous,T3,fixed,coverage_90,5,0.893066406,0.890161133,0.895788574,5
semantic,anonymous,T3,fixed,width_90,5,3.12760618,3.07355063,3.18024812,5
semantic,anonymous,T3,fixed,shd,5,1,0.2,1.8,5
semantic,anonymous,T3,llm_edit,energy_score,5,0.651892084,0.648160589,0.656707365,5
semantic,anonymous,T3,llm_edit,mean_effect_rmse,5,0.0447771147,0.0380745579,0.0514796715,5
semantic,anonymous,T3,llm_edit,worst_regime_sw1,5,0.100606403,0.0937562299,0.107515437,5
semantic,anonymous,T3,llm_edit,coverage_90,5,0.893359375,0.890307617,0.896411133,5
semantic,anonymous,T3,llm_edit,width_90,5,3.13236201,3.07965205,3.18595755,5
semantic,anonymous,T3,llm_edit,shd,5,1.8,0.8,3,5
semantic,anonymous,T3,random,energy_score,5,0.651952374,0.648205238,0.656735707,5
semantic,anonymous,T3,random,mean_effect_rmse,5,0.0412205669,0.0329707896,0.0494703443,5
semantic,anonymous,T3,random,worst_regime_sw1,5,0.100840807,0.0951293671,0.10523839,5
semantic,anonymous,T3,random,coverage_90,5,0.890710449,0.885229492,0.895617676,5
semantic,anonymous,T3,random,width_90,5,3.10880682,3.06046407,3.15696605,5
semantic,anonymous,T3,random,shd,5,2,1,2.8,5
semantic,anonymous,observational,M0,energy_score,5,0.666731223,0.661287597,0.672365194,5
semantic,anonymous,observational,M0,mean_effect_rmse,5,1.70101518e-08,1.205182e-08,2.2739802e-08,5
semantic,anonymous,observational,M0,worst_regime_sw1,5,0.0627036899,0.058039999,0.0671190471,5
semantic,anonymous,observational,M0,coverage_90,5,0.896054697,0.891289067,0.899726582,5
semantic,anonymous,observational,M0,width_90,5,3.20686974,3.1820518,3.22968631,5
semantic,anonymous,observational,M0,shd,5,4.2,3.4,5,5
semantic,anonymous,observational,M1,energy_score,5,0.669099407,0.663736037,0.674728409,5
semantic,anonymous,observational,M1,mean_effect_rmse,5,5.39738476e-08,3.3981547e-08,7.21919427e-08,5
semantic,anonymous,observational,M1,worst_regime_sw1,5,0.0939732864,0.085865268,0.101888591,5
semantic,anonymous,observational,M1,coverage_90,5,0.899257827,0.897929716,0.900976563,5
semantic,anonymous,observational,M1,width_90,5,3.28524032,3.25001793,3.31127376,5
semantic,anonymous,observational,M1,shd,5,1,0.2,1.8,5
semantic,anonymous,observational,M2,energy_score,5,0.668946753,0.663231641,0.674406629,5
semantic,anonymous,observational,M2,mean_effect_rmse,5,2.45828926e-08,1.72929799e-08,3.10382444e-08,5
semantic,anonymous,observational,M2,worst_regime_sw1,5,0.0913658246,0.0782698438,0.10735753,5
semantic,anonymous,observational,M2,coverage_90,5,0.889414072,0.886406255,0.893242204,5
semantic,anonymous,observational,M2,width_90,5,3.15426746,3.12980814,3.17580629,5
semantic,anonymous,observational,M2,shd,5,1.8,1,2.6,5
semantic,anonymous,observational,M3,energy_score,5,0.669496197,0.663652913,0.676212008,5
semantic,anonymous,observational,M3,mean_effect_rmse,5,4.28238235e-08,2.90330656e-08,6.26107236e-08,5
semantic,anonymous,observational,M3,worst_regime_sw1,5,0.100880434,0.0866259694,0.117137815,5
semantic,anonymous,observational,M3,coverage_90,5,0.890507829,0.886640632,0.895546889,5
semantic,anonymous,observational,M3,width_90,5,3.16481629,3.13607326,3.19700184,5
semantic,anonymous,observational,M3,shd,5,2.2,1,3.4,5
semantic,anonymous,observational,M4,energy_score,5,0.669496197,0.663652913,0.676212008,5
semantic,anonymous,observational,M4,mean_effect_rmse,5,4.28238235e-08,2.90330656e-08,6.26107236e-08,5
semantic,anonymous,observational,M4,worst_regime_sw1,5,0.100880434,0.0866259694,0.117137815,5
semantic,anonymous,observational,M4,coverage_90,5,0.890507829,0.886640632,0.895546889,5
semantic,anonymous,observational,M4,width_90,5,3.16481629,3.13607326,3.19700184,5
semantic,anonymous,observational,M4,shd,5,2.2,1,3.4,5
semantic,anonymous,observational,M5,energy_score,5,0.669180665,0.663228165,0.675019749,5
semantic,anonymous,observational,M5,mean_effect_rmse,5,3.22327695e-08,2.10668187e-08,4.37566646e-08,5
semantic,anonymous,observational,M5,worst_regime_sw1,5,0.0947415471,0.0831088885,0.10784248,5
semantic,anonymous,observational,M5,coverage_90,5,0.890390635,0.887265623,0.893515647,5
semantic,anonymous,observational,M5,width_90,5,3.15713887,3.13393722,3.18034053,5
semantic,anonymous,observational,fixed,energy_score,5,0.669058474,0.663222066,0.674870177,5
semantic,anonymous,observational,fixed,mean_effect_rmse,5,4.40498965e-08,3.14190595e-08,6.10130412e-08,5
semantic,anonymous,observational,fixed,worst_regime_sw1,5,0.0937400699,0.0813559845,0.108112343,5
semantic,anonymous,observational,fixed,coverage_90,5,0.890625012,0.886562514,0.894765627,5
semantic,anonymous,observational,fixed,width_90,5,3.16289997,3.13054204,3.19812012,5
semantic,anonymous,observational,fixed,shd,5,1,0.2,1.8,5
semantic,anonymous,observational,llm_edit,energy_score,5,0.668863853,0.663097636,0.675191008,5
semantic,anonymous,observational,llm_edit,mean_effect_rmse,5,3.52990006e-08,3.01013701e-08,4.04966311e-08,5
semantic,anonymous,observational,llm_edit,worst_regime_sw1,5,0.093634577,0.0824188396,0.105715029,5
semantic,anonymous,observational,llm_edit,coverage_90,5,0.890429687,0.886679685,0.894179678,5
semantic,anonymous,observational,llm_edit,width_90,5,3.1620533,3.12780504,3.2021091,5
semantic,anonymous,observational,llm_edit,shd,5,1.8,0.8,3,5
semantic,anonymous,observational,random,energy_score,5,0.66954517,0.663652913,0.67626098,5
semantic,anonymous,observational,random,mean_effect_rmse,5,5.25100903e-08,3.39219964e-08,7.11399306e-08,5
semantic,anonymous,observational,random,worst_regime_sw1,5,0.101204142,0.0866707742,0.118093072,5
semantic,anonymous,observational,random,coverage_90,5,0.890273452,0.886562514,0.895312512,5
semantic,anonymous,observational,random,width_90,5,3.16334186,3.13607326,3.19552741,5
semantic,anonymous,observational,random,shd,5,2,1,2.8,5
semantic,coherent,T1,M0,energy_score,5,0.654085858,0.648913661,0.6590602,5
semantic,coherent,T1,M0,mean_effect_rmse,5,0.116692857,0.100520787,0.12950794,5
semantic,coherent,T1,M0,worst_regime_sw1,5,0.15517716,0.122280192,0.186974734,5
semantic,coherent,T1,M0,coverage_90,5,0.900170898,0.897526042,0.902319336,5
semantic,coherent,T1,M0,width_90,5,3.22510259,3.21054929,3.24017262,5
semantic,coherent,T1,M0,shd,5,4.2,3.4,5,5
semantic,coherent,T1,M1,energy_score,5,0.652162659,0.646952959,0.657372359,5
semantic,coherent,T1,M1,mean_effect_rmse,5,0.0681349151,0.0492340224,0.0952448437,5
semantic,coherent,T1,M1,worst_regime_sw1,5,0.120272727,0.102917565,0.137089986,5
semantic,coherent,T1,M1,coverage_90,5,0.904215495,0.903247071,0.905144247,5
semantic,coherent,T1,M1,width_90,5,3.27919487,3.26507284,3.2923276,5
semantic,coherent,T1,M1,shd,5,1.8,1,2.6,5
semantic,coherent,T1,M2,energy_score,5,0.652299833,0.64685988,0.657880918,5
semantic,coherent,T1,M2,mean_effect_rmse,5,0.0624152771,0.0466659733,0.0788852127,5
semantic,coherent,T1,M2,worst_regime_sw1,5,0.12385367,0.103044726,0.144521099,5
semantic,coherent,T1,M2,coverage_90,5,0.892879232,0.891072591,0.895613607,5
semantic,coherent,T1,M2,width_90,5,3.14864901,3.13175284,3.17590375,5
semantic,coherent,T1,M2,shd,5,1.8,1,2.6,5
semantic,coherent,T1,M3,energy_score,5,0.651728205,0.646246171,0.657210239,5
semantic,coherent,T1,M3,mean_effect_rmse,5,0.0801482354,0.0544270259,0.106891654,5
semantic,coherent,T1,M3,worst_regime_sw1,5,0.118023931,0.0967629565,0.139683059,5
semantic,coherent,T1,M3,coverage_90,5,0.893676758,0.891845703,0.895507812,5
semantic,coherent,T1,M3,width_90,5,3.15873294,3.12478539,3.19147167,5
semantic,coherent,T1,M3,shd,5,2.8,2.2,3.4,5
semantic,coherent,T1,M4,energy_score,5,0.651753358,0.646296477,0.657210239,5
semantic,coherent,T1,M4,mean_effect_rmse,5,0.0724934385,0.042296618,0.103713178,5
semantic,coherent,T1,M4,worst_regime_sw1,5,0.119138116,0.0986614929,0.140797244,5
semantic,coherent,T1,M4,coverage_90,5,0.893977864,0.891845703,0.896378581,5
semantic,coherent,T1,M4,width_90,5,3.15763211,3.12478539,3.18927002,5
semantic,coherent,T1,M4,shd,5,2.6,1.6,3.4,5
semantic,coherent,T1,M5,energy_score,5,0.652176344,0.646125229,0.65822746,5
semantic,coherent,T1,M5,mean_effect_rmse,5,0.0628302309,0.0363995907,0.0958171496,5
semantic,coherent,T1,M5,worst_regime_sw1,5,0.12145044,0.0961313366,0.148109523,5
semantic,coherent,T1,M5,coverage_90,5,0.893782552,0.891577148,0.896435547,5
semantic,coherent,T1,M5,width_90,5,3.15566793,3.13893172,3.18126056,5
semantic,coherent,T1,fixed,energy_score,5,0.65253977,0.646362805,0.658716734,5
semantic,coherent,T1,fixed,mean_effect_rmse,5,0.0665022716,0.0434372467,0.0992885975,5
semantic,coherent,T1,fixed,worst_regime_sw1,5,0.125547774,0.0984337032,0.154060726,5
semantic,coherent,T1,fixed,coverage_90,5,0.893815104,0.890958659,0.89675293,5
semantic,coherent,T1,fixed,width_90,5,3.15748013,3.13877713,3.18113586,5
semantic,coherent,T1,fixed,shd,5,1.8,1,2.6,5
semantic,coherent,T1,llm_edit,energy_score,5,0.651804018,0.646463263,0.657082876,5
semantic,coherent,T1,llm_edit,mean_effect_rmse,5,0.0802496695,0.0527152693,0.108112963,5
semantic,coherent,T1,llm_edit,worst_regime_sw1,5,0.120203292,0.103401613,0.138631987,5
semantic,coherent,T1,llm_edit,coverage_90,5,0.894099935,0.891878255,0.896484375,5
semantic,coherent,T1,llm_edit,width_90,5,3.16167763,3.13584569,3.18847677,5
semantic,coherent,T1,llm_edit,shd,5,1.8,0.8,2.8,5
semantic,coherent,T1,random,energy_score,5,0.651887969,0.646246171,0.657529768,5
semantic,coherent,T1,random,mean_effect_rmse,5,0.075255841,0.0537125534,0.0991863229,5
semantic,coherent,T1,random,worst_regime_sw1,5,0.108790831,0.0936294273,0.127555563,5
semantic,coherent,T1,random,coverage_90,5,0.893880208,0.891544596,0.896451823,5
semantic,coherent,T1,random,width_90,5,3.1595231,3.12269675,3.19472284,5
semantic,coherent,T1,random,shd,5,2.6,2,3.4,5
semantic,coherent,T2,M0,energy_score,5,0.653602775,0.646932452,0.66121049,5
semantic,coherent,T2,M0,mean_effect_rmse,5,0.104535848,0.098942885,0.109562196,5
semantic,coherent,T2,M0,worst_regime_sw1,5,0.153133762,0.131156435,0.183385086,5
semantic,coherent,T2,M0,coverage_90,5,0.899967448,0.895743815,0.904630534,5
semantic,coherent,T2,M0,width_90,5,3.21653347,3.19403542,3.23501158,5
semantic,coherent,T2,M0,shd,5,4.2,3.4,5,5
semantic,coherent,T2,M1,energy_score,5,0.652343031,0.644129364,0.660842916,5
semantic,coherent,T2,M1,mean_effect_rmse,5,0.0653120279,0.0530435971,0.0742254996,5
semantic,coherent,T2,M1,worst_regime_sw1,5,0.120519484,0.096588996,0.152845524,5
semantic,coherent,T2,M1,coverage_90,5,0.90464681,0.901652018,0.907560221,5
semantic,coherent,T2,M1,width_90,5,3.26786138,3.25594891,3.2784416,5
semantic,coherent,T2,M1,shd,5,1.8,1,2.6,5
semantic,coherent,T2,M2,energy_score,5,0.651670361,0.642984637,0.662149831,5
semantic,coherent,T2,M2,mean_effect_rmse,5,0.0718549876,0.0584677364,0.0834789602,5
semantic,coherent,T2,M2,worst_regime_sw1,5,0.11057447,0.0901999072,0.13514141,5
semantic,coherent,T2,M2,coverage_90,5,0.893473307,0.889290365,0.89765625,5
semantic,coherent,T2,M2,width_90,5,3.14052463,3.09286105,3.18659916,5
semantic,coherent,T2,M2,shd,5,1.8,1,2.6,5
semantic,coherent,T2,M3,energy_score,5,0.65346692,0.643373402,0.663560438,5
semantic,coherent,T2,M3,mean_effect_rmse,5,0.0652115478,0.0501213986,0.0809425515,5
semantic,coherent,T2,M3,worst_regime_sw1,5,0.135283658,0.0947678267,0.179250198,5
semantic,coherent,T2,M3,coverage_90,5,0.895450846,0.89070638,0.901668294,5
semantic,coherent,T2,M3,width_90,5,3.17192636,3.10166472,3.2467535,5
semantic,coherent,T2,M3,shd,5,2.8,2.2,3.4,5
semantic,coherent,T2,M4,energy_score,5,0.652889371,0.642487597,0.663291145,5
semantic,coherent,T2,M4,mean_effect_rmse,5,0.0684204492,0.0513446696,0.0842729579,5
semantic,coherent,T2,M4,worst_regime_sw1,5,0.122433616,0.0850681484,0.175775131,5
semantic,coherent,T2,M4,coverage_90,5,0.894018555,0.89070638,0.897949219,5
semantic,coherent,T2,M4,width_90,5,3.15497723,3.09687907,3.20606999,5
semantic,coherent,T2,M4,shd,5,2.6,1.6,3.4,5
semantic,coherent,T2,M5,energy_score,5,0.651551914,0.642061241,0.661772072,5
semantic,coherent,T2,M5,mean_effect_rmse,5,0.0661291841,0.0556768264,0.0746570979,5
semantic,coherent,T2,M5,worst_regime_sw1,5,0.109280169,0.0787299782,0.144931156,5
semantic,coherent,T2,M5,coverage_90,5,0.896931966,0.89222819,0.901171875,5
semantic,coherent,T2,M5,width_90,5,3.17467966,3.11584809,3.21484896,5
semantic,coherent,T2,fixed,energy_score,5,0.651832907,0.642728806,0.661694702,5
semantic,coherent,T2,fixed,mean_effect_rmse,5,0.0717684898,0.0600209996,0.0794069889,5
semantic,coherent,T2,fixed,worst_regime_sw1,5,0.117766744,0.089240095,0.151001389,5
semantic,coherent,T2,fixed,coverage_90,5,0.897176107,0.892277019,0.901269531,5
semantic,coherent,T2,fixed,width_90,5,3.18148597,3.12147407,3.21680498,5
semantic,coherent,T2,fixed,shd,5,1.8,1,2.6,5
semantic,coherent,T2,llm_edit,energy_score,5,0.653984098,0.644347986,0.66362021,5
semantic,coherent,T2,llm_edit,mean_effect_rmse,5,0.0723771851,0.0648222295,0.0816711186,5
semantic,coherent,T2,llm_edit,worst_regime_sw1,5,0.145242946,0.116790244,0.182570116,5
semantic,coherent,T2,llm_edit,coverage_90,5,0.896940104,0.890974935,0.903548177,5
semantic,coherent,T2,llm_edit,width_90,5,3.19431697,3.12285108,3.25745459,5
semantic,coherent,T2,llm_edit,shd,5,1.8,0.8,2.8,5
semantic,coherent,T2,random,energy_score,5,0.653007885,0.643373402,0.662642368,5
semantic,coherent,T2,random,mean_effect_rmse,5,0.063566973,0.0494179306,0.0784359601,5
semantic,coherent,T2,random,worst_regime_sw1,5,0.129526353,0.0923585503,0.169206113,5
semantic,coherent,T2,random,coverage_90,5,0.897469076,0.89214681,0.903352864,5
semantic,coherent,T2,random,width_90,5,3.18991931,3.10856004,3.267543,5
semantic,coherent,T2,random,shd,5,2.6,2,3.4,5
semantic,coherent,T3,M0,energy_score,5,0.650309813,0.646742499,0.655089492,5
semantic,coherent,T3,M0,mean_effect_rmse,5,0.0427642275,0.0352934342,0.0506109017,5
semantic,coherent,T3,M0,worst_regime_sw1,5,0.0614795476,0.0535357803,0.0687960401,5
semantic,coherent,T3,M0,coverage_90,5,0.89954834,0.89708252,0.901907043,5
semantic,coherent,T3,M0,width_90,5,3.19035408,3.16646938,3.22146883,5
semantic,coherent,T3,M0,shd,5,4.2,3.4,5,5
semantic,coherent,T3,M1,energy_score,5,0.652700549,0.648949456,0.657915103,5
semantic,coherent,T3,M1,mean_effect_rmse,5,0.0454690434,0.0381695532,0.0527685335,5
semantic,coherent,T3,M1,worst_regime_sw1,5,0.10790455,0.0977953374,0.118013763,5
semantic,coherent,T3,M1,coverage_90,5,0.903698731,0.903173828,0.904345703,5
semantic,coherent,T3,M1,width_90,5,3.26978347,3.24471521,3.29873374,5
semantic,coherent,T3,M1,shd,5,1.8,1,2.6,5
semantic,coherent,T3,M2,energy_score,5,0.651596808,0.648029494,0.656092035,5
semantic,coherent,T3,M2,mean_effect_rmse,5,0.041041235,0.033037018,0.0494816012,5
semantic,coherent,T3,M2,worst_regime_sw1,5,0.0909870774,0.0872464196,0.0948354691,5
semantic,coherent,T3,M2,coverage_90,5,0.891455078,0.888830566,0.893786621,5
semantic,coherent,T3,M2,width_90,5,3.11113207,3.06643434,3.14664862,5
semantic,coherent,T3,M2,shd,5,1.8,1,2.6,5
semantic,coherent,T3,M3,energy_score,5,0.651855844,0.64806931,0.656632841,5
semantic,coherent,T3,M3,mean_effect_rmse,5,0.0408119098,0.0328953024,0.0490388901,5
semantic,coherent,T3,M3,worst_regime_sw1,5,0.0969571322,0.0905794264,0.103498961,5
semantic,coherent,T3,M3,coverage_90,5,0.890930176,0.885107422,0.896118164,5
semantic,coherent,T3,M3,width_90,5,3.11238272,3.06322631,3.16332095,5
semantic,coherent,T3,M3,shd,5,2.8,2.2,3.4,5
semantic,coherent,T3,M4,energy_score,5,0.651804471,0.647966564,0.656632841,5
semantic,coherent,T3,M4,mean_effect_rmse,5,0.0408497684,0.032933161,0.0490388901,5
semantic,coherent,T3,M4,worst_regime_sw1,5,0.0952603474,0.0897456691,0.101869538,5
semantic,coherent,T3,M4,coverage_90,5,0.890698242,0.884875488,0.895654297,5
semantic,coherent,T3,M4,width_90,5,3.11000421,3.06322631,3.16119938,5
semantic,coherent,T3,M4,shd,5,2.6,1.6,3.4,5
semantic,coherent,T3,M5,energy_score,5,0.651644569,0.648003411,0.656186151,5
semantic,coherent,T3,M5,mean_effect_rmse,5,0.0438217858,0.0369041122,0.0508030908,5
semantic,coherent,T3,M5,worst_regime_sw1,5,0.0937561095,0.0894498093,0.100261962,5
semantic,coherent,T3,M5,coverage_90,5,0.892883301,0.889587402,0.895629883,5
semantic,coherent,T3,M5,width_90,5,3.12587204,3.07656591,3.16883226,5
semantic,coherent,T3,fixed,energy_score,5,0.651818687,0.648041457,0.656584954,5
semantic,coherent,T3,fixed,mean_effect_rmse,5,0.0451586255,0.03835421,0.0520313483,5
semantic,coherent,T3,fixed,worst_regime_sw1,5,0.0954998449,0.090451324,0.102113435,5
semantic,coherent,T3,fixed,coverage_90,5,0.893505859,0.889916992,0.896533203,5
semantic,coherent,T3,fixed,width_90,5,3.13377857,3.07636986,3.18547335,5
semantic,coherent,T3,fixed,shd,5,1.8,1,2.6,5
semantic,coherent,T3,llm_edit,energy_score,5,0.651901031,0.648179233,0.65672316,5
semantic,coherent,T3,llm_edit,mean_effect_rmse,5,0.0446312984,0.0383002624,0.0509623344,5
semantic,coherent,T3,llm_edit,worst_regime_sw1,5,0.0971145288,0.0921502226,0.101704492,5
semantic,coherent,T3,llm_edit,coverage_90,5,0.894299317,0.890734863,0.897155762,5
semantic,coherent,T3,llm_edit,width_90,5,3.13999433,3.08015041,3.19254374,5
semantic,coherent,T3,llm_edit,shd,5,1.8,0.8,2.8,5
semantic,coherent,T3,random,energy_score,5,0.652063906,0.648081159,0.656829053,5
semantic,coherent,T3,random,mean_effect_rmse,5,0.0413172136,0.0328953024,0.0497391249,5
semantic,coherent,T3,random,worst_regime_sw1,5,0.105436608,0.092733407,0.121808731,5
semantic,coherent,T3,random,coverage_90,5,0.891271973,0.885107422,0.896459961,5
semantic,coherent,T3,random,width_90,5,3.11705604,3.06370151,3.16907587,5
semantic,coherent,T3,random,shd,5,2.6,2,3.4,5
semantic,coherent,observational,M0,energy_score,5,0.666731223,0.661287597,0.672365194,5
semantic,coherent,observational,M0,mean_effect_rmse,5,1.70101518e-08,1.205182e-08,2.2739802e-08,5
semantic,coherent,observational,M0,worst_regime_sw1,5,0.0627036899,0.058039999,0.0671190471,5
semantic,coherent,observational,M0,coverage_90,5,0.896054697,0.891289067,0.899726582,5
semantic,coherent,observational,M0,width_90,5,3.20686974,3.1820518,3.22968631,5
semantic,coherent,observational,M0,shd,5,4.2,3.4,5,5
semantic,coherent,observational,M1,energy_score,5,0.66917849,0.663796834,0.674941849,5
semantic,coherent,observational,M1,mean_effect_rmse,5,4.83766802e-08,2.88391809e-08,6.79537343e-08,5
semantic,coherent,observational,M1,worst_regime_sw1,5,0.0947339325,0.0860321015,0.103346206,5
semantic,coherent,observational,M1,coverage_90,5,0.899179709,0.897812521,0.900859404,5
semantic,coherent,observational,M1,width_90,5,3.28508067,3.25154338,3.31054053,5
semantic,coherent,observational,M1,shd,5,1.8,1,2.6,5
semantic,coherent,observational,M2,energy_score,5,0.668946753,0.663231641,0.674406629,5
semantic,coherent,observational,M2,mean_effect_rmse,5,2.45828926e-08,1.72929799e-08,3.10382444e-08,5
semantic,coherent,observational,M2,worst_regime_sw1,5,0.0913658246,0.0782698438,0.10735753,5
semantic,coherent,observational,M2,coverage_90,5,0.889414072,0.886406255,0.893242204,5
semantic,coherent,observational,M2,width_90,5,3.15426746,3.12980814,3.17580629,5
semantic,coherent,observational,M2,shd,5,1.8,1,2.6,5
semantic,coherent,observational,M3,energy_score,5,0.669355614,0.663589802,0.675916478,5
semantic,coherent,observational,M3,mean_effect_rmse,5,4.05841898e-08,2.45537983e-08,6.03710899e-08,5
semantic,coherent,observational,M3,worst_regime_sw1,5,0.0986046865,0.0822418033,0.116449859,5
semantic,coherent,observational,M3,coverage_90,5,0.891132832,0.887421882,0.895859397,5
semantic,coherent,observational,M3,width_90,5,3.16878529,3.13599525,3.19793039,5
semantic,coherent,observational,M3,shd,5,2.8,2.2,3.4,5
semantic,coherent,observational,M4,energy_score,5,0.669267851,0.663326515,0.675916478,5
semantic,coherent,observational,M4,mean_effect_rmse,5,4.05910249e-08,2.45606334e-08,6.03710899e-08,5
semantic,coherent,observational,M4,worst_regime_sw1,5,0.0975790142,0.0807025939,0.115996092,5
semantic,coherent,observational,M4,coverage_90,5,0.890390646,0.887421882,0.893632841,5
semantic,coherent,observational,M4,width_90,5,3.16240325,3.13597047,3.18501101,5
semantic,coherent,observational,M4,shd,5,2.6,1.6,3.4,5
semantic,coherent,observational,M5,energy_score,5,0.669136299,0.663449645,0.675029078,5
semantic,coherent,observational,M5,mean_effect_rmse,5,4.5502072e-08,2.60551552e-08,6.54287733e-08,5
semantic,coherent,observational,M5,worst_regime_sw1,5,0.0935053765,0.0780732453,0.110007758,5
semantic,coherent,observational,M5,coverage_90,5,0.890937519,0.887539077,0.894492209,5
semantic,coherent,observational,M5,width_90,5,3.16702166,3.13947386,3.18818054,5
semantic,coherent,observational,fixed,energy_score,5,0.669144989,0.66342719,0.674995961,5
semantic,coherent,observational,fixed,mean_effect_rmse,5,3.58337498e-08,2.69579369e-08,4.49326386e-08,5
semantic,coherent,observational,fixed,worst_regime_sw1,5,0.0935303092,0.0779062733,0.111088216,5
semantic,coherent,observational,fixed,coverage_90,5,0.891601574,0.887890637,0.895351565,5
semantic,coherent,observational,fixed,width_90,5,3.17234969,3.1360415,3.20451741,5
semantic,coherent,observational,fixed,shd,5,1.8,1,2.6,5
semantic,coherent,observational,llm_edit,energy_score,5,0.669049389,0.663424545,0.675838621,5
semantic,coherent,observational,llm_edit,mean_effect_rmse,5,5.13494925e-08,3.14652804e-08,7.12856194e-08,5
semantic,coherent,observational,llm_edit,worst_regime_sw1,5,0.0963821127,0.0828149915,0.113393544,5
semantic,coherent,observational,llm_edit,coverage_90,5,0.892148447,0.887500012,0.896992195,5
semantic,coherent,observational,llm_edit,width_90,5,3.18209539,3.14761841,3.21398664,5
semantic,coherent,observational,llm_edit,shd,5,1.8,0.8,2.8,5
semantic,coherent,observational,random,energy_score,5,0.669650291,0.663589802,0.67653832,5
semantic,coherent,observational,random,mean_effect_rmse,5,3.68017886e-08,2.81573422e-08,4.5318757e-08,5
semantic,coherent,observational,random,worst_regime_sw1,5,0.0993759841,0.0827539385,0.117087611,5
semantic,coherent,observational,random,coverage_90,5,0.891328144,0.887773442,0.896171892,5
semantic,coherent,observational,random,width_90,5,3.17060862,3.13695245,3.20055561,5
semantic,coherent,observational,random,shd,5,2.6,2,3.4,5
semantic,shuffled,T1,M0,energy_score,5,0.654085858,0.648913661,0.6590602,5
semantic,shuffled,T1,M0,mean_effect_rmse,5,0.116692857,0.100520787,0.12950794,5
semantic,shuffled,T1,M0,worst_regime_sw1,5,0.15517716,0.122280192,0.186974734,5
semantic,shuffled,T1,M0,coverage_90,5,0.900170898,0.897526042,0.902319336,5
semantic,shuffled,T1,M0,width_90,5,3.22510259,3.21054929,3.24017262,5
semantic,shuffled,T1,M0,shd,5,4.2,3.4,5,5
semantic,shuffled,T1,M1,energy_score,5,0.651725396,0.64693501,0.656515781,5
semantic,shuffled,T1,M1,mean_effect_rmse,5,0.0539484062,0.044464284,0.0644387891,5
semantic,shuffled,T1,M1,worst_regime_sw1,5,0.111217032,0.0974598229,0.124361455,5
semantic,shuffled,T1,M1,coverage_90,5,0.904264323,0.903466797,0.905061849,5
semantic,shuffled,T1,M1,width_90,5,3.27803373,3.26535098,3.28975615,5
semantic,shuffled,T1,M1,shd,5,0.4,0,0.8,5
semantic,shuffled,T1,M2,energy_score,5,0.652299833,0.64685988,0.657880918,5
semantic,shuffled,T1,M2,mean_effect_rmse,5,0.0624152771,0.0466659733,0.0788852127,5
semantic,shuffled,T1,M2,worst_regime_sw1,5,0.12385367,0.103044726,0.144521099,5
semantic,shuffled,T1,M2,coverage_90,5,0.892879232,0.891072591,0.895613607,5
semantic,shuffled,T1,M2,width_90,5,3.14864901,3.13175284,3.17590375,5
semantic,shuffled,T1,M2,shd,5,1.8,1,2.6,5
semantic,shuffled,T1,M3,energy_score,5,0.651863361,0.646401441,0.657267888,5
semantic,shuffled,T1,M3,mean_effect_rmse,5,0.0735862614,0.0508495732,0.0972586834,5
semantic,shuffled,T1,M3,worst_regime_sw1,5,0.116766463,0.103113338,0.133449402,5
semantic,shuffled,T1,M3,coverage_90,5,0.892879232,0.890999349,0.894986979,5
semantic,shuffled,T1,M3,width_90,5,3.15236641,3.11903071,3.18639103,5
semantic,shuffled,T1,M3,shd,5,1.6,0.8,2,5
semantic,shuffled,T1,M4,energy_score,5,0.651863361,0.646401441,0.657267888,5
semantic,shuffled,T1,M4,mean_effect_rmse,5,0.0735862614,0.0508495732,0.0972586834,5
semantic,shuffled,T1,M4,worst_regime_sw1,5,0.116766463,0.103113338,0.133449402,5
semantic,shuffled,T1,M4,coverage_90,5,0.892879232,0.890999349,0.894986979,5
semantic,shuffled,T1,M4,width_90,5,3.15236641,3.11903071,3.18639103,5
semantic,shuffled,T1,M4,shd,5,1.6,0.8,2,5
semantic,shuffled,T1,M5,energy_score,5,0.65191131,0.646290398,0.657517918,5
semantic,shuffled,T1,M5,mean_effect_rmse,5,0.0579128165,0.0418147303,0.0719830889,5
semantic,shuffled,T1,M5,worst_regime_sw1,5,0.120407797,0.105630664,0.135913333,5
semantic,shuffled,T1,M5,coverage_90,5,0.893570964,0.892252604,0.895003255,5
semantic,shuffled,T1,M5,width_90,5,3.15558516,3.14273146,3.17265778,5
semantic,shuffled,T1,fixed,energy_score,5,0.652168667,0.646519653,0.657817682,5
semantic,shuffled,T1,fixed,mean_effect_rmse,5,0.0556738231,0.0471901794,0.0655006088,5
semantic,shuffled,T1,fixed,worst_regime_sw1,5,0.11962502,0.104020697,0.136434822,5
semantic,shuffled,T1,fixed,coverage_90,5,0.893253581,0.890738932,0.895833333,5
semantic,shuffled,T1,fixed,width_90,5,3.15124656,3.13000307,3.17249158,5
semantic,shuffled,T1,fixed,shd,5,0.4,0,0.8,5
semantic,shuffled,T1,llm_edit,energy_score,5,0.65205402,0.646575467,0.657532573,5
semantic,shuffled,T1,llm_edit,mean_effect_rmse,5,0.0680286828,0.0422353313,0.0938220343,5
semantic,shuffled,T1,llm_edit,worst_regime_sw1,5,0.121485619,0.104515798,0.13927357,5
semantic,shuffled,T1,llm_edit,coverage_90,5,0.895117188,0.892399089,0.897420247,5
semantic,shuffled,T1,llm_edit,width_90,5,3.16923555,3.14213227,3.19194506,5
semantic,shuffled,T1,llm_edit,shd,5,1.6,0.6,3,5
semantic,shuffled,T1,random,energy_score,5,0.651353761,0.646331036,0.656248689,5
semantic,shuffled,T1,random,mean_effect_rmse,5,0.0747246666,0.0508495732,0.0995354939,5
semantic,shuffled,T1,random,worst_regime_sw1,5,0.10469141,0.0936147399,0.11622027,5
semantic,shuffled,T1,random,coverage_90,5,0.893961588,0.891389974,0.896329752,5
semantic,shuffled,T1,random,width_90,5,3.16175755,3.1227173,3.20038857,5
semantic,shuffled,T1,random,shd,5,1.8,0.8,2.6,5
semantic,shuffled,T2,M0,energy_score,5,0.653602775,0.646932452,0.66121049,5
semantic,shuffled,T2,M0,mean_effect_rmse,5,0.104535848,0.098942885,0.109562196,5
semantic,shuffled,T2,M0,worst_regime_sw1,5,0.153133762,0.131156435,0.183385086,5
semantic,shuffled,T2,M0,coverage_90,5,0.899967448,0.895743815,0.904630534,5
semantic,shuffled,T2,M0,width_90,5,3.21653347,3.19403542,3.23501158,5
semantic,shuffled,T2,M0,shd,5,4.2,3.4,5,5
semantic,shuffled,T2,M1,energy_score,5,0.65160708,0.644132726,0.6604593,5
semantic,shuffled,T2,M1,mean_effect_rmse,5,0.0629391255,0.0537980146,0.0718663282,5
semantic,shuffled,T2,M1,worst_regime_sw1,5,0.107784158,0.0977825398,0.118477709,5
semantic,shuffled,T2,M1,coverage_90,5,0.905078125,0.901619466,0.907926433,5
semantic,shuffled,T2,M1,width_90,5,3.26941768,3.25809233,3.27930649,5
semantic,shuffled,T2,M1,shd,5,0.4,0,0.8,5
semantic,shuffled,T2,M2,energy_score,5,0.651670361,0.642984637,0.662149831,5
semantic,shuffled,T2,M2,mean_effect_rmse,5,0.0718549876,0.0584677364,0.0834789602,5
semantic,shuffled,T2,M2,worst_regime_sw1,5,0.11057447,0.0901999072,0.13514141,5
semantic,shuffled,T2,M2,coverage_90,5,0.893473307,0.889290365,0.89765625,5
semantic,shuffled,T2,M2,width_90,5,3.14052463,3.09286105,3.18659916,5
semantic,shuffled,T2,M2,shd,5,1.8,1,2.6,5
semantic,shuffled,T2,M3,energy_score,5,0.655092656,0.644106777,0.667154924,5
semantic,shuffled,T2,M3,mean_effect_rmse,5,0.0774104132,0.0547419284,0.104899299,5
semantic,shuffled,T2,M3,worst_regime_sw1,5,0.150706625,0.111390129,0.190035034,5
semantic,shuffled,T2,M3,coverage_90,5,0.893880208,0.887589518,0.901749674,5
semantic,shuffled,T2,M3,width_90,5,3.1566215,3.09668806,3.23294638,5
semantic,shuffled,T2,M3,shd,5,1.6,0.8,2,5
semantic,shuffled,T2,M4,energy_score,5,0.655092656,0.644106777,0.667154924,5
semantic,shuffled,T2,M4,mean_effect_rmse,5,0.0774104132,0.0547419284,0.104899299,5
semantic,shuffled,T2,M4,worst_regime_sw1,5,0.150706625,0.111390129,0.190035034,5
semantic,shuffled,T2,M4,coverage_90,5,0.893880208,0.887589518,0.901749674,5
semantic,shuffled,T2,M4,width_90,5,3.1566215,3.09668806,3.23294638,5
semantic,shuffled,T2,M4,shd,5,1.6,0.8,2,5
semantic,shuffled,T2,M5,energy_score,5,0.650578666,0.642331568,0.660115715,5
semantic,shuffled,T2,M5,mean_effect_rmse,5,0.0627772016,0.0559038236,0.0717021953,5
semantic,shuffled,T2,M5,worst_regime_sw1,5,0.08994212,0.0796702355,0.0990872278,5
semantic,shuffled,T2,M5,coverage_90,5,0.896492513,0.893074545,0.900016276,5
semantic,shuffled,T2,M5,width_90,5,3.16744628,3.13092392,3.19620713,5
semantic,shuffled,T2,fixed,energy_score,5,0.651913778,0.643365343,0.66189332,5
semantic,shuffled,T2,fixed,mean_effect_rmse,5,0.0743864266,0.0658158412,0.0824022442,5
semantic,shuffled,T2,fixed,worst_regime_sw1,5,0.112512784,0.0949513926,0.132158795,5
semantic,shuffled,T2,fixed,coverage_90,5,0.895027669,0.889648437,0.900447591,5
semantic,shuffled,T2,fixed,width_90,5,3.16007258,3.11019068,3.2010402,5
semantic,shuffled,T2,fixed,shd,5,0.4,0,0.8,5
semantic,shuffled,T2,llm_edit,energy_score,5,0.653380016,0.643192887,0.663567145,5
semantic,shuffled,T2,llm_edit,mean_effect_rmse,5,0.0776534266,0.0737501166,0.0809077857,5
semantic,shuffled,T2,llm_edit,worst_regime_sw1,5,0.13389878,0.100062913,0.177924986,5
semantic,shuffled,T2,llm_edit,coverage_90,5,0.895410156,0.890885417,0.900512695,5
semantic,shuffled,T2,llm_edit,width_90,5,3.17483705,3.12032029,3.20966755,5
semantic,shuffled,T2,llm_edit,shd,5,1.6,0.6,3,5
semantic,shuffled,T2,random,energy_score,5,0.654221507,0.644106777,0.666796759,5
semantic,shuffled,T2,random,mean_effect_rmse,5,0.0698967176,0.0515103681,0.0927182623,5
semantic,shuffled,T2,random,worst_regime_sw1,5,0.138781869,0.110161519,0.162434021,5
semantic,shuffled,T2,random,coverage_90,5,0.89465332,0.888110352,0.901749674,5
semantic,shuffled,T2,random,width_90,5,3.15728521,3.09517059,3.23512756,5
semantic,shuffled,T2,random,shd,5,1.8,0.8,2.6,5
semantic,shuffled,T3,M0,energy_score,5,0.650309813,0.646742499,0.655089492,5
semantic,shuffled,T3,M0,mean_effect_rmse,5,0.0427642275,0.0352934342,0.0506109017,5
semantic,shuffled,T3,M0,worst_regime_sw1,5,0.0614795476,0.0535357803,0.0687960401,5
semantic,shuffled,T3,M0,coverage_90,5,0.89954834,0.89708252,0.901907043,5
semantic,shuffled,T3,M0,width_90,5,3.19035408,3.16646938,3.22146883,5
semantic,shuffled,T3,M0,shd,5,4.2,3.4,5,5
semantic,shuffled,T3,M1,energy_score,5,0.652571547,0.649013704,0.657758122,5
semantic,shuffled,T3,M1,mean_effect_rmse,5,0.0450066054,0.0380288593,0.0519843515,5
semantic,shuffled,T3,M1,worst_regime_sw1,5,0.104738693,0.0967602551,0.114656338,5
semantic,shuffled,T3,M1,coverage_90,5,0.903747558,0.903161621,0.90447998,5
semantic,shuffled,T3,M1,width_90,5,3.26914396,3.2441936,3.29848469,5
semantic,shuffled,T3,M1,shd,5,0.4,0,0.8,5
semantic,shuffled,T3,M2,energy_score,5,0.651596808,0.648029494,0.656092035,5
semantic,shuffled,T3,M2,mean_effect_rmse,5,0.041041235,0.033037018,0.0494816012,5
semantic,shuffled,T3,M2,worst_regime_sw1,5,0.0909870774,0.0872464196,0.0948354691,5
semantic,shuffled,T3,M2,coverage_90,5,0.891455078,0.888830566,0.893786621,5
semantic,shuffled,T3,M2,width_90,5,3.11113207,3.06643434,3.14664862,5
semantic,shuffled,T3,M2,shd,5,1.8,1,2.6,5
semantic,shuffled,T3,M3,energy_score,5,0.65210892,0.648274928,0.656822562,5
semantic,shuffled,T3,M3,mean_effect_rmse,5,0.0410638358,0.0329707896,0.0492811181,5
semantic,shuffled,T3,M3,worst_regime_sw1,5,0.103104916,0.0960858122,0.109421886,5
semantic,shuffled,T3,M3,coverage_90,5,0.890222168,0.88482666,0.894714356,5
semantic,shuffled,T3,M3,width_90,5,3.10744967,3.06365268,3.14996028,5
semantic,shuffled,T3,M3,shd,5,1.6,0.8,2,5
semantic,shuffled,T3,M4,energy_score,5,0.65210892,0.648274928,0.656822562,5
semantic,shuffled,T3,M4,mean_effect_rmse,5,0.0410638358,0.0329707896,0.0492811181,5
semantic,shuffled,T3,M4,worst_regime_sw1,5,0.103104916,0.0960858122,0.109421886,5
semantic,shuffled,T3,M4,coverage_90,5,0.890222168,0.88482666,0.894714356,5
semantic,shuffled,T3,M4,width_90,5,3.10744967,3.06365268,3.14996028,5
semantic,shuffled,T3,M4,shd,5,1.6,0.8,2,5
semantic,shuffled,T3,M5,energy_score,5,0.651690155,0.648048294,0.656297332,5
semantic,shuffled,T3,M5,mean_effect_rmse,5,0.0437319919,0.0373668203,0.0501271157,5
semantic,shuffled,T3,M5,worst_regime_sw1,5,0.0949278369,0.0883518547,0.104401636,5
semantic,shuffled,T3,M5,coverage_90,5,0.892077637,0.888891602,0.894909668,5
semantic,shuffled,T3,M5,width_90,5,3.12149701,3.07266672,3.16518836,5
semantic,shuffled,T3,fixed,energy_score,5,0.651941431,0.648182297,0.656706262,5
semantic,shuffled,T3,fixed,mean_effect_rmse,5,0.045006929,0.0387135156,0.051428367,5
semantic,shuffled,T3,fixed,worst_regime_sw1,5,0.099251613,0.0931593478,0.10702655,5
semantic,shuffled,T3,fixed,coverage_90,5,0.892541504,0.889636231,0.895178223,5
semantic,shuffled,T3,fixed,width_90,5,3.12633898,3.07228344,3.17898092,5
semantic,shuffled,T3,fixed,shd,5,0.4,0,0.8,5
semantic,shuffled,T3,llm_edit,energy_score,5,0.652000588,0.648108828,0.656841749,5
semantic,shuffled,T3,llm_edit,mean_effect_rmse,5,0.0448581943,0.0383992484,0.0513404091,5
semantic,shuffled,T3,llm_edit,worst_regime_sw1,5,0.0988045677,0.0923749521,0.10689953,5
semantic,shuffled,T3,llm_edit,coverage_90,5,0.893933106,0.890600586,0.896777344,5
semantic,shuffled,T3,llm_edit,width_90,5,3.13830409,3.08083868,3.18853187,5
semantic,shuffled,T3,llm_edit,shd,5,1.6,0.6,3,5
semantic,shuffled,T3,random,energy_score,5,0.651980871,0.648281264,0.656688178,5
semantic,shuffled,T3,random,mean_effect_rmse,5,0.0407819197,0.0329707896,0.0491384643,5
semantic,shuffled,T3,random,worst_regime_sw1,5,0.103184569,0.0958358839,0.109747811,5
semantic,shuffled,T3,random,coverage_90,5,0.890393066,0.884985351,0.894848633,5
semantic,shuffled,T3,random,width_90,5,3.1079149,3.06365268,3.15207737,5
semantic,shuffled,T3,random,shd,5,1.8,0.8,2.6,5
semantic,shuffled,observational,M0,energy_score,5,0.666731223,0.661287597,0.672365194,5
semantic,shuffled,observational,M0,mean_effect_rmse,5,1.70101518e-08,1.205182e-08,2.2739802e-08,5
semantic,shuffled,observational,M0,worst_regime_sw1,5,0.0627036899,0.058039999,0.0671190471,5
semantic,shuffled,observational,M0,coverage_90,5,0.896054697,0.891289067,0.899726582,5
semantic,shuffled,observational,M0,width_90,5,3.20686974,3.1820518,3.22968631,5
semantic,shuffled,observational,M0,shd,5,4.2,3.4,5,5
semantic,shuffled,observational,M1,energy_score,5,0.668871487,0.663691031,0.673817847,5
semantic,shuffled,observational,M1,mean_effect_rmse,5,4.45997456e-08,2.44071572e-08,6.67529183e-08,5
semantic,shuffled,observational,M1,worst_regime_sw1,5,0.0908732384,0.081067954,0.100678523,5
semantic,shuffled,observational,M1,coverage_90,5,0.89937501,0.89816407,0.900976563,5
semantic,shuffled,observational,M1,width_90,5,3.28502622,3.24969597,3.3112323,5
semantic,shuffled,observational,M1,shd,5,0.4,0,0.8,5
semantic,shuffled,observational,M2,energy_score,5,0.668946753,0.663231641,0.674406629,5
semantic,shuffled,observational,M2,mean_effect_rmse,5,2.45828926e-08,1.72929799e-08,3.10382444e-08,5
semantic,shuffled,observational,M2,worst_regime_sw1,5,0.0913658246,0.0782698438,0.10735753,5
semantic,shuffled,observational,M2,coverage_90,5,0.889414072,0.886406255,0.893242204,5
semantic,shuffled,observational,M2,width_90,5,3.15426746,3.12980814,3.17580629,5
semantic,shuffled,observational,M2,shd,5,1.8,1,2.6,5
semantic,shuffled,observational,M3,energy_score,5,0.669901294,0.663721099,0.676699376,5
semantic,shuffled,observational,M3,mean_effect_rmse,5,5.20717494e-08,3.39219964e-08,7.02632488e-08,5
semantic,shuffled,observational,M3,worst_regime_sw1,5,0.103942655,0.0882447556,0.123432244,5
semantic,shuffled,observational,M3,coverage_90,5,0.890742206,0.886875009,0.895781267,5
semantic,shuffled,observational,M3,width_90,5,3.16607824,3.13448863,3.19389148,5
semantic,shuffled,observational,M3,shd,5,1.6,0.8,2,5
semantic,shuffled,observational,M4,energy_score,5,0.669901294,0.663721099,0.676699376,5
semantic,shuffled,observational,M4,mean_effect_rmse,5,5.20717494e-08,3.39219964e-08,7.02632488e-08,5
semantic,shuffled,observational,M4,worst_regime_sw1,5,0.103942655,0.0882447556,0.123432244,5
semantic,shuffled,observational,M4,coverage_90,5,0.890742206,0.886875009,0.895781267,5
semantic,shuffled,observational,M4,width_90,5,3.16607824,3.13448863,3.19389148,5
semantic,shuffled,observational,M4,shd,5,1.6,0.8,2,5
semantic,shuffled,observational,M5,energy_score,5,0.669055009,0.663169479,0.675188929,5
semantic,shuffled,observational,M5,mean_effect_rmse,5,2.66260256e-08,1.97621482e-08,3.2304581e-08,5
semantic,shuffled,observational,M5,worst_regime_sw1,5,0.0936721205,0.0831088885,0.10426784,5
semantic,shuffled,observational,M5,coverage_90,5,0.890273452,0.887109375,0.893437529,5
semantic,shuffled,observational,M5,width_90,5,3.15667605,3.13487973,3.17712178,5
semantic,shuffled,observational,fixed,energy_score,5,0.669163381,0.66327814,0.675038397,5
semantic,shuffled,observational,fixed,mean_effect_rmse,5,4.01586693e-08,3.02425498e-08,5.77375771e-08,5
semantic,shuffled,observational,fixed,worst_regime_sw1,5,0.0942536325,0.0813559845,0.109282522,5
semantic,shuffled,observational,fixed,coverage_90,5,0.89000001,0.885859382,0.89460938,5
semantic,shuffled,observational,fixed,width_90,5,3.159516,3.12905736,3.19663544,5
semantic,shuffled,observational,fixed,shd,5,0.4,0,0.8,5
semantic,shuffled,observational,llm_edit,energy_score,5,0.669311727,0.663161259,0.676471008,5
semantic,shuffled,observational,llm_edit,mean_effect_rmse,5,4.01884045e-08,2.90399006e-08,5.95973933e-08,5
semantic,shuffled,observational,llm_edit,worst_regime_sw1,5,0.0982229723,0.0817783043,0.11945101,5
semantic,shuffled,observational,llm_edit,coverage_90,5,0.891796887,0.888046884,0.895546877,5
semantic,shuffled,observational,llm_edit,width_90,5,3.17830367,3.14235873,3.20910359,5
semantic,shuffled,observational,llm_edit,shd,5,1.6,0.6,3,5
semantic,shuffled,observational,random,energy_score,5,0.669427308,0.663652913,0.675419375,5
semantic,shuffled,observational,random,mean_effect_rmse,5,3.50236942e-08,2.7533113e-08,4.25142754e-08,5
semantic,shuffled,observational,random,worst_regime_sw1,5,0.0986852214,0.0872117802,0.110744473,5
semantic,shuffled,observational,random,coverage_90,5,0.890468764,0.886601567,0.895507824,5
semantic,shuffled,observational,random,width_90,5,3.16066065,3.13180871,3.19313402,5
semantic,shuffled,observational,random,shd,5,1.8,0.8,2.6,5
