scm,family,profile,d,budget,sensitivity,corruption,resource,method,nondescendant_w1,nll,width90,true_response_rms,sw1,true_descendant_response_rms,descendant_fraction,width50,descendant_w1,nondescendant_effect_rmse,marginal_w1,descendants,effect_rmse,coverage90,energy_distance,coverage50,descendant_effect_rmse,energy_score,worst_sw1,environments,descendant_environments,shd,precision,recall,f1,initial_shd,returned_shd_from_initial,delta_fixed,harmful,retained,audit_pass,logical_seconds,training_seconds,discovery_seconds,fitting_updates,discovery_updates,input_weighted_updates,search_gpu_seconds,selection_seconds,parent_sets,candidates,accepted,inference_seconds,latency_per_environment_seconds,metric_seconds,throughput,peak_vram_bytes,status,h_per_node,visible_targets,visible_fraction,intervention_rows,edges,depth,max_indegree,max_outdegree,prediction_key,sw1_1024,sw1_64,T1_sw1,T1_marginal_w1,T1_effect_rmse,T3_sw1,T3_marginal_w1,T3_effect_rmse
310200,nonlinear,sparse,20,400,primary,0.2,adjusted,M0,0.03919099,,3.293856,0.1226405,0.1779885,0.335055,0.2368421,1.365543,0.3229177,0.04126684,0.09212169,4.5,0.1278038,0.898823,0.02416471,0.4967684,0.3356843,0.6991126,0.2842532,4,3,37,0,0,0,7,38,0.1059649,,,,0.02565278,0.02565278,0,0,0,0,0.02565278,0,0,0,0,0.007137243,0.0005490187,0.3253258,3730292,83243520,complete,,4,0.2,1600,37,9,2,5,025985fdc1ca5b5370addb7e94cf5f97db7fdf01918a4994bd863c0db953c2f8,0.1706762,0.1705979,0.1763974,0.09894134,0.1572459,0.2294307,0.1755901,0.2321402
310200,nonlinear,sparse,20,400,primary,0.2,adjusted,M1,0.06041039,1.217671,3.131708,0.1226405,0.08290671,0.335055,0.2368421,1.274329,0.1118839,0.03029117,0.07452314,4.5,0.05237101,0.8832301,-0.0007363854,0.4723736,0.07541346,0.6878317,0.1308089,4,3,7,0.8684211,0.8918919,0.88,7,0,0.0108831,,,,0.3121918,0.3121918,0,0,0,0,0.3121918,0,0,0,0,0.1223739,0.009413373,0.3838673,217562.8,82946560,complete,,4,0.2,1600,37,9,2,5,248aa59b48ae33e86302a794098983d357d8e331aef5d7f586fe19a2dc8b958a,0.08220865,0.08714426,0.07860893,0.07017533,0.07367439,0.1231419,0.1099552,0.1301744
310200,nonlinear,sparse,20,400,primary,0.2,adjusted,M2,0.0904997,1.327379,3.284895,0.1226405,0.1540712,0.335055,0.2368421,1.361271,0.3401757,0.0742786,0.1146762,4.5,0.117658,0.8974674,0.01482529,0.4951493,0.2805744,0.6958036,0.1747618,4,3,61,0.2264151,0.3243243,0.2666667,7,63,0.08204755,,,,1589.189,118.6501,1470.539,7400,51800,26200,1589.189,0,20,0,0,0.04150913,0.00319301,0.4713045,641401,191294976,valid_legacy_stop_not_strict,0.05630347,4,0.2,1600,37,9,2,5,e462bebd65eec0fff8d824f4ea67194950695d390ec80bc521fd223c190b9dc1,0.1546899,0.1560316,0.1256397,0.09243182,0.1227627,0.1696751,0.1435787,0.1547027
310200,nonlinear,sparse,20,400,primary,0.2,adjusted,M3,0.06433577,1.208816,3.284396,0.1226405,0.08556138,0.335055,0.2368421,1.347804,0.08139508,0.05001869,0.07700441,4.5,0.06812841,0.9000051,-0.0005217818,0.4963893,0.07721476,0.6881258,0.1228679,4,3,9,0.8,0.8648649,0.8311688,7,3,0.01353777,1,0,True,710.8893,666.629,0,19250,0,59000,696.5465,14.34278,47,24,2,0.06402464,0.004924972,0.5256756,415839.9,128213504,complete,,4,0.2,1600,37,9,2,5,455e3454a9f42ed41fd37c77cb41d1bff3bb6fd4d3c9d2ad9feaf1082c42914e,0.08630913,0.09250594,0.07486403,0.07202443,0.07117415,0.124381,0.1008039,0.1346543
310200,nonlinear,sparse,20,400,primary,0.2,adjusted,M4,0.05638595,1.206166,3.300468,0.1226405,0.07385782,0.335055,0.2368421,1.352149,0.08821798,0.03343382,0.07037804,4.5,0.05428738,0.9019197,-0.00239518,0.4972438,0.06553318,0.687354,0.1141376,4,3,8,0.825,0.8918919,0.8571429,7,2,0.001834206,0,0,True,710.8652,666.629,0,19250,0,59000,696.5465,14.31864,47,24,2,0.05926813,0.004559087,0.5240239,449212.8,128212992,complete,,4,0.2,1600,37,9,2,5,5307c4a51b8dbed2289cd02e324727a5d22fd09c9896fc5461e160fded1273aa,0.07733671,0.08393579,0.07410303,0.07076512,0.06443813,0.1196189,0.09651216,0.1353001
310200,nonlinear,sparse,20,400,primary,0.2,adjusted,M5,0.0557285,1.209987,3.313721,0.1226405,0.0718743,0.335055,0.2368421,1.359978,0.08284886,0.03358035,0.06806442,4.5,0.05294274,0.9035002,-0.003600592,0.4997045,0.06151955,0.6869533,0.1030914,4,3,,,,,7,,-0.0001493096,0,0,True,701.3585,666.629,0,19250,0,59000,696.5465,4.811999,47,24,2,1.084204,0.0834003,0.7848018,24556.27,106980352,complete,,4,0.2,1600,37,9,2,5,e1600c2a8b5dcfe60665d3fd2bd7eba8940d533c2ed9c1ad53f893036f0bef13,0.07490541,0.08192857,0.07799567,0.07139242,0.06343102,0.1070184,0.09087037,0.1219796
310200,nonlinear,sparse,20,400,primary,0.2,adjusted,fixed,0.05581514,1.210407,3.31442,0.1226405,0.07202361,0.335055,0.2368421,1.359977,0.08292603,0.0335378,0.06820251,4.5,0.05304577,0.9035902,-0.003549888,0.4997816,0.06170153,0.6869602,0.1032584,4,3,7,0.8684211,0.8918919,0.88,7,0,0,,,,154.8284,154.8284,0,8400,0,23900,154.8284,0,20,1,0,0.05307112,0.004082394,0.5538052,501666.4,128212480,complete,,4,0.2,1600,37,9,2,5,7690490aa27445674472fcc906bcdc4a42c9d0de4b39dd632e31c98dc4765fab,0.07502781,0.08205609,0.07831597,0.07157753,0.0636214,0.1071232,0.09104324,0.1217766
310200,nonlinear,sparse,20,400,primary,0.2,adjusted,oracle,0.06084299,1.193272,3.318034,0.1226405,0.05949477,0.335055,0.2368421,1.359895,0.07037233,0.0319819,0.06634372,4.5,0.03801159,0.9046952,-0.004978628,0.5001799,0.03289549,0.6857822,0.07149609,4,3,0,1,1,1,7,7,-0.01252884,,,,108.3554,108.3554,0,8400,0,24000,108.3554,0,20,0,0,0.04929219,0.003791707,0.4756922,540126.2,128635904,complete,,4,0.2,1600,37,9,2,5,de6442b366f905e31dd25f64d8740e987a47a673f58a6ccb5955e41ae552f459,0.05832859,0.06053236,0.05759415,0.06365159,0.03659812,0.05533394,0.06044773,0.05172879
310200,nonlinear,sparse,20,400,primary,0.2,adjusted,random,0.05581514,1.210407,3.31442,0.1226405,0.07202361,0.335055,0.2368421,1.359977,0.08292603,0.0335378,0.06820251,4.5,0.05304577,0.9035902,-0.003549888,0.4997816,0.06170153,0.6869602,0.1032584,4,3,7,0.8684211,0.8918919,0.88,7,0,0,0,1,True,663.4107,636.8267,0,18850,0,61250,649.2871,14.1236,44,24,0,0.05307112,0.004082394,0.5538052,501666.4,128212480,complete,,4,0.2,1600,37,9,2,5,7690490aa27445674472fcc906bcdc4a42c9d0de4b39dd632e31c98dc4765fab,0.07502781,0.08205609,0.07831597,0.07157753,0.0636214,0.1071232,0.09104324,0.1217766
310200,nonlinear,sparse,20,400,primary,0.2,fixed,M0,0.03919099,,3.293856,0.1226405,0.1779885,0.335055,0.2368421,1.365543,0.3229177,0.04126684,0.09212169,4.5,0.1278038,0.898823,0.02416471,0.4967684,0.3356843,0.6991126,0.2842532,4,3,37,0,0,0,7,38,0.1059649,,,,0.02565278,0.02565278,0,0,0,0,0.02565278,0,0,0,0,0.007137243,0.0005490187,0.3253258,3730292,83243520,complete,,4,0.2,1600,37,9,2,5,025985fdc1ca5b5370addb7e94cf5f97db7fdf01918a4994bd863c0db953c2f8,0.1706762,0.1705979,0.1763974,0.09894134,0.1572459,0.2294307,0.1755901,0.2321402
310200,nonlinear,sparse,20,400,primary,0.2,fixed,M1,0.06041039,1.217671,3.131708,0.1226405,0.08290671,0.335055,0.2368421,1.274329,0.1118839,0.03029117,0.07452314,4.5,0.05237101,0.8832301,-0.0007363854,0.4723736,0.07541346,0.6878317,0.1308089,4,3,7,0.8684211,0.8918919,0.88,7,0,0.0108831,,,,0.3121918,0.3121918,0,0,0,0,0.3121918,0,0,0,0,0.1223739,0.009413373,0.3838673,217562.8,82946560,complete,,4,0.2,1600,37,9,2,5,248aa59b48ae33e86302a794098983d357d8e331aef5d7f586fe19a2dc8b958a,0.08220865,0.08714426,0.07860893,0.07017533,0.07367439,0.1231419,0.1099552,0.1301744
310200,nonlinear,sparse,20,400,primary,0.2,fixed,M2,0.0904997,1.327379,3.284895,0.1226405,0.1540712,0.335055,0.2368421,1.361271,0.3401757,0.0742786,0.1146762,4.5,0.117658,0.8974674,0.01482529,0.4951493,0.2805744,0.6958036,0.1747618,4,3,61,0.2264151,0.3243243,0.2666667,7,63,0.08204755,,,,1589.189,118.6501,1470.539,7400,51800,26200,1589.189,0,20,0,0,0.04150913,0.00319301,0.4713045,641401,191294976,valid_legacy_stop_not_strict,0.05630347,4,0.2,1600,37,9,2,5,e462bebd65eec0fff8d824f4ea67194950695d390ec80bc521fd223c190b9dc1,0.1546899,0.1560316,0.1256397,0.09243182,0.1227627,0.1696751,0.1435787,0.1547027
310200,nonlinear,sparse,20,400,primary,0.2,fixed,M3,0.05581514,1.210407,3.31442,0.1226405,0.07202361,0.335055,0.2368421,1.359977,0.08292603,0.0335378,0.06820251,4.5,0.05304577,0.9035902,-0.003549888,0.4997816,0.06170153,0.6869602,0.1032584,4,3,7,0.8684211,0.8918919,0.88,7,0,0,0,1,True,381.1525,367.4839,0,12500,0,36950,376.0045,5.14796,31,7,0,0.05307112,0.004082394,0.5538052,501666.4,128212480,complete,,4,0.2,1600,37,9,2,5,7690490aa27445674472fcc906bcdc4a42c9d0de4b39dd632e31c98dc4765fab,0.07502781,0.08205609,0.07831597,0.07157753,0.0636214,0.1071232,0.09104324,0.1217766
310200,nonlinear,sparse,20,400,primary,0.2,fixed,M4,0.05581514,1.210407,3.31442,0.1226405,0.07202361,0.335055,0.2368421,1.359977,0.08292603,0.0335378,0.06820251,4.5,0.05304577,0.9035902,-0.003549888,0.4997816,0.06170153,0.6869602,0.1032584,4,3,7,0.8684211,0.8918919,0.88,7,0,0,0,1,True,381.1524,367.4839,0,12500,0,36950,376.0045,5.147925,31,7,0,0.05307112,0.004082394,0.5538052,501666.4,128212480,complete,,4,0.2,1600,37,9,2,5,7690490aa27445674472fcc906bcdc4a42c9d0de4b39dd632e31c98dc4765fab,0.07502781,0.08205609,0.07831597,0.07157753,0.0636214,0.1071232,0.09104324,0.1217766
310200,nonlinear,sparse,20,400,primary,0.2,fixed,M5,0.05573852,1.210402,3.314421,0.1226405,0.07200333,0.335055,0.2368421,1.359965,0.08287782,0.03355018,0.06814669,4.5,0.05305126,0.9035966,-0.003553717,0.4997623,0.06171549,0.6869581,0.103265,4,3,,,,,7,,-2.028141e-05,0,0,True,379.2874,367.4839,0,12500,0,36950,376.0045,3.282891,31,7,0,0.993732,0.07644092,0.9987174,26791.93,88650752,complete,,4,0.2,1600,37,9,2,5,dc144eee702ffa1af112f5411c0d3e8412257eba082e247d6c8ec42890f858d5,0.07499719,0.08201777,0.07826839,0.07150048,0.06361898,0.1071177,0.09102495,0.1217924
310200,nonlinear,sparse,20,400,primary,0.2,fixed,fixed,0.05581514,1.210407,3.31442,0.1226405,0.07202361,0.335055,0.2368421,1.359977,0.08292603,0.0335378,0.06820251,4.5,0.05304577,0.9035902,-0.003549888,0.4997816,0.06170153,0.6869602,0.1032584,4,3,7,0.8684211,0.8918919,0.88,7,0,0,,,,154.8284,154.8284,0,8400,0,23900,154.8284,0,20,1,0,0.05307112,0.004082394,0.5538052,501666.4,128212480,complete,,4,0.2,1600,37,9,2,5,7690490aa27445674472fcc906bcdc4a42c9d0de4b39dd632e31c98dc4765fab,0.07502781,0.08205609,0.07831597,0.07157753,0.0636214,0.1071232,0.09104324,0.1217766
310200,nonlinear,sparse,20,400,primary,0.2,fixed,oracle,0.06084299,1.193272,3.318034,0.1226405,0.05949477,0.335055,0.2368421,1.359895,0.07037233,0.0319819,0.06634372,4.5,0.03801159,0.9046952,-0.004978628,0.5001799,0.03289549,0.6857822,0.07149609,4,3,0,1,1,1,7,7,-0.01252884,,,,108.3554,108.3554,0,8400,0,24000,108.3554,0,20,0,0,0.04929219,0.003791707,0.4756922,540126.2,128635904,complete,,4,0.2,1600,37,9,2,5,de6442b366f905e31dd25f64d8740e987a47a673f58a6ccb5955e41ae552f459,0.05832859,0.06053236,0.05759415,0.06365159,0.03659812,0.05533394,0.06044773,0.05172879
310200,nonlinear,sparse,20,400,primary,0.2,fixed,random,0.05581514,1.210407,3.31442,0.1226405,0.07202361,0.335055,0.2368421,1.359977,0.08292603,0.0335378,0.06820251,4.5,0.05304577,0.9035902,-0.003549888,0.4997816,0.06170153,0.6869602,0.1032584,4,3,7,0.8684211,0.8918919,0.88,7,0,0,0,1,True,290.0114,280.3329,0,11000,0,34300,284.1834,5.828017,26,7,0,0.05307112,0.004082394,0.5538052,501666.4,128212480,complete,,4,0.2,1600,37,9,2,5,7690490aa27445674472fcc906bcdc4a42c9d0de4b39dd632e31c98dc4765fab,0.07502781,0.08205609,0.07831597,0.07157753,0.0636214,0.1071232,0.09104324,0.1217766
310200,nonlinear,sparse,20,400,primary,0.5,adjusted,M0,0.03919099,,3.293856,0.1226405,0.1779885,0.335055,0.2368421,1.365543,0.3229177,0.04126684,0.09212169,4.5,0.1278038,0.898823,0.02416471,0.4967684,0.3356843,0.6991126,0.2842532,4,3,37,0,0,0,11,37,0.1109386,,,,0.02565278,0.02565278,0,0,0,0,0.02565278,0,0,0,0,0.007137243,0.0005490187,0.3253258,3730292,83243520,complete,,4,0.2,1600,37,9,2,5,025985fdc1ca5b5370addb7e94cf5f97db7fdf01918a4994bd863c0db953c2f8,0.1706762,0.1705979,0.1763974,0.09894134,0.1572459,0.2294307,0.1755901,0.2321402
310200,nonlinear,sparse,20,400,primary,0.5,adjusted,M1,0.06181556,1.222444,3.127848,0.1226405,0.07717844,0.335055,0.2368421,1.277429,0.09717677,0.03131614,0.07118032,4.5,0.04437329,0.8832622,-0.001649032,0.4741468,0.05252062,0.6870324,0.1103729,4,3,11,0.8108108,0.8108108,0.8108108,11,0,0.01012853,,,,0.1679647,0.1679647,0,0,0,0,0.1679647,0,0,0,0,0.1220042,0.009384937,0.3815375,218222,82946048,complete,,4,0.2,1600,37,9,2,5,9b763a059c00ccd51c6834e8eb7fee7544e3420e10b1abc699cc529b4ae4c560,0.07604566,0.07692157,0.06809012,0.0641126,0.05657987,0.1120743,0.110085,0.1106553
310200,nonlinear,sparse,20,400,primary,0.5,adjusted,M2,0.0904997,1.327379,3.284895,0.1226405,0.1540712,0.335055,0.2368421,1.361271,0.3401757,0.0742786,0.1146762,4.5,0.117658,0.8974674,0.01482529,0.4951493,0.2805744,0.6958036,0.1747618,4,3,61,0.2264151,0.3243243,0.2666667,11,62,0.08702124,,,,1589.189,118.6501,1470.539,7400,51800,26200,1589.189,0,20,0,0,0.04150913,0.00319301,0.4713045,641401,191294976,valid_legacy_stop_not_strict,0.05630347,4,0.2,1600,37,9,2,5,e462bebd65eec0fff8d824f4ea67194950695d390ec80bc521fd223c190b9dc1,0.1546899,0.1560316,0.1256397,0.09243182,0.1227627,0.1696751,0.1435787,0.1547027
310200,nonlinear,sparse,20,400,primary,0.5,adjusted,M3,0.05416905,1.217121,3.299148,0.1226405,0.06704992,0.335055,0.2368421,1.356077,0.06960174,0.0337981,0.06060777,4.5,0.04052012,0.9022795,-0.004722673,0.4992354,0.05271611,0.6860696,0.07630141,4,3,11,0.8108108,0.8108108,0.8108108,11,0,0,0,1,True,939.4658,894.5475,0,24550,0,68750,925.1753,14.29056,57,24,0,0.06367439,0.00489803,0.5309584,418127.3,102914048,complete,,4,0.2,1600,37,9,2,5,128d119669f396eb4b374b0a9733d0f27fc88aa4855a7a8e60396be30215b5b8,0.06625968,0.06588356,0.07164154,0.070706,0.03859103,0.1018218,0.1005221,0.1013403
310200,nonlinear,sparse,20,400,primary,0.5,adjusted,M4,0.05416905,1.217121,3.299148,0.1226405,0.06704992,0.335055,0.2368421,1.356077,0.06960174,0.0337981,0.06060777,4.5,0.04052012,0.9022795,-0.004722673,0.4992354,0.05271611,0.6860696,0.07630141,4,3,11,0.8108108,0.8108108,0.8108108,11,0,0,0,1,True,939.4658,894.5475,0,24550,0,68750,925.1753,14.29052,57,24,0,0.06367439,0.00489803,0.5309584,418127.3,102914048,complete,,4,0.2,1600,37,9,2,5,128d119669f396eb4b374b0a9733d0f27fc88aa4855a7a8e60396be30215b5b8,0.06625968,0.06588356,0.07164154,0.070706,0.03859103,0.1018218,0.1005221,0.1013403
310200,nonlinear,sparse,20,400,primary,0.5,adjusted,M5,0.05413717,1.216944,3.299086,0.1226405,0.06696389,0.335055,0.2368421,1.355808,0.06957563,0.03370278,0.06056293,4.5,0.04042215,0.9023116,-0.004709327,0.4991327,0.05280708,0.6860644,0.0762693,4,3,,,,,11,,-8.602813e-05,0,0,True,928.829,894.5475,0,24550,0,68750,925.1753,3.653763,57,24,0,1.169166,0.08993588,0.7481118,22771.78,102914048,complete,,4,0.2,1600,37,9,2,5,96b69d9e7f185b7b7723304fc66b9873f8cb3b9d2df3ec194ed6e498defa7dd5,0.06615922,0.06577377,0.07139532,0.07046303,0.03858787,0.1015684,0.1003205,0.1013287
310200,nonlinear,sparse,20,400,primary,0.5,adjusted,fixed,0.05416905,1.217121,3.299148,0.1226405,0.06704992,0.335055,0.2368421,1.356077,0.06960174,0.0337981,0.06060777,4.5,0.04052012,0.9022795,-0.004722673,0.4992354,0.05271611,0.6860696,0.07630141,4,3,11,0.8108108,0.8108108,0.8108108,11,0,0,,,,182.9857,182.9857,0,8250,0,23150,182.9857,0,20,1,0,0.06367439,0.00489803,0.5309584,418127.3,96824832,complete,,4,0.2,1600,37,9,2,5,128d119669f396eb4b374b0a9733d0f27fc88aa4855a7a8e60396be30215b5b8,0.06625968,0.06588356,0.07164154,0.070706,0.03859103,0.1018218,0.1005221,0.1013403
310200,nonlinear,sparse,20,400,primary,0.5,adjusted,oracle,0.06084299,1.193272,3.318034,0.1226405,0.05949477,0.335055,0.2368421,1.359895,0.07037233,0.0319819,0.06634372,4.5,0.03801159,0.9046952,-0.004978628,0.5001799,0.03289549,0.6857822,0.07149609,4,3,0,1,1,1,11,11,-0.007555141,,,,108.3554,108.3554,0,8400,0,24000,108.3554,0,20,0,0,0.04929219,0.003791707,0.4756922,540126.2,128635904,complete,,4,0.2,1600,37,9,2,5,de6442b366f905e31dd25f64d8740e987a47a673f58a6ccb5955e41ae552f459,0.05832859,0.06053236,0.05759415,0.06365159,0.03659812,0.05533394,0.06044773,0.05172879
310200,nonlinear,sparse,20,400,primary,0.5,adjusted,random,0.05416905,1.217121,3.299148,0.1226405,0.06704992,0.335055,0.2368421,1.356077,0.06960174,0.0337981,0.06060777,4.5,0.04052012,0.9022795,-0.004722673,0.4992354,0.05271611,0.6860696,0.07630141,4,3,11,0.8108108,0.8108108,0.8108108,11,0,0,0,1,True,748.6074,717.9604,0,20000,0,58000,731.6173,16.99005,45,24,0,0.06367439,0.00489803,0.5309584,418127.3,101508096,complete,,4,0.2,1600,37,9,2,5,128d119669f396eb4b374b0a9733d0f27fc88aa4855a7a8e60396be30215b5b8,0.06625968,0.06588356,0.07164154,0.070706,0.03859103,0.1018218,0.1005221,0.1013403
310200,nonlinear,sparse,20,400,primary,0.5,fixed,M0,0.03919099,,3.293856,0.1226405,0.1779885,0.335055,0.2368421,1.365543,0.3229177,0.04126684,0.09212169,4.5,0.1278038,0.898823,0.02416471,0.4967684,0.3356843,0.6991126,0.2842532,4,3,37,0,0,0,11,37,0.1109386,,,,0.02565278,0.02565278,0,0,0,0,0.02565278,0,0,0,0,0.007137243,0.0005490187,0.3253258,3730292,83243520,complete,,4,0.2,1600,37,9,2,5,025985fdc1ca5b5370addb7e94cf5f97db7fdf01918a4994bd863c0db953c2f8,0.1706762,0.1705979,0.1763974,0.09894134,0.1572459,0.2294307,0.1755901,0.2321402
310200,nonlinear,sparse,20,400,primary,0.5,fixed,M1,0.06181556,1.222444,3.127848,0.1226405,0.07717844,0.335055,0.2368421,1.277429,0.09717677,0.03131614,0.07118032,4.5,0.04437329,0.8832622,-0.001649032,0.4741468,0.05252062,0.6870324,0.1103729,4,3,11,0.8108108,0.8108108,0.8108108,11,0,0.01012853,,,,0.1679647,0.1679647,0,0,0,0,0.1679647,0,0,0,0,0.1220042,0.009384937,0.3815375,218222,82946048,complete,,4,0.2,1600,37,9,2,5,9b763a059c00ccd51c6834e8eb7fee7544e3420e10b1abc699cc529b4ae4c560,0.07604566,0.07692157,0.06809012,0.0641126,0.05657987,0.1120743,0.110085,0.1106553
310200,nonlinear,sparse,20,400,primary,0.5,fixed,M2,0.0904997,1.327379,3.284895,0.1226405,0.1540712,0.335055,0.2368421,1.361271,0.3401757,0.0742786,0.1146762,4.5,0.117658,0.8974674,0.01482529,0.4951493,0.2805744,0.6958036,0.1747618,4,3,61,0.2264151,0.3243243,0.2666667,11,62,0.08702124,,,,1589.189,118.6501,1470.539,7400,51800,26200,1589.189,0,20,0,0,0.04150913,0.00319301,0.4713045,641401,191294976,valid_legacy_stop_not_strict,0.05630347,4,0.2,1600,37,9,2,5,e462bebd65eec0fff8d824f4ea67194950695d390ec80bc521fd223c190b9dc1,0.1546899,0.1560316,0.1256397,0.09243182,0.1227627,0.1696751,0.1435787,0.1547027
310200,nonlinear,sparse,20,400,primary,0.5,fixed,M3,0.05416905,1.217121,3.299148,0.1226405,0.06704992,0.335055,0.2368421,1.356077,0.06960174,0.0337981,0.06060777,4.5,0.04052012,0.9022795,-0.004722673,0.4992354,0.05271611,0.6860696,0.07630141,4,3,11,0.8108108,0.8108108,0.8108108,11,0,0,0,1,True,384.0254,371.4954,0,12550,0,34900,379.8826,4.142855,31,7,0,0.06367439,0.00489803,0.5309584,418127.3,86718464,complete,,4,0.2,1600,37,9,2,5,128d119669f396eb4b374b0a9733d0f27fc88aa4855a7a8e60396be30215b5b8,0.06625968,0.06588356,0.07164154,0.070706,0.03859103,0.1018218,0.1005221,0.1013403
310200,nonlinear,sparse,20,400,primary,0.5,fixed,M4,0.05416905,1.217121,3.299148,0.1226405,0.06704992,0.335055,0.2368421,1.356077,0.06960174,0.0337981,0.06060777,4.5,0.04052012,0.9022795,-0.004722673,0.4992354,0.05271611,0.6860696,0.07630141,4,3,11,0.8108108,0.8108108,0.8108108,11,0,0,0,1,True,384.0254,371.4954,0,12550,0,34900,379.8826,4.142827,31,7,0,0.06367439,0.00489803,0.5309584,418127.3,86718464,complete,,4,0.2,1600,37,9,2,5,128d119669f396eb4b374b0a9733d0f27fc88aa4855a7a8e60396be30215b5b8,0.06625968,0.06588356,0.07164154,0.070706,0.03859103,0.1018218,0.1005221,0.1013403
310200,nonlinear,sparse,20,400,primary,0.5,fixed,M5,0.05397208,1.217059,3.299637,0.1226405,0.0668716,0.335055,0.2368421,1.356226,0.06941418,0.03377302,0.06037509,4.5,0.04046917,0.9023245,-0.004723877,0.4993447,0.05255208,0.6860578,0.07618988,4,3,,,,,11,,-0.0001783129,0,0,True,383.6646,371.4954,0,12550,0,34900,379.8826,3.782007,31,7,0,1.352823,0.1040633,0.7768754,19680.32,85736960,complete,,4,0.2,1600,37,9,2,5,5e7ed288a0ada6f3ebed3b1034cd098951791669753ea82099a6d5661f87156b,0.06609501,0.06570174,0.07139497,0.07042249,0.03863579,0.1016721,0.1003413,0.1012817
310200,nonlinear,sparse,20,400,primary,0.5,fixed,fixed,0.05416905,1.217121,3.299148,0.1226405,0.06704992,0.335055,0.2368421,1.356077,0.06960174,0.0337981,0.06060777,4.5,0.04052012,0.9022795,-0.004722673,0.4992354,0.05271611,0.6860696,0.07630141,4,3,11,0.8108108,0.8108108,0.8108108,11,0,0,,,,182.9857,182.9857,0,8250,0,23150,182.9857,0,20,1,0,0.06367439,0.00489803,0.5309584,418127.3,96824832,complete,,4,0.2,1600,37,9,2,5,128d119669f396eb4b374b0a9733d0f27fc88aa4855a7a8e60396be30215b5b8,0.06625968,0.06588356,0.07164154,0.070706,0.03859103,0.1018218,0.1005221,0.1013403
310200,nonlinear,sparse,20,400,primary,0.5,fixed,oracle,0.06084299,1.193272,3.318034,0.1226405,0.05949477,0.335055,0.2368421,1.359895,0.07037233,0.0319819,0.06634372,4.5,0.03801159,0.9046952,-0.004978628,0.5001799,0.03289549,0.6857822,0.07149609,4,3,0,1,1,1,11,11,-0.007555141,,,,108.3554,108.3554,0,8400,0,24000,108.3554,0,20,0,0,0.04929219,0.003791707,0.4756922,540126.2,128635904,complete,,4,0.2,1600,37,9,2,5,de6442b366f905e31dd25f64d8740e987a47a673f58a6ccb5955e41ae552f459,0.05832859,0.06053236,0.05759415,0.06365159,0.03659812,0.05533394,0.06044773,0.05172879
310200,nonlinear,sparse,20,400,primary,0.5,fixed,random,0.05416905,1.217121,3.299148,0.1226405,0.06704992,0.335055,0.2368421,1.356077,0.06960174,0.0337981,0.06060777,4.5,0.04052012,0.9022795,-0.004722673,0.4992354,0.05271611,0.6860696,0.07630141,4,3,11,0.8108108,0.8108108,0.8108108,11,0,0,0,1,True,306.5535,298.0316,0,10700,0,30400,302.1678,4.385643,26,7,0,0.06367439,0.00489803,0.5309584,418127.3,86718464,complete,,4,0.2,1600,37,9,2,5,128d119669f396eb4b374b0a9733d0f27fc88aa4855a7a8e60396be30215b5b8,0.06625968,0.06588356,0.07164154,0.070706,0.03859103,0.1018218,0.1005221,0.1013403
310201,nonlinear,sparse,20,400,primary,0.2,adjusted,M0,0.04529574,,3.286274,0.2081094,0.2171472,0.3948257,0.4210526,1.363055,0.3464097,0.0526213,0.1483621,8,0.2161858,0.8953601,0.04789103,0.4942049,0.4046826,0.7027161,0.3030348,4,3,37,0,0,0,7,37,0.04295989,,,,0.0003430359,0.0003430359,0,0,0,0,0.0003430359,0,0,0,0,0.006945096,0.0005342381,0.3330446,3833496,70599168,complete,,4,0.2,1600,37,11,2,6,cc6fd91725e263d13673cec66fa6f3a2d5077fc69ed4bba0c5954d482e8d4247,,,0.2115773,0.1541458,0.2095473,0.1890941,0.1189918,0.1685794
310201,nonlinear,sparse,20,400,primary,0.2,adjusted,M1,0.09301143,1.243475,3.121504,0.2081094,0.1788039,0.3948257,0.4210526,1.282653,0.2673092,0.05230928,0.1478663,8,0.1622136,0.8774478,0.03729792,0.4717825,0.2850579,0.6978827,0.2441427,4,3,7,0.8648649,0.8648649,0.8648649,7,0,0.004616534,,,,0.1786229,0.1786229,0,0,0,0,0.1786229,0,0,0,0,0.121953,0.009380999,0.383393,218313.6,70533632,complete,,4,0.2,1600,37,11,2,6,8337d3b79fd091f8469f94f5a3cc9ca46ff9a1517dfc508f4e37955a65ddacf7,,,0.1234465,0.1122315,0.1601332,0.1307415,0.1213493,0.1099039
310201,nonlinear,sparse,20,400,primary,0.2,adjusted,M2,0.09111946,1.367871,3.256116,0.2081094,0.2444606,0.3948257,0.4210526,1.334504,0.4409329,0.05462181,0.2005145,8,0.2173844,0.8876503,0.06494678,0.4797813,0.4033766,0.7114194,0.3421845,4,3,75,0.09259259,0.1351351,0.1098901,7,72,0.07027322,,,,1458.814,96.67656,1362.138,7750,60000,28300,1458.814,0,20,0,0,0.04275643,0.003288956,0.5400827,622690,150159360,valid_capped_prediction,0.1412573,4,0.2,1600,37,11,2,6,44936afc3581a341ba250c6eeb31821f3166ebedaa093037c9dcf6dd3a633fc4,,,0.1771734,0.1508462,0.2121315,0.1936774,0.1595407,0.1795491
310201,nonlinear,sparse,20,400,primary,0.2,adjusted,M3,0.06274641,1.234252,3.233128,0.2081094,0.1275071,0.3948257,0.4210526,1.332219,0.2234353,0.05310209,0.1028904,8,0.1148584,0.8941265,0.01931733,0.4931898,0.2173093,0.6889771,0.173557,4,3,6,0.8947368,0.9189189,0.9066667,7,3,-0.04668028,0,0,True,609.5366,563.8723,0,18300,0,51000,594.0948,15.44181,43,24,2,0.06118028,0.004706176,0.5161679,435172.9,109083648,complete,,4,0.2,1600,37,11,2,6,0de471377cc56bb9b6b432652da489e7918020b6d34addf51e986829253de74d,,,0.09669467,0.0827596,0.1099263,0.07767712,0.07098747,0.05321957
310201,nonlinear,sparse,20,400,primary,0.2,adjusted,M4,0.08174167,1.242804,3.250791,0.2081094,0.1741873,0.3948257,0.4210526,1.332826,0.2645032,0.05155006,0.1432944,8,0.1648836,0.8923854,0.03688116,0.4874396,0.2874386,0.697597,0.244296,4,3,7,0.8648649,0.8648649,0.8648649,7,0,0,0,1,True,608.9401,563.8723,0,18300,0,51000,594.0948,14.84529,43,24,2,0.06139792,0.004722917,0.5220515,433630.3,109648384,complete,,4,0.2,1600,37,11,2,6,1923f9ccec25e07a8332ac1be51d28f1c6dbf79ac20cf6188c1cc503c79ffa89,,,0.1255436,0.1140411,0.1597617,0.1284288,0.1163754,0.1061729
310201,nonlinear,sparse,20,400,primary,0.2,adjusted,M5,0.07369315,1.237736,3.257172,0.2081094,0.156752,0.3948257,0.4210526,1.339601,0.2459144,0.05362207,0.126249,8,0.1474347,0.8949874,0.02905711,0.4923096,0.2620278,0.6936014,0.1885238,4,3,,,,,7,,-0.01743534,0,0,True,598.2725,563.8723,0,18300,0,51000,594.0948,4.177755,43,24,2,1.219573,0.09381333,0.7043953,21830.59,106481664,complete,,4,0.2,1600,37,11,2,6,f57887ae4c081490f3ac890e59e8b1576c3a7d98a8e637d5268669d130649e77,,,0.1147362,0.1022146,0.1442357,0.1101509,0.1003285,0.08685141
310201,nonlinear,sparse,20,400,primary,0.2,adjusted,fixed,0.08174167,1.242804,3.250791,0.2081094,0.1741873,0.3948257,0.4210526,1.332826,0.2645032,0.05155006,0.1432944,8,0.1648836,0.8923854,0.03688116,0.4874396,0.2874386,0.697597,0.244296,4,3,7,0.8648649,0.8648649,0.8648649,7,0,0,,,,123.8451,123.8451,0,7900,0,21550,123.8451,0,20,1,0,0.06139792,0.004722917,0.5220515,433630.3,109648384,complete,,4,0.2,1600,37,11,2,6,1923f9ccec25e07a8332ac1be51d28f1c6dbf79ac20cf6188c1cc503c79ffa89,,,0.1255436,0.1140411,0.1597617,0.1284288,0.1163754,0.1061729
310201,nonlinear,sparse,20,400,primary,0.2,adjusted,random,0.08174167,1.231393,3.246322,0.2081094,0.1478165,0.3948257,0.4210526,1.333714,0.1836777,0.05155006,0.1312928,8,0.141068,0.893998,0.02966444,0.4899003,0.1949438,0.6937074,0.2416864,4,3,6,0.8684211,0.8918919,0.88,7,1,-0.02637083,0,0,True,595.6376,565.5775,0,17650,0,53000,579.5887,16.04888,46,24,1,0.06040575,0.004646596,0.5107122,440752.7,109650432,complete,,4,0.2,1600,37,11,2,6,44b2ffd504a437c15b17d7101a5aa05f9414664ae2723c7fc76cc97b50a06d0e,,,0.1176453,0.1100917,0.1357383,0.1205541,0.1121661,0.1059619
310201,nonlinear,sparse,20,400,primary,0.2,fixed,M0,0.04529574,,3.286274,0.2081094,0.2171472,0.3948257,0.4210526,1.363055,0.3464097,0.0526213,0.1483621,8,0.2161858,0.8953601,0.04789103,0.4942049,0.4046826,0.7027161,0.3030348,4,3,37,0,0,0,7,37,0.04295989,,,,0.0003430359,0.0003430359,0,0,0,0,0.0003430359,0,0,0,0,0.006945096,0.0005342381,0.3330446,3833496,70599168,complete,,4,0.2,1600,37,11,2,6,cc6fd91725e263d13673cec66fa6f3a2d5077fc69ed4bba0c5954d482e8d4247,,,0.2115773,0.1541458,0.2095473,0.1890941,0.1189918,0.1685794
310201,nonlinear,sparse,20,400,primary,0.2,fixed,M1,0.09301143,1.243475,3.121504,0.2081094,0.1788039,0.3948257,0.4210526,1.282653,0.2673092,0.05230928,0.1478663,8,0.1622136,0.8774478,0.03729792,0.4717825,0.2850579,0.6978827,0.2441427,4,3,7,0.8648649,0.8648649,0.8648649,7,0,0.004616534,,,,0.1786229,0.1786229,0,0,0,0,0.1786229,0,0,0,0,0.121953,0.009380999,0.383393,218313.6,70533632,complete,,4,0.2,1600,37,11,2,6,8337d3b79fd091f8469f94f5a3cc9ca46ff9a1517dfc508f4e37955a65ddacf7,,,0.1234465,0.1122315,0.1601332,0.1307415,0.1213493,0.1099039
310201,nonlinear,sparse,20,400,primary,0.2,fixed,M2,0.09111946,1.367871,3.256116,0.2081094,0.2444606,0.3948257,0.4210526,1.334504,0.4409329,0.05462181,0.2005145,8,0.2173844,0.8876503,0.06494678,0.4797813,0.4033766,0.7114194,0.3421845,4,3,75,0.09259259,0.1351351,0.1098901,7,72,0.07027322,,,,1458.814,96.67656,1362.138,7750,60000,28300,1458.814,0,20,0,0,0.04275643,0.003288956,0.5400827,622690,150159360,valid_capped_prediction,0.1412573,4,0.2,1600,37,11,2,6,44936afc3581a341ba250c6eeb31821f3166ebedaa093037c9dcf6dd3a633fc4,,,0.1771734,0.1508462,0.2121315,0.1936774,0.1595407,0.1795491
310201,nonlinear,sparse,20,400,primary,0.2,fixed,M3,0.06578031,1.232982,3.224334,0.2081094,0.1370868,0.3948257,0.4210526,1.32188,0.2272607,0.07566336,0.1060539,8,0.1397888,0.8927388,0.02137,0.4888338,0.2304004,0.6903202,0.1895621,4,3,6,0.8684211,0.8918919,0.88,7,2,-0.03710056,0,0,True,376.2432,356.6519,0,13200,0,35700,369.1422,7.101008,32,10,1,0.06113273,0.004702518,0.5118816,435511.4,109650432,complete,,4,0.2,1600,37,11,2,6,43bb0b50526eea84489aee7dd2289c1f0f46a2f37161ab39e3cca52ccb8ac94d,,,0.1150686,0.09300691,0.1310469,0.07779724,0.07182526,0.05316005
310201,nonlinear,sparse,20,400,primary,0.2,fixed,M4,0.08174167,1.242804,3.250791,0.2081094,0.1741873,0.3948257,0.4210526,1.332826,0.2645032,0.05155006,0.1432944,8,0.1648836,0.8923854,0.03688116,0.4874396,0.2874386,0.697597,0.244296,4,3,7,0.8648649,0.8648649,0.8648649,7,0,0,0,1,True,375.6905,356.6519,0,13200,0,35700,369.1422,6.54833,32,10,1,0.06139792,0.004722917,0.5220515,433630.3,109648384,complete,,4,0.2,1600,37,11,2,6,1923f9ccec25e07a8332ac1be51d28f1c6dbf79ac20cf6188c1cc503c79ffa89,,,0.1255436,0.1140411,0.1597617,0.1284288,0.1163754,0.1061729
310201,nonlinear,sparse,20,400,primary,0.2,fixed,M5,0.07398454,1.239312,3.250638,0.2081094,0.1610037,0.3948257,0.4210526,1.335401,0.2533001,0.05262717,0.1305598,8,0.1522102,0.8935868,0.03020971,0.4901444,0.2703808,0.6945958,0.2014498,4,3,,,,,7,,-0.01318369,0,0,True,374.1856,356.6519,0,13200,0,35700,369.1422,5.043357,32,10,1,1.841978,0.1416906,0.8831705,14454.03,88517120,complete,,4,0.2,1600,37,11,2,6,ca1a578a8e8b34267623bf667c71923b1fb23585ef8b7d8cfe6082d1b461f96a,,,0.1200163,0.1076753,0.1507845,0.1154331,0.1051058,0.09175024
310201,nonlinear,sparse,20,400,primary,0.2,fixed,fixed,0.08174167,1.242804,3.250791,0.2081094,0.1741873,0.3948257,0.4210526,1.332826,0.2645032,0.05155006,0.1432944,8,0.1648836,0.8923854,0.03688116,0.4874396,0.2874386,0.697597,0.244296,4,3,7,0.8648649,0.8648649,0.8648649,7,0,0,,,,123.8451,123.8451,0,7900,0,21550,123.8451,0,20,1,0,0.06139792,0.004722917,0.5220515,433630.3,109648384,complete,,4,0.2,1600,37,11,2,6,1923f9ccec25e07a8332ac1be51d28f1c6dbf79ac20cf6188c1cc503c79ffa89,,,0.1255436,0.1140411,0.1597617,0.1284288,0.1163754,0.1061729
310201,nonlinear,sparse,20,400,primary,0.2,fixed,random,0.08174167,1.242804,3.250791,0.2081094,0.1741873,0.3948257,0.4210526,1.332826,0.2645032,0.05155006,0.1432944,8,0.1648836,0.8923854,0.03688116,0.4874396,0.2874386,0.697597,0.244296,4,3,7,0.8648649,0.8648649,0.8648649,7,0,0,0,1,True,298.345,289.2865,0,11550,0,32650,293.3723,4.972681,29,7,0,0.06139792,0.004722917,0.5220515,433630.3,109648384,complete,,4,0.2,1600,37,11,2,6,1923f9ccec25e07a8332ac1be51d28f1c6dbf79ac20cf6188c1cc503c79ffa89,,,0.1255436,0.1140411,0.1597617,0.1284288,0.1163754,0.1061729
310201,nonlinear,sparse,20,400,primary,0.5,adjusted,M0,0.04529574,,3.286274,0.2081094,0.2171472,0.3948257,0.4210526,1.363055,0.3464097,0.0526213,0.1483621,8,0.2161858,0.8953601,0.04789103,0.4942049,0.4046826,0.7027161,0.3030348,4,3,37,0,0,0,16,37,0.09302227,,,,0.0003430359,0.0003430359,0,0,0,0,0.0003430359,0,0,0,0,0.006945096,0.0005342381,0.3330446,3833496,70599168,complete,,4,0.2,1600,37,11,2,6,cc6fd91725e263d13673cec66fa6f3a2d5077fc69ed4bba0c5954d482e8d4247,,,0.2115773,0.1541458,0.2095473,0.1890941,0.1189918,0.1685794
310201,nonlinear,sparse,20,400,primary,0.5,adjusted,M1,0.07241681,1.254753,3.114862,0.2081094,0.1342798,0.3948257,0.4210526,1.277958,0.1922365,0.05307775,0.1177678,8,0.114895,0.8811356,0.02048713,0.4766653,0.1732929,0.6893144,0.1998723,4,3,16,0.7297297,0.7297297,0.7297297,16,0,0.01015482,,,,0.1723036,0.1723036,0,0,0,0,0.1723036,0,0,0,0,0.1219588,0.009381447,0.3672673,218303.2,69146624,complete,,4,0.2,1600,37,11,2,6,cc53075917884293c24a3960cb29e2b6295798ec98bbf8170ba2e6a458da73d0,,,0.1126471,0.09259929,0.110399,0.1235682,0.1023517,0.1132938
310201,nonlinear,sparse,20,400,primary,0.5,adjusted,M2,0.09111946,1.367871,3.256116,0.2081094,0.2444606,0.3948257,0.4210526,1.334504,0.4409329,0.05462181,0.2005145,8,0.2173844,0.8876503,0.06494678,0.4797813,0.4033766,0.7114194,0.3421845,4,3,75,0.09259259,0.1351351,0.1098901,16,77,0.1203356,,,,1458.814,96.67656,1362.138,7750,60000,28300,1458.814,0,20,0,0,0.04275643,0.003288956,0.5400827,622690,150159360,valid_capped_prediction,0.1412573,4,0.2,1600,37,11,2,6,44936afc3581a341ba250c6eeb31821f3166ebedaa093037c9dcf6dd3a633fc4,,,0.1771734,0.1508462,0.2121315,0.1936774,0.1595407,0.1795491
310201,nonlinear,sparse,20,400,primary,0.5,adjusted,M3,0.07316841,1.255271,3.235261,0.2081094,0.124125,0.3948257,0.4210526,1.332657,0.1655388,0.05381152,0.1121652,8,0.1059959,0.895026,0.01957184,0.4936973,0.1462208,0.688748,0.2034523,4,3,16,0.7297297,0.7297297,0.7297297,16,0,0,0,1,True,791.1758,742.2861,0,21200,0,55850,774.2217,16.95415,52,24,0,0.06613625,0.005087404,0.5093544,402562.9,100758528,complete,,4,0.2,1600,37,11,2,6,8ca5e0101223a8d99fdae60ca20b20878404c68525f27462b2d5b84eb3a7a4a2,,,0.1102322,0.09443914,0.1006573,0.121978,0.09987137,0.1088535
310201,nonlinear,sparse,20,400,primary,0.5,adjusted,M4,0.07316841,1.255271,3.235261,0.2081094,0.124125,0.3948257,0.4210526,1.332657,0.1655388,0.05381152,0.1121652,8,0.1059959,0.895026,0.01957184,0.4936973,0.1462208,0.688748,0.2034523,4,3,16,0.7297297,0.7297297,0.7297297,16,0,0,0,1,True,791.1758,742.2861,0,21200,0,55850,774.2217,16.95412,52,24,0,0.06613625,0.005087404,0.5093544,402562.9,100758528,complete,,4,0.2,1600,37,11,2,6,8ca5e0101223a8d99fdae60ca20b20878404c68525f27462b2d5b84eb3a7a4a2,,,0.1102322,0.09443914,0.1006573,0.121978,0.09987137,0.1088535
310201,nonlinear,sparse,20,400,primary,0.5,adjusted,M5,0.07317644,1.255268,3.235428,0.2081094,0.1241537,0.3948257,0.4210526,1.332752,0.1655804,0.0537911,0.1121919,8,0.1059313,0.8950324,0.01957919,0.4936909,0.1461324,0.6887538,0.2035212,4,3,,,,,16,,2.869219e-05,0,0,True,779.1413,742.2861,0,21200,0,55850,774.2217,4.919651,52,24,0,1.372208,0.1055545,0.7115056,19402.3,100758528,complete,,4,0.2,1600,37,11,2,6,6262738137fc777108775a87a59b9427426b8d86a5ec17a76e06a8fe756377c7,,,0.1101588,0.09438551,0.10063,0.1220149,0.09991692,0.1088604
310201,nonlinear,sparse,20,400,primary,0.5,adjusted,fixed,0.07316841,1.255271,3.235261,0.2081094,0.124125,0.3948257,0.4210526,1.332657,0.1655388,0.05381152,0.1121652,8,0.1059959,0.895026,0.01957184,0.4936973,0.1462208,0.688748,0.2034523,4,3,16,0.7297297,0.7297297,0.7297297,16,0,0,,,,220.8023,220.8023,0,8600,0,22100,220.8023,0,20,1,0,0.06613625,0.005087404,0.5093544,402562.9,101527040,complete,,4,0.2,1600,37,11,2,6,8ca5e0101223a8d99fdae60ca20b20878404c68525f27462b2d5b84eb3a7a4a2,,,0.1102322,0.09443914,0.1006573,0.121978,0.09987137,0.1088535
310201,nonlinear,sparse,20,400,primary,0.5,adjusted,random,0.07316841,1.255271,3.235261,0.2081094,0.124125,0.3948257,0.4210526,1.332657,0.1655388,0.05381152,0.1121652,8,0.1059959,0.895026,0.01957184,0.4936973,0.1462208,0.688748,0.2034523,4,3,16,0.7297297,0.7297297,0.7297297,16,0,0,0,1,True,685.7006,652.3555,0,17500,0,51750,668.6827,17.01787,45,24,1,0.06613625,0.005087404,0.5093544,402562.9,100518400,complete,,4,0.2,1600,37,11,2,6,8ca5e0101223a8d99fdae60ca20b20878404c68525f27462b2d5b84eb3a7a4a2,,,0.1102322,0.09443914,0.1006573,0.121978,0.09987137,0.1088535
310201,nonlinear,sparse,20,400,primary,0.5,fixed,M0,0.04529574,,3.286274,0.2081094,0.2171472,0.3948257,0.4210526,1.363055,0.3464097,0.0526213,0.1483621,8,0.2161858,0.8953601,0.04789103,0.4942049,0.4046826,0.7027161,0.3030348,4,3,37,0,0,0,16,37,0.09302227,,,,0.0003430359,0.0003430359,0,0,0,0,0.0003430359,0,0,0,0,0.006945096,0.0005342381,0.3330446,3833496,70599168,complete,,4,0.2,1600,37,11,2,6,cc6fd91725e263d13673cec66fa6f3a2d5077fc69ed4bba0c5954d482e8d4247,,,0.2115773,0.1541458,0.2095473,0.1890941,0.1189918,0.1685794
310201,nonlinear,sparse,20,400,primary,0.5,fixed,M1,0.07241681,1.254753,3.114862,0.2081094,0.1342798,0.3948257,0.4210526,1.277958,0.1922365,0.05307775,0.1177678,8,0.114895,0.8811356,0.02048713,0.4766653,0.1732929,0.6893144,0.1998723,4,3,16,0.7297297,0.7297297,0.7297297,16,0,0.01015482,,,,0.1723036,0.1723036,0,0,0,0,0.1723036,0,0,0,0,0.1219588,0.009381447,0.3672673,218303.2,69146624,complete,,4,0.2,1600,37,11,2,6,cc53075917884293c24a3960cb29e2b6295798ec98bbf8170ba2e6a458da73d0,,,0.1126471,0.09259929,0.110399,0.1235682,0.1023517,0.1132938
310201,nonlinear,sparse,20,400,primary,0.5,fixed,M2,0.09111946,1.367871,3.256116,0.2081094,0.2444606,0.3948257,0.4210526,1.334504,0.4409329,0.05462181,0.2005145,8,0.2173844,0.8876503,0.06494678,0.4797813,0.4033766,0.7114194,0.3421845,4,3,75,0.09259259,0.1351351,0.1098901,16,77,0.1203356,,,,1458.814,96.67656,1362.138,7750,60000,28300,1458.814,0,20,0,0,0.04275643,0.003288956,0.5400827,622690,150159360,valid_capped_prediction,0.1412573,4,0.2,1600,37,11,2,6,44936afc3581a341ba250c6eeb31821f3166ebedaa093037c9dcf6dd3a633fc4,,,0.1771734,0.1508462,0.2121315,0.1936774,0.1595407,0.1795491
310201,nonlinear,sparse,20,400,primary,0.5,fixed,M3,0.07316841,1.255271,3.235261,0.2081094,0.124125,0.3948257,0.4210526,1.332657,0.1655388,0.05381152,0.1121652,8,0.1059959,0.895026,0.01957184,0.4936973,0.1462208,0.688748,0.2034523,4,3,16,0.7297297,0.7297297,0.7297297,16,0,0,0,1,True,424.8401,410.8405,0,13500,0,33050,419.3737,5.46634,31,7,0,0.06613625,0.005087404,0.5093544,402562.9,86437888,complete,,4,0.2,1600,37,11,2,6,8ca5e0101223a8d99fdae60ca20b20878404c68525f27462b2d5b84eb3a7a4a2,,,0.1102322,0.09443914,0.1006573,0.121978,0.09987137,0.1088535
310201,nonlinear,sparse,20,400,primary,0.5,fixed,M4,0.07316841,1.255271,3.235261,0.2081094,0.124125,0.3948257,0.4210526,1.332657,0.1655388,0.05381152,0.1121652,8,0.1059959,0.895026,0.01957184,0.4936973,0.1462208,0.688748,0.2034523,4,3,16,0.7297297,0.7297297,0.7297297,16,0,0,0,1,True,424.84,410.8405,0,13500,0,33050,419.3737,5.466301,31,7,0,0.06613625,0.005087404,0.5093544,402562.9,86437888,complete,,4,0.2,1600,37,11,2,6,8ca5e0101223a8d99fdae60ca20b20878404c68525f27462b2d5b84eb3a7a4a2,,,0.1102322,0.09443914,0.1006573,0.121978,0.09987137,0.1088535
310201,nonlinear,sparse,20,400,primary,0.5,fixed,M5,0.07285926,1.255143,3.234586,0.2081094,0.1240439,0.3948257,0.4210526,1.332598,0.1656254,0.05378279,0.1120596,8,0.105934,0.8949296,0.01953576,0.4937166,0.1461397,0.6887433,0.2034239,4,3,,,,,16,,-8.104928e-05,0,0,True,424.2976,410.8405,0,13500,0,33050,419.3737,4.923887,31,7,0,1.377032,0.1059255,0.9046997,19334.34,82276864,complete,,4,0.2,1600,37,11,2,6,d65f47e7abe81e2c1ba898ee0b1b1e1d32aedc940e7dfada1e80ea2bb658b6d5,,,0.1100281,0.09420046,0.1006498,0.1219047,0.09968077,0.1087006
310201,nonlinear,sparse,20,400,primary,0.5,fixed,fixed,0.07316841,1.255271,3.235261,0.2081094,0.124125,0.3948257,0.4210526,1.332657,0.1655388,0.05381152,0.1121652,8,0.1059959,0.895026,0.01957184,0.4936973,0.1462208,0.688748,0.2034523,4,3,16,0.7297297,0.7297297,0.7297297,16,0,0,,,,220.8023,220.8023,0,8600,0,22100,220.8023,0,20,1,0,0.06613625,0.005087404,0.5093544,402562.9,101527040,complete,,4,0.2,1600,37,11,2,6,8ca5e0101223a8d99fdae60ca20b20878404c68525f27462b2d5b84eb3a7a4a2,,,0.1102322,0.09443914,0.1006573,0.121978,0.09987137,0.1088535
310201,nonlinear,sparse,20,400,primary,0.5,fixed,random,0.07316841,1.255271,3.235261,0.2081094,0.124125,0.3948257,0.4210526,1.332657,0.1655388,0.05381152,0.1121652,8,0.1059959,0.895026,0.01957184,0.4936973,0.1462208,0.688748,0.2034523,4,3,16,0.7297297,0.7297297,0.7297297,16,0,0,0,1,True,340.4982,330.5237,0,10750,0,30250,335.2314,5.266843,26,7,0,0.06613625,0.005087404,0.5093544,402562.9,86437888,complete,,4,0.2,1600,37,11,2,6,8ca5e0101223a8d99fdae60ca20b20878404c68525f27462b2d5b84eb3a7a4a2,,,0.1102322,0.09443914,0.1006573,0.121978,0.09987137,0.1088535
310202,nonlinear,sparse,20,400,primary,0.2,adjusted,M0,0.04225099,,3.302735,0.11592,0.1406444,0.3450423,0.1447368,1.355692,0.3184889,0.05541537,0.07638081,2.75,0.1301778,0.8992663,0.01800739,0.496415,0.3584953,0.698137,0.1535251,4,3,37,0,0,0,7,36,0.02985575,,,,0.0004525948,0.0004525948,0,0,0,0,0.0004525948,0,0,0,0,0.007072946,0.0005440728,0.3183321,3764202,70630400,complete,,4,0.2,1600,37,8,2,6,ee2cf28b366a7efe18d7efb3fe5506ae014e7252af971928b016cad3b20f5b27,,,0.147271,0.08118712,0.1293499,0.168677,0.1086435,0.1587342
310202,nonlinear,sparse,20,400,primary,0.2,adjusted,M1,0.07469392,1.27321,3.191542,0.11592,0.09767293,0.3450423,0.1447368,1.305198,0.1365829,0.08185725,0.08180749,2.75,0.09244589,0.8878817,0.01025965,0.480064,0.1422403,0.694611,0.1443089,4,3,7,0.8888889,0.8648649,0.8767123,7,0,-0.01311572,,,,0.179925,0.179925,0,0,0,0,0.179925,0,0,0,0,0.1211,0.009315387,0.3645426,219851.3,70567936,complete,,4,0.2,1600,37,8,2,6,805f384a20efb78d87c9161191738b30b6fff332bc4edd1b0064bf6a02ee6ff8,,,0.08189733,0.07295945,0.07317134,0.09277911,0.08141584,0.08146119
310202,nonlinear,sparse,20,400,primary,0.2,adjusted,M2,0.07425992,1.370063,3.305898,0.11592,0.1508489,0.3450423,0.1447368,1.352587,0.3860195,0.05646939,0.1126512,2.75,0.1286844,0.8985467,0.02465668,0.4926629,0.3519697,0.7007977,0.1785439,4,3,73,0.09433962,0.1351351,0.1111111,7,72,0.04006021,,,,1443.729,81.33853,1362.39,6900,60000,24500,1443.729,0,20,0,0,0.03715056,0.002857736,0.5146799,716651.3,337649152,valid_capped_prediction,0.1789521,4,0.2,1600,37,8,2,6,b875dd506fca87b83ad931933ca90036b135e936e145edc54c03c8bbc1dc7672,,,0.1320498,0.1014957,0.1283345,0.1599987,0.1332325,0.1599028
310202,nonlinear,sparse,20,400,primary,0.2,adjusted,M3,0.06958919,1.268569,3.349066,0.11592,0.09093312,0.3450423,0.1447368,1.366217,0.1260053,0.05620352,0.08346185,2.75,0.08341185,0.9049008,0.01045478,0.5004369,0.1409069,0.694008,0.1391531,4,3,6,0.9166667,0.8918919,0.9041096,7,3,-0.01985553,0,0,True,709.2629,667.9116,0,20750,0,57450,695.943,13.31997,56,24,2,0.05829215,0.004484012,0.5088366,456733.9,169809408,complete,,4,0.2,1600,37,8,2,6,93f9da779f838d3760e97b2683fe1b0c918f0dbe57d98293add8879ce49684fb,,,0.08578466,0.07798601,0.08067242,0.08266176,0.07331839,0.07371688
310202,nonlinear,sparse,20,400,primary,0.2,adjusted,M4,0.06289071,1.268019,3.339534,0.11592,0.07290063,0.3450423,0.1447368,1.369914,0.08810514,0.05584774,0.06825873,2.75,0.06536303,0.904843,0.006248363,0.502737,0.09518495,0.691895,0.08552888,4,3,6,0.9166667,0.8918919,0.9041096,7,3,-0.03788802,0,0,True,709.2969,667.9116,0,20750,0,57450,695.943,13.35398,56,24,2,0.05766718,0.004435937,0.512398,461683.8,128245248,complete,,4,0.2,1600,37,8,2,6,ece6baacf9845b855f7e939a32cae24d02489157c60ef7b438f8b199f4b79476,,,0.06649536,0.06161048,0.06026678,0.09117552,0.07888956,0.09469074
310202,nonlinear,sparse,20,400,primary,0.2,adjusted,M5,0.08102464,1.272288,3.336112,0.11592,0.09915024,0.3450423,0.1447368,1.367401,0.1082601,0.08269624,0.08464348,2.75,0.0884656,0.9031982,0.01166673,0.5001863,0.1149946,0.6945582,0.1367858,4,3,,,,,7,,-0.01163841,0,0,True,699.3111,667.9116,0,20750,0,57450,695.943,3.368106,56,24,2,1.115987,0.08584518,0.9121454,23856.9,106795008,complete,,4,0.2,1600,37,8,2,6,b4ad4cfca7e06bb35ee3f4129060567094fbaad124831c185b4c626d818479ca,,,0.07566176,0.06859884,0.0645031,0.08202051,0.0725625,0.07187402
310202,nonlinear,sparse,20,400,primary,0.2,adjusted,fixed,0.08666564,1.277424,3.332785,0.11592,0.1107887,0.3450423,0.1447368,1.36369,0.1216134,0.09152592,0.09160044,2.75,0.0978169,0.9018876,0.01402991,0.4984388,0.1253754,0.6960481,0.1585917,4,3,7,0.8888889,0.8648649,0.8767123,7,0,0,,,,79.13994,79.13994,0,6900,0,19050,79.13994,0,20,1,0,0.05438583,0.004183525,0.5117441,489539.3,109262848,complete,,4,0.2,1600,37,8,2,6,7a0175646e112e0ce5f0f9a80189d16ce70391a127c057b8b93a0ce8686efdca,,,0.08147396,0.07327287,0.07177354,0.08536378,0.07611665,0.07228492
310202,nonlinear,sparse,20,400,primary,0.2,adjusted,random,0.08666564,1.277424,3.332785,0.11592,0.1107887,0.3450423,0.1447368,1.36369,0.1216134,0.09152592,0.09160044,2.75,0.0978169,0.9018876,0.01402991,0.4984388,0.1253754,0.6960481,0.1585917,4,3,7,0.8888889,0.8648649,0.8767123,7,0,0,0,1,True,569.3992,544.01,0,17600,0,53700,556.7521,12.64713,48,24,0,0.05438583,0.004183525,0.5117441,489539.3,109262848,complete,,4,0.2,1600,37,8,2,6,7a0175646e112e0ce5f0f9a80189d16ce70391a127c057b8b93a0ce8686efdca,,,0.08147396,0.07327287,0.07177354,0.08536378,0.07611665,0.07228492
310202,nonlinear,sparse,20,400,primary,0.2,fixed,M0,0.04225099,,3.302735,0.11592,0.1406444,0.3450423,0.1447368,1.355692,0.3184889,0.05541537,0.07638081,2.75,0.1301778,0.8992663,0.01800739,0.496415,0.3584953,0.698137,0.1535251,4,3,37,0,0,0,7,36,0.02985575,,,,0.0004525948,0.0004525948,0,0,0,0,0.0004525948,0,0,0,0,0.007072946,0.0005440728,0.3183321,3764202,70630400,complete,,4,0.2,1600,37,8,2,6,ee2cf28b366a7efe18d7efb3fe5506ae014e7252af971928b016cad3b20f5b27,,,0.147271,0.08118712,0.1293499,0.168677,0.1086435,0.1587342
310202,nonlinear,sparse,20,400,primary,0.2,fixed,M1,0.07469392,1.27321,3.191542,0.11592,0.09767293,0.3450423,0.1447368,1.305198,0.1365829,0.08185725,0.08180749,2.75,0.09244589,0.8878817,0.01025965,0.480064,0.1422403,0.694611,0.1443089,4,3,7,0.8888889,0.8648649,0.8767123,7,0,-0.01311572,,,,0.179925,0.179925,0,0,0,0,0.179925,0,0,0,0,0.1211,0.009315387,0.3645426,219851.3,70567936,complete,,4,0.2,1600,37,8,2,6,805f384a20efb78d87c9161191738b30b6fff332bc4edd1b0064bf6a02ee6ff8,,,0.08189733,0.07295945,0.07317134,0.09277911,0.08141584,0.08146119
310202,nonlinear,sparse,20,400,primary,0.2,fixed,M2,0.07425992,1.370063,3.305898,0.11592,0.1508489,0.3450423,0.1447368,1.352587,0.3860195,0.05646939,0.1126512,2.75,0.1286844,0.8985467,0.02465668,0.4926629,0.3519697,0.7007977,0.1785439,4,3,73,0.09433962,0.1351351,0.1111111,7,72,0.04006021,,,,1443.729,81.33853,1362.39,6900,60000,24500,1443.729,0,20,0,0,0.03715056,0.002857736,0.5146799,716651.3,337649152,valid_capped_prediction,0.1789521,4,0.2,1600,37,8,2,6,b875dd506fca87b83ad931933ca90036b135e936e145edc54c03c8bbc1dc7672,,,0.1320498,0.1014957,0.1283345,0.1599987,0.1332325,0.1599028
310202,nonlinear,sparse,20,400,primary,0.2,fixed,M3,0.06958919,1.268569,3.349066,0.11592,0.09093312,0.3450423,0.1447368,1.366217,0.1260053,0.05620352,0.08346185,2.75,0.08341185,0.9049008,0.01045478,0.5004369,0.1409069,0.694008,0.1391531,4,3,6,0.9166667,0.8918919,0.9041096,7,3,-0.01985553,0,0,True,387.1822,365.7413,0,13750,0,37150,379.9065,7.275722,37,12,2,0.05829215,0.004484012,0.5088366,456733.9,169809408,complete,,4,0.2,1600,37,8,2,6,93f9da779f838d3760e97b2683fe1b0c918f0dbe57d98293add8879ce49684fb,,,0.08578466,0.07798601,0.08067242,0.08266176,0.07331839,0.07371688
310202,nonlinear,sparse,20,400,primary,0.2,fixed,M4,0.06958919,1.268569,3.349066,0.11592,0.09093312,0.3450423,0.1447368,1.366217,0.1260053,0.05620352,0.08346185,2.75,0.08341185,0.9049008,0.01045478,0.5004369,0.1409069,0.694008,0.1391531,4,3,6,0.9166667,0.8918919,0.9041096,7,3,-0.01985553,0,0,True,387.1822,365.7413,0,13750,0,37150,379.9065,7.275684,37,12,2,0.05829215,0.004484012,0.5088366,456733.9,169809408,complete,,4,0.2,1600,37,8,2,6,93f9da779f838d3760e97b2683fe1b0c918f0dbe57d98293add8879ce49684fb,,,0.08578466,0.07798601,0.08067242,0.08266176,0.07331839,0.07371688
310202,nonlinear,sparse,20,400,primary,0.2,fixed,M5,0.08389198,1.272638,3.335221,0.11592,0.09988154,0.3450423,0.1447368,1.364773,0.1088645,0.08562054,0.08708891,2.75,0.09025577,0.9029991,0.01173638,0.4993768,0.1130427,0.6946471,0.136366,4,3,,,,,7,,-0.01090711,0,0,True,383.3558,365.7413,0,13750,0,37150,379.9065,3.449296,37,12,2,1.076011,0.08277004,0.710625,24743.25,92884992,complete,,4,0.2,1600,37,8,2,6,c7ea7bce541f431151116fd6fd894b8994ced732907fed4946404a89c8aeb956,,,0.07588734,0.06944952,0.06357378,0.08462784,0.07515189,0.07401195
310202,nonlinear,sparse,20,400,primary,0.2,fixed,fixed,0.08666564,1.277424,3.332785,0.11592,0.1107887,0.3450423,0.1447368,1.36369,0.1216134,0.09152592,0.09160044,2.75,0.0978169,0.9018876,0.01402991,0.4984388,0.1253754,0.6960481,0.1585917,4,3,7,0.8888889,0.8648649,0.8767123,7,0,0,,,,79.13994,79.13994,0,6900,0,19050,79.13994,0,20,1,0,0.05438583,0.004183525,0.5117441,489539.3,109262848,complete,,4,0.2,1600,37,8,2,6,7a0175646e112e0ce5f0f9a80189d16ce70391a127c057b8b93a0ce8686efdca,,,0.08147396,0.07327287,0.07177354,0.08536378,0.07611665,0.07228492
310202,nonlinear,sparse,20,400,primary,0.2,fixed,random,0.08666564,1.277424,3.332785,0.11592,0.1107887,0.3450423,0.1447368,1.36369,0.1216134,0.09152592,0.09160044,2.75,0.0978169,0.9018876,0.01402991,0.4984388,0.1253754,0.6960481,0.1585917,4,3,7,0.8888889,0.8648649,0.8767123,7,0,0,0,1,True,219.8966,211.9877,0,9950,0,29550,215.7835,4.113089,28,7,0,0.05438583,0.004183525,0.5117441,489539.3,109262848,complete,,4,0.2,1600,37,8,2,6,7a0175646e112e0ce5f0f9a80189d16ce70391a127c057b8b93a0ce8686efdca,,,0.08147396,0.07327287,0.07177354,0.08536378,0.07611665,0.07228492
310202,nonlinear,sparse,20,400,primary,0.5,adjusted,M0,0.04225099,,3.302735,0.11592,0.1406444,0.3450423,0.1447368,1.355692,0.3184889,0.05541537,0.07638081,2.75,0.1301778,0.8992663,0.01800739,0.496415,0.3584953,0.698137,0.1535251,4,3,37,0,0,0,15,37,0.02968585,,,,0.0004525948,0.0004525948,0,0,0,0,0.0004525948,0,0,0,0,0.007072946,0.0005440728,0.3183321,3764202,70630400,complete,,4,0.2,1600,37,8,2,6,ee2cf28b366a7efe18d7efb3fe5506ae014e7252af971928b016cad3b20f5b27,,,0.147271,0.08118712,0.1293499,0.168677,0.1086435,0.1587342
310202,nonlinear,sparse,20,400,primary,0.5,adjusted,M1,0.05964588,1.290064,3.221047,0.11592,0.1059455,0.3450423,0.1447368,1.319523,0.1731113,0.05550432,0.08022604,2.75,0.09289603,0.8908435,0.0117569,0.4846641,0.1923523,0.6950745,0.1472004,4,3,15,0.7567568,0.7567568,0.7567568,15,0,-0.005013004,,,,0.1438937,0.1438937,0,0,0,0,0.1438937,0,0,0,0,0.1189633,0.009151022,0.3656728,223800.1,69146112,complete,,4,0.2,1600,37,8,2,6,43be03197cd4b931c1be515eb75f0e464e3cf04fcb3c9e8e936c3b79262c3e36,,,0.09865637,0.0755822,0.09390612,0.1245504,0.1034241,0.1170428
310202,nonlinear,sparse,20,400,primary,0.5,adjusted,M2,0.07425992,1.370063,3.305898,0.11592,0.1508489,0.3450423,0.1447368,1.352587,0.3860195,0.05646939,0.1126512,2.75,0.1286844,0.8985467,0.02465668,0.4926629,0.3519697,0.7007977,0.1785439,4,3,73,0.09433962,0.1351351,0.1111111,15,73,0.03989031,,,,1443.729,81.33853,1362.39,6900,60000,24500,1443.729,0,20,0,0,0.03715056,0.002857736,0.5146799,716651.3,337649152,valid_capped_prediction,0.1789521,4,0.2,1600,37,8,2,6,b875dd506fca87b83ad931933ca90036b135e936e145edc54c03c8bbc1dc7672,,,0.1320498,0.1014957,0.1283345,0.1599987,0.1332325,0.1599028
310202,nonlinear,sparse,20,400,primary,0.5,adjusted,M3,0.06582705,1.296999,3.293053,0.11592,0.1109586,0.3450423,0.1447368,1.351799,0.193087,0.05591723,0.08792016,2.75,0.09235725,0.8978978,0.01315788,0.4953613,0.1749911,0.6956792,0.1563084,4,3,15,0.7567568,0.7567568,0.7567568,15,0,0,0,1,True,762.1487,719.9836,0,21850,0,62900,748.6744,13.4743,53,24,1,0.06357492,0.004890378,0.5176545,418781.5,101019136,complete,,4,0.2,1600,37,8,2,6,699f0ab6b39eb913756e1523c0885dfb9d36bb58783633773684fb9dc4ba39ac,,,0.09766371,0.08036962,0.09389293,0.1228113,0.1054098,0.1155811
310202,nonlinear,sparse,20,400,primary,0.5,adjusted,M4,0.06582705,1.296999,3.293053,0.11592,0.1109586,0.3450423,0.1447368,1.351799,0.193087,0.05591723,0.08792016,2.75,0.09235725,0.8978978,0.01315788,0.4953613,0.1749911,0.6956792,0.1563084,4,3,15,0.7567568,0.7567568,0.7567568,15,0,0,0,1,True,762.1486,719.9836,0,21850,0,62900,748.6744,13.47424,53,24,1,0.06357492,0.004890378,0.5176545,418781.5,101019136,complete,,4,0.2,1600,37,8,2,6,699f0ab6b39eb913756e1523c0885dfb9d36bb58783633773684fb9dc4ba39ac,,,0.09766371,0.08036962,0.09389293,0.1228113,0.1054098,0.1155811
310202,nonlinear,sparse,20,400,primary,0.5,adjusted,M5,0.06535288,1.296123,3.294326,0.11592,0.108582,0.3450423,0.1447368,1.35302,0.1861068,0.05614946,0.08600189,2.75,0.08991508,0.8982191,0.01240489,0.4959396,0.1682292,0.6952939,0.148485,4,3,,,,,15,,-0.002376506,0,0,True,752.4366,719.9836,0,21850,0,62900,748.6744,3.762266,53,24,1,1.373544,0.1056572,0.9135255,19383.43,101019136,complete,,4,0.2,1600,37,8,2,6,270150dd3af111d7d2bdbe94f8e60c0a350dcd433ff8c1fed20b429d24d9dc04,,,0.09575952,0.07872029,0.09138367,0.1225082,0.1051193,0.1159775
310202,nonlinear,sparse,20,400,primary,0.5,adjusted,fixed,0.06582705,1.296999,3.293053,0.11592,0.1109586,0.3450423,0.1447368,1.351799,0.193087,0.05591723,0.08792016,2.75,0.09235725,0.8978978,0.01315788,0.4953613,0.1749911,0.6956792,0.1563084,4,3,15,0.7567568,0.7567568,0.7567568,15,0,0,,,,216.2728,216.2728,0,8700,0,24300,216.2728,0,20,1,0,0.06357492,0.004890378,0.5176545,418781.5,102637568,complete,,4,0.2,1600,37,8,2,6,699f0ab6b39eb913756e1523c0885dfb9d36bb58783633773684fb9dc4ba39ac,,,0.09766371,0.08036962,0.09389293,0.1228113,0.1054098,0.1155811
310202,nonlinear,sparse,20,400,primary,0.5,adjusted,random,0.06292487,1.277207,3.300869,0.11592,0.0931038,0.3450423,0.1447368,1.347154,0.153709,0.05647207,0.08040198,2.75,0.08193677,0.8996903,0.009525177,0.4945325,0.1284488,0.6942088,0.1469781,4,3,13,0.7692308,0.8108108,0.7894737,15,3,-0.01785475,0,0,True,640.5539,614.1717,0,18550,0,57750,627.1786,13.37532,46,24,2,0.06556092,0.005043148,0.5637394,406095.6,109134336,complete,,4,0.2,1600,37,8,2,6,bcf47d82e012b14184b8f31f2c3954f1595a190f57bcfb778d05f44584888db3,,,0.08411253,0.075432,0.0819373,0.1105513,0.09475921,0.1077688
310202,nonlinear,sparse,20,400,primary,0.5,fixed,M0,0.04225099,,3.302735,0.11592,0.1406444,0.3450423,0.1447368,1.355692,0.3184889,0.05541537,0.07638081,2.75,0.1301778,0.8992663,0.01800739,0.496415,0.3584953,0.698137,0.1535251,4,3,37,0,0,0,15,37,0.02968585,,,,0.0004525948,0.0004525948,0,0,0,0,0.0004525948,0,0,0,0,0.007072946,0.0005440728,0.3183321,3764202,70630400,complete,,4,0.2,1600,37,8,2,6,ee2cf28b366a7efe18d7efb3fe5506ae014e7252af971928b016cad3b20f5b27,,,0.147271,0.08118712,0.1293499,0.168677,0.1086435,0.1587342
310202,nonlinear,sparse,20,400,primary,0.5,fixed,M1,0.05964588,1.290064,3.221047,0.11592,0.1059455,0.3450423,0.1447368,1.319523,0.1731113,0.05550432,0.08022604,2.75,0.09289603,0.8908435,0.0117569,0.4846641,0.1923523,0.6950745,0.1472004,4,3,15,0.7567568,0.7567568,0.7567568,15,0,-0.005013004,,,,0.1438937,0.1438937,0,0,0,0,0.1438937,0,0,0,0,0.1189633,0.009151022,0.3656728,223800.1,69146112,complete,,4,0.2,1600,37,8,2,6,43be03197cd4b931c1be515eb75f0e464e3cf04fcb3c9e8e936c3b79262c3e36,,,0.09865637,0.0755822,0.09390612,0.1245504,0.1034241,0.1170428
310202,nonlinear,sparse,20,400,primary,0.5,fixed,M2,0.07425992,1.370063,3.305898,0.11592,0.1508489,0.3450423,0.1447368,1.352587,0.3860195,0.05646939,0.1126512,2.75,0.1286844,0.8985467,0.02465668,0.4926629,0.3519697,0.7007977,0.1785439,4,3,73,0.09433962,0.1351351,0.1111111,15,73,0.03989031,,,,1443.729,81.33853,1362.39,6900,60000,24500,1443.729,0,20,0,0,0.03715056,0.002857736,0.5146799,716651.3,337649152,valid_capped_prediction,0.1789521,4,0.2,1600,37,8,2,6,b875dd506fca87b83ad931933ca90036b135e936e145edc54c03c8bbc1dc7672,,,0.1320498,0.1014957,0.1283345,0.1599987,0.1332325,0.1599028
310202,nonlinear,sparse,20,400,primary,0.5,fixed,M3,0.06582705,1.296999,3.293053,0.11592,0.1109586,0.3450423,0.1447368,1.351799,0.193087,0.05591723,0.08792016,2.75,0.09235725,0.8978978,0.01315788,0.4953613,0.1749911,0.6956792,0.1563084,4,3,15,0.7567568,0.7567568,0.7567568,15,0,0,0,1,True,388.3324,377.2081,0,12600,0,35400,384.8952,3.437203,31,7,0,0.06357492,0.004890378,0.5176545,418781.5,95376896,complete,,4,0.2,1600,37,8,2,6,699f0ab6b39eb913756e1523c0885dfb9d36bb58783633773684fb9dc4ba39ac,,,0.09766371,0.08036962,0.09389293,0.1228113,0.1054098,0.1155811
310202,nonlinear,sparse,20,400,primary,0.5,fixed,M4,0.06582705,1.296999,3.293053,0.11592,0.1109586,0.3450423,0.1447368,1.351799,0.193087,0.05591723,0.08792016,2.75,0.09235725,0.8978978,0.01315788,0.4953613,0.1749911,0.6956792,0.1563084,4,3,15,0.7567568,0.7567568,0.7567568,15,0,0,0,1,True,388.3323,377.2081,0,12600,0,35400,384.8952,3.437168,31,7,0,0.06357492,0.004890378,0.5176545,418781.5,95376896,complete,,4,0.2,1600,37,8,2,6,699f0ab6b39eb913756e1523c0885dfb9d36bb58783633773684fb9dc4ba39ac,,,0.09766371,0.08036962,0.09389293,0.1228113,0.1054098,0.1155811
310202,nonlinear,sparse,20,400,primary,0.5,fixed,M5,0.06581234,1.296909,3.293615,0.11592,0.1109916,0.3450423,0.1447368,1.351649,0.1933127,0.05592284,0.08794408,2.75,0.09243759,0.8979235,0.01317448,0.4952778,0.1751713,0.6956864,0.1564921,4,3,,,,,15,,3.302097e-05,0,0,True,388.3395,377.2081,0,12600,0,35400,384.8952,3.444372,31,7,0,1.358994,0.104538,0.9788873,19590.97,82116096,complete,,4,0.2,1600,37,8,2,6,a22a81ca13500f291498a6e9938f74ad681f1916e634dd6f2dbd282fb5cb3987,,,0.09771959,0.08039296,0.09390855,0.1228505,0.1053883,0.1155997
310202,nonlinear,sparse,20,400,primary,0.5,fixed,fixed,0.06582705,1.296999,3.293053,0.11592,0.1109586,0.3450423,0.1447368,1.351799,0.193087,0.05591723,0.08792016,2.75,0.09235725,0.8978978,0.01315788,0.4953613,0.1749911,0.6956792,0.1563084,4,3,15,0.7567568,0.7567568,0.7567568,15,0,0,,,,216.2728,216.2728,0,8700,0,24300,216.2728,0,20,1,0,0.06357492,0.004890378,0.5176545,418781.5,102637568,complete,,4,0.2,1600,37,8,2,6,699f0ab6b39eb913756e1523c0885dfb9d36bb58783633773684fb9dc4ba39ac,,,0.09766371,0.08036962,0.09389293,0.1228113,0.1054098,0.1155811
310202,nonlinear,sparse,20,400,primary,0.5,fixed,random,0.06471223,1.27841,3.298807,0.11592,0.09618826,0.3450423,0.1447368,1.347818,0.1594501,0.05640805,0.08316549,2.75,0.08188597,0.8990928,0.01073059,0.4945261,0.1295511,0.6946191,0.1527609,4,3,14,0.7631579,0.7837838,0.7733333,15,3,-0.01477029,0,0,True,427.2866,412.6262,0,13450,0,39900,419.3225,7.964137,32,12,2,0.05727368,0.004405668,0.5466375,464855.8,113709568,complete,,4,0.2,1600,37,8,2,6,7326b715c346a38d7250fa748249fe5a1590593b89b5cce6a3554ad974fce901,,,0.08411129,0.07613394,0.08152051,0.1137123,0.09777428,0.106963
310203,nonlinear,sparse,20,400,primary,0.2,adjusted,M0,0.04412681,,3.290087,0.09846821,0.1525771,0.4237292,0.09210526,1.356934,0.4516227,0.04083509,0.07791419,1.75,0.109406,0.8974288,0.02297262,0.4953935,0.4483122,0.701221,0.2204026,4,2,37,0,0,0,6,37,0.06479487,,,,0.0006404929,0.0006404929,0,0,0,0,0.0006404929,0,0,0,0,0.006879738,0.0005292106,0.3360705,3869915,70599168,complete,,4,0.2,1600,37,6,2,7,c27e6d7143c5916e3009af6096f49c226a444a5a1bf079ebc9bb5e587a16cfd1,,,0.1510987,0.07516281,0.1039198,0.1370751,0.06308943,0.08300366
310203,nonlinear,sparse,20,400,primary,0.2,adjusted,M1,0.06082666,1.258445,3.181632,0.09846821,0.08142868,0.4237292,0.09210526,1.303896,0.1740829,0.03493171,0.07437896,1.75,0.06225161,0.8875989,0.006520289,0.4809892,0.1741579,0.6933159,0.1274698,4,2,6,0.8918919,0.8918919,0.8918919,6,0,-0.006353572,,,,0.1695567,0.1695567,0,0,0,0,0.1695567,0,0,0,0,0.1205828,0.009275603,0.3672027,220794.3,70532096,complete,,4,0.2,1600,37,6,2,7,e0064f698ecd38012150eccc512b5c0a52d7fdd1dbe20bb573e2dc77f1bdb04b,,,0.08056975,0.07177022,0.05971937,0.07578671,0.06080981,0.05657947
310203,nonlinear,sparse,20,400,primary,0.2,adjusted,M2,0.09431643,1.344633,3.272881,0.09846821,0.1616326,0.4237292,0.09210526,1.341304,0.5272434,0.07355845,0.1289122,1.75,0.1412597,0.8914988,0.03132389,0.4862125,0.4414069,0.7044898,0.2160652,4,2,63,0.2264151,0.3243243,0.2666667,6,65,0.07385032,,,,1346.038,74.36131,1271.677,7050,60000,24450,1346.038,0,20,0,0,0.03855378,0.002965675,0.5136557,690567.9,192088576,valid_capped_prediction,0.2809089,4,0.2,1600,37,6,2,7,15f6f03c3b6c29e3ad17d511ea5a1369ca661d783f760d5ed0c300fa37690913,,,0.1285715,0.1069967,0.1263383,0.1220335,0.09242975,0.08495384
310203,nonlinear,sparse,20,400,primary,0.2,adjusted,M3,0.06285527,1.265326,3.29687,0.09846821,0.08038491,0.4237292,0.09210526,1.350199,0.1569304,0.03496725,0.07707577,1.75,0.06335979,0.8998124,0.007781164,0.4959203,0.1652934,0.6935044,0.1313057,4,2,7,0.8648649,0.8648649,0.8648649,6,1,-0.007397339,0,0,True,811.732,769.873,0,21350,0,64100,798.5244,13.20754,59,24,0,0.04660945,0.003585342,0.520118,571214.7,169503232,complete,,4,0.2,1600,37,6,2,7,9e969664982526b3df307a9cc24cff6afbd8b346fe69ed2e8108c2837c2e6d0f,,,0.07778489,0.07253736,0.05754514,0.07800446,0.06891102,0.05641447
310203,nonlinear,sparse,20,400,primary,0.2,adjusted,M4,0.07096963,1.265342,3.308288,0.09846821,0.08778225,0.4237292,0.09210526,1.356821,0.1707567,0.03588269,0.08449802,1.75,0.06303523,0.9005577,0.00853002,0.4971024,0.1611782,0.6940381,0.1383324,4,2,6,0.8918919,0.8918919,0.8918919,6,0,0,0,1,True,811.2351,769.873,0,21350,0,64100,798.5244,12.7107,59,24,0,0.04441954,0.003416888,0.522621,599375.8,148675584,complete,,4,0.2,1600,37,6,2,7,a40ad72be485b830c313b13c199971f2a8a097c2f6d3e6249f7d5bac8338c3af,,,0.08373471,0.07755488,0.05834752,0.08099678,0.07196319,0.05495726
310203,nonlinear,sparse,20,400,primary,0.2,adjusted,M5,0.07073779,1.264901,3.309946,0.09846821,0.08652258,0.4237292,0.09210526,1.356605,0.1670788,0.03581558,0.08369073,1.75,0.06185364,0.9007825,0.008154854,0.4971924,0.1570958,0.6938564,0.134336,4,2,,,,,6,,-0.001259672,0,0,True,801.6985,769.873,0,21350,0,64100,798.5244,3.174027,59,24,0,0.8390787,0.06454452,0.7748382,31730.04,105432064,complete,,4,0.2,1600,37,6,2,7,7a2e3143321d416026543907c8381b6df4573bbbb7c4923eb0d8e1ecb35a8375,,,0.08298973,0.07701929,0.0572761,0.08082658,0.0718515,0.05501554
310203,nonlinear,sparse,20,400,primary,0.2,adjusted,fixed,0.07096963,1.265342,3.308288,0.09846821,0.08778225,0.4237292,0.09210526,1.356821,0.1707567,0.03588269,0.08449802,1.75,0.06303523,0.9005577,0.00853002,0.4971024,0.1611782,0.6940381,0.1383324,4,2,6,0.8918919,0.8918919,0.8918919,6,0,0,,,,83.69679,83.69679,0,7500,0,21000,83.69679,0,20,1,0,0.04441954,0.003416888,0.522621,599375.8,148675584,complete,,4,0.2,1600,37,6,2,7,a40ad72be485b830c313b13c199971f2a8a097c2f6d3e6249f7d5bac8338c3af,,,0.08373471,0.07755488,0.05834752,0.08099678,0.07196319,0.05495726
310203,nonlinear,sparse,20,400,primary,0.2,adjusted,random,0.06285527,1.265326,3.29687,0.09846821,0.08038491,0.4237292,0.09210526,1.350199,0.1569304,0.03496725,0.07707577,1.75,0.06335979,0.8998124,0.007781164,0.4959203,0.1652934,0.6935044,0.1313057,4,2,7,0.8648649,0.8648649,0.8648649,6,1,-0.007397339,0,0,True,519.2194,493.4982,0,15850,0,49150,506.2856,12.9338,44,24,0,0.04660945,0.003585342,0.520118,571214.7,169503232,complete,,4,0.2,1600,37,6,2,7,9e969664982526b3df307a9cc24cff6afbd8b346fe69ed2e8108c2837c2e6d0f,,,0.07778489,0.07253736,0.05754514,0.07800446,0.06891102,0.05641447
310203,nonlinear,sparse,20,400,primary,0.2,fixed,M0,0.04412681,,3.290087,0.09846821,0.1525771,0.4237292,0.09210526,1.356934,0.4516227,0.04083509,0.07791419,1.75,0.109406,0.8974288,0.02297262,0.4953935,0.4483122,0.701221,0.2204026,4,2,37,0,0,0,6,37,0.06479487,,,,0.0006404929,0.0006404929,0,0,0,0,0.0006404929,0,0,0,0,0.006879738,0.0005292106,0.3360705,3869915,70599168,complete,,4,0.2,1600,37,6,2,7,c27e6d7143c5916e3009af6096f49c226a444a5a1bf079ebc9bb5e587a16cfd1,,,0.1510987,0.07516281,0.1039198,0.1370751,0.06308943,0.08300366
310203,nonlinear,sparse,20,400,primary,0.2,fixed,M1,0.06082666,1.258445,3.181632,0.09846821,0.08142868,0.4237292,0.09210526,1.303896,0.1740829,0.03493171,0.07437896,1.75,0.06225161,0.8875989,0.006520289,0.4809892,0.1741579,0.6933159,0.1274698,4,2,6,0.8918919,0.8918919,0.8918919,6,0,-0.006353572,,,,0.1695567,0.1695567,0,0,0,0,0.1695567,0,0,0,0,0.1205828,0.009275603,0.3672027,220794.3,70532096,complete,,4,0.2,1600,37,6,2,7,e0064f698ecd38012150eccc512b5c0a52d7fdd1dbe20bb573e2dc77f1bdb04b,,,0.08056975,0.07177022,0.05971937,0.07578671,0.06080981,0.05657947
310203,nonlinear,sparse,20,400,primary,0.2,fixed,M2,0.09431643,1.344633,3.272881,0.09846821,0.1616326,0.4237292,0.09210526,1.341304,0.5272434,0.07355845,0.1289122,1.75,0.1412597,0.8914988,0.03132389,0.4862125,0.4414069,0.7044898,0.2160652,4,2,63,0.2264151,0.3243243,0.2666667,6,65,0.07385032,,,,1346.038,74.36131,1271.677,7050,60000,24450,1346.038,0,20,0,0,0.03855378,0.002965675,0.5136557,690567.9,192088576,valid_capped_prediction,0.2809089,4,0.2,1600,37,6,2,7,15f6f03c3b6c29e3ad17d511ea5a1369ca661d783f760d5ed0c300fa37690913,,,0.1285715,0.1069967,0.1263383,0.1220335,0.09242975,0.08495384
310203,nonlinear,sparse,20,400,primary,0.2,fixed,M3,0.07096963,1.265342,3.308288,0.09846821,0.08778225,0.4237292,0.09210526,1.356821,0.1707567,0.03588269,0.08449802,1.75,0.06303523,0.9005577,0.00853002,0.4971024,0.1611782,0.6940381,0.1383324,4,2,6,0.8918919,0.8918919,0.8918919,6,0,0,0,1,True,256.0748,244.5942,0,11000,0,31700,251.9048,4.170038,31,7,0,0.04441954,0.003416888,0.522621,599375.8,148675584,complete,,4,0.2,1600,37,6,2,7,a40ad72be485b830c313b13c199971f2a8a097c2f6d3e6249f7d5bac8338c3af,,,0.08373471,0.07755488,0.05834752,0.08099678,0.07196319,0.05495726
310203,nonlinear,sparse,20,400,primary,0.2,fixed,M4,0.07096963,1.265342,3.308288,0.09846821,0.08778225,0.4237292,0.09210526,1.356821,0.1707567,0.03588269,0.08449802,1.75,0.06303523,0.9005577,0.00853002,0.4971024,0.1611782,0.6940381,0.1383324,4,2,6,0.8918919,0.8918919,0.8918919,6,0,0,0,1,True,256.0748,244.5942,0,11000,0,31700,251.9048,4.170007,31,7,0,0.04441954,0.003416888,0.522621,599375.8,148675584,complete,,4,0.2,1600,37,6,2,7,a40ad72be485b830c313b13c199971f2a8a097c2f6d3e6249f7d5bac8338c3af,,,0.08373471,0.07755488,0.05834752,0.08099678,0.07196319,0.05495726
310203,nonlinear,sparse,20,400,primary,0.2,fixed,M5,0.07087988,1.265215,3.309553,0.09846821,0.08777088,0.4237292,0.09210526,1.356915,0.1708594,0.03589784,0.08445237,1.75,0.06306841,0.9006669,0.008553704,0.4972052,0.1612126,0.6940353,0.1382458,4,2,,,,,6,,-1.137517e-05,0,0,True,255.1609,244.5942,0,11000,0,31700,251.9048,3.256125,31,7,0,0.8906037,0.06850797,0.7908709,29894.33,86810624,complete,,4,0.2,1600,37,6,2,7,2e35529144e1dca2b6d42ef60c64736ff45e7c5a8066346f916ae0418fa6c64d,,,0.08364647,0.07746534,0.0584348,0.08081336,0.07166018,0.05510343
310203,nonlinear,sparse,20,400,primary,0.2,fixed,fixed,0.07096963,1.265342,3.308288,0.09846821,0.08778225,0.4237292,0.09210526,1.356821,0.1707567,0.03588269,0.08449802,1.75,0.06303523,0.9005577,0.00853002,0.4971024,0.1611782,0.6940381,0.1383324,4,2,6,0.8918919,0.8918919,0.8918919,6,0,0,,,,83.69679,83.69679,0,7500,0,21000,83.69679,0,20,1,0,0.04441954,0.003416888,0.522621,599375.8,148675584,complete,,4,0.2,1600,37,6,2,7,a40ad72be485b830c313b13c199971f2a8a097c2f6d3e6249f7d5bac8338c3af,,,0.08373471,0.07755488,0.05834752,0.08099678,0.07196319,0.05495726
310203,nonlinear,sparse,20,400,primary,0.2,fixed,random,0.07096963,1.265342,3.308288,0.09846821,0.08778225,0.4237292,0.09210526,1.356821,0.1707567,0.03588269,0.08449802,1.75,0.06303523,0.9005577,0.00853002,0.4971024,0.1611782,0.6940381,0.1383324,4,2,6,0.8918919,0.8918919,0.8918919,6,0,0,0,1,True,192.7436,184.9887,0,9500,0,27050,188.6918,4.051797,26,7,0,0.04441954,0.003416888,0.522621,599375.8,148675584,complete,,4,0.2,1600,37,6,2,7,a40ad72be485b830c313b13c199971f2a8a097c2f6d3e6249f7d5bac8338c3af,,,0.08373471,0.07755488,0.05834752,0.08099678,0.07196319,0.05495726
310203,nonlinear,sparse,20,400,primary,0.5,adjusted,M0,0.04412681,,3.290087,0.09846821,0.1525771,0.4237292,0.09210526,1.356934,0.4516227,0.04083509,0.07791419,1.75,0.109406,0.8974288,0.02297262,0.4953935,0.4483122,0.701221,0.2204026,4,2,37,0,0,0,16,37,0.04129525,,,,0.0006404929,0.0006404929,0,0,0,0,0.0006404929,0,0,0,0,0.006879738,0.0005292106,0.3360705,3869915,70599168,complete,,4,0.2,1600,37,6,2,7,c27e6d7143c5916e3009af6096f49c226a444a5a1bf079ebc9bb5e587a16cfd1,,,0.1510987,0.07516281,0.1039198,0.1370751,0.06308943,0.08300366
310203,nonlinear,sparse,20,400,primary,0.5,adjusted,M1,0.07087895,1.260882,3.177958,0.09846821,0.1070454,0.4237292,0.09210526,1.298274,0.1603397,0.05070971,0.08699332,1.75,0.08707217,0.8852347,0.01268592,0.4776483,0.1779701,0.6963337,0.1686214,4,2,16,0.7027027,0.7027027,0.7027027,16,0,-0.004236434,,,,0.1756418,0.1756418,0,0,0,0,0.1756418,0,0,0,0,0.1248997,0.009607671,0.3756134,213163,69147136,complete,,4,0.2,1600,37,6,2,7,e0897e6a8f6480fda799075d57bc8921d7cbb0ac27003306a76d10f7543fc664,,,0.09720752,0.08376831,0.08240671,0.09937035,0.08318604,0.08869554
310203,nonlinear,sparse,20,400,primary,0.5,adjusted,M2,0.09431643,1.344633,3.272881,0.09846821,0.1616326,0.4237292,0.09210526,1.341304,0.5272434,0.07355845,0.1289122,1.75,0.1412597,0.8914988,0.03132389,0.4862125,0.4414069,0.7044898,0.2160652,4,2,63,0.2264151,0.3243243,0.2666667,16,62,0.0503507,,,,1346.038,74.36131,1271.677,7050,60000,24450,1346.038,0,20,0,0,0.03855378,0.002965675,0.5136557,690567.9,192088576,valid_capped_prediction,0.2809089,4,0.2,1600,37,6,2,7,15f6f03c3b6c29e3ad17d511ea5a1369ca661d783f760d5ed0c300fa37690913,,,0.1285715,0.1069967,0.1263383,0.1220335,0.09242975,0.08495384
310203,nonlinear,sparse,20,400,primary,0.5,adjusted,M3,0.08239504,1.268395,3.30096,0.09846821,0.1177979,0.4237292,0.09210526,1.355985,0.2100697,0.03997559,0.1055288,1.75,0.08421864,0.8978271,0.01678013,0.4936588,0.1955139,0.6986975,0.2002374,4,2,16,0.7027027,0.7027027,0.7027027,16,2,0.006516017,1,0,True,799.1373,752.7744,0,20400,0,58500,784.5308,14.60648,55,24,1,0.06244378,0.004803368,0.5199784,426367.5,105608192,complete,,4,0.2,1600,37,6,2,7,9285bd5553268bf4ab316d8c9754fe9c58bbcf4bf673c13470fb2c82d69bc98e,,,0.1092397,0.09794769,0.08533482,0.1277609,0.1140849,0.1065123
310203,nonlinear,sparse,20,400,primary,0.5,adjusted,M4,0.07994985,1.267832,3.284628,0.09846821,0.1112819,0.4237292,0.09210526,1.344396,0.1518998,0.05014059,0.09405559,1.75,0.08678082,0.8967671,0.01309812,0.4916735,0.1683963,0.6968109,0.1697674,4,2,16,0.7027027,0.7027027,0.7027027,16,0,0,0,1,True,798.6549,752.7744,0,20400,0,58500,784.5308,14.12412,55,24,1,0.0695427,0.005349439,0.5160356,382843.9,105608192,complete,,4,0.2,1600,37,6,2,7,072cb12bac5bed2edbe4de784f7cb82d19ac0f0e3856581766821f75ad406359,,,0.09939217,0.08642144,0.08180599,0.1179443,0.1023172,0.1066233
310203,nonlinear,sparse,20,400,primary,0.5,adjusted,M5,0.07923329,1.26697,3.285665,0.09846821,0.1097682,0.4237292,0.09210526,1.345407,0.1497823,0.0492834,0.09303598,1.75,0.08503617,0.8969277,0.01252082,0.492149,0.1653479,0.6965649,0.1662783,4,2,,,,,16,,-0.001513697,0,0,True,788.6001,752.7744,0,20400,0,58500,784.5308,4.069282,55,24,1,1.366995,0.1051535,0.7131885,19476.29,105608192,complete,,4,0.2,1600,37,6,2,7,0ccbbee875aed5ed2102701043e452e94d5176fc32d2cf85d10db76d5f3a6703,,,0.09843023,0.08566114,0.08027873,0.1175551,0.1019363,0.1063927
310203,nonlinear,sparse,20,400,primary,0.5,adjusted,fixed,0.07994985,1.267832,3.284628,0.09846821,0.1112819,0.4237292,0.09210526,1.344396,0.1518998,0.05014059,0.09405559,1.75,0.08678082,0.8967671,0.01309812,0.4916735,0.1683963,0.6968109,0.1697674,4,2,16,0.7027027,0.7027027,0.7027027,16,0,0,,,,189.0069,189.0069,0,7650,0,21700,189.0069,0,20,1,0,0.0695427,0.005349439,0.5160356,382843.9,94180352,complete,,4,0.2,1600,37,6,2,7,072cb12bac5bed2edbe4de784f7cb82d19ac0f0e3856581766821f75ad406359,,,0.09939217,0.08642144,0.08180599,0.1179443,0.1023172,0.1066233
310203,nonlinear,sparse,20,400,primary,0.5,adjusted,random,0.0793566,1.267779,3.275419,0.09846821,0.1108974,0.4237292,0.09210526,1.339574,0.160517,0.04998717,0.09485279,1.75,0.08678675,0.8956684,0.0133127,0.4899774,0.1689689,0.6969187,0.171043,4,2,17,0.6842105,0.7027027,0.6933333,16,1,-0.0003845133,0,0,True,677.3854,643.6031,0,17100,0,53100,660.3872,16.99819,43,24,1,0.07014797,0.005395998,0.5165468,379540.6,106131456,complete,,4,0.2,1600,37,6,2,7,79f2e8015cbad22dbd969c9dd0addf4e1c60ce2af46aa57a533040952358936b,,,0.09950884,0.08563363,0.08158835,0.1185947,0.1033565,0.1064984
310203,nonlinear,sparse,20,400,primary,0.5,fixed,M0,0.04412681,,3.290087,0.09846821,0.1525771,0.4237292,0.09210526,1.356934,0.4516227,0.04083509,0.07791419,1.75,0.109406,0.8974288,0.02297262,0.4953935,0.4483122,0.701221,0.2204026,4,2,37,0,0,0,16,37,0.04129525,,,,0.0006404929,0.0006404929,0,0,0,0,0.0006404929,0,0,0,0,0.006879738,0.0005292106,0.3360705,3869915,70599168,complete,,4,0.2,1600,37,6,2,7,c27e6d7143c5916e3009af6096f49c226a444a5a1bf079ebc9bb5e587a16cfd1,,,0.1510987,0.07516281,0.1039198,0.1370751,0.06308943,0.08300366
310203,nonlinear,sparse,20,400,primary,0.5,fixed,M1,0.07087895,1.260882,3.177958,0.09846821,0.1070454,0.4237292,0.09210526,1.298274,0.1603397,0.05070971,0.08699332,1.75,0.08707217,0.8852347,0.01268592,0.4776483,0.1779701,0.6963337,0.1686214,4,2,16,0.7027027,0.7027027,0.7027027,16,0,-0.004236434,,,,0.1756418,0.1756418,0,0,0,0,0.1756418,0,0,0,0,0.1248997,0.009607671,0.3756134,213163,69147136,complete,,4,0.2,1600,37,6,2,7,e0897e6a8f6480fda799075d57bc8921d7cbb0ac27003306a76d10f7543fc664,,,0.09720752,0.08376831,0.08240671,0.09937035,0.08318604,0.08869554
310203,nonlinear,sparse,20,400,primary,0.5,fixed,M2,0.09431643,1.344633,3.272881,0.09846821,0.1616326,0.4237292,0.09210526,1.341304,0.5272434,0.07355845,0.1289122,1.75,0.1412597,0.8914988,0.03132389,0.4862125,0.4414069,0.7044898,0.2160652,4,2,63,0.2264151,0.3243243,0.2666667,16,62,0.0503507,,,,1346.038,74.36131,1271.677,7050,60000,24450,1346.038,0,20,0,0,0.03855378,0.002965675,0.5136557,690567.9,192088576,valid_capped_prediction,0.2809089,4,0.2,1600,37,6,2,7,15f6f03c3b6c29e3ad17d511ea5a1369ca661d783f760d5ed0c300fa37690913,,,0.1285715,0.1069967,0.1263383,0.1220335,0.09242975,0.08495384
310203,nonlinear,sparse,20,400,primary,0.5,fixed,M3,0.08239504,1.268395,3.30096,0.09846821,0.1177979,0.4237292,0.09210526,1.355985,0.2100697,0.03997559,0.1055288,1.75,0.08421864,0.8978271,0.01678013,0.4936588,0.1955139,0.6986975,0.2002374,4,2,16,0.7027027,0.7027027,0.7027027,16,2,0.006516017,1,0,True,496.8254,472.5243,0,14050,0,40350,488.8986,7.926877,38,12,1,0.06244378,0.004803368,0.5199784,426367.5,90325504,complete,,4,0.2,1600,37,6,2,7,9285bd5553268bf4ab316d8c9754fe9c58bbcf4bf673c13470fb2c82d69bc98e,,,0.1092397,0.09794769,0.08533482,0.1277609,0.1140849,0.1065123
310203,nonlinear,sparse,20,400,primary,0.5,fixed,M4,0.07994985,1.267832,3.284628,0.09846821,0.1112819,0.4237292,0.09210526,1.344396,0.1518998,0.05014059,0.09405559,1.75,0.08678082,0.8967671,0.01309812,0.4916735,0.1683963,0.6968109,0.1697674,4,2,16,0.7027027,0.7027027,0.7027027,16,0,0,0,1,True,496.294,472.5243,0,14050,0,40350,488.8986,7.395398,38,12,1,0.0695427,0.005349439,0.5160356,382843.9,90325504,complete,,4,0.2,1600,37,6,2,7,072cb12bac5bed2edbe4de784f7cb82d19ac0f0e3856581766821f75ad406359,,,0.09939217,0.08642144,0.08180599,0.1179443,0.1023172,0.1066233
310203,nonlinear,sparse,20,400,primary,0.5,fixed,M5,0.07923329,1.26697,3.285665,0.09846821,0.1097682,0.4237292,0.09210526,1.345407,0.1497823,0.0492834,0.09303598,1.75,0.08503617,0.8969277,0.01252082,0.492149,0.1653479,0.6965649,0.1662783,4,2,,,,,16,,-0.001513697,0,0,True,492.9856,472.5243,0,14050,0,40350,488.8986,4.087055,38,12,1,1.366995,0.1051535,0.7131885,19476.29,90325504,complete,,4,0.2,1600,37,6,2,7,0ccbbee875aed5ed2102701043e452e94d5176fc32d2cf85d10db76d5f3a6703,,,0.09843023,0.08566114,0.08027873,0.1175551,0.1019363,0.1063927
310203,nonlinear,sparse,20,400,primary,0.5,fixed,fixed,0.07994985,1.267832,3.284628,0.09846821,0.1112819,0.4237292,0.09210526,1.344396,0.1518998,0.05014059,0.09405559,1.75,0.08678082,0.8967671,0.01309812,0.4916735,0.1683963,0.6968109,0.1697674,4,2,16,0.7027027,0.7027027,0.7027027,16,0,0,,,,189.0069,189.0069,0,7650,0,21700,189.0069,0,20,1,0,0.0695427,0.005349439,0.5160356,382843.9,94180352,complete,,4,0.2,1600,37,6,2,7,072cb12bac5bed2edbe4de784f7cb82d19ac0f0e3856581766821f75ad406359,,,0.09939217,0.08642144,0.08180599,0.1179443,0.1023172,0.1066233
310203,nonlinear,sparse,20,400,primary,0.5,fixed,random,0.0793566,1.267779,3.275419,0.09846821,0.1108974,0.4237292,0.09210526,1.339574,0.160517,0.04998717,0.09485279,1.75,0.08678675,0.8956684,0.0133127,0.4899774,0.1689689,0.6969187,0.171043,4,2,17,0.6842105,0.7027027,0.6933333,16,1,-0.0003845133,0,0,True,358.3526,348.1416,0,10750,0,31100,353.0889,5.263726,26,7,0,0.07014797,0.005395998,0.5165468,379540.6,86805504,complete,,4,0.2,1600,37,6,2,7,79f2e8015cbad22dbd969c9dd0addf4e1c60ce2af46aa57a533040952358936b,,,0.09950884,0.08563363,0.08158835,0.1185947,0.1033565,0.1064984
310204,nonlinear,sparse,20,400,primary,0.2,adjusted,M0,0.04272475,,3.295478,0.1657945,0.1922182,0.428972,0.3026316,1.37258,0.3827123,0.04908256,0.1140876,5.75,0.1689586,0.9001722,0.03675276,0.4985608,0.422301,0.696228,0.2852008,4,3,37,0,0,0,7,37,0.1098138,,,,0.0008137524,0.0008137524,0,0,0,0,0.0008137524,0,0,0,0,0.007019116,0.000539932,0.3196187,3793070,69212672,complete,,4,0.2,1600,37,6,2,6,a3af8bb484e94fc12c5533c94363b5cfbf2ee3ca5765b4a6fa41ac0c04115568,,,0.1917514,0.1164245,0.1832424,0.1603367,0.08645107,0.1151573
310204,nonlinear,sparse,20,400,primary,0.2,adjusted,M1,0.06098814,1.208598,3.106798,0.1657945,0.08658687,0.428972,0.3026316,1.277367,0.147474,0.04108587,0.0830818,5.75,0.06876609,0.8848299,0.006925676,0.4768837,0.1311886,0.6818614,0.1216151,4,3,7,0.8648649,0.8648649,0.8648649,7,0,0.004182465,,,,0.1769584,0.1769584,0,0,0,0,0.1769584,0,0,0,0,0.1226099,0.009431533,0.3675473,217143.9,69145600,complete,,4,0.2,1600,37,6,2,6,925c98e9157829c37e1aae3b802f4b392097b7d92bdcfd1581e5e3fcac2dc282,,,0.08351149,0.07570089,0.07414041,0.08455682,0.07622791,0.07748335
310204,nonlinear,sparse,20,400,primary,0.2,adjusted,M2,0.1647564,1.355443,3.232642,0.1657945,0.235407,0.428972,0.3026316,1.326479,0.3427036,0.1639692,0.2098853,5.75,0.2239541,0.8854659,0.05923261,0.4758108,0.2772089,0.7066248,0.3047953,4,3,70,0.1153846,0.1621622,0.1348315,7,72,0.1530026,,,,1479.445,107.1261,1372.319,7650,60000,26050,1479.445,0,20,0,0,0.0426434,0.003280261,0.5169006,624340.5,337469952,valid_capped_prediction,0.1930314,4,0.2,1600,37,6,2,6,687e2d8c89bc30e7a66ae579c347291a95eaa3d4b1f27fcca4408f6663aa85f4,,,0.1830938,0.1518654,0.2150241,0.1367186,0.1049725,0.1312766
310204,nonlinear,sparse,20,400,primary,0.2,adjusted,M3,0.06141843,1.208463,3.252052,0.1657945,0.07733816,0.428972,0.3026316,1.319628,0.1227453,0.04165133,0.07007903,5.75,0.05851052,0.9019069,0.00538571,0.493042,0.1159336,0.6806161,0.09571101,4,3,9,0.8157895,0.8378378,0.8266667,7,2,-0.005066245,0,0,True,675.7731,631.0996,0,20550,0,57250,661.2717,14.50136,53,24,2,0.05843656,0.00449512,0.5177591,455605.2,148983808,complete,,4,0.2,1600,37,6,2,6,1584f3a35340b342ece9f4ad51e65dedde32caa0297aea6d9b3ecbd1b2ece550,,,0.07206815,0.06669902,0.05652138,0.08620008,0.07556169,0.07143654
310204,nonlinear,sparse,20,400,primary,0.2,adjusted,M4,0.06727272,1.209782,3.23352,0.1657945,0.08240441,0.428972,0.3026316,1.317657,0.117878,0.04104109,0.07558213,5.75,0.06381216,0.900063,0.005794734,0.4913716,0.1266361,0.681057,0.09245899,4,3,7,0.8648649,0.8648649,0.8648649,7,0,0,0,1,True,675.2075,631.0996,0,20550,0,57250,661.2717,13.9358,53,24,2,0.05879502,0.004522694,0.5162347,452827.5,128368640,complete,,4,0.2,1600,37,6,2,6,ebe501fb63c1fc770bc9174552c2d9d79a8b46fcbe90712a0241549aa8ee8538,,,0.08669579,0.08049374,0.06573207,0.09227685,0.08112652,0.07177385
310204,nonlinear,sparse,20,400,primary,0.2,adjusted,M5,0.06587927,1.209544,3.235461,0.1657945,0.08167838,0.428972,0.3026316,1.318087,0.1177628,0.04074572,0.07470436,5.75,0.06306526,0.9002429,0.005609886,0.4915193,0.1255622,0.6809943,0.09192237,4,3,,,,,7,,-0.0007260237,0,0,True,665.1251,631.0996,0,20550,0,57250,661.2717,3.853359,53,24,2,1.218435,0.09372579,0.9057616,21850.98,105545216,complete,,4,0.2,1600,37,6,2,6,829b30609f9bde694d4b6ea9823212cd99f540d032c92a47d10dd65efcfb459c,,,0.08337118,0.07639288,0.06387362,0.09086652,0.07929018,0.07173504
310204,nonlinear,sparse,20,400,primary,0.2,adjusted,fixed,0.06727272,1.209782,3.23352,0.1657945,0.08240441,0.428972,0.3026316,1.317657,0.117878,0.04104109,0.07558213,5.75,0.06381216,0.900063,0.005794734,0.4913716,0.1266361,0.681057,0.09245899,4,3,7,0.8648649,0.8648649,0.8648649,7,0,0,,,,90.61408,90.61408,0,8300,0,23450,90.61408,0,20,1,0,0.05879502,0.004522694,0.5162347,452827.5,128368640,complete,,4,0.2,1600,37,6,2,6,ebe501fb63c1fc770bc9174552c2d9d79a8b46fcbe90712a0241549aa8ee8538,,,0.08669579,0.08049374,0.06573207,0.09227685,0.08112652,0.07177385
310204,nonlinear,sparse,20,400,primary,0.2,adjusted,random,0.06599945,1.204879,3.226813,0.1657945,0.08160705,0.428972,0.3026316,1.31199,0.1203486,0.04101375,0.07534307,5.75,0.06555396,0.8991185,0.005705414,0.4894506,0.1319695,0.6809502,0.09233627,4,3,7,0.8421053,0.8648649,0.8533333,7,1,-0.0007973593,0,0,True,547.9147,519.5736,0,17200,0,55700,533.5359,14.37875,43,24,0,0.06031744,0.004639803,0.5132952,441398.1,128369152,complete,,4,0.2,1600,37,6,2,6,bd19f0989340efd412663f91d43dfe511e8ee8b027b224a5ac055d67efc2e260,,,0.08673823,0.08166521,0.06760041,0.0891903,0.07867069,0.0722497
310204,nonlinear,sparse,20,400,primary,0.2,fixed,M0,0.04272475,,3.295478,0.1657945,0.1922182,0.428972,0.3026316,1.37258,0.3827123,0.04908256,0.1140876,5.75,0.1689586,0.9001722,0.03675276,0.4985608,0.422301,0.696228,0.2852008,4,3,37,0,0,0,7,37,0.1098138,,,,0.0008137524,0.0008137524,0,0,0,0,0.0008137524,0,0,0,0,0.007019116,0.000539932,0.3196187,3793070,69212672,complete,,4,0.2,1600,37,6,2,6,a3af8bb484e94fc12c5533c94363b5cfbf2ee3ca5765b4a6fa41ac0c04115568,,,0.1917514,0.1164245,0.1832424,0.1603367,0.08645107,0.1151573
310204,nonlinear,sparse,20,400,primary,0.2,fixed,M1,0.06098814,1.208598,3.106798,0.1657945,0.08658687,0.428972,0.3026316,1.277367,0.147474,0.04108587,0.0830818,5.75,0.06876609,0.8848299,0.006925676,0.4768837,0.1311886,0.6818614,0.1216151,4,3,7,0.8648649,0.8648649,0.8648649,7,0,0.004182465,,,,0.1769584,0.1769584,0,0,0,0,0.1769584,0,0,0,0,0.1226099,0.009431533,0.3675473,217143.9,69145600,complete,,4,0.2,1600,37,6,2,6,925c98e9157829c37e1aae3b802f4b392097b7d92bdcfd1581e5e3fcac2dc282,,,0.08351149,0.07570089,0.07414041,0.08455682,0.07622791,0.07748335
310204,nonlinear,sparse,20,400,primary,0.2,fixed,M2,0.1647564,1.355443,3.232642,0.1657945,0.235407,0.428972,0.3026316,1.326479,0.3427036,0.1639692,0.2098853,5.75,0.2239541,0.8854659,0.05923261,0.4758108,0.2772089,0.7066248,0.3047953,4,3,70,0.1153846,0.1621622,0.1348315,7,72,0.1530026,,,,1479.445,107.1261,1372.319,7650,60000,26050,1479.445,0,20,0,0,0.0426434,0.003280261,0.5169006,624340.5,337469952,valid_capped_prediction,0.1930314,4,0.2,1600,37,6,2,6,687e2d8c89bc30e7a66ae579c347291a95eaa3d4b1f27fcca4408f6663aa85f4,,,0.1830938,0.1518654,0.2150241,0.1367186,0.1049725,0.1312766
310204,nonlinear,sparse,20,400,primary,0.2,fixed,M3,0.06045803,1.210344,3.246181,0.1657945,0.07983722,0.428972,0.3026316,1.325,0.1158295,0.04294146,0.07142269,5.75,0.06210827,0.9009753,0.006017023,0.4944426,0.1174809,0.6808146,0.09575337,4,3,9,0.8108108,0.8108108,0.8108108,7,2,-0.002567185,0,0,True,376.9517,358.3538,0,14600,0,39950,369.8052,7.146551,36,10,1,0.06071591,0.004670455,0.5203239,438501.2,128159232,complete,,4,0.2,1600,37,6,2,6,8ff735acea667132a693b0d39647544db76fc454f61f0dad0ca8b98f23b10bba,,,0.07202667,0.0619281,0.05987689,0.08422523,0.07181388,0.07126242
310204,nonlinear,sparse,20,400,primary,0.2,fixed,M4,0.06727272,1.209782,3.23352,0.1657945,0.08240441,0.428972,0.3026316,1.317657,0.117878,0.04104109,0.07558213,5.75,0.06381216,0.900063,0.005794734,0.4913716,0.1266361,0.681057,0.09245899,4,3,7,0.8648649,0.8648649,0.8648649,7,0,0,0,1,True,376.4055,358.3538,0,14600,0,39950,369.8052,6.60035,36,10,1,0.05879502,0.004522694,0.5162347,452827.5,128368640,complete,,4,0.2,1600,37,6,2,6,ebe501fb63c1fc770bc9174552c2d9d79a8b46fcbe90712a0241549aa8ee8538,,,0.08669579,0.08049374,0.06573207,0.09227685,0.08112652,0.07177385
310204,nonlinear,sparse,20,400,primary,0.2,fixed,M5,0.06587927,1.209544,3.235461,0.1657945,0.08167838,0.428972,0.3026316,1.318087,0.1177628,0.04074572,0.07470436,5.75,0.06306526,0.9002429,0.005609886,0.4915193,0.1255622,0.6809943,0.09192237,4,3,,,,,7,,-0.0007260237,0,0,True,373.7455,358.3538,0,14600,0,39950,369.8052,3.940353,36,10,1,1.302535,0.100195,0.999497,20440.14,87550976,complete,,4,0.2,1600,37,6,2,6,120927110fc381e831848de7030756ea87ca6a6d6cf905fa02a3b51e9c877ee5,,,0.08337118,0.07639288,0.06387362,0.09086652,0.07929018,0.07173504
310204,nonlinear,sparse,20,400,primary,0.2,fixed,fixed,0.06727272,1.209782,3.23352,0.1657945,0.08240441,0.428972,0.3026316,1.317657,0.117878,0.04104109,0.07558213,5.75,0.06381216,0.900063,0.005794734,0.4913716,0.1266361,0.681057,0.09245899,4,3,7,0.8648649,0.8648649,0.8648649,7,0,0,,,,90.61408,90.61408,0,8300,0,23450,90.61408,0,20,1,0,0.05879502,0.004522694,0.5162347,452827.5,128368640,complete,,4,0.2,1600,37,6,2,6,ebe501fb63c1fc770bc9174552c2d9d79a8b46fcbe90712a0241549aa8ee8538,,,0.08669579,0.08049374,0.06573207,0.09227685,0.08112652,0.07177385
310204,nonlinear,sparse,20,400,primary,0.2,fixed,random,0.06727272,1.209782,3.23352,0.1657945,0.08240441,0.428972,0.3026316,1.317657,0.117878,0.04104109,0.07558213,5.75,0.06381216,0.900063,0.005794734,0.4913716,0.1266361,0.681057,0.09245899,4,3,7,0.8648649,0.8648649,0.8648649,7,0,0,0,1,True,192.3869,183.3079,0,10200,0,30450,187.1151,5.271823,26,7,0,0.05879502,0.004522694,0.5162347,452827.5,128368640,complete,,4,0.2,1600,37,6,2,6,ebe501fb63c1fc770bc9174552c2d9d79a8b46fcbe90712a0241549aa8ee8538,,,0.08669579,0.08049374,0.06573207,0.09227685,0.08112652,0.07177385
310204,nonlinear,sparse,20,400,primary,0.5,adjusted,M0,0.04272475,,3.295478,0.1657945,0.1922182,0.428972,0.3026316,1.37258,0.3827123,0.04908256,0.1140876,5.75,0.1689586,0.9001722,0.03675276,0.4985608,0.422301,0.696228,0.2852008,4,3,37,0,0,0,17,37,0.09002601,,,,0.0008137524,0.0008137524,0,0,0,0,0.0008137524,0,0,0,0,0.007019116,0.000539932,0.3196187,3793070,69212672,complete,,4,0.2,1600,37,6,2,6,a3af8bb484e94fc12c5533c94363b5cfbf2ee3ca5765b4a6fa41ac0c04115568,,,0.1917514,0.1164245,0.1832424,0.1603367,0.08645107,0.1151573
310204,nonlinear,sparse,20,400,primary,0.5,adjusted,M1,0.05931359,1.223784,3.118483,0.1657945,0.09659851,0.428972,0.3026316,1.286957,0.1346003,0.04099544,0.08011279,5.75,0.07334982,0.8853503,0.00903047,0.4793444,0.1339833,0.6826456,0.1442412,4,3,17,0.7027027,0.7027027,0.7027027,17,0,-0.005593637,,,,0.1891975,0.1891975,0,0,0,0,0.1891975,0,0,0,0,0.1226525,0.009434807,0.37395,217068.6,69148160,complete,,4,0.2,1600,37,6,2,6,006a65e35d8a4228a800480da02ddd445e8454096ccc15d5f296e98e66fcd497,,,0.09201457,0.07892328,0.07794776,0.08554062,0.07700218,0.06035948
310204,nonlinear,sparse,20,400,primary,0.5,adjusted,M2,0.1647564,1.355443,3.232642,0.1657945,0.235407,0.428972,0.3026316,1.326479,0.3427036,0.1639692,0.2098853,5.75,0.2239541,0.8854659,0.05923261,0.4758108,0.2772089,0.7066248,0.3047953,4,3,70,0.1153846,0.1621622,0.1348315,17,70,0.1332149,,,,1479.445,107.1261,1372.319,7650,60000,26050,1479.445,0,20,0,0,0.0426434,0.003280261,0.5169006,624340.5,337469952,valid_capped_prediction,0.1930314,4,0.2,1600,37,6,2,6,687e2d8c89bc30e7a66ae579c347291a95eaa3d4b1f27fcca4408f6663aa85f4,,,0.1830938,0.1518654,0.2150241,0.1367186,0.1049725,0.1312766
310204,nonlinear,sparse,20,400,primary,0.5,adjusted,M3,0.07184475,1.218214,3.221374,0.1657945,0.09416207,0.428972,0.3026316,1.316742,0.1072972,0.04211981,0.08253164,5.75,0.06109269,0.8972618,0.006485748,0.4895148,0.0837589,0.6820788,0.1297899,4,3,16,0.7105263,0.7297297,0.72,17,2,-0.008030077,0,0,True,799.2691,753.2562,0,21550,0,60250,785.7422,13.52687,51,24,1,0.06311978,0.004855368,0.5395596,421801.2,109315072,complete,,4,0.2,1600,37,6,2,6,8bf5f85d447b97781bebf8937a0b6e677a9a4b5a6b2df14aa490c713cfb528f4,,,0.0831099,0.07658053,0.0591072,0.08661409,0.08198506,0.06371823
310204,nonlinear,sparse,20,400,primary,0.5,adjusted,M4,0.0659096,1.218104,3.232869,0.1657945,0.09085095,0.428972,0.3026316,1.325557,0.1002735,0.0411745,0.0769521,5.75,0.05999441,0.8989001,0.005731012,0.4928621,0.08188363,0.6818079,0.1275118,4,3,15,0.7567568,0.7567568,0.7567568,17,2,-0.0113412,0,0,True,799.2554,753.2562,0,21550,0,60250,785.7422,13.51323,51,24,1,0.05650184,0.004346296,0.5503081,471205.9,109523968,complete,,4,0.2,1600,37,6,2,6,150229f06ad2369dfc6d8dc470a9cfc5f38546499553acec4a072f8bd0dc3edf,,,0.08153102,0.07249708,0.05973341,0.08535863,0.07689686,0.06299393
310204,nonlinear,sparse,20,400,primary,0.5,adjusted,M5,0.06868665,1.22359,3.228767,0.1657945,0.09800043,0.428972,0.3026316,1.319732,0.09788717,0.04106616,0.07995243,5.75,0.06716596,0.8983154,0.008258969,0.4909732,0.1101846,0.6824203,0.140517,4,3,,,,,17,,-0.004191721,0,0,True,789.1157,753.2562,0,21550,0,60250,785.7422,3.373496,51,24,1,1.166042,0.08969552,0.7796814,22832.8,101129728,complete,,4,0.2,1600,37,6,2,6,d1e58f04c1bc2475a437a26b0b0815ff4373537b5daf049297adeebd1dcd0933,,,0.09185237,0.08044533,0.0694177,0.09097815,0.07940909,0.06414923
310204,nonlinear,sparse,20,400,primary,0.5,adjusted,fixed,0.06980549,1.227931,3.226909,0.1657945,0.1021921,0.428972,0.3026316,1.318663,0.1118429,0.04088962,0.08210886,5.75,0.07137476,0.8980328,0.009119052,0.4902537,0.1303168,0.6827984,0.1437598,4,3,17,0.7027027,0.7027027,0.7027027,17,0,0,,,,188.0725,188.0725,0,8650,0,24850,188.0725,0,20,1,0,0.05917456,0.004551889,0.5503204,449923.1,109343744,complete,,4,0.2,1600,37,6,2,6,2645aba2aafb340bc52b24685f82120e7c0e1567551afc2fc22a971a86cbc850,,,0.09630448,0.08305996,0.07370451,0.09362719,0.08064807,0.06502612
310204,nonlinear,sparse,20,400,primary,0.5,adjusted,random,0.06980549,1.227931,3.226909,0.1657945,0.1021921,0.428972,0.3026316,1.318663,0.1118429,0.04088962,0.08210886,5.75,0.07137476,0.8980328,0.009119052,0.4902537,0.1303168,0.6827984,0.1437598,4,3,17,0.7027027,0.7027027,0.7027027,17,0,0,0,1,True,636.1974,607.0293,0,18200,0,56650,620.4843,15.71311,44,24,0,0.05917456,0.004551889,0.5503204,449923.1,109343744,complete,,4,0.2,1600,37,6,2,6,2645aba2aafb340bc52b24685f82120e7c0e1567551afc2fc22a971a86cbc850,,,0.09630448,0.08305996,0.07370451,0.09362719,0.08064807,0.06502612
310204,nonlinear,sparse,20,400,primary,0.5,fixed,M0,0.04272475,,3.295478,0.1657945,0.1922182,0.428972,0.3026316,1.37258,0.3827123,0.04908256,0.1140876,5.75,0.1689586,0.9001722,0.03675276,0.4985608,0.422301,0.696228,0.2852008,4,3,37,0,0,0,17,37,0.09002601,,,,0.0008137524,0.0008137524,0,0,0,0,0.0008137524,0,0,0,0,0.007019116,0.000539932,0.3196187,3793070,69212672,complete,,4,0.2,1600,37,6,2,6,a3af8bb484e94fc12c5533c94363b5cfbf2ee3ca5765b4a6fa41ac0c04115568,,,0.1917514,0.1164245,0.1832424,0.1603367,0.08645107,0.1151573
310204,nonlinear,sparse,20,400,primary,0.5,fixed,M1,0.05931359,1.223784,3.118483,0.1657945,0.09659851,0.428972,0.3026316,1.286957,0.1346003,0.04099544,0.08011279,5.75,0.07334982,0.8853503,0.00903047,0.4793444,0.1339833,0.6826456,0.1442412,4,3,17,0.7027027,0.7027027,0.7027027,17,0,-0.005593637,,,,0.1891975,0.1891975,0,0,0,0,0.1891975,0,0,0,0,0.1226525,0.009434807,0.37395,217068.6,69148160,complete,,4,0.2,1600,37,6,2,6,006a65e35d8a4228a800480da02ddd445e8454096ccc15d5f296e98e66fcd497,,,0.09201457,0.07892328,0.07794776,0.08554062,0.07700218,0.06035948
310204,nonlinear,sparse,20,400,primary,0.5,fixed,M2,0.1647564,1.355443,3.232642,0.1657945,0.235407,0.428972,0.3026316,1.326479,0.3427036,0.1639692,0.2098853,5.75,0.2239541,0.8854659,0.05923261,0.4758108,0.2772089,0.7066248,0.3047953,4,3,70,0.1153846,0.1621622,0.1348315,17,70,0.1332149,,,,1479.445,107.1261,1372.319,7650,60000,26050,1479.445,0,20,0,0,0.0426434,0.003280261,0.5169006,624340.5,337469952,valid_capped_prediction,0.1930314,4,0.2,1600,37,6,2,6,687e2d8c89bc30e7a66ae579c347291a95eaa3d4b1f27fcca4408f6663aa85f4,,,0.1830938,0.1518654,0.2150241,0.1367186,0.1049725,0.1312766
310204,nonlinear,sparse,20,400,primary,0.5,fixed,M3,0.0659096,1.218104,3.232869,0.1657945,0.09085095,0.428972,0.3026316,1.325557,0.1002735,0.0411745,0.0769521,5.75,0.05999441,0.8989001,0.005731012,0.4928621,0.08188363,0.6818079,0.1275118,4,3,15,0.7567568,0.7567568,0.7567568,17,2,-0.0113412,0,0,True,459.6187,434.0259,0,14900,0,41400,450.6205,8.998154,35,12,1,0.05650184,0.004346296,0.5503081,471205.9,109523968,complete,,4,0.2,1600,37,6,2,6,150229f06ad2369dfc6d8dc470a9cfc5f38546499553acec4a072f8bd0dc3edf,,,0.08153102,0.07249708,0.05973341,0.08535863,0.07689686,0.06299393
310204,nonlinear,sparse,20,400,primary,0.5,fixed,M4,0.0659096,1.218104,3.232869,0.1657945,0.09085095,0.428972,0.3026316,1.325557,0.1002735,0.0411745,0.0769521,5.75,0.05999441,0.8989001,0.005731012,0.4928621,0.08188363,0.6818079,0.1275118,4,3,15,0.7567568,0.7567568,0.7567568,17,2,-0.0113412,0,0,True,459.6187,434.0259,0,14900,0,41400,450.6205,8.998116,35,12,1,0.05650184,0.004346296,0.5503081,471205.9,109523968,complete,,4,0.2,1600,37,6,2,6,150229f06ad2369dfc6d8dc470a9cfc5f38546499553acec4a072f8bd0dc3edf,,,0.08153102,0.07249708,0.05973341,0.08535863,0.07689686,0.06299393
310204,nonlinear,sparse,20,400,primary,0.5,fixed,M5,0.06868665,1.22359,3.228767,0.1657945,0.09800043,0.428972,0.3026316,1.319732,0.09788717,0.04106616,0.07995243,5.75,0.06716596,0.8983154,0.008258969,0.4909732,0.1101846,0.6824203,0.140517,4,3,,,,,17,,-0.004191721,0,0,True,455.0688,434.0259,0,14900,0,41400,450.6205,4.448215,35,12,1,1.171472,0.09011321,0.7756091,22726.97,89171456,complete,,4,0.2,1600,37,6,2,6,72a54774c798a172041bcd34a8baeaee0f66370aa8b939978527067fa9ecb6c0,,,0.09185237,0.08044533,0.0694177,0.09097815,0.07940909,0.06414923
310204,nonlinear,sparse,20,400,primary,0.5,fixed,fixed,0.06980549,1.227931,3.226909,0.1657945,0.1021921,0.428972,0.3026316,1.318663,0.1118429,0.04088962,0.08210886,5.75,0.07137476,0.8980328,0.009119052,0.4902537,0.1303168,0.6827984,0.1437598,4,3,17,0.7027027,0.7027027,0.7027027,17,0,0,,,,188.0725,188.0725,0,8650,0,24850,188.0725,0,20,1,0,0.05917456,0.004551889,0.5503204,449923.1,109343744,complete,,4,0.2,1600,37,6,2,6,2645aba2aafb340bc52b24685f82120e7c0e1567551afc2fc22a971a86cbc850,,,0.09630448,0.08305996,0.07370451,0.09362719,0.08064807,0.06502612
310204,nonlinear,sparse,20,400,primary,0.5,fixed,random,0.06980549,1.227931,3.226909,0.1657945,0.1021921,0.428972,0.3026316,1.318663,0.1118429,0.04088962,0.08210886,5.75,0.07137476,0.8980328,0.009119052,0.4902537,0.1303168,0.6827984,0.1437598,4,3,17,0.7027027,0.7027027,0.7027027,17,0,0,0,1,True,314.6209,306.8296,0,11700,0,32700,310.4777,4.14313,27,7,0,0.05917456,0.004551889,0.5503204,449923.1,109343744,complete,,4,0.2,1600,37,6,2,6,2645aba2aafb340bc52b24685f82120e7c0e1567551afc2fc22a971a86cbc850,,,0.09630448,0.08305996,0.07370451,0.09362719,0.08064807,0.06502612
310500,nonlinear,sparse,50,400,primary,0.2,adjusted,M0,0.04469973,,3.287317,0.07415366,0.1100137,0.3764251,0.1265306,1.364444,0.3437283,0.04690558,0.05751964,6.2,0.08096797,0.9006955,0.009730857,0.5021723,0.3652274,0.6999292,0.1428537,10,6,97,0,0,0,19,96,0.03501229,,,,0.02485765,0.02485765,0,0,0,0,0.02485765,0,0,0,0,0.03139972,0.001012894,0.8324737,2021929,106751488,complete,,10,0.2,4000,97,11,2,15,fc2b181eb78e4adaae520ab9c3759089670b1ce67d8d3f0075a894d7142f8512,0.1100142,0.1092035,0.1161862,0.0605389,0.08591928,0.1153351,0.06408804,0.08654858
310500,nonlinear,sparse,50,400,primary,0.2,adjusted,M1,0.05895587,1.231093,3.142355,0.07415366,0.07897938,0.3764251,0.1265306,1.290316,0.3093333,0.05080842,0.06820025,6.2,0.06444211,0.8843003,0.004541765,0.4783313,0.2755443,0.6974944,0.1122473,10,6,19,0.875,0.8659794,0.8704663,19,0,0.003977967,,,,0.5679931,0.5679931,0,0,0,0,0.5679931,0,0,0,0,1.416627,0.04569766,1.208374,44816.3,106009088,complete,,10,0.2,4000,97,11,2,15,d32d76e557689d301ae8b01da42414ddf19802a670a6075cc14a7e6c55ff92d3,0.07847475,0.07777188,0.07467439,0.06503519,0.0686164,0.06842954,0.06430371,0.05455786
310500,nonlinear,sparse,50,400,primary,0.2,adjusted,M2,0.08107926,1.299982,3.265504,0.07415366,0.1124348,0.3764251,0.1265306,1.351049,0.1473421,0.07594375,0.08844666,6.2,0.09217457,0.8969936,0.01175476,0.4966438,0.1560922,0.7009755,0.1801925,10,6,166,0.2071429,0.2989691,0.2447257,19,174,0.0374334,,,,1977.564,158.6743,1818.89,19950,60000,75750,1977.564,0,50,0,0,0.1624774,0.005241208,1.438689,390749.6,792810496,valid_capped_prediction,2.933399e+11,10,0.2,4000,97,11,2,15,12fd21622652298917aaa2ebdb5a295566f0ef4fb0aa9a7a17b49d97e0c7c67b,0.1137856,0.1103654,0.1040799,0.07768224,0.09040975,0.09908711,0.07314233,0.07993964
310500,nonlinear,sparse,50,400,primary,0.2,adjusted,M3,0.05256271,1.217148,3.291345,0.07415366,0.06179415,0.3764251,0.1265306,1.359426,0.1656854,0.04859385,0.0564539,6.2,0.05470431,0.9014987,0.00228499,0.5013024,0.1626484,0.6962174,0.09744452,10,6,17,0.8958333,0.8865979,0.8911917,19,2,-0.01320726,0,0,True,1340.982,1188.379,0,48800,0,149100,1289.89,51.0913,107,36,1,0.2015836,0.006502697,1.464351,314946.2,443346944,complete,,10,0.2,4000,97,11,2,15,4c3052a895031ad5e51dda72454cad9d92e64ae50df86c9bf0c49ed52c8d26a7,0.06147668,0.06233276,0.06028589,0.057108,0.05538841,0.06080312,0.05883696,0.05569081
310500,nonlinear,sparse,50,400,primary,0.2,adjusted,M4,0.05834303,1.222971,3.245123,0.07415366,0.07500142,0.3764251,0.1265306,1.335323,0.283294,0.05197169,0.06451565,6.2,0.06496776,0.8957998,0.003196539,0.4928183,0.2739536,0.6971517,0.1064217,10,6,19,0.875,0.8659794,0.8704663,19,0,0,0,1,True,1339.783,1188.379,0,48800,0,149100,1289.89,49.89244,107,36,1,0.1991915,0.006425531,1.41288,318728.5,443322880,complete,,10,0.2,4000,97,11,2,15,3cb57c9867d913dfc9a824448fab669d6e9895156262596ba4761cb3d1449f89,0.07409834,0.07239197,0.07303807,0.06328807,0.0672045,0.06892037,0.0658955,0.05603277
310500,nonlinear,sparse,50,400,primary,0.2,adjusted,M5,0.05714407,1.221444,3.250931,0.07415366,0.07281986,0.3764251,0.1265306,1.337158,0.2707492,0.05191444,0.06303562,6.2,0.06386294,0.896575,0.00296184,0.4934859,0.2631424,0.6969742,0.1012588,10,6,,,,,19,,-0.002181552,0,0,True,1302.857,1188.379,0,48800,0,149100,1289.89,12.96659,107,36,1,5.352909,0.1726745,2.453797,11860.47,213366784,complete,,10,0.2,4000,97,11,2,15,a76a0a16f15097cae3e7a463057d40a032d88a533820af0bb790200cec00ae4e,0.07196996,0.07043214,0.07090227,0.06177465,0.06557331,0.06764407,0.06465603,0.05650972
310500,nonlinear,sparse,50,400,primary,0.2,adjusted,fixed,0.05834303,1.222971,3.245123,0.07415366,0.07500142,0.3764251,0.1265306,1.335323,0.283294,0.05197169,0.06451565,6.2,0.06496776,0.8957998,0.003196539,0.4928183,0.2739536,0.6971517,0.1064217,10,6,19,0.875,0.8659794,0.8704663,19,0,0,,,,170.4092,170.4092,0,23200,0,67500,170.4092,0,50,1,0,0.1991915,0.006425531,1.41288,318728.5,443322880,complete,,10,0.2,4000,97,11,2,15,3cb57c9867d913dfc9a824448fab669d6e9895156262596ba4761cb3d1449f89,0.07409834,0.07239197,0.07303807,0.06328807,0.0672045,0.06892037,0.0658955,0.05603277
310500,nonlinear,sparse,50,400,primary,0.2,adjusted,oracle,0.05348161,1.196888,3.300931,0.07415366,0.05096535,0.3764251,0.1265306,1.361783,0.06903961,0.04836319,0.05525001,6.2,0.04404233,0.9028001,0.0009882246,0.5023148,0.04325638,0.6955288,0.05596583,10,6,0,1,1,1,19,19,-0.02403607,,,,80.70856,80.70856,0,22200,0,65500,80.70856,0,50,0,0,0.1627677,0.005250572,1.279754,390052.7,844703232,complete,,10,0.2,4000,97,11,2,15,ce52c84043d94a9f2478f2adcc954325303b4932b9901ac5846ca9a6802eabb2,0.05098674,0.0500845,0.05048244,0.05482803,0.04312423,0.05211766,0.05766171,0.04828214
310500,nonlinear,sparse,50,400,primary,0.2,adjusted,random,0.05834303,1.222971,3.245123,0.07415366,0.07500142,0.3764251,0.1265306,1.335323,0.283294,0.05197169,0.06451565,6.2,0.06496776,0.8957998,0.003196539,0.4928183,0.2739536,0.6971517,0.1064217,10,6,19,0.875,0.8659794,0.8704663,19,0,0,0,1,True,1015.969,922.4227,0,38600,0,122050,965.8263,50.14227,85,36,0,0.1991915,0.006425531,1.41288,318728.5,443322880,complete,,10,0.2,4000,97,11,2,15,3cb57c9867d913dfc9a824448fab669d6e9895156262596ba4761cb3d1449f89,0.07409834,0.07239197,0.07303807,0.06328807,0.0672045,0.06892037,0.0658955,0.05603277
310500,nonlinear,sparse,50,400,primary,0.2,fixed,M0,0.04469973,,3.287317,0.07415366,0.1100137,0.3764251,0.1265306,1.364444,0.3437283,0.04690558,0.05751964,6.2,0.08096797,0.9006955,0.009730857,0.5021723,0.3652274,0.6999292,0.1428537,10,6,97,0,0,0,19,96,0.03501229,,,,0.02485765,0.02485765,0,0,0,0,0.02485765,0,0,0,0,0.03139972,0.001012894,0.8324737,2021929,106751488,complete,,10,0.2,4000,97,11,2,15,fc2b181eb78e4adaae520ab9c3759089670b1ce67d8d3f0075a894d7142f8512,0.1100142,0.1092035,0.1161862,0.0605389,0.08591928,0.1153351,0.06408804,0.08654858
310500,nonlinear,sparse,50,400,primary,0.2,fixed,M1,0.05895587,1.231093,3.142355,0.07415366,0.07897938,0.3764251,0.1265306,1.290316,0.3093333,0.05080842,0.06820025,6.2,0.06444211,0.8843003,0.004541765,0.4783313,0.2755443,0.6974944,0.1122473,10,6,19,0.875,0.8659794,0.8704663,19,0,0.003977967,,,,0.5679931,0.5679931,0,0,0,0,0.5679931,0,0,0,0,1.416627,0.04569766,1.208374,44816.3,106009088,complete,,10,0.2,4000,97,11,2,15,d32d76e557689d301ae8b01da42414ddf19802a670a6075cc14a7e6c55ff92d3,0.07847475,0.07777188,0.07467439,0.06503519,0.0686164,0.06842954,0.06430371,0.05455786
310500,nonlinear,sparse,50,400,primary,0.2,fixed,M2,0.08107926,1.299982,3.265504,0.07415366,0.1124348,0.3764251,0.1265306,1.351049,0.1473421,0.07594375,0.08844666,6.2,0.09217457,0.8969936,0.01175476,0.4966438,0.1560922,0.7009755,0.1801925,10,6,166,0.2071429,0.2989691,0.2447257,19,174,0.0374334,,,,1977.564,158.6743,1818.89,19950,60000,75750,1977.564,0,50,0,0,0.1624774,0.005241208,1.438689,390749.6,792810496,valid_capped_prediction,2.933399e+11,10,0.2,4000,97,11,2,15,12fd21622652298917aaa2ebdb5a295566f0ef4fb0aa9a7a17b49d97e0c7c67b,0.1137856,0.1103654,0.1040799,0.07768224,0.09040975,0.09908711,0.07314233,0.07993964
310500,nonlinear,sparse,50,400,primary,0.2,fixed,M3,0.05683726,1.219349,3.254523,0.07415366,0.06729361,0.3764251,0.1265306,1.340832,0.1667316,0.0495323,0.06147137,6.2,0.05624134,0.8971849,0.00200807,0.4951072,0.1664211,0.6965341,0.1017275,10,6,18,0.8854167,0.8762887,0.880829,19,1,-0.007707802,0,0,True,474.4284,432.4131,0,30700,0,90800,459.1803,15.24808,66,10,1,0.1922403,0.0062013,1.371304,330253.3,443351552,complete,,10,0.2,4000,97,11,2,15,8adbf742430cf73436a8134bda20894cf419344a1f05ae4e53dccf9115878a6a,0.06638026,0.06662526,0.06637904,0.06100867,0.05611838,0.06723339,0.0648693,0.05624579
310500,nonlinear,sparse,50,400,primary,0.2,fixed,M4,0.05834303,1.222971,3.245123,0.07415366,0.07500142,0.3764251,0.1265306,1.335323,0.283294,0.05197169,0.06451565,6.2,0.06496776,0.8957998,0.003196539,0.4928183,0.2739536,0.6971517,0.1064217,10,6,19,0.875,0.8659794,0.8704663,19,0,0,0,1,True,473.0266,432.4131,0,30700,0,90800,459.1803,13.84628,66,10,1,0.1991915,0.006425531,1.41288,318728.5,443322880,complete,,10,0.2,4000,97,11,2,15,3cb57c9867d913dfc9a824448fab669d6e9895156262596ba4761cb3d1449f89,0.07409834,0.07239197,0.07303807,0.06328807,0.0672045,0.06892037,0.0658955,0.05603277
310500,nonlinear,sparse,50,400,primary,0.2,fixed,M5,0.05813964,1.222436,3.246195,0.07415366,0.07421653,0.3764251,0.1265306,1.335774,0.2761719,0.05177941,0.06418156,6.2,0.06433928,0.8959642,0.003096458,0.4930325,0.2684179,0.6970785,0.1024137,10,6,,,,,19,,-0.0007848892,0,0,True,475.4695,432.4131,0,30700,0,90800,459.1803,16.2892,66,10,1,5.687397,0.1834644,2.437111,11162.93,136221184,complete,,10,0.2,4000,97,11,2,15,7c98c79bee6955fdef8612c9543043ba4c16fe255e3fca1da803dfc83fdffc54,0.0733089,0.07169523,0.07244874,0.06300622,0.06629549,0.0687318,0.06573122,0.0560534
310500,nonlinear,sparse,50,400,primary,0.2,fixed,fixed,0.05834303,1.222971,3.245123,0.07415366,0.07500142,0.3764251,0.1265306,1.335323,0.283294,0.05197169,0.06451565,6.2,0.06496776,0.8957998,0.003196539,0.4928183,0.2739536,0.6971517,0.1064217,10,6,19,0.875,0.8659794,0.8704663,19,0,0,,,,170.4092,170.4092,0,23200,0,67500,170.4092,0,50,1,0,0.1991915,0.006425531,1.41288,318728.5,443322880,complete,,10,0.2,4000,97,11,2,15,3cb57c9867d913dfc9a824448fab669d6e9895156262596ba4761cb3d1449f89,0.07409834,0.07239197,0.07303807,0.06328807,0.0672045,0.06892037,0.0658955,0.05603277
310500,nonlinear,sparse,50,400,primary,0.2,fixed,oracle,0.05348161,1.196888,3.300931,0.07415366,0.05096535,0.3764251,0.1265306,1.361783,0.06903961,0.04836319,0.05525001,6.2,0.04404233,0.9028001,0.0009882246,0.5023148,0.04325638,0.6955288,0.05596583,10,6,0,1,1,1,19,19,-0.02403607,,,,80.70856,80.70856,0,22200,0,65500,80.70856,0,50,0,0,0.1627677,0.005250572,1.279754,390052.7,844703232,complete,,10,0.2,4000,97,11,2,15,ce52c84043d94a9f2478f2adcc954325303b4932b9901ac5846ca9a6802eabb2,0.05098674,0.0500845,0.05048244,0.05482803,0.04312423,0.05211766,0.05766171,0.04828214
310500,nonlinear,sparse,50,400,primary,0.2,fixed,random,0.05834303,1.222971,3.245123,0.07415366,0.07500142,0.3764251,0.1265306,1.335323,0.283294,0.05197169,0.06451565,6.2,0.06496776,0.8957998,0.003196539,0.4928183,0.2739536,0.6971517,0.1064217,10,6,19,0.875,0.8659794,0.8704663,19,0,0,0,1,True,333.2612,313.1088,0,26100,0,79100,321.1444,12.11679,56,7,0,0.1991915,0.006425531,1.41288,318728.5,443322880,complete,,10,0.2,4000,97,11,2,15,3cb57c9867d913dfc9a824448fab669d6e9895156262596ba4761cb3d1449f89,0.07409834,0.07239197,0.07303807,0.06328807,0.0672045,0.06892037,0.0658955,0.05603277
310500,nonlinear,sparse,50,400,primary,0.5,adjusted,M0,0.04469973,,3.287317,0.07415366,0.1100137,0.3764251,0.1265306,1.364444,0.3437283,0.04690558,0.05751964,6.2,0.08096797,0.9006955,0.009730857,0.5021723,0.3652274,0.6999292,0.1428537,10,6,97,0,0,0,41,97,0.02519647,,,,0.02485765,0.02485765,0,0,0,0,0.02485765,0,0,0,0,0.03139972,0.001012894,0.8324737,2021929,106751488,complete,,10,0.2,4000,97,11,2,15,fc2b181eb78e4adaae520ab9c3759089670b1ce67d8d3f0075a894d7142f8512,0.1100142,0.1092035,0.1161862,0.0605389,0.08591928,0.1153351,0.06408804,0.08654858
310500,nonlinear,sparse,50,400,primary,0.5,adjusted,M1,0.05932154,1.247434,3.162505,0.07415366,0.08303541,0.3764251,0.1265306,1.297358,0.169836,0.05530621,0.06962635,6.2,0.06827509,0.8867745,0.005630888,0.4805933,0.1730281,0.6979177,0.1122695,10,6,41,0.7319588,0.7319588,0.7319588,41,0,-0.001781831,,,,0.8576476,0.8576476,0,0,0,0,0.8576476,0,0,0,0,1.468931,0.04738486,1.134638,43220.56,106007552,complete,,10,0.2,4000,97,11,2,15,4a0672eaffc5ffeeaa7747a197c58e3a26a1e44e9bd438e82a7be6d6d3a4ae54,0.0832109,0.08368362,0.07833327,0.06498683,0.06747335,0.07494497,0.06389188,0.06703133
310500,nonlinear,sparse,50,400,primary,0.5,adjusted,M2,0.08107926,1.299982,3.265504,0.07415366,0.1124348,0.3764251,0.1265306,1.351049,0.1473421,0.07594375,0.08844666,6.2,0.09217457,0.8969936,0.01175476,0.4966438,0.1560922,0.7009755,0.1801925,10,6,166,0.2071429,0.2989691,0.2447257,41,170,0.02761758,,,,1977.564,158.6743,1818.89,19950,60000,75750,1977.564,0,50,0,0,0.1624774,0.005241208,1.438689,390749.6,792810496,valid_capped_prediction,2.933399e+11,10,0.2,4000,97,11,2,15,12fd21622652298917aaa2ebdb5a295566f0ef4fb0aa9a7a17b49d97e0c7c67b,0.1137856,0.1103654,0.1040799,0.07768224,0.09040975,0.09908711,0.07314233,0.07993964
310500,nonlinear,sparse,50,400,primary,0.5,adjusted,M3,0.05909854,1.241881,3.269926,0.07415366,0.08481724,0.3764251,0.1265306,1.347048,0.1395642,0.05741129,0.06785799,6.2,0.06993101,0.8987693,0.005938653,0.4962751,0.1438279,0.6980571,0.1260484,10,6,41,0.7319588,0.7319588,0.7319588,41,0,0,0,1,True,1445.131,1293.05,0,46650,0,137950,1401.271,43.86043,106,36,0,0.1974271,0.006368618,1.364201,321576.8,257976320,complete,,10,0.2,4000,97,11,2,15,e29491889b0866963b3aa6455cd9dc34cfb3833319ee840f11ed676ff70e4072,0.08525862,0.08515656,0.08046109,0.06312524,0.06843248,0.07734061,0.06299212,0.07114326
310500,nonlinear,sparse,50,400,primary,0.5,adjusted,M4,0.05909854,1.241881,3.269926,0.07415366,0.08481724,0.3764251,0.1265306,1.347048,0.1395642,0.05741129,0.06785799,6.2,0.06993101,0.8987693,0.005938653,0.4962751,0.1438279,0.6980571,0.1260484,10,6,41,0.7319588,0.7319588,0.7319588,41,0,0,0,1,True,1445.131,1293.05,0,46650,0,137950,1401.271,43.86042,106,36,0,0.1974271,0.006368618,1.364201,321576.8,257976320,complete,,10,0.2,4000,97,11,2,15,e29491889b0866963b3aa6455cd9dc34cfb3833319ee840f11ed676ff70e4072,0.08525862,0.08515656,0.08046109,0.06312524,0.06843248,0.07734061,0.06299212,0.07114326
310500,nonlinear,sparse,50,400,primary,0.5,adjusted,M5,0.05897723,1.241844,3.27025,0.07415366,0.08467377,0.3764251,0.1265306,1.347018,0.1394195,0.05728841,0.06773165,6.2,0.06981692,0.8987992,0.00589917,0.4962342,0.1438205,0.6980367,0.1248707,10,6,,,,,41,,-0.0001434706,0,0,True,1415.72,1293.05,0,46650,0,137950,1401.271,14.44887,106,36,0,6.090648,0.1964725,2.42435,10423.85,195151872,complete,,10,0.2,4000,97,11,2,15,a7db4693df832cf2d48e4c79f2430e2ea7b84c54bd1ddb7ba75583d41a70a060,0.08510309,0.08497002,0.08037077,0.06303767,0.06833795,0.07733144,0.06295464,0.07116233
310500,nonlinear,sparse,50,400,primary,0.5,adjusted,fixed,0.05909854,1.241881,3.269926,0.07415366,0.08481724,0.3764251,0.1265306,1.347048,0.1395642,0.05741129,0.06785799,6.2,0.06993101,0.8987693,0.005938653,0.4962751,0.1438279,0.6980571,0.1260484,10,6,41,0.7319588,0.7319588,0.7319588,41,0,0,,,,271.0106,271.0106,0,21900,0,64950,271.0106,0,50,1,0,0.1974271,0.006368618,1.364201,321576.8,257976320,complete,,10,0.2,4000,97,11,2,15,e29491889b0866963b3aa6455cd9dc34cfb3833319ee840f11ed676ff70e4072,0.08525862,0.08515656,0.08046109,0.06312524,0.06843248,0.07734061,0.06299212,0.07114326
310500,nonlinear,sparse,50,400,primary,0.5,adjusted,oracle,0.05348161,1.196888,3.300931,0.07415366,0.05096535,0.3764251,0.1265306,1.361783,0.06903961,0.04836319,0.05525001,6.2,0.04404233,0.9028001,0.0009882246,0.5023148,0.04325638,0.6955288,0.05596583,10,6,0,1,1,1,41,41,-0.03385189,,,,80.70856,80.70856,0,22200,0,65500,80.70856,0,50,0,0,0.1627677,0.005250572,1.279754,390052.7,844703232,complete,,10,0.2,4000,97,11,2,15,ce52c84043d94a9f2478f2adcc954325303b4932b9901ac5846ca9a6802eabb2,0.05098674,0.0500845,0.05048244,0.05482803,0.04312423,0.05211766,0.05766171,0.04828214
310500,nonlinear,sparse,50,400,primary,0.5,adjusted,random,0.05909854,1.241881,3.269926,0.07415366,0.08481724,0.3764251,0.1265306,1.347048,0.1395642,0.05741129,0.06785799,6.2,0.06993101,0.8987693,0.005938653,0.4962751,0.1438279,0.6980571,0.1260484,10,6,41,0.7319588,0.7319588,0.7319588,41,0,0,0,1,True,1019.979,932.0145,0,36300,0,113600,975.3599,44.61869,86,36,0,0.1974271,0.006368618,1.364201,321576.8,257976320,complete,,10,0.2,4000,97,11,2,15,e29491889b0866963b3aa6455cd9dc34cfb3833319ee840f11ed676ff70e4072,0.08525862,0.08515656,0.08046109,0.06312524,0.06843248,0.07734061,0.06299212,0.07114326
310500,nonlinear,sparse,50,400,primary,0.5,fixed,M0,0.04469973,,3.287317,0.07415366,0.1100137,0.3764251,0.1265306,1.364444,0.3437283,0.04690558,0.05751964,6.2,0.08096797,0.9006955,0.009730857,0.5021723,0.3652274,0.6999292,0.1428537,10,6,97,0,0,0,41,97,0.02519647,,,,0.02485765,0.02485765,0,0,0,0,0.02485765,0,0,0,0,0.03139972,0.001012894,0.8324737,2021929,106751488,complete,,10,0.2,4000,97,11,2,15,fc2b181eb78e4adaae520ab9c3759089670b1ce67d8d3f0075a894d7142f8512,0.1100142,0.1092035,0.1161862,0.0605389,0.08591928,0.1153351,0.06408804,0.08654858
310500,nonlinear,sparse,50,400,primary,0.5,fixed,M1,0.05932154,1.247434,3.162505,0.07415366,0.08303541,0.3764251,0.1265306,1.297358,0.169836,0.05530621,0.06962635,6.2,0.06827509,0.8867745,0.005630888,0.4805933,0.1730281,0.6979177,0.1122695,10,6,41,0.7319588,0.7319588,0.7319588,41,0,-0.001781831,,,,0.8576476,0.8576476,0,0,0,0,0.8576476,0,0,0,0,1.468931,0.04738486,1.134638,43220.56,106007552,complete,,10,0.2,4000,97,11,2,15,4a0672eaffc5ffeeaa7747a197c58e3a26a1e44e9bd438e82a7be6d6d3a4ae54,0.0832109,0.08368362,0.07833327,0.06498683,0.06747335,0.07494497,0.06389188,0.06703133
310500,nonlinear,sparse,50,400,primary,0.5,fixed,M2,0.08107926,1.299982,3.265504,0.07415366,0.1124348,0.3764251,0.1265306,1.351049,0.1473421,0.07594375,0.08844666,6.2,0.09217457,0.8969936,0.01175476,0.4966438,0.1560922,0.7009755,0.1801925,10,6,166,0.2071429,0.2989691,0.2447257,41,170,0.02761758,,,,1977.564,158.6743,1818.89,19950,60000,75750,1977.564,0,50,0,0,0.1624774,0.005241208,1.438689,390749.6,792810496,valid_capped_prediction,2.933399e+11,10,0.2,4000,97,11,2,15,12fd21622652298917aaa2ebdb5a295566f0ef4fb0aa9a7a17b49d97e0c7c67b,0.1137856,0.1103654,0.1040799,0.07768224,0.09040975,0.09908711,0.07314233,0.07993964
310500,nonlinear,sparse,50,400,primary,0.5,fixed,M3,0.05909854,1.241881,3.269926,0.07415366,0.08481724,0.3764251,0.1265306,1.347048,0.1395642,0.05741129,0.06785799,6.2,0.06993101,0.8987693,0.005938653,0.4962751,0.1438279,0.6980571,0.1260484,10,6,41,0.7319588,0.7319588,0.7319588,41,0,0,0,1,True,454.2336,423.3153,0,26900,0,80500,443.897,10.33662,61,7,0,0.1974271,0.006368618,1.364201,321576.8,257976320,complete,,10,0.2,4000,97,11,2,15,e29491889b0866963b3aa6455cd9dc34cfb3833319ee840f11ed676ff70e4072,0.08525862,0.08515656,0.08046109,0.06312524,0.06843248,0.07734061,0.06299212,0.07114326
310500,nonlinear,sparse,50,400,primary,0.5,fixed,M4,0.05909854,1.241881,3.269926,0.07415366,0.08481724,0.3764251,0.1265306,1.347048,0.1395642,0.05741129,0.06785799,6.2,0.06993101,0.8987693,0.005938653,0.4962751,0.1438279,0.6980571,0.1260484,10,6,41,0.7319588,0.7319588,0.7319588,41,0,0,0,1,True,454.2336,423.3153,0,26900,0,80500,443.897,10.33659,61,7,0,0.1974271,0.006368618,1.364201,321576.8,257976320,complete,,10,0.2,4000,97,11,2,15,e29491889b0866963b3aa6455cd9dc34cfb3833319ee840f11ed676ff70e4072,0.08525862,0.08515656,0.08046109,0.06312524,0.06843248,0.07734061,0.06299212,0.07114326
310500,nonlinear,sparse,50,400,primary,0.5,fixed,M5,0.05906255,1.241851,3.269943,0.07415366,0.0847839,0.3764251,0.1265306,1.347096,0.1395589,0.05740349,0.06782009,6.2,0.06992515,0.8987723,0.005935696,0.496294,0.1438287,0.6980538,0.1260277,10,6,,,,,41,,-3.333762e-05,0,0,True,457.7456,423.3153,0,26900,0,80500,443.897,13.8486,61,7,0,5.955919,0.1921264,1.905647,10659.65,118090752,complete,,10,0.2,4000,97,11,2,15,efad3157f6ddc162d9fdb9f9ce3fcc7f1a3b78ebf6380515a98161f0aae949b4,0.0852162,0.08512444,0.08043414,0.06310455,0.06842713,0.07731626,0.06297499,0.07113471
310500,nonlinear,sparse,50,400,primary,0.5,fixed,fixed,0.05909854,1.241881,3.269926,0.07415366,0.08481724,0.3764251,0.1265306,1.347048,0.1395642,0.05741129,0.06785799,6.2,0.06993101,0.8987693,0.005938653,0.4962751,0.1438279,0.6980571,0.1260484,10,6,41,0.7319588,0.7319588,0.7319588,41,0,0,,,,271.0106,271.0106,0,21900,0,64950,271.0106,0,50,1,0,0.1974271,0.006368618,1.364201,321576.8,257976320,complete,,10,0.2,4000,97,11,2,15,e29491889b0866963b3aa6455cd9dc34cfb3833319ee840f11ed676ff70e4072,0.08525862,0.08515656,0.08046109,0.06312524,0.06843248,0.07734061,0.06299212,0.07114326
310500,nonlinear,sparse,50,400,primary,0.5,fixed,oracle,0.05348161,1.196888,3.300931,0.07415366,0.05096535,0.3764251,0.1265306,1.361783,0.06903961,0.04836319,0.05525001,6.2,0.04404233,0.9028001,0.0009882246,0.5023148,0.04325638,0.6955288,0.05596583,10,6,0,1,1,1,41,41,-0.03385189,,,,80.70856,80.70856,0,22200,0,65500,80.70856,0,50,0,0,0.1627677,0.005250572,1.279754,390052.7,844703232,complete,,10,0.2,4000,97,11,2,15,ce52c84043d94a9f2478f2adcc954325303b4932b9901ac5846ca9a6802eabb2,0.05098674,0.0500845,0.05048244,0.05482803,0.04312423,0.05211766,0.05766171,0.04828214
310500,nonlinear,sparse,50,400,primary,0.5,fixed,random,0.05909854,1.241881,3.269926,0.07415366,0.08481724,0.3764251,0.1265306,1.347048,0.1395642,0.05741129,0.06785799,6.2,0.06993101,0.8987693,0.005938653,0.4962751,0.1438279,0.6980571,0.1260484,10,6,41,0.7319588,0.7319588,0.7319588,41,0,0,0,1,True,414.2998,396.2484,0,24450,0,72900,404.9322,9.367549,56,7,0,0.1974271,0.006368618,1.364201,321576.8,257976320,complete,,10,0.2,4000,97,11,2,15,e29491889b0866963b3aa6455cd9dc34cfb3833319ee840f11ed676ff70e4072,0.08525862,0.08515656,0.08046109,0.06312524,0.06843248,0.07734061,0.06299212,0.07114326
310501,nonlinear,sparse,50,400,primary,0.2,adjusted,M0,0.04375402,,3.28945,0.1157618,0.1318038,0.3131187,0.2367347,1.361,0.2859735,0.04568664,0.08599702,11.6,0.1235166,0.8976413,0.01483043,0.4967973,0.3120349,0.7072747,0.2450818,10,9,97,0,0,0,19,98,0.0463659,,,,0.0006087851,0.0006087851,0,0,0,0,0.0006087851,0,0,0,0,0.03144648,0.001014403,0.819574,2018922,78841856,complete,,10,0.2,4000,97,9,2,11,b5cbc9eb40c4bdad3d7aa534436016362dc1d0719f01849b10f0a2d3e2a22917,,,0.1323515,0.08317937,0.1223803,0.1093539,0.06081562,0.08554783
310501,nonlinear,sparse,50,400,primary,0.2,adjusted,M1,0.09475531,1.23754,3.177596,0.1157618,0.08168067,0.3131187,0.2367347,1.304931,0.1934098,0.08473416,0.07366135,11.6,0.07796225,0.8869499,0.004117216,0.4810786,0.1843364,0.7015685,0.1385054,10,9,19,0.8673469,0.8762887,0.8717949,19,0,-0.003757259,,,,0.7288947,0.7288947,0,0,0,0,0.7288947,0,0,0,0,1.385132,0.04468167,1.139611,45835.35,76756480,complete,,10,0.2,4000,97,9,2,11,dec4e64dd88b3bdb8c18ebed686ab7f93e821d9ff849db70179274aaee05c5bd,,,0.07455109,0.06950907,0.08013912,0.06319873,0.06255012,0.05290606
310501,nonlinear,sparse,50,400,primary,0.2,adjusted,M2,0.1082776,1.29218,3.272525,0.1157618,0.1192254,0.3131187,0.2367347,1.349789,0.2278394,0.1081601,0.09729937,11.6,0.1164797,0.8952746,0.01334107,0.4930465,0.235009,0.7066633,0.2498081,10,9,151,0.2517986,0.3608247,0.2966102,19,152,0.03378747,,,,1609.051,139.4492,1469.602,21400,60000,80400,1609.051,0,50,0,0,0.1573346,0.005075309,1.272466,403522.2,897861120,valid_capped_prediction,3.865504e+11,10,0.2,4000,97,9,2,11,35e3f1c3562670a428584ecc0c9f2071bf7ad82b13b084a3b6c50eba09347967,,,0.1111845,0.09254125,0.1141812,0.09519744,0.07693651,0.07932342
310501,nonlinear,sparse,50,400,primary,0.2,adjusted,M3,0.100442,1.231609,3.293501,0.1157618,0.08543793,0.3131187,0.2367347,1.362832,0.1854595,0.0885839,0.07694795,11.6,0.07452501,0.8995506,0.004849434,0.4993921,0.172507,0.701844,0.1311341,10,9,19,0.8673469,0.8762887,0.8717949,19,0,0,0,1,True,1412.953,1272.791,0,48500,0,142000,1374.059,38.89433,104,36,0,0.1928132,0.006219782,1.353099,329272,443104768,complete,,10,0.2,4000,97,9,2,11,57ec4260f40745fda89938b301694475b467c6f4a5d297829add347f4a32b797,,,0.07872133,0.07391647,0.07824103,0.07179672,0.0699812,0.05227735
310501,nonlinear,sparse,50,400,primary,0.2,adjusted,M4,0.100442,1.231609,3.293501,0.1157618,0.08543793,0.3131187,0.2367347,1.362832,0.1854595,0.0885839,0.07694795,11.6,0.07452501,0.8995506,0.004849434,0.4993921,0.172507,0.701844,0.1311341,10,9,19,0.8673469,0.8762887,0.8717949,19,0,0,0,1,True,1412.953,1272.791,0,48500,0,142000,1374.059,38.89428,104,36,0,0.1928132,0.006219782,1.353099,329272,443104768,complete,,10,0.2,4000,97,9,2,11,57ec4260f40745fda89938b301694475b467c6f4a5d297829add347f4a32b797,,,0.07872133,0.07391647,0.07824103,0.07179672,0.0699812,0.05227735
310501,nonlinear,sparse,50,400,primary,0.2,adjusted,M5,0.1004452,1.231539,3.293803,0.1157618,0.08544524,0.3131187,0.2367347,1.36299,0.1854763,0.08859868,0.07696146,11.6,0.07453951,0.8995825,0.004880387,0.4994489,0.1725149,0.7018462,0.1311831,10,9,,,,,19,,7.303804e-06,0,0,True,1387.038,1272.791,0,48500,0,142000,1374.059,12.97978,104,36,0,5.29926,0.1709439,2.528673,11980.54,218121216,complete,,10,0.2,4000,97,9,2,11,286f6886931acefc77c613041b3413c6fa0d235e450d7e6bb7d7078a80096975,,,0.07869057,0.07389573,0.07822219,0.07177949,0.0699403,0.05226154
310501,nonlinear,sparse,50,400,primary,0.2,adjusted,fixed,0.100442,1.231609,3.293501,0.1157618,0.08543793,0.3131187,0.2367347,1.362832,0.1854595,0.0885839,0.07694795,11.6,0.07452501,0.8995506,0.004849434,0.4993921,0.172507,0.701844,0.1311341,10,9,19,0.8673469,0.8762887,0.8717949,19,0,0,,,,136.9175,136.9175,0,24450,0,72500,136.9175,0,50,1,0,0.1928132,0.006219782,1.353099,329272,443104768,complete,,10,0.2,4000,97,9,2,11,57ec4260f40745fda89938b301694475b467c6f4a5d297829add347f4a32b797,,,0.07872133,0.07391647,0.07824103,0.07179672,0.0699812,0.05227735
310501,nonlinear,sparse,50,400,primary,0.2,adjusted,random,0.100442,1.231609,3.293501,0.1157618,0.08543793,0.3131187,0.2367347,1.362832,0.1854595,0.0885839,0.07694795,11.6,0.07452501,0.8995506,0.004849434,0.4993921,0.172507,0.701844,0.1311341,10,9,19,0.8673469,0.8762887,0.8717949,19,0,0,0,1,True,1155.164,1061.589,0,41250,0,135700,1112.136,43.02797,86,36,0,0.1928132,0.006219782,1.353099,329272,443104768,complete,,10,0.2,4000,97,9,2,11,57ec4260f40745fda89938b301694475b467c6f4a5d297829add347f4a32b797,,,0.07872133,0.07391647,0.07824103,0.07179672,0.0699812,0.05227735
310501,nonlinear,sparse,50,400,primary,0.2,fixed,M0,0.04375402,,3.28945,0.1157618,0.1318038,0.3131187,0.2367347,1.361,0.2859735,0.04568664,0.08599702,11.6,0.1235166,0.8976413,0.01483043,0.4967973,0.3120349,0.7072747,0.2450818,10,9,97,0,0,0,19,98,0.0463659,,,,0.0006087851,0.0006087851,0,0,0,0,0.0006087851,0,0,0,0,0.03144648,0.001014403,0.819574,2018922,78841856,complete,,10,0.2,4000,97,9,2,11,b5cbc9eb40c4bdad3d7aa534436016362dc1d0719f01849b10f0a2d3e2a22917,,,0.1323515,0.08317937,0.1223803,0.1093539,0.06081562,0.08554783
310501,nonlinear,sparse,50,400,primary,0.2,fixed,M1,0.09475531,1.23754,3.177596,0.1157618,0.08168067,0.3131187,0.2367347,1.304931,0.1934098,0.08473416,0.07366135,11.6,0.07796225,0.8869499,0.004117216,0.4810786,0.1843364,0.7015685,0.1385054,10,9,19,0.8673469,0.8762887,0.8717949,19,0,-0.003757259,,,,0.7288947,0.7288947,0,0,0,0,0.7288947,0,0,0,0,1.385132,0.04468167,1.139611,45835.35,76756480,complete,,10,0.2,4000,97,9,2,11,dec4e64dd88b3bdb8c18ebed686ab7f93e821d9ff849db70179274aaee05c5bd,,,0.07455109,0.06950907,0.08013912,0.06319873,0.06255012,0.05290606
310501,nonlinear,sparse,50,400,primary,0.2,fixed,M2,0.1082776,1.29218,3.272525,0.1157618,0.1192254,0.3131187,0.2367347,1.349789,0.2278394,0.1081601,0.09729937,11.6,0.1164797,0.8952746,0.01334107,0.4930465,0.235009,0.7066633,0.2498081,10,9,151,0.2517986,0.3608247,0.2966102,19,152,0.03378747,,,,1609.051,139.4492,1469.602,21400,60000,80400,1609.051,0,50,0,0,0.1573346,0.005075309,1.272466,403522.2,897861120,valid_capped_prediction,3.865504e+11,10,0.2,4000,97,9,2,11,35e3f1c3562670a428584ecc0c9f2071bf7ad82b13b084a3b6c50eba09347967,,,0.1111845,0.09254125,0.1141812,0.09519744,0.07693651,0.07932342
310501,nonlinear,sparse,50,400,primary,0.2,fixed,M3,0.100442,1.231609,3.293501,0.1157618,0.08543793,0.3131187,0.2367347,1.362832,0.1854595,0.0885839,0.07694795,11.6,0.07452501,0.8995506,0.004849434,0.4993921,0.172507,0.701844,0.1311341,10,9,19,0.8673469,0.8762887,0.8717949,19,0,0,0,1,True,363.4758,334.1241,0,29000,0,85050,352.0737,11.40214,61,7,0,0.1928132,0.006219782,1.353099,329272,443104768,complete,,10,0.2,4000,97,9,2,11,57ec4260f40745fda89938b301694475b467c6f4a5d297829add347f4a32b797,,,0.07872133,0.07391647,0.07824103,0.07179672,0.0699812,0.05227735
310501,nonlinear,sparse,50,400,primary,0.2,fixed,M4,0.100442,1.231609,3.293501,0.1157618,0.08543793,0.3131187,0.2367347,1.362832,0.1854595,0.0885839,0.07694795,11.6,0.07452501,0.8995506,0.004849434,0.4993921,0.172507,0.701844,0.1311341,10,9,19,0.8673469,0.8762887,0.8717949,19,0,0,0,1,True,363.4758,334.1241,0,29000,0,85050,352.0737,11.40211,61,7,0,0.1928132,0.006219782,1.353099,329272,443104768,complete,,10,0.2,4000,97,9,2,11,57ec4260f40745fda89938b301694475b467c6f4a5d297829add347f4a32b797,,,0.07872133,0.07391647,0.07824103,0.07179672,0.0699812,0.05227735
310501,nonlinear,sparse,50,400,primary,0.2,fixed,M5,0.1004452,1.231539,3.293803,0.1157618,0.08544524,0.3131187,0.2367347,1.36299,0.1854763,0.08859868,0.07696146,11.6,0.07453951,0.8995825,0.004880387,0.4994489,0.1725149,0.7018462,0.1311831,10,9,,,,,19,,7.303804e-06,0,0,True,366.733,334.1241,0,29000,0,85050,352.0737,14.65935,61,7,0,5.29926,0.1709439,2.528673,11980.54,131149312,complete,,10,0.2,4000,97,9,2,11,286f6886931acefc77c613041b3413c6fa0d235e450d7e6bb7d7078a80096975,,,0.07869057,0.07389573,0.07822219,0.07177949,0.0699403,0.05226154
310501,nonlinear,sparse,50,400,primary,0.2,fixed,fixed,0.100442,1.231609,3.293501,0.1157618,0.08543793,0.3131187,0.2367347,1.362832,0.1854595,0.0885839,0.07694795,11.6,0.07452501,0.8995506,0.004849434,0.4993921,0.172507,0.701844,0.1311341,10,9,19,0.8673469,0.8762887,0.8717949,19,0,0,,,,136.9175,136.9175,0,24450,0,72500,136.9175,0,50,1,0,0.1928132,0.006219782,1.353099,329272,443104768,complete,,10,0.2,4000,97,9,2,11,57ec4260f40745fda89938b301694475b467c6f4a5d297829add347f4a32b797,,,0.07872133,0.07391647,0.07824103,0.07179672,0.0699812,0.05227735
310501,nonlinear,sparse,50,400,primary,0.2,fixed,random,0.100442,1.231609,3.293501,0.1157618,0.08543793,0.3131187,0.2367347,1.362832,0.1854595,0.0885839,0.07694795,11.6,0.07452501,0.8995506,0.004849434,0.4993921,0.172507,0.701844,0.1311341,10,9,19,0.8673469,0.8762887,0.8717949,19,0,0,0,1,True,318.6803,301.4976,0,27550,0,84200,310.895,7.785354,56,7,0,0.1928132,0.006219782,1.353099,329272,443104768,complete,,10,0.2,4000,97,9,2,11,57ec4260f40745fda89938b301694475b467c6f4a5d297829add347f4a32b797,,,0.07872133,0.07391647,0.07824103,0.07179672,0.0699812,0.05227735
310501,nonlinear,sparse,50,400,primary,0.5,adjusted,M0,0.04375402,,3.28945,0.1157618,0.1318038,0.3131187,0.2367347,1.361,0.2859735,0.04568664,0.08599702,11.6,0.1235166,0.8976413,0.01483043,0.4967973,0.3120349,0.7072747,0.2450818,10,9,97,0,0,0,42,97,0.04011137,,,,0.0006087851,0.0006087851,0,0,0,0,0.0006087851,0,0,0,0,0.03144648,0.001014403,0.819574,2018922,78841856,complete,,10,0.2,4000,97,9,2,11,b5cbc9eb40c4bdad3d7aa534436016362dc1d0719f01849b10f0a2d3e2a22917,,,0.1323515,0.08317937,0.1223803,0.1093539,0.06081562,0.08554783
310501,nonlinear,sparse,50,400,primary,0.5,adjusted,M1,0.0546305,1.257684,3.195594,0.1157618,0.08249099,0.3131187,0.2367347,1.311256,0.1282012,0.05144428,0.07136674,11.6,0.07808566,0.8891282,0.004469258,0.483529,0.1298554,0.7016461,0.1349467,10,9,42,0.7319588,0.7319588,0.7319588,42,0,-0.009201476,,,,0.7540867,0.7540867,0,0,0,0,0.7540867,0,0,0,0,1.563877,0.05044765,1.221867,40596.54,72832512,complete,,10,0.2,4000,97,9,2,11,d564eb6e74cc269fb67ee2dd7ee60b145498c8d26dfd0ba68716892e3a3b038f,,,0.07616469,0.06653408,0.07581335,0.07593894,0.06650652,0.06704967
310501,nonlinear,sparse,50,400,primary,0.5,adjusted,M2,0.1082776,1.29218,3.272525,0.1157618,0.1192254,0.3131187,0.2367347,1.349789,0.2278394,0.1081601,0.09729937,11.6,0.1164797,0.8952746,0.01334107,0.4930465,0.235009,0.7066633,0.2498081,10,9,151,0.2517986,0.3608247,0.2966102,42,165,0.02753294,,,,1609.051,139.4492,1469.602,21400,60000,80400,1609.051,0,50,0,0,0.1573346,0.005075309,1.272466,403522.2,897861120,valid_capped_prediction,3.865504e+11,10,0.2,4000,97,9,2,11,35e3f1c3562670a428584ecc0c9f2071bf7ad82b13b084a3b6c50eba09347967,,,0.1111845,0.09254125,0.1141812,0.09519744,0.07693651,0.07932342
310501,nonlinear,sparse,50,400,primary,0.5,adjusted,M3,0.06246134,1.253467,3.298362,0.1157618,0.09169247,0.3131187,0.2367347,1.370037,0.1240633,0.05364634,0.07967013,11.6,0.07619385,0.8998744,0.006380885,0.5015984,0.1108882,0.702509,0.1569406,10,9,42,0.7319588,0.7319588,0.7319588,42,0,0,0,1,True,1402.422,1253.254,0,46500,0,133900,1354.509,47.91283,106,36,0,0.2056314,0.00663327,1.345588,308746.7,257976320,complete,,10,0.2,4000,97,9,2,11,28a6e1b61c39f8568e5c438915d6c67772942be22c52d22f71a1cdd438004fc3,,,0.08197572,0.06969928,0.07645505,0.08441117,0.07230938,0.06908578
310501,nonlinear,sparse,50,400,primary,0.5,adjusted,M4,0.06246134,1.253467,3.298362,0.1157618,0.09169247,0.3131187,0.2367347,1.370037,0.1240633,0.05364634,0.07967013,11.6,0.07619385,0.8998744,0.006380885,0.5015984,0.1108882,0.702509,0.1569406,10,9,42,0.7319588,0.7319588,0.7319588,42,0,0,0,1,True,1402.422,1253.254,0,46500,0,133900,1354.509,47.91279,106,36,0,0.2056314,0.00663327,1.345588,308746.7,257976320,complete,,10,0.2,4000,97,9,2,11,28a6e1b61c39f8568e5c438915d6c67772942be22c52d22f71a1cdd438004fc3,,,0.08197572,0.06969928,0.07645505,0.08441117,0.07230938,0.06908578
310501,nonlinear,sparse,50,400,primary,0.5,adjusted,M5,0.0624352,1.253468,3.298398,0.1157618,0.09165759,0.3131187,0.2367347,1.370039,0.1240036,0.05363983,0.07963603,11.6,0.07619033,0.8998764,0.006370953,0.5015934,0.1108913,0.7025058,0.1569331,10,9,,,,,42,,-3.487244e-05,0,0,True,1371.583,1253.254,0,46500,0,133900,1354.509,17.07457,106,36,0,6.974845,0.224995,1.930489,9102.424,196717568,complete,,10,0.2,4000,97,9,2,11,f8b98dd8b36c708096dc70ee5fb537d3bc8308a631c275fbc538574251d48436,,,0.08194427,0.06967288,0.07643951,0.08437523,0.07227711,0.06907883
310501,nonlinear,sparse,50,400,primary,0.5,adjusted,fixed,0.06246134,1.253467,3.298362,0.1157618,0.09169247,0.3131187,0.2367347,1.370037,0.1240633,0.05364634,0.07967013,11.6,0.07619385,0.8998744,0.006380885,0.5015984,0.1108882,0.702509,0.1569406,10,9,42,0.7319588,0.7319588,0.7319588,42,0,0,,,,278.0781,278.0781,0,22300,0,66700,278.0781,0,50,1,0,0.2056314,0.00663327,1.345588,308746.7,257976320,complete,,10,0.2,4000,97,9,2,11,28a6e1b61c39f8568e5c438915d6c67772942be22c52d22f71a1cdd438004fc3,,,0.08197572,0.06969928,0.07645505,0.08441117,0.07230938,0.06908578
310501,nonlinear,sparse,50,400,primary,0.5,adjusted,random,0.06246134,1.253467,3.298362,0.1157618,0.09169247,0.3131187,0.2367347,1.370037,0.1240633,0.05364634,0.07967013,11.6,0.07619385,0.8998744,0.006380885,0.5015984,0.1108882,0.702509,0.1569406,10,9,42,0.7319588,0.7319588,0.7319588,42,0,0,0,1,True,1115.925,1009.217,0,37300,0,120600,1056.309,59.6158,85,36,0,0.2056314,0.00663327,1.345588,308746.7,257976320,complete,,10,0.2,4000,97,9,2,11,28a6e1b61c39f8568e5c438915d6c67772942be22c52d22f71a1cdd438004fc3,,,0.08197572,0.06969928,0.07645505,0.08441117,0.07230938,0.06908578
310501,nonlinear,sparse,50,400,primary,0.5,fixed,M0,0.04375402,,3.28945,0.1157618,0.1318038,0.3131187,0.2367347,1.361,0.2859735,0.04568664,0.08599702,11.6,0.1235166,0.8976413,0.01483043,0.4967973,0.3120349,0.7072747,0.2450818,10,9,97,0,0,0,42,97,0.04011137,,,,0.0006087851,0.0006087851,0,0,0,0,0.0006087851,0,0,0,0,0.03144648,0.001014403,0.819574,2018922,78841856,complete,,10,0.2,4000,97,9,2,11,b5cbc9eb40c4bdad3d7aa534436016362dc1d0719f01849b10f0a2d3e2a22917,,,0.1323515,0.08317937,0.1223803,0.1093539,0.06081562,0.08554783
310501,nonlinear,sparse,50,400,primary,0.5,fixed,M1,0.0546305,1.257684,3.195594,0.1157618,0.08249099,0.3131187,0.2367347,1.311256,0.1282012,0.05144428,0.07136674,11.6,0.07808566,0.8891282,0.004469258,0.483529,0.1298554,0.7016461,0.1349467,10,9,42,0.7319588,0.7319588,0.7319588,42,0,-0.009201476,,,,0.7540867,0.7540867,0,0,0,0,0.7540867,0,0,0,0,1.563877,0.05044765,1.221867,40596.54,72832512,complete,,10,0.2,4000,97,9,2,11,d564eb6e74cc269fb67ee2dd7ee60b145498c8d26dfd0ba68716892e3a3b038f,,,0.07616469,0.06653408,0.07581335,0.07593894,0.06650652,0.06704967
310501,nonlinear,sparse,50,400,primary,0.5,fixed,M2,0.1082776,1.29218,3.272525,0.1157618,0.1192254,0.3131187,0.2367347,1.349789,0.2278394,0.1081601,0.09729937,11.6,0.1164797,0.8952746,0.01334107,0.4930465,0.235009,0.7066633,0.2498081,10,9,151,0.2517986,0.3608247,0.2966102,42,165,0.02753294,,,,1609.051,139.4492,1469.602,21400,60000,80400,1609.051,0,50,0,0,0.1573346,0.005075309,1.272466,403522.2,897861120,valid_capped_prediction,3.865504e+11,10,0.2,4000,97,9,2,11,35e3f1c3562670a428584ecc0c9f2071bf7ad82b13b084a3b6c50eba09347967,,,0.1111845,0.09254125,0.1141812,0.09519744,0.07693651,0.07932342
310501,nonlinear,sparse,50,400,primary,0.5,fixed,M3,0.06246134,1.253467,3.298362,0.1157618,0.09169247,0.3131187,0.2367347,1.370037,0.1240633,0.05364634,0.07967013,11.6,0.07619385,0.8998744,0.006380885,0.5015984,0.1108882,0.702509,0.1569406,10,9,42,0.7319588,0.7319588,0.7319588,42,0,0,0,1,True,448.9464,418.3933,0,26500,0,76600,436.5922,12.35421,59,7,0,0.2056314,0.00663327,1.345588,308746.7,257976320,complete,,10,0.2,4000,97,9,2,11,28a6e1b61c39f8568e5c438915d6c67772942be22c52d22f71a1cdd438004fc3,,,0.08197572,0.06969928,0.07645505,0.08441117,0.07230938,0.06908578
310501,nonlinear,sparse,50,400,primary,0.5,fixed,M4,0.06246134,1.253467,3.298362,0.1157618,0.09169247,0.3131187,0.2367347,1.370037,0.1240633,0.05364634,0.07967013,11.6,0.07619385,0.8998744,0.006380885,0.5015984,0.1108882,0.702509,0.1569406,10,9,42,0.7319588,0.7319588,0.7319588,42,0,0,0,1,True,448.9464,418.3933,0,26500,0,76600,436.5922,12.35417,59,7,0,0.2056314,0.00663327,1.345588,308746.7,257976320,complete,,10,0.2,4000,97,9,2,11,28a6e1b61c39f8568e5c438915d6c67772942be22c52d22f71a1cdd438004fc3,,,0.08197572,0.06969928,0.07645505,0.08441117,0.07230938,0.06908578
310501,nonlinear,sparse,50,400,primary,0.5,fixed,M5,0.06239904,1.25346,3.298359,0.1157618,0.09161845,0.3131187,0.2367347,1.370091,0.1240342,0.05364473,0.07959756,11.6,0.07619224,0.8998804,0.006368051,0.5016093,0.1108916,0.7025017,0.1568045,10,9,,,,,42,,-7.401928e-05,0,0,True,450.8755,418.3933,0,26500,0,76600,436.5922,14.28328,59,7,0,7.293727,0.2352815,2.451079,8704.466,111262208,complete,,10,0.2,4000,97,9,2,11,3ec20a3f96b9315c88243ed2ecb6d75ed7590da98e1f4e8c886286f322c89957,,,0.08193127,0.06965966,0.07644417,0.08436072,0.07225964,0.06906882
310501,nonlinear,sparse,50,400,primary,0.5,fixed,fixed,0.06246134,1.253467,3.298362,0.1157618,0.09169247,0.3131187,0.2367347,1.370037,0.1240633,0.05364634,0.07967013,11.6,0.07619385,0.8998744,0.006380885,0.5015984,0.1108882,0.702509,0.1569406,10,9,42,0.7319588,0.7319588,0.7319588,42,0,0,,,,278.0781,278.0781,0,22300,0,66700,278.0781,0,50,1,0,0.2056314,0.00663327,1.345588,308746.7,257976320,complete,,10,0.2,4000,97,9,2,11,28a6e1b61c39f8568e5c438915d6c67772942be22c52d22f71a1cdd438004fc3,,,0.08197572,0.06969928,0.07645505,0.08441117,0.07230938,0.06908578
310501,nonlinear,sparse,50,400,primary,0.5,fixed,random,0.06246134,1.253467,3.298362,0.1157618,0.09169247,0.3131187,0.2367347,1.370037,0.1240633,0.05364634,0.07967013,11.6,0.07619385,0.8998744,0.006380885,0.5015984,0.1108882,0.702509,0.1569406,10,9,42,0.7319588,0.7319588,0.7319588,42,0,0,0,1,True,420.4021,401.789,0,24850,0,76100,410.7377,9.664422,56,7,0,0.2056314,0.00663327,1.345588,308746.7,257976320,complete,,10,0.2,4000,97,9,2,11,28a6e1b61c39f8568e5c438915d6c67772942be22c52d22f71a1cdd438004fc3,,,0.08197572,0.06969928,0.07645505,0.08441117,0.07230938,0.06908578
310502,nonlinear,sparse,50,400,primary,0.2,adjusted,M0,0.04582601,,3.291768,0.1080009,0.1328446,0.3141855,0.2408163,1.36738,0.2503443,0.04752863,0.08595983,11.8,0.1152119,0.8993264,0.01931765,0.4988919,0.3122804,0.7040425,0.2612922,10,4,97,0,0,0,19,96,0.05660414,,,,0.0008774474,0.0008774474,0,0,0,0,0.0008774474,0,0,0,0,0.03127666,0.001008924,0.8072574,2029884,77237760,complete,,10,0.2,4000,97,16,2,10,9a9c04e9b790a3f67714da40cc1f9efdc0361598273e66d1c46ae192a52f31bb,,,0.1301545,0.08318066,0.1021496,0.1202462,0.06725835,0.09439159
310502,nonlinear,sparse,50,400,primary,0.2,adjusted,M1,0.06409358,1.21836,3.132272,0.1080009,0.08291845,0.3141855,0.2408163,1.282505,0.1214908,0.0505888,0.07470753,11.8,0.07318821,0.8839276,0.007062476,0.4751435,0.1480099,0.6978676,0.1064071,10,4,19,0.875,0.8659794,0.8704663,19,0,0.00667799,,,,0.9824867,0.9824867,0,0,0,0,0.9824867,0,0,0,0,1.41191,0.04554549,1.201979,44966.04,76727808,complete,,10,0.2,4000,97,16,2,10,17c1c084bc6124b9f7adefd95c90f69d9c736fca028bc55113d79dffb18e1ebf,,,0.07942663,0.07349379,0.06620707,0.07815848,0.06792081,0.06212651
310502,nonlinear,sparse,50,400,primary,0.2,adjusted,M2,0.07934439,1.273883,3.265022,0.1080009,0.1342878,0.3141855,0.2408163,1.350094,0.2323746,0.07760717,0.1137097,11.8,0.1310482,0.8944874,0.02178458,0.4917371,0.2640098,0.7050223,0.260858,10,4,128,0.3308271,0.4536082,0.3826087,19,133,0.05804734,,,,1675.392,174.3449,1501.047,20900,60000,76700,1675.392,0,50,0,0,0.1649156,0.005319859,1.409628,384972.6,743921152,valid_capped_prediction,1.468803e+12,10,0.2,4000,97,16,2,10,edec15104431ef00965dfb3fae7dee4c077e16fdc9d7bc0ae58c18c10b027793,,,0.1215487,0.1055782,0.1165909,0.0952544,0.07868978,0.07895359
310502,nonlinear,sparse,50,400,primary,0.2,adjusted,M3,0.05565202,1.21342,3.270287,0.1080009,0.07624046,0.3141855,0.2408163,1.342809,0.09618314,0.05312767,0.06382627,11.8,0.06904491,0.8993672,0.00584977,0.4948571,0.1275561,0.6973409,0.09664539,10,4,19,0.875,0.8659794,0.8704663,19,0,0,0,1,True,1600.844,1456.283,0,49700,0,148550,1557.945,42.89938,109,36,0,0.1847727,0.005960411,1.359958,343600.5,346998784,complete,,10,0.2,4000,97,16,2,10,b2a399a2150bf48445ecfe94d96cb56cece5bac850cea3dfcb298fe060cba761,,,0.07319674,0.0633089,0.06405216,0.07391198,0.06289064,0.06190647
310502,nonlinear,sparse,50,400,primary,0.2,adjusted,M4,0.05565202,1.21342,3.270287,0.1080009,0.07624046,0.3141855,0.2408163,1.342809,0.09618314,0.05312767,0.06382627,11.8,0.06904491,0.8993672,0.00584977,0.4948571,0.1275561,0.6973409,0.09664539,10,4,19,0.875,0.8659794,0.8704663,19,0,0,0,1,True,1600.844,1456.283,0,49700,0,148550,1557.945,42.89932,109,36,0,0.1847727,0.005960411,1.359958,343600.5,346998784,complete,,10,0.2,4000,97,16,2,10,b2a399a2150bf48445ecfe94d96cb56cece5bac850cea3dfcb298fe060cba761,,,0.07319674,0.0633089,0.06405216,0.07391198,0.06289064,0.06190647
310502,nonlinear,sparse,50,400,primary,0.2,adjusted,M5,0.05565615,1.213203,3.270342,0.1080009,0.0760604,0.3141855,0.2408163,1.342771,0.09615239,0.05289363,0.06381406,11.8,0.06878911,0.89942,0.00584052,0.4948342,0.1274532,0.6973224,0.09654808,10,4,,,,,19,,-0.0001800586,0,0,True,1568.606,1456.283,0,49700,0,148550,1557.945,10.6607,109,36,0,4.828542,0.1557594,1.934146,13148.48,203971584,complete,,10,0.2,4000,97,16,2,10,92c9f7cca689af4ab7bdb45c83178738dc4e63741a4e2ff8c282f0de2af72731,,,0.07298368,0.06322925,0.06370643,0.07368825,0.06287703,0.06155301
310502,nonlinear,sparse,50,400,primary,0.2,adjusted,fixed,0.05565202,1.21342,3.270287,0.1080009,0.07624046,0.3141855,0.2408163,1.342809,0.09618314,0.05312767,0.06382627,11.8,0.06904491,0.8993672,0.00584977,0.4948571,0.1275561,0.6973409,0.09664539,10,4,19,0.875,0.8659794,0.8704663,19,0,0,,,,206.086,206.086,0,23050,0,66300,206.086,0,50,1,0,0.1847727,0.005960411,1.359958,343600.5,346998784,complete,,10,0.2,4000,97,16,2,10,b2a399a2150bf48445ecfe94d96cb56cece5bac850cea3dfcb298fe060cba761,,,0.07319674,0.0633089,0.06405216,0.07391198,0.06289064,0.06190647
310502,nonlinear,sparse,50,400,primary,0.2,adjusted,random,0.05565202,1.21342,3.270287,0.1080009,0.07624046,0.3141855,0.2408163,1.342809,0.09618314,0.05312767,0.06382627,11.8,0.06904491,0.8993672,0.00584977,0.4948571,0.1275561,0.6973409,0.09664539,10,4,19,0.875,0.8659794,0.8704663,19,0,0,0,1,True,1007.27,924.5866,0,38200,0,123300,966.8465,40.42394,87,36,0,0.1847727,0.005960411,1.359958,343600.5,346998784,complete,,10,0.2,4000,97,16,2,10,b2a399a2150bf48445ecfe94d96cb56cece5bac850cea3dfcb298fe060cba761,,,0.07319674,0.0633089,0.06405216,0.07391198,0.06289064,0.06190647
310502,nonlinear,sparse,50,400,primary,0.2,fixed,M0,0.04582601,,3.291768,0.1080009,0.1328446,0.3141855,0.2408163,1.36738,0.2503443,0.04752863,0.08595983,11.8,0.1152119,0.8993264,0.01931765,0.4988919,0.3122804,0.7040425,0.2612922,10,4,97,0,0,0,19,96,0.05660414,,,,0.0008774474,0.0008774474,0,0,0,0,0.0008774474,0,0,0,0,0.03127666,0.001008924,0.8072574,2029884,77237760,complete,,10,0.2,4000,97,16,2,10,9a9c04e9b790a3f67714da40cc1f9efdc0361598273e66d1c46ae192a52f31bb,,,0.1301545,0.08318066,0.1021496,0.1202462,0.06725835,0.09439159
310502,nonlinear,sparse,50,400,primary,0.2,fixed,M1,0.06409358,1.21836,3.132272,0.1080009,0.08291845,0.3141855,0.2408163,1.282505,0.1214908,0.0505888,0.07470753,11.8,0.07318821,0.8839276,0.007062476,0.4751435,0.1480099,0.6978676,0.1064071,10,4,19,0.875,0.8659794,0.8704663,19,0,0.00667799,,,,0.9824867,0.9824867,0,0,0,0,0.9824867,0,0,0,0,1.41191,0.04554549,1.201979,44966.04,76727808,complete,,10,0.2,4000,97,16,2,10,17c1c084bc6124b9f7adefd95c90f69d9c736fca028bc55113d79dffb18e1ebf,,,0.07942663,0.07349379,0.06620707,0.07815848,0.06792081,0.06212651
310502,nonlinear,sparse,50,400,primary,0.2,fixed,M2,0.07934439,1.273883,3.265022,0.1080009,0.1342878,0.3141855,0.2408163,1.350094,0.2323746,0.07760717,0.1137097,11.8,0.1310482,0.8944874,0.02178458,0.4917371,0.2640098,0.7050223,0.260858,10,4,128,0.3308271,0.4536082,0.3826087,19,133,0.05804734,,,,1675.392,174.3449,1501.047,20900,60000,76700,1675.392,0,50,0,0,0.1649156,0.005319859,1.409628,384972.6,743921152,valid_capped_prediction,1.468803e+12,10,0.2,4000,97,16,2,10,edec15104431ef00965dfb3fae7dee4c077e16fdc9d7bc0ae58c18c10b027793,,,0.1215487,0.1055782,0.1165909,0.0952544,0.07868978,0.07895359
310502,nonlinear,sparse,50,400,primary,0.2,fixed,M3,0.05565202,1.21342,3.270287,0.1080009,0.07624046,0.3141855,0.2408163,1.342809,0.09618314,0.05312767,0.06382627,11.8,0.06904491,0.8993672,0.00584977,0.4948571,0.1275561,0.6973409,0.09664539,10,4,19,0.875,0.8659794,0.8704663,19,0,0,0,1,True,446.9536,419.0533,0,28200,0,82700,437.8721,9.08141,60,7,0,0.1847727,0.005960411,1.359958,343600.5,346998784,complete,,10,0.2,4000,97,16,2,10,b2a399a2150bf48445ecfe94d96cb56cece5bac850cea3dfcb298fe060cba761,,,0.07319674,0.0633089,0.06405216,0.07391198,0.06289064,0.06190647
310502,nonlinear,sparse,50,400,primary,0.2,fixed,M4,0.05565202,1.21342,3.270287,0.1080009,0.07624046,0.3141855,0.2408163,1.342809,0.09618314,0.05312767,0.06382627,11.8,0.06904491,0.8993672,0.00584977,0.4948571,0.1275561,0.6973409,0.09664539,10,4,19,0.875,0.8659794,0.8704663,19,0,0,0,1,True,446.9535,419.0533,0,28200,0,82700,437.8721,9.081368,60,7,0,0.1847727,0.005960411,1.359958,343600.5,346998784,complete,,10,0.2,4000,97,16,2,10,b2a399a2150bf48445ecfe94d96cb56cece5bac850cea3dfcb298fe060cba761,,,0.07319674,0.0633089,0.06405216,0.07391198,0.06289064,0.06190647
310502,nonlinear,sparse,50,400,primary,0.2,fixed,M5,0.05565615,1.213203,3.270342,0.1080009,0.0760604,0.3141855,0.2408163,1.342771,0.09615239,0.05289363,0.06381406,11.8,0.06878911,0.89942,0.00584052,0.4948342,0.1274532,0.6973224,0.09654808,10,4,,,,,19,,-0.0001800586,0,0,True,448.4544,419.0533,0,28200,0,82700,437.8721,10.58229,60,7,0,4.859814,0.1567682,2.491756,13063.87,132694528,complete,,10,0.2,4000,97,16,2,10,9de1c5e4365f6223a10af1a6778362e3d5fa36fe02f4e0f72497fd5782d5a4a7,,,0.07298368,0.06322925,0.06370643,0.07368825,0.06287703,0.06155301
310502,nonlinear,sparse,50,400,primary,0.2,fixed,fixed,0.05565202,1.21342,3.270287,0.1080009,0.07624046,0.3141855,0.2408163,1.342809,0.09618314,0.05312767,0.06382627,11.8,0.06904491,0.8993672,0.00584977,0.4948571,0.1275561,0.6973409,0.09664539,10,4,19,0.875,0.8659794,0.8704663,19,0,0,,,,206.086,206.086,0,23050,0,66300,206.086,0,50,1,0,0.1847727,0.005960411,1.359958,343600.5,346998784,complete,,10,0.2,4000,97,16,2,10,b2a399a2150bf48445ecfe94d96cb56cece5bac850cea3dfcb298fe060cba761,,,0.07319674,0.0633089,0.06405216,0.07391198,0.06289064,0.06190647
310502,nonlinear,sparse,50,400,primary,0.2,fixed,random,0.05565202,1.21342,3.270287,0.1080009,0.07624046,0.3141855,0.2408163,1.342809,0.09618314,0.05312767,0.06382627,11.8,0.06904491,0.8993672,0.00584977,0.4948571,0.1275561,0.6973409,0.09664539,10,4,19,0.875,0.8659794,0.8704663,19,0,0,0,1,True,362.9644,345.6129,0,26000,0,77300,354.2006,8.763855,57,7,0,0.1847727,0.005960411,1.359958,343600.5,346998784,complete,,10,0.2,4000,97,16,2,10,b2a399a2150bf48445ecfe94d96cb56cece5bac850cea3dfcb298fe060cba761,,,0.07319674,0.0633089,0.06405216,0.07391198,0.06289064,0.06190647
310502,nonlinear,sparse,50,400,primary,0.5,adjusted,M0,0.04582601,,3.291768,0.1080009,0.1328446,0.3141855,0.2408163,1.36738,0.2503443,0.04752863,0.08595983,11.8,0.1152119,0.8993264,0.01931765,0.4988919,0.3122804,0.7040425,0.2612922,10,4,97,0,0,0,38,97,0.04088707,,,,0.0008774474,0.0008774474,0,0,0,0,0.0008774474,0,0,0,0,0.03127666,0.001008924,0.8072574,2029884,77237760,complete,,10,0.2,4000,97,16,2,10,9a9c04e9b790a3f67714da40cc1f9efdc0361598273e66d1c46ae192a52f31bb,,,0.1301545,0.08318066,0.1021496,0.1202462,0.06725835,0.09439159
310502,nonlinear,sparse,50,400,primary,0.5,adjusted,M1,0.06376375,1.235903,3.135953,0.1080009,0.09109243,0.3141855,0.2408163,1.285004,0.1661208,0.04805047,0.0812329,11.8,0.07940995,0.88379,0.008843163,0.4754933,0.1852956,0.6986458,0.1492893,10,4,38,0.7628866,0.7628866,0.7628866,38,0,-0.0008651063,,,,0.737884,0.737884,0,0,0,0,0.737884,0,0,0,0,1.39277,0.04492805,1.166586,45584,72833536,complete,,10,0.2,4000,97,16,2,10,bc01eeaf2cd68d212bcf4cd85fd1eeb7fe24a1decc4a779937c6e8a9d159ed70,,,0.08390403,0.07764794,0.06743376,0.08658926,0.07523196,0.07279856
310502,nonlinear,sparse,50,400,primary,0.5,adjusted,M2,0.07934439,1.273883,3.265022,0.1080009,0.1342878,0.3141855,0.2408163,1.350094,0.2323746,0.07760717,0.1137097,11.8,0.1310482,0.8944874,0.02178458,0.4917371,0.2640098,0.7050223,0.260858,10,4,128,0.3308271,0.4536082,0.3826087,38,145,0.04233026,,,,1675.392,174.3449,1501.047,20900,60000,76700,1675.392,0,50,0,0,0.1649156,0.005319859,1.409628,384972.6,743921152,valid_capped_prediction,1.468803e+12,10,0.2,4000,97,16,2,10,edec15104431ef00965dfb3fae7dee4c077e16fdc9d7bc0ae58c18c10b027793,,,0.1215487,0.1055782,0.1165909,0.0952544,0.07868978,0.07895359
310502,nonlinear,sparse,50,400,primary,0.5,adjusted,M3,0.06377178,1.232865,3.270112,0.1080009,0.09195754,0.3141855,0.2408163,1.351209,0.1621579,0.05082983,0.07919913,11.8,0.077581,0.8986836,0.008781174,0.4964594,0.1730587,0.6986903,0.1586332,10,4,38,0.7628866,0.7628866,0.7628866,38,0,0,0,1,True,1355.814,1198.897,0,45850,0,132850,1303.691,52.12322,105,36,1,0.2073238,0.006687866,1.352666,306226.2,345879552,complete,,10,0.2,4000,97,16,2,10,3741b3a2329c237410bab255b9d956ce38455f46412765fa218bf60b4d573d01,,,0.08429578,0.0743627,0.06462719,0.08533113,0.07426103,0.07421691
310502,nonlinear,sparse,50,400,primary,0.5,adjusted,M4,0.06377178,1.232865,3.270112,0.1080009,0.09195754,0.3141855,0.2408163,1.351209,0.1621579,0.05082983,0.07919913,11.8,0.077581,0.8986836,0.008781174,0.4964594,0.1730587,0.6986903,0.1586332,10,4,38,0.7628866,0.7628866,0.7628866,38,0,0,0,1,True,1355.814,1198.897,0,45850,0,132850,1303.691,52.12316,105,36,1,0.2073238,0.006687866,1.352666,306226.2,345879552,complete,,10,0.2,4000,97,16,2,10,3741b3a2329c237410bab255b9d956ce38455f46412765fa218bf60b4d573d01,,,0.08429578,0.0743627,0.06462719,0.08533113,0.07426103,0.07421691
310502,nonlinear,sparse,50,400,primary,0.5,adjusted,M5,0.06343625,1.232578,3.271279,0.1080009,0.09166438,0.3141855,0.2408163,1.351565,0.1619308,0.05102644,0.07887468,11.8,0.07752044,0.898853,0.00870706,0.496574,0.1728115,0.6986669,0.1585686,10,4,,,,,38,,-0.000293164,0,0,True,1319.892,1198.897,0,45850,0,132850,1303.691,16.20088,105,36,1,6.827273,0.2202346,1.875039,9299.175,204186624,complete,,10,0.2,4000,97,16,2,10,d02be07152cae5360c0786d989c8b6bc93cd217834607355194be2cd0a24b83e,,,0.08397688,0.07395435,0.06460603,0.08479115,0.07388047,0.07364789
310502,nonlinear,sparse,50,400,primary,0.5,adjusted,fixed,0.06377178,1.232865,3.270112,0.1080009,0.09195754,0.3141855,0.2408163,1.351209,0.1621579,0.05082983,0.07919913,11.8,0.077581,0.8986836,0.008781174,0.4964594,0.1730587,0.6986903,0.1586332,10,4,38,0.7628866,0.7628866,0.7628866,38,0,0,,,,231.76,231.76,0,23100,0,68300,231.76,0,50,1,0,0.2073238,0.006687866,1.352666,306226.2,345879552,complete,,10,0.2,4000,97,16,2,10,3741b3a2329c237410bab255b9d956ce38455f46412765fa218bf60b4d573d01,,,0.08429578,0.0743627,0.06462719,0.08533113,0.07426103,0.07421691
310502,nonlinear,sparse,50,400,primary,0.5,adjusted,random,0.06377178,1.232865,3.270112,0.1080009,0.09195754,0.3141855,0.2408163,1.351209,0.1621579,0.05082983,0.07919913,11.8,0.077581,0.8986836,0.008781174,0.4964594,0.1730587,0.6986903,0.1586332,10,4,38,0.7628866,0.7628866,0.7628866,38,0,0,0,1,True,1051.271,949.4574,0,38150,0,121450,1001.105,50.16608,86,36,0,0.2073238,0.006687866,1.352666,306226.2,345879552,complete,,10,0.2,4000,97,16,2,10,3741b3a2329c237410bab255b9d956ce38455f46412765fa218bf60b4d573d01,,,0.08429578,0.0743627,0.06462719,0.08533113,0.07426103,0.07421691
310502,nonlinear,sparse,50,400,primary,0.5,fixed,M0,0.04582601,,3.291768,0.1080009,0.1328446,0.3141855,0.2408163,1.36738,0.2503443,0.04752863,0.08595983,11.8,0.1152119,0.8993264,0.01931765,0.4988919,0.3122804,0.7040425,0.2612922,10,4,97,0,0,0,38,97,0.04088707,,,,0.0008774474,0.0008774474,0,0,0,0,0.0008774474,0,0,0,0,0.03127666,0.001008924,0.8072574,2029884,77237760,complete,,10,0.2,4000,97,16,2,10,9a9c04e9b790a3f67714da40cc1f9efdc0361598273e66d1c46ae192a52f31bb,,,0.1301545,0.08318066,0.1021496,0.1202462,0.06725835,0.09439159
310502,nonlinear,sparse,50,400,primary,0.5,fixed,M1,0.06376375,1.235903,3.135953,0.1080009,0.09109243,0.3141855,0.2408163,1.285004,0.1661208,0.04805047,0.0812329,11.8,0.07940995,0.88379,0.008843163,0.4754933,0.1852956,0.6986458,0.1492893,10,4,38,0.7628866,0.7628866,0.7628866,38,0,-0.0008651063,,,,0.737884,0.737884,0,0,0,0,0.737884,0,0,0,0,1.39277,0.04492805,1.166586,45584,72833536,complete,,10,0.2,4000,97,16,2,10,bc01eeaf2cd68d212bcf4cd85fd1eeb7fe24a1decc4a779937c6e8a9d159ed70,,,0.08390403,0.07764794,0.06743376,0.08658926,0.07523196,0.07279856
310502,nonlinear,sparse,50,400,primary,0.5,fixed,M2,0.07934439,1.273883,3.265022,0.1080009,0.1342878,0.3141855,0.2408163,1.350094,0.2323746,0.07760717,0.1137097,11.8,0.1310482,0.8944874,0.02178458,0.4917371,0.2640098,0.7050223,0.260858,10,4,128,0.3308271,0.4536082,0.3826087,38,145,0.04233026,,,,1675.392,174.3449,1501.047,20900,60000,76700,1675.392,0,50,0,0,0.1649156,0.005319859,1.409628,384972.6,743921152,valid_capped_prediction,1.468803e+12,10,0.2,4000,97,16,2,10,edec15104431ef00965dfb3fae7dee4c077e16fdc9d7bc0ae58c18c10b027793,,,0.1215487,0.1055782,0.1165909,0.0952544,0.07868978,0.07895359
310502,nonlinear,sparse,50,400,primary,0.5,fixed,M3,0.06377178,1.232865,3.270112,0.1080009,0.09195754,0.3141855,0.2408163,1.351209,0.1621579,0.05082983,0.07919913,11.8,0.077581,0.8986836,0.008781174,0.4964594,0.1730587,0.6986903,0.1586332,10,4,38,0.7628866,0.7628866,0.7628866,38,0,0,0,1,True,467.1267,426.4739,0,29200,0,85900,452.2149,14.91187,66,10,1,0.2073238,0.006687866,1.352666,306226.2,345879552,complete,,10,0.2,4000,97,16,2,10,3741b3a2329c237410bab255b9d956ce38455f46412765fa218bf60b4d573d01,,,0.08429578,0.0743627,0.06462719,0.08533113,0.07426103,0.07421691
310502,nonlinear,sparse,50,400,primary,0.5,fixed,M4,0.06377178,1.232865,3.270112,0.1080009,0.09195754,0.3141855,0.2408163,1.351209,0.1621579,0.05082983,0.07919913,11.8,0.077581,0.8986836,0.008781174,0.4964594,0.1730587,0.6986903,0.1586332,10,4,38,0.7628866,0.7628866,0.7628866,38,0,0,0,1,True,467.1267,426.4739,0,29200,0,85900,452.2149,14.91183,66,10,1,0.2073238,0.006687866,1.352666,306226.2,345879552,complete,,10,0.2,4000,97,16,2,10,3741b3a2329c237410bab255b9d956ce38455f46412765fa218bf60b4d573d01,,,0.08429578,0.0743627,0.06462719,0.08533113,0.07426103,0.07421691
310502,nonlinear,sparse,50,400,primary,0.5,fixed,M5,0.06343625,1.232578,3.271279,0.1080009,0.09166438,0.3141855,0.2408163,1.351565,0.1619308,0.05102644,0.07887468,11.8,0.07752044,0.898853,0.00870706,0.496574,0.1728115,0.6986669,0.1585686,10,4,,,,,38,,-0.000293164,0,0,True,467.8072,426.4739,0,29200,0,85900,452.2149,15.59234,66,10,1,6.774412,0.2185294,1.871448,9371.737,127522816,complete,,10,0.2,4000,97,16,2,10,20d1270ee42eed8a5dc01724a18415a10418a3a60bcb188ae4f1fc1ae9da50fb,,,0.08397688,0.07395435,0.06460603,0.08479115,0.07388047,0.07364789
310502,nonlinear,sparse,50,400,primary,0.5,fixed,fixed,0.06377178,1.232865,3.270112,0.1080009,0.09195754,0.3141855,0.2408163,1.351209,0.1621579,0.05082983,0.07919913,11.8,0.077581,0.8986836,0.008781174,0.4964594,0.1730587,0.6986903,0.1586332,10,4,38,0.7628866,0.7628866,0.7628866,38,0,0,,,,231.76,231.76,0,23100,0,68300,231.76,0,50,1,0,0.2073238,0.006687866,1.352666,306226.2,345879552,complete,,10,0.2,4000,97,16,2,10,3741b3a2329c237410bab255b9d956ce38455f46412765fa218bf60b4d573d01,,,0.08429578,0.0743627,0.06462719,0.08533113,0.07426103,0.07421691
310502,nonlinear,sparse,50,400,primary,0.5,fixed,random,0.06377178,1.232865,3.270112,0.1080009,0.09195754,0.3141855,0.2408163,1.351209,0.1621579,0.05082983,0.07919913,11.8,0.077581,0.8986836,0.008781174,0.4964594,0.1730587,0.6986903,0.1586332,10,4,38,0.7628866,0.7628866,0.7628866,38,0,0,0,1,True,366.6828,345.9568,0,25800,0,78300,355.7306,10.95222,56,7,0,0.2073238,0.006687866,1.352666,306226.2,345879552,complete,,10,0.2,4000,97,16,2,10,3741b3a2329c237410bab255b9d956ce38455f46412765fa218bf60b4d573d01,,,0.08429578,0.0743627,0.06462719,0.08533113,0.07426103,0.07421691
310503,nonlinear,sparse,50,400,primary,0.2,adjusted,M0,0.04412412,,3.293905,0.1123365,0.1357631,0.3135526,0.2673469,1.36474,0.2786684,0.03676066,0.08229393,13.1,0.1143534,0.8991888,0.01595464,0.4985142,0.3125973,0.7043615,0.2223059,10,8,97,0,0,0,19,98,0.0648902,,,,0.0004840549,0.0004840549,0,0,0,0,0.0004840549,0,0,0,0,0.0314863,0.001015687,0.806284,2016369,77237760,complete,,10,0.2,4000,97,12,2,13,4562ce5065a85b14f4437adbfc6a3778cc14427411aa2c27544cfa1e244d2039,,,0.134511,0.08264066,0.1209761,0.1372626,0.08452642,0.1292824
310503,nonlinear,sparse,50,400,primary,0.2,adjusted,M1,0.06108354,1.207488,3.146608,0.1123365,0.07463903,0.3135526,0.2673469,1.292038,0.1099624,0.03837996,0.0722013,13.1,0.05374871,0.8848154,0.002255276,0.4779576,0.1006243,0.6981161,0.1076204,10,8,19,0.8673469,0.8762887,0.8717949,19,0,0.00376616,,,,0.821028,0.821028,0,0,0,0,0.821028,0,0,0,0,1.434665,0.04627953,1.13603,44252.83,76725760,complete,,10,0.2,4000,97,12,2,13,1bd811b075929ba31b0efaea46f499d765a0f5a0c55a6eb612d07d7ddbbb3474,,,0.06946552,0.068734,0.06043674,0.08147796,0.07541012,0.07513618
310503,nonlinear,sparse,50,400,primary,0.2,adjusted,M2,0.06547854,1.256547,3.305775,0.1123365,0.1098887,0.3135526,0.2673469,1.360112,0.1560824,0.06255865,0.08857134,13.1,0.09475757,0.9005959,0.009960815,0.4979372,0.1605817,0.7016202,0.2254904,10,8,129,0.3161765,0.443299,0.3690987,19,136,0.03901579,,,,1622.324,157.0162,1465.308,22050,60000,81900,1622.324,0,50,0,0,0.1664815,0.005370372,1.373445,381351.6,648760832,valid_capped_prediction,2.151994e+12,10,0.2,4000,97,12,2,13,405fc171f17a12759bace1c6ee3f470a151251c34153348b8fcb40618f973ccf,,,0.09863445,0.08437154,0.09700716,0.1107135,0.08933805,0.1115697
310503,nonlinear,sparse,50,400,primary,0.2,adjusted,M3,0.05827233,1.197178,3.278562,0.1123365,0.07087287,0.3135526,0.2673469,1.347417,0.101143,0.04030401,0.06707727,13.1,0.05234672,0.8998077,0.001493236,0.4959483,0.08789044,0.6978907,0.09945859,10,8,19,0.8673469,0.8762887,0.8717949,19,0,0,0,1,True,1664.465,1516.605,0,51900,0,155400,1620.718,43.74692,112,36,0,0.1989532,0.006417846,1.369629,319110.2,393952256,complete,,10,0.2,4000,97,12,2,13,1d0a1d45f1610cef1b5ec3fe7120ab2c59a9da00308ef9835bc229c4aae09d19,,,0.06549996,0.06331756,0.05366278,0.07609689,0.06748927,0.06967293
310503,nonlinear,sparse,50,400,primary,0.2,adjusted,M4,0.05827233,1.197178,3.278562,0.1123365,0.07087287,0.3135526,0.2673469,1.347417,0.101143,0.04030401,0.06707727,13.1,0.05234672,0.8998077,0.001493236,0.4959483,0.08789044,0.6978907,0.09945859,10,8,19,0.8673469,0.8762887,0.8717949,19,0,0,0,1,True,1664.464,1516.605,0,51900,0,155400,1620.718,43.74685,112,36,0,0.1989532,0.006417846,1.369629,319110.2,393952256,complete,,10,0.2,4000,97,12,2,13,1d0a1d45f1610cef1b5ec3fe7120ab2c59a9da00308ef9835bc229c4aae09d19,,,0.06549996,0.06331756,0.05366278,0.07609689,0.06748927,0.06967293
310503,nonlinear,sparse,50,400,primary,0.2,adjusted,M5,0.05825019,1.197136,3.278664,0.1123365,0.07082674,0.3135526,0.2673469,1.347465,0.1011261,0.04021252,0.06704591,13.1,0.0522852,0.8998196,0.001469231,0.4959542,0.08787411,0.6978871,0.09944221,10,8,,,,,19,,-4.612133e-05,0,0,True,1639.773,1516.605,0,51900,0,155400,1620.718,19.05576,112,36,0,8.619717,0.2780554,2.525054,7365.439,209126912,complete,,10,0.2,4000,97,12,2,13,9688904057348a343498ca03afb6b4869052ab6002a771a7694bd41b416a065f,,,0.06545832,0.06327947,0.05355794,0.07607696,0.06746306,0.06961927
310503,nonlinear,sparse,50,400,primary,0.2,adjusted,fixed,0.05827233,1.197178,3.278562,0.1123365,0.07087287,0.3135526,0.2673469,1.347417,0.101143,0.04030401,0.06707727,13.1,0.05234672,0.8998077,0.001493236,0.4959483,0.08789044,0.6978907,0.09945859,10,8,19,0.8673469,0.8762887,0.8717949,19,0,0,,,,184.2387,184.2387,0,23900,0,71750,184.2387,0,50,1,0,0.1989532,0.006417846,1.369629,319110.2,393952256,complete,,10,0.2,4000,97,12,2,13,1d0a1d45f1610cef1b5ec3fe7120ab2c59a9da00308ef9835bc229c4aae09d19,,,0.06549996,0.06331756,0.05366278,0.07609689,0.06748927,0.06967293
310503,nonlinear,sparse,50,400,primary,0.2,adjusted,random,0.05827233,1.197178,3.278562,0.1123365,0.07087287,0.3135526,0.2673469,1.347417,0.101143,0.04030401,0.06707727,13.1,0.05234672,0.8998077,0.001493236,0.4959483,0.08789044,0.6978907,0.09945859,10,8,19,0.8673469,0.8762887,0.8717949,19,0,0,0,1,True,1065.568,971.6552,0,40350,0,132900,1017.034,48.53308,86,36,0,0.1989532,0.006417846,1.369629,319110.2,393952256,complete,,10,0.2,4000,97,12,2,13,1d0a1d45f1610cef1b5ec3fe7120ab2c59a9da00308ef9835bc229c4aae09d19,,,0.06549996,0.06331756,0.05366278,0.07609689,0.06748927,0.06967293
310503,nonlinear,sparse,50,400,primary,0.2,fixed,M0,0.04412412,,3.293905,0.1123365,0.1357631,0.3135526,0.2673469,1.36474,0.2786684,0.03676066,0.08229393,13.1,0.1143534,0.8991888,0.01595464,0.4985142,0.3125973,0.7043615,0.2223059,10,8,97,0,0,0,19,98,0.0648902,,,,0.0004840549,0.0004840549,0,0,0,0,0.0004840549,0,0,0,0,0.0314863,0.001015687,0.806284,2016369,77237760,complete,,10,0.2,4000,97,12,2,13,4562ce5065a85b14f4437adbfc6a3778cc14427411aa2c27544cfa1e244d2039,,,0.134511,0.08264066,0.1209761,0.1372626,0.08452642,0.1292824
310503,nonlinear,sparse,50,400,primary,0.2,fixed,M1,0.06108354,1.207488,3.146608,0.1123365,0.07463903,0.3135526,0.2673469,1.292038,0.1099624,0.03837996,0.0722013,13.1,0.05374871,0.8848154,0.002255276,0.4779576,0.1006243,0.6981161,0.1076204,10,8,19,0.8673469,0.8762887,0.8717949,19,0,0.00376616,,,,0.821028,0.821028,0,0,0,0,0.821028,0,0,0,0,1.434665,0.04627953,1.13603,44252.83,76725760,complete,,10,0.2,4000,97,12,2,13,1bd811b075929ba31b0efaea46f499d765a0f5a0c55a6eb612d07d7ddbbb3474,,,0.06946552,0.068734,0.06043674,0.08147796,0.07541012,0.07513618
310503,nonlinear,sparse,50,400,primary,0.2,fixed,M2,0.06547854,1.256547,3.305775,0.1123365,0.1098887,0.3135526,0.2673469,1.360112,0.1560824,0.06255865,0.08857134,13.1,0.09475757,0.9005959,0.009960815,0.4979372,0.1605817,0.7016202,0.2254904,10,8,129,0.3161765,0.443299,0.3690987,19,136,0.03901579,,,,1622.324,157.0162,1465.308,22050,60000,81900,1622.324,0,50,0,0,0.1664815,0.005370372,1.373445,381351.6,648760832,valid_capped_prediction,2.151994e+12,10,0.2,4000,97,12,2,13,405fc171f17a12759bace1c6ee3f470a151251c34153348b8fcb40618f973ccf,,,0.09863445,0.08437154,0.09700716,0.1107135,0.08933805,0.1115697
310503,nonlinear,sparse,50,400,primary,0.2,fixed,M3,0.05827233,1.197178,3.278562,0.1123365,0.07087287,0.3135526,0.2673469,1.347417,0.101143,0.04030401,0.06707727,13.1,0.05234672,0.8998077,0.001493236,0.4959483,0.08789044,0.6978907,0.09945859,10,8,19,0.8673469,0.8762887,0.8717949,19,0,0,0,1,True,474.3166,446.7968,0,29000,0,88850,465.0936,9.222966,61,7,0,0.1989532,0.006417846,1.369629,319110.2,393952256,complete,,10,0.2,4000,97,12,2,13,1d0a1d45f1610cef1b5ec3fe7120ab2c59a9da00308ef9835bc229c4aae09d19,,,0.06549996,0.06331756,0.05366278,0.07609689,0.06748927,0.06967293
310503,nonlinear,sparse,50,400,primary,0.2,fixed,M4,0.05827233,1.197178,3.278562,0.1123365,0.07087287,0.3135526,0.2673469,1.347417,0.101143,0.04030401,0.06707727,13.1,0.05234672,0.8998077,0.001493236,0.4959483,0.08789044,0.6978907,0.09945859,10,8,19,0.8673469,0.8762887,0.8717949,19,0,0,0,1,True,474.3165,446.7968,0,29000,0,88850,465.0936,9.222937,61,7,0,0.1989532,0.006417846,1.369629,319110.2,393952256,complete,,10,0.2,4000,97,12,2,13,1d0a1d45f1610cef1b5ec3fe7120ab2c59a9da00308ef9835bc229c4aae09d19,,,0.06549996,0.06331756,0.05366278,0.07609689,0.06748927,0.06967293
310503,nonlinear,sparse,50,400,primary,0.2,fixed,M5,0.05826611,1.197163,3.278513,0.1123365,0.07083192,0.3135526,0.2673469,1.347331,0.1011265,0.04028208,0.06705308,13.1,0.05235068,0.8997947,0.001488604,0.4959253,0.08790642,0.6978879,0.09946385,10,8,,,,,19,,-4.094727e-05,0,0,True,477.4734,446.7968,0,29000,0,88850,465.0936,12.37983,61,7,0,5.914413,0.1907875,2.469347,10734.46,122384384,complete,,10,0.2,4000,97,12,2,13,b57a6d89562dfdd47ccbaf41eaca4f10729822f94839c36a250f68ec6c83085b,,,0.06548424,0.06331744,0.05367213,0.07606705,0.06743126,0.06967661
310503,nonlinear,sparse,50,400,primary,0.2,fixed,fixed,0.05827233,1.197178,3.278562,0.1123365,0.07087287,0.3135526,0.2673469,1.347417,0.101143,0.04030401,0.06707727,13.1,0.05234672,0.8998077,0.001493236,0.4959483,0.08789044,0.6978907,0.09945859,10,8,19,0.8673469,0.8762887,0.8717949,19,0,0,,,,184.2387,184.2387,0,23900,0,71750,184.2387,0,50,1,0,0.1989532,0.006417846,1.369629,319110.2,393952256,complete,,10,0.2,4000,97,12,2,13,1d0a1d45f1610cef1b5ec3fe7120ab2c59a9da00308ef9835bc229c4aae09d19,,,0.06549996,0.06331756,0.05366278,0.07609689,0.06748927,0.06967293
310503,nonlinear,sparse,50,400,primary,0.2,fixed,random,0.05827233,1.197178,3.278562,0.1123365,0.07087287,0.3135526,0.2673469,1.347417,0.101143,0.04030401,0.06707727,13.1,0.05234672,0.8998077,0.001493236,0.4959483,0.08789044,0.6978907,0.09945859,10,8,19,0.8673469,0.8762887,0.8717949,19,0,0,0,1,True,333.2885,314.4837,0,26600,0,81650,324.0926,9.195973,56,7,0,0.1989532,0.006417846,1.369629,319110.2,393952256,complete,,10,0.2,4000,97,12,2,13,1d0a1d45f1610cef1b5ec3fe7120ab2c59a9da00308ef9835bc229c4aae09d19,,,0.06549996,0.06331756,0.05366278,0.07609689,0.06748927,0.06967293
310503,nonlinear,sparse,50,400,primary,0.5,adjusted,M0,0.04412412,,3.293905,0.1123365,0.1357631,0.3135526,0.2673469,1.36474,0.2786684,0.03676066,0.08229393,13.1,0.1143534,0.8991888,0.01595464,0.4985142,0.3125973,0.7043615,0.2223059,10,8,97,0,0,0,40,97,0.02057893,,,,0.0004840549,0.0004840549,0,0,0,0,0.0004840549,0,0,0,0,0.0314863,0.001015687,0.806284,2016369,77237760,complete,,10,0.2,4000,97,12,2,13,4562ce5065a85b14f4437adbfc6a3778cc14427411aa2c27544cfa1e244d2039,,,0.134511,0.08264066,0.1209761,0.1372626,0.08452642,0.1292824
310503,nonlinear,sparse,50,400,primary,0.5,adjusted,M1,0.06729172,1.239225,3.164318,0.1123365,0.1090248,0.3135526,0.2673469,1.298867,0.1845751,0.04919065,0.09160157,13.1,0.09155153,0.8848752,0.01035306,0.4781639,0.1993528,0.7017999,0.1923741,10,8,40,0.7319588,0.7319588,0.7319588,40,0,-0.00615932,,,,1.259656,1.259656,0,0,0,0,1.259656,0,0,0,0,1.45157,0.04682483,1.147932,43737.48,72833024,complete,,10,0.2,4000,97,12,2,13,607665d9ae6f83b8dd9b6a75a955796ee215db77223d2d168d86913961c32781,,,0.09700907,0.08592655,0.09458753,0.09711538,0.08317462,0.09096191
310503,nonlinear,sparse,50,400,primary,0.5,adjusted,M2,0.06547854,1.256547,3.305775,0.1123365,0.1098887,0.3135526,0.2673469,1.360112,0.1560824,0.06255865,0.08857134,13.1,0.09475757,0.9005959,0.009960815,0.4979372,0.1605817,0.7016202,0.2254904,10,8,129,0.3161765,0.443299,0.3690987,40,145,-0.005295481,,,,1622.324,157.0162,1465.308,22050,60000,81900,1622.324,0,50,0,0,0.1664815,0.005370372,1.373445,381351.6,648760832,valid_capped_prediction,2.151994e+12,10,0.2,4000,97,12,2,13,405fc171f17a12759bace1c6ee3f470a151251c34153348b8fcb40618f973ccf,,,0.09863445,0.08437154,0.09700716,0.1107135,0.08933805,0.1115697
310503,nonlinear,sparse,50,400,primary,0.5,adjusted,M3,0.06571601,1.227747,3.288148,0.1123365,0.1069286,0.3135526,0.2673469,1.344339,0.1182893,0.05347972,0.08749085,13.1,0.08336618,0.898583,0.01025151,0.4932537,0.128845,0.7015244,0.1925989,10,8,38,0.7525773,0.7525773,0.7525773,40,2,-0.008255517,0,0,True,1553.981,1398.716,0,47100,0,134900,1505.843,48.13798,106,36,1,0.1926194,0.00621353,1.37224,329603.3,394442752,complete,,10,0.2,4000,97,12,2,13,e15882e6377953b41c263d77f69aba6da21cf637a715a729d7dd2047d344110d,,,0.0907197,0.07958611,0.08553032,0.08967155,0.07597878,0.0789388
310503,nonlinear,sparse,50,400,primary,0.5,adjusted,M4,0.06571601,1.227747,3.288148,0.1123365,0.1069286,0.3135526,0.2673469,1.344339,0.1182893,0.05347972,0.08749085,13.1,0.08336618,0.898583,0.01025151,0.4932537,0.128845,0.7015244,0.1925989,10,8,38,0.7525773,0.7525773,0.7525773,40,2,-0.008255517,0,0,True,1553.981,1398.716,0,47100,0,134900,1505.843,48.13791,106,36,1,0.1926194,0.00621353,1.37224,329603.3,394442752,complete,,10,0.2,4000,97,12,2,13,e15882e6377953b41c263d77f69aba6da21cf637a715a729d7dd2047d344110d,,,0.0907197,0.07958611,0.08553032,0.08967155,0.07597878,0.0789388
310503,nonlinear,sparse,50,400,primary,0.5,adjusted,M5,0.06780703,1.232217,3.29214,0.1123365,0.1140069,0.3135526,0.2673469,1.34629,0.1819991,0.05340018,0.09326508,13.1,0.09210013,0.8986776,0.01163668,0.4932647,0.1860111,0.7023125,0.1956942,10,8,,,,,40,,-0.001177256,0,0,True,1519.24,1398.716,0,47100,0,134900,1505.843,13.39657,106,36,1,5.747673,0.1854088,2.004418,11045.86,206359040,complete,,10,0.2,4000,97,12,2,13,f36974c1314bed22bcac40efc769e0c20002d69f29ff59f53fa2eb7dc6825d7c,,,0.09606355,0.08424467,0.0938144,0.09686408,0.08114741,0.08784463
310503,nonlinear,sparse,50,400,primary,0.5,adjusted,fixed,0.06814132,1.233676,3.291564,0.1123365,0.1151841,0.3135526,0.2673469,1.345995,0.1900635,0.0534721,0.09401969,13.1,0.09346327,0.898566,0.01198899,0.493167,0.1943146,0.7024692,0.1963182,10,8,40,0.7319588,0.7319588,0.7319588,40,0,0,,,,345.3237,345.3237,0,22300,0,65400,345.3237,0,50,1,0,0.2041172,0.006584425,1.408511,311037.1,346345472,complete,,10,0.2,4000,97,12,2,13,d281a821cdfb88e517d8e2c4c070b9fa423eebe19e8f34e537a8bd79488ab542,,,0.09744475,0.08505102,0.09569517,0.0979873,0.08181135,0.08917903
310503,nonlinear,sparse,50,400,primary,0.5,adjusted,random,0.06814132,1.233676,3.291564,0.1123365,0.1151841,0.3135526,0.2673469,1.345995,0.1900635,0.0534721,0.09401969,13.1,0.09346327,0.898566,0.01198899,0.493167,0.1943146,0.7024692,0.1963182,10,8,40,0.7319588,0.7319588,0.7319588,40,0,0,0,1,True,1241.38,1149.945,0,39350,0,127700,1192.059,49.32132,85,36,0,0.2041172,0.006584425,1.408511,311037.1,346345472,complete,,10,0.2,4000,97,12,2,13,d281a821cdfb88e517d8e2c4c070b9fa423eebe19e8f34e537a8bd79488ab542,,,0.09744475,0.08505102,0.09569517,0.0979873,0.08181135,0.08917903
310503,nonlinear,sparse,50,400,primary,0.5,fixed,M0,0.04412412,,3.293905,0.1123365,0.1357631,0.3135526,0.2673469,1.36474,0.2786684,0.03676066,0.08229393,13.1,0.1143534,0.8991888,0.01595464,0.4985142,0.3125973,0.7043615,0.2223059,10,8,97,0,0,0,40,97,0.02057893,,,,0.0004840549,0.0004840549,0,0,0,0,0.0004840549,0,0,0,0,0.0314863,0.001015687,0.806284,2016369,77237760,complete,,10,0.2,4000,97,12,2,13,4562ce5065a85b14f4437adbfc6a3778cc14427411aa2c27544cfa1e244d2039,,,0.134511,0.08264066,0.1209761,0.1372626,0.08452642,0.1292824
310503,nonlinear,sparse,50,400,primary,0.5,fixed,M1,0.06729172,1.239225,3.164318,0.1123365,0.1090248,0.3135526,0.2673469,1.298867,0.1845751,0.04919065,0.09160157,13.1,0.09155153,0.8848752,0.01035306,0.4781639,0.1993528,0.7017999,0.1923741,10,8,40,0.7319588,0.7319588,0.7319588,40,0,-0.00615932,,,,1.259656,1.259656,0,0,0,0,1.259656,0,0,0,0,1.45157,0.04682483,1.147932,43737.48,72833024,complete,,10,0.2,4000,97,12,2,13,607665d9ae6f83b8dd9b6a75a955796ee215db77223d2d168d86913961c32781,,,0.09700907,0.08592655,0.09458753,0.09711538,0.08317462,0.09096191
310503,nonlinear,sparse,50,400,primary,0.5,fixed,M2,0.06547854,1.256547,3.305775,0.1123365,0.1098887,0.3135526,0.2673469,1.360112,0.1560824,0.06255865,0.08857134,13.1,0.09475757,0.9005959,0.009960815,0.4979372,0.1605817,0.7016202,0.2254904,10,8,129,0.3161765,0.443299,0.3690987,40,145,-0.005295481,,,,1622.324,157.0162,1465.308,22050,60000,81900,1622.324,0,50,0,0,0.1664815,0.005370372,1.373445,381351.6,648760832,valid_capped_prediction,2.151994e+12,10,0.2,4000,97,12,2,13,405fc171f17a12759bace1c6ee3f470a151251c34153348b8fcb40618f973ccf,,,0.09863445,0.08437154,0.09700716,0.1107135,0.08933805,0.1115697
310503,nonlinear,sparse,50,400,primary,0.5,fixed,M3,0.06814132,1.233676,3.291564,0.1123365,0.1151841,0.3135526,0.2673469,1.345995,0.1900635,0.0534721,0.09401969,13.1,0.09346327,0.898566,0.01198899,0.493167,0.1943146,0.7024692,0.1963182,10,8,40,0.7319588,0.7319588,0.7319588,40,0,0,0,1,True,590.6422,559.6583,0,27600,0,77950,580.4811,10.16111,61,7,0,0.2041172,0.006584425,1.408511,311037.1,346345472,complete,,10,0.2,4000,97,12,2,13,d281a821cdfb88e517d8e2c4c070b9fa423eebe19e8f34e537a8bd79488ab542,,,0.09744475,0.08505102,0.09569517,0.0979873,0.08181135,0.08917903
310503,nonlinear,sparse,50,400,primary,0.5,fixed,M4,0.06814132,1.233676,3.291564,0.1123365,0.1151841,0.3135526,0.2673469,1.345995,0.1900635,0.0534721,0.09401969,13.1,0.09346327,0.898566,0.01198899,0.493167,0.1943146,0.7024692,0.1963182,10,8,40,0.7319588,0.7319588,0.7319588,40,0,0,0,1,True,590.6421,559.6583,0,27600,0,77950,580.4811,10.16103,61,7,0,0.2041172,0.006584425,1.408511,311037.1,346345472,complete,,10,0.2,4000,97,12,2,13,d281a821cdfb88e517d8e2c4c070b9fa423eebe19e8f34e537a8bd79488ab542,,,0.09744475,0.08505102,0.09569517,0.0979873,0.08181135,0.08917903
310503,nonlinear,sparse,50,400,primary,0.5,fixed,M5,0.06792667,1.233589,3.291616,0.1123365,0.1149782,0.3135526,0.2673469,1.345968,0.1899323,0.05276563,0.09383457,13.1,0.09308203,0.8986208,0.01189495,0.4931999,0.194044,0.7024305,0.1961102,10,8,,,,,40,,-0.0002059169,0,0,True,597.1605,559.6583,0,27600,0,77950,580.4811,16.67945,61,7,0,5.875256,0.1895244,1.917787,10806,118611968,complete,,10,0.2,4000,97,12,2,13,41c7c24ce58f8156f384608a2766b7082ca13b20340a8e84ce44f99a085c1645,,,0.09726282,0.08490668,0.09540024,0.09796361,0.08177873,0.08914911
310503,nonlinear,sparse,50,400,primary,0.5,fixed,fixed,0.06814132,1.233676,3.291564,0.1123365,0.1151841,0.3135526,0.2673469,1.345995,0.1900635,0.0534721,0.09401969,13.1,0.09346327,0.898566,0.01198899,0.493167,0.1943146,0.7024692,0.1963182,10,8,40,0.7319588,0.7319588,0.7319588,40,0,0,,,,345.3237,345.3237,0,22300,0,65400,345.3237,0,50,1,0,0.2041172,0.006584425,1.408511,311037.1,346345472,complete,,10,0.2,4000,97,12,2,13,d281a821cdfb88e517d8e2c4c070b9fa423eebe19e8f34e537a8bd79488ab542,,,0.09744475,0.08505102,0.09569517,0.0979873,0.08181135,0.08917903
310503,nonlinear,sparse,50,400,primary,0.5,fixed,random,0.06814132,1.233676,3.291564,0.1123365,0.1151841,0.3135526,0.2673469,1.345995,0.1900635,0.0534721,0.09401969,13.1,0.09346327,0.898566,0.01198899,0.493167,0.1943146,0.7024692,0.1963182,10,8,40,0.7319588,0.7319588,0.7319588,40,0,0,0,1,True,521.7759,503.6976,0,25650,0,76900,511.5857,10.19019,56,7,0,0.2041172,0.006584425,1.408511,311037.1,346345472,complete,,10,0.2,4000,97,12,2,13,d281a821cdfb88e517d8e2c4c070b9fa423eebe19e8f34e537a8bd79488ab542,,,0.09744475,0.08505102,0.09569517,0.0979873,0.08181135,0.08917903
310504,nonlinear,sparse,50,400,primary,0.2,adjusted,M0,0.04556754,,3.292032,0.1056297,0.1288097,0.3559148,0.1408163,1.361826,0.3044125,0.04886503,0.07445342,6.9,0.1135425,0.8998097,0.01344357,0.4980608,0.3628183,0.7030718,0.1941636,10,6,97,0,0,0,19,98,0.05156483,,,,0.0003530961,0.0003530961,0,0,0,0,0.0003530961,0,0,0,0,0.05825445,0.001879176,1.203393,1089840,81098240,complete,,10,0.2,4000,97,12,2,10,d8d6b30d0eec7a5029502f53abf609bb35885e04494b39903b4b9aabd14b5d8e,,,0.1263682,0.0716333,0.1076183,0.132017,0.0787356,0.1178277
310504,nonlinear,sparse,50,400,primary,0.2,adjusted,M1,0.06077315,1.220359,3.158846,0.1056297,0.07860694,0.3559148,0.1408163,1.295691,0.1272056,0.05075058,0.07016701,6.9,0.07363068,0.8864806,0.003822095,0.4790627,0.1630486,0.697873,0.1103736,10,6,19,0.8673469,0.8762887,0.8717949,19,0,0.001362065,,,,0.7684874,0.7684874,0,0,0,0,0.7684874,0,0,0,0,1.798745,0.05802402,1.164045,35295.73,80590336,complete,,10,0.2,4000,97,12,2,10,c9d71f5774d07e67427c9a363e8aef994a9a7612d2f365ec6b846da79b9ffdc1,,,0.07355565,0.06698303,0.06994957,0.06995954,0.06805977,0.06596824
310504,nonlinear,sparse,50,400,primary,0.2,adjusted,M2,0.07775148,1.255926,3.281094,0.1056297,0.1021487,0.3559148,0.1408163,1.350088,0.1857661,0.08603863,0.08415932,6.9,0.101561,0.8982531,0.01043976,0.4947305,0.2155236,0.7006427,0.1649968,10,6,133,0.3188406,0.4536082,0.3744681,19,147,0.02490379,,,,1622.359,144.6431,1477.716,20500,60000,77200,1622.359,0,50,0,0,0.1656746,0.005344343,1.426889,383209,545120768,valid_capped_prediction,1.34083e+12,10,0.2,4000,97,12,2,10,e513cea172686182e410ee6aad547ab04a529efa62d569563563bb78ca5a9408,,,0.09342962,0.07790602,0.09216522,0.1027455,0.08084291,0.1060747
310504,nonlinear,sparse,50,400,primary,0.2,adjusted,M3,0.05933777,1.205487,3.309733,0.1056297,0.06949787,0.3559148,0.1408163,1.368715,0.07982049,0.0511149,0.06225432,6.9,0.06202065,0.9033283,0.002899265,0.5029646,0.1008244,0.697023,0.102498,10,6,17,0.8877551,0.8969072,0.8923077,19,2,-0.007747002,0,0,True,1489.755,1332.578,0,47050,0,140700,1439.534,50.22124,105,36,1,0.1910812,0.006163908,1.384614,332256.7,395025408,complete,,10,0.2,4000,97,12,2,10,ef474d2cf2a6c625b4890f497a24a07c0df8ee91cd025e9910bd31271b26169b,,,0.06429345,0.05851979,0.05644966,0.06704973,0.06133273,0.0615922
310504,nonlinear,sparse,50,400,primary,0.2,adjusted,M4,0.06176825,1.208761,3.311974,0.1056297,0.07724487,0.3559148,0.1408163,1.368358,0.1000288,0.05347965,0.06755405,6.9,0.06974817,0.903107,0.004270799,0.5022262,0.1263148,0.6977359,0.1044451,10,6,19,0.8673469,0.8762887,0.8717949,19,0,0,0,1,True,1488.528,1332.578,0,47050,0,140700,1439.534,48.99333,105,36,1,0.2020429,0.006517514,1.382922,314230.2,346270720,complete,,10,0.2,4000,97,12,2,10,d102df6f1905e8dd090d0e03f62d676f39a62ce23388e789ca3f843384b259b9,,,0.07137097,0.06209743,0.06920375,0.06837203,0.06175198,0.06219733
310504,nonlinear,sparse,50,400,primary,0.2,adjusted,M5,0.06140265,1.208325,3.311878,0.1056297,0.07634208,0.3559148,0.1408163,1.368323,0.09861133,0.05306454,0.0669692,6.9,0.06903718,0.903133,0.004138238,0.502272,0.1250165,0.6976487,0.1042511,10,6,,,,,19,,-0.0009027887,0,0,True,1453.857,1332.578,0,47050,0,140700,1439.534,14.32275,105,36,1,5.947142,0.1918433,2.493386,10675.38,210210304,complete,,10,0.2,4000,97,12,2,10,c213f34f2f0dbbc5291da33ce7694b45519a32af5025f951f996cbefba8b804e,,,0.07062705,0.06163436,0.06782947,0.06806487,0.06145577,0.06182805
310504,nonlinear,sparse,50,400,primary,0.2,adjusted,fixed,0.06176825,1.208761,3.311974,0.1056297,0.07724487,0.3559148,0.1408163,1.368358,0.1000288,0.05347965,0.06755405,6.9,0.06974817,0.903107,0.004270799,0.5022262,0.1263148,0.6977359,0.1044451,10,6,19,0.8673469,0.8762887,0.8717949,19,0,0,,,,127.7347,127.7347,0,21900,0,64900,127.7347,0,50,1,0,0.2020429,0.006517514,1.382922,314230.2,346270720,complete,,10,0.2,4000,97,12,2,10,d102df6f1905e8dd090d0e03f62d676f39a62ce23388e789ca3f843384b259b9,,,0.07137097,0.06209743,0.06920375,0.06837203,0.06175198,0.06219733
310504,nonlinear,sparse,50,400,primary,0.2,adjusted,random,0.06176825,1.208761,3.311974,0.1056297,0.07724487,0.3559148,0.1408163,1.368358,0.1000288,0.05347965,0.06755405,6.9,0.06974817,0.903107,0.004270799,0.5022262,0.1263148,0.6977359,0.1044451,10,6,19,0.8673469,0.8762887,0.8717949,19,0,0,0,1,True,1013.399,914.243,0,37250,0,120250,964.8137,48.58562,85,36,0,0.2020429,0.006517514,1.382922,314230.2,346270720,complete,,10,0.2,4000,97,12,2,10,d102df6f1905e8dd090d0e03f62d676f39a62ce23388e789ca3f843384b259b9,,,0.07137097,0.06209743,0.06920375,0.06837203,0.06175198,0.06219733
310504,nonlinear,sparse,50,400,primary,0.2,fixed,M0,0.04556754,,3.292032,0.1056297,0.1288097,0.3559148,0.1408163,1.361826,0.3044125,0.04886503,0.07445342,6.9,0.1135425,0.8998097,0.01344357,0.4980608,0.3628183,0.7030718,0.1941636,10,6,97,0,0,0,19,98,0.05156483,,,,0.0003530961,0.0003530961,0,0,0,0,0.0003530961,0,0,0,0,0.05825445,0.001879176,1.203393,1089840,81098240,complete,,10,0.2,4000,97,12,2,10,d8d6b30d0eec7a5029502f53abf609bb35885e04494b39903b4b9aabd14b5d8e,,,0.1263682,0.0716333,0.1076183,0.132017,0.0787356,0.1178277
310504,nonlinear,sparse,50,400,primary,0.2,fixed,M1,0.06077315,1.220359,3.158846,0.1056297,0.07860694,0.3559148,0.1408163,1.295691,0.1272056,0.05075058,0.07016701,6.9,0.07363068,0.8864806,0.003822095,0.4790627,0.1630486,0.697873,0.1103736,10,6,19,0.8673469,0.8762887,0.8717949,19,0,0.001362065,,,,0.7684874,0.7684874,0,0,0,0,0.7684874,0,0,0,0,1.798745,0.05802402,1.164045,35295.73,80590336,complete,,10,0.2,4000,97,12,2,10,c9d71f5774d07e67427c9a363e8aef994a9a7612d2f365ec6b846da79b9ffdc1,,,0.07355565,0.06698303,0.06994957,0.06995954,0.06805977,0.06596824
310504,nonlinear,sparse,50,400,primary,0.2,fixed,M2,0.07775148,1.255926,3.281094,0.1056297,0.1021487,0.3559148,0.1408163,1.350088,0.1857661,0.08603863,0.08415932,6.9,0.101561,0.8982531,0.01043976,0.4947305,0.2155236,0.7006427,0.1649968,10,6,133,0.3188406,0.4536082,0.3744681,19,147,0.02490379,,,,1622.359,144.6431,1477.716,20500,60000,77200,1622.359,0,50,0,0,0.1656746,0.005344343,1.426889,383209,545120768,valid_capped_prediction,1.34083e+12,10,0.2,4000,97,12,2,10,e513cea172686182e410ee6aad547ab04a529efa62d569563563bb78ca5a9408,,,0.09342962,0.07790602,0.09216522,0.1027455,0.08084291,0.1060747
310504,nonlinear,sparse,50,400,primary,0.2,fixed,M3,0.06176825,1.208761,3.311974,0.1056297,0.07724487,0.3559148,0.1408163,1.368358,0.1000288,0.05347965,0.06755405,6.9,0.06974817,0.903107,0.004270799,0.5022262,0.1263148,0.6977359,0.1044451,10,6,19,0.8673469,0.8762887,0.8717949,19,0,0,0,1,True,395.4542,366.1403,0,26850,0,80800,384.8857,10.56851,60,7,0,0.2020429,0.006517514,1.382922,314230.2,346270720,complete,,10,0.2,4000,97,12,2,10,d102df6f1905e8dd090d0e03f62d676f39a62ce23388e789ca3f843384b259b9,,,0.07137097,0.06209743,0.06920375,0.06837203,0.06175198,0.06219733
310504,nonlinear,sparse,50,400,primary,0.2,fixed,M4,0.06176825,1.208761,3.311974,0.1056297,0.07724487,0.3559148,0.1408163,1.368358,0.1000288,0.05347965,0.06755405,6.9,0.06974817,0.903107,0.004270799,0.5022262,0.1263148,0.6977359,0.1044451,10,6,19,0.8673469,0.8762887,0.8717949,19,0,0,0,1,True,395.4542,366.1403,0,26850,0,80800,384.8857,10.56847,60,7,0,0.2020429,0.006517514,1.382922,314230.2,346270720,complete,,10,0.2,4000,97,12,2,10,d102df6f1905e8dd090d0e03f62d676f39a62ce23388e789ca3f843384b259b9,,,0.07137097,0.06209743,0.06920375,0.06837203,0.06175198,0.06219733
310504,nonlinear,sparse,50,400,primary,0.2,fixed,M5,0.0617216,1.208753,3.31193,0.1056297,0.07723094,0.3559148,0.1408163,1.368334,0.100051,0.05342058,0.06752554,6.9,0.06968243,0.9031001,0.004243074,0.5022262,0.1263237,0.697735,0.1044339,10,6,,,,,19,,-1.393408e-05,0,0,True,399.5171,366.1403,0,26850,0,80800,384.8857,14.63132,60,7,0,6.693469,0.2159184,1.902108,9485.066,120283648,complete,,10,0.2,4000,97,12,2,10,935cb9b001c9cf5c8bf2c21f5ac53726550da799da314509ce5faabb0439e97d,,,0.07134826,0.06206764,0.06921202,0.06836146,0.06172269,0.06218614
310504,nonlinear,sparse,50,400,primary,0.2,fixed,fixed,0.06176825,1.208761,3.311974,0.1056297,0.07724487,0.3559148,0.1408163,1.368358,0.1000288,0.05347965,0.06755405,6.9,0.06974817,0.903107,0.004270799,0.5022262,0.1263148,0.6977359,0.1044451,10,6,19,0.8673469,0.8762887,0.8717949,19,0,0,,,,127.7347,127.7347,0,21900,0,64900,127.7347,0,50,1,0,0.2020429,0.006517514,1.382922,314230.2,346270720,complete,,10,0.2,4000,97,12,2,10,d102df6f1905e8dd090d0e03f62d676f39a62ce23388e789ca3f843384b259b9,,,0.07137097,0.06209743,0.06920375,0.06837203,0.06175198,0.06219733
310504,nonlinear,sparse,50,400,primary,0.2,fixed,random,0.06176825,1.208761,3.311974,0.1056297,0.07724487,0.3559148,0.1408163,1.368358,0.1000288,0.05347965,0.06755405,6.9,0.06974817,0.903107,0.004270799,0.5022262,0.1263148,0.6977359,0.1044451,10,6,19,0.8673469,0.8762887,0.8717949,19,0,0,0,1,True,299.46,274.7424,0,24650,0,75550,286.4487,13.01131,56,7,0,0.2020429,0.006517514,1.382922,314230.2,346270720,complete,,10,0.2,4000,97,12,2,10,d102df6f1905e8dd090d0e03f62d676f39a62ce23388e789ca3f843384b259b9,,,0.07137097,0.06209743,0.06920375,0.06837203,0.06175198,0.06219733
310504,nonlinear,sparse,50,400,primary,0.5,adjusted,M0,0.04556754,,3.292032,0.1056297,0.1288097,0.3559148,0.1408163,1.361826,0.3044125,0.04886503,0.07445342,6.9,0.1135425,0.8998097,0.01344357,0.4980608,0.3628183,0.7030718,0.1941636,10,6,97,0,0,0,41,97,0.03160361,,,,0.0003530961,0.0003530961,0,0,0,0,0.0003530961,0,0,0,0,0.05825445,0.001879176,1.203393,1089840,81098240,complete,,10,0.2,4000,97,12,2,10,d8d6b30d0eec7a5029502f53abf609bb35885e04494b39903b4b9aabd14b5d8e,,,0.1263682,0.0716333,0.1076183,0.132017,0.0787356,0.1178277
310504,nonlinear,sparse,50,400,primary,0.5,adjusted,M1,0.06719555,1.243096,3.160196,0.1056297,0.09242888,0.3559148,0.1408163,1.2985,0.1508048,0.06001897,0.07771507,6.9,0.08647349,0.885783,0.006965855,0.4793357,0.2071518,0.6993693,0.1518897,10,6,41,0.7319588,0.7319588,0.7319588,41,0,-0.004777209,,,,0.8246219,0.8246219,0,0,0,0,0.8246219,0,0,0,0,1.397706,0.04508728,1.153039,45423.02,72833024,complete,,10,0.2,4000,97,12,2,10,79693051815a9c1788c0ca291de1cd36c0ef631de2f6a7d0330c086d0b14b1a9,,,0.08593866,0.07493046,0.08179632,0.08979483,0.07797984,0.08715359
310504,nonlinear,sparse,50,400,primary,0.5,adjusted,M2,0.07775148,1.255926,3.281094,0.1056297,0.1021487,0.3559148,0.1408163,1.350088,0.1857661,0.08603863,0.08415932,6.9,0.101561,0.8982531,0.01043976,0.4947305,0.2155236,0.7006427,0.1649968,10,6,133,0.3188406,0.4536082,0.3744681,41,159,0.004942575,,,,1622.359,144.6431,1477.716,20500,60000,77200,1622.359,0,50,0,0,0.1656746,0.005344343,1.426889,383209,545120768,valid_capped_prediction,1.34083e+12,10,0.2,4000,97,12,2,10,e513cea172686182e410ee6aad547ab04a529efa62d569563563bb78ca5a9408,,,0.09342962,0.07790602,0.09216522,0.1027455,0.08084291,0.1060747
310504,nonlinear,sparse,50,400,primary,0.5,adjusted,M3,0.0708063,1.234279,3.28452,0.1056297,0.09720609,0.3559148,0.1408163,1.35054,0.1451108,0.06490041,0.07983857,6.9,0.08780535,0.8998386,0.008591597,0.4957968,0.1869109,0.6997831,0.1663866,10,6,41,0.7319588,0.7319588,0.7319588,41,0,0,0,1,True,1520.124,1369.403,0,46300,0,138500,1473.536,46.58795,106,36,0,0.1997726,0.006444277,1.359712,317801.4,293972992,complete,,10,0.2,4000,97,12,2,10,976586b1491c52804902a16dac02bdc1df95f0033891c8f96c38cfddc997b037,,,0.08850515,0.07295045,0.08409538,0.09204391,0.07512293,0.08549269
310504,nonlinear,sparse,50,400,primary,0.5,adjusted,M4,0.0708063,1.234279,3.28452,0.1056297,0.09720609,0.3559148,0.1408163,1.35054,0.1451108,0.06490041,0.07983857,6.9,0.08780535,0.8998386,0.008591597,0.4957968,0.1869109,0.6997831,0.1663866,10,6,41,0.7319588,0.7319588,0.7319588,41,0,0,0,1,True,1520.124,1369.403,0,46300,0,138500,1473.536,46.58784,106,36,0,0.1997726,0.006444277,1.359712,317801.4,293972992,complete,,10,0.2,4000,97,12,2,10,976586b1491c52804902a16dac02bdc1df95f0033891c8f96c38cfddc997b037,,,0.08850515,0.07295045,0.08409538,0.09204391,0.07512293,0.08549269
310504,nonlinear,sparse,50,400,primary,0.5,adjusted,M5,0.07040968,1.234085,3.28518,0.1056297,0.0968397,0.3559148,0.1408163,1.350547,0.1448897,0.06476904,0.07951336,6.9,0.08772567,0.8999472,0.008527865,0.4958297,0.1867813,0.6997426,0.1644917,10,6,,,,,41,,-0.000366389,0,0,True,1488.525,1369.403,0,46300,0,138500,1473.536,14.98858,106,36,0,6.84724,0.2208787,2.502058,9272.057,197119488,complete,,10,0.2,4000,97,12,2,10,fd25b4091724faa7f69cbe4b84efabad4b502d3cb700b4e49a177e38d44230a0,,,0.08827341,0.07272749,0.08424012,0.0918249,0.07488848,0.08552797
310504,nonlinear,sparse,50,400,primary,0.5,adjusted,fixed,0.0708063,1.234279,3.28452,0.1056297,0.09720609,0.3559148,0.1408163,1.35054,0.1451108,0.06490041,0.07983857,6.9,0.08780535,0.8998386,0.008591597,0.4957968,0.1869109,0.6997831,0.1663866,10,6,41,0.7319588,0.7319588,0.7319588,41,0,0,,,,284.1487,284.1487,0,21850,0,63350,284.1487,0,50,1,0,0.1997726,0.006444277,1.359712,317801.4,293972992,complete,,10,0.2,4000,97,12,2,10,976586b1491c52804902a16dac02bdc1df95f0033891c8f96c38cfddc997b037,,,0.08850515,0.07295045,0.08409538,0.09204391,0.07512293,0.08549269
310504,nonlinear,sparse,50,400,primary,0.5,adjusted,random,0.0708063,1.234279,3.28452,0.1056297,0.09720609,0.3559148,0.1408163,1.35054,0.1451108,0.06490041,0.07983857,6.9,0.08780535,0.8998386,0.008591597,0.4957968,0.1869109,0.6997831,0.1663866,10,6,41,0.7319588,0.7319588,0.7319588,41,0,0,0,1,True,1040.185,955.4202,0,36050,0,111700,998.2543,41.93039,85,36,0,0.1997726,0.006444277,1.359712,317801.4,293972992,complete,,10,0.2,4000,97,12,2,10,976586b1491c52804902a16dac02bdc1df95f0033891c8f96c38cfddc997b037,,,0.08850515,0.07295045,0.08409538,0.09204391,0.07512293,0.08549269
310504,nonlinear,sparse,50,400,primary,0.5,fixed,M0,0.04556754,,3.292032,0.1056297,0.1288097,0.3559148,0.1408163,1.361826,0.3044125,0.04886503,0.07445342,6.9,0.1135425,0.8998097,0.01344357,0.4980608,0.3628183,0.7030718,0.1941636,10,6,97,0,0,0,41,97,0.03160361,,,,0.0003530961,0.0003530961,0,0,0,0,0.0003530961,0,0,0,0,0.05825445,0.001879176,1.203393,1089840,81098240,complete,,10,0.2,4000,97,12,2,10,d8d6b30d0eec7a5029502f53abf609bb35885e04494b39903b4b9aabd14b5d8e,,,0.1263682,0.0716333,0.1076183,0.132017,0.0787356,0.1178277
310504,nonlinear,sparse,50,400,primary,0.5,fixed,M1,0.06719555,1.243096,3.160196,0.1056297,0.09242888,0.3559148,0.1408163,1.2985,0.1508048,0.06001897,0.07771507,6.9,0.08647349,0.885783,0.006965855,0.4793357,0.2071518,0.6993693,0.1518897,10,6,41,0.7319588,0.7319588,0.7319588,41,0,-0.004777209,,,,0.8246219,0.8246219,0,0,0,0,0.8246219,0,0,0,0,1.397706,0.04508728,1.153039,45423.02,72833024,complete,,10,0.2,4000,97,12,2,10,79693051815a9c1788c0ca291de1cd36c0ef631de2f6a7d0330c086d0b14b1a9,,,0.08593866,0.07493046,0.08179632,0.08979483,0.07797984,0.08715359
310504,nonlinear,sparse,50,400,primary,0.5,fixed,M2,0.07775148,1.255926,3.281094,0.1056297,0.1021487,0.3559148,0.1408163,1.350088,0.1857661,0.08603863,0.08415932,6.9,0.101561,0.8982531,0.01043976,0.4947305,0.2155236,0.7006427,0.1649968,10,6,133,0.3188406,0.4536082,0.3744681,41,159,0.004942575,,,,1622.359,144.6431,1477.716,20500,60000,77200,1622.359,0,50,0,0,0.1656746,0.005344343,1.426889,383209,545120768,valid_capped_prediction,1.34083e+12,10,0.2,4000,97,12,2,10,e513cea172686182e410ee6aad547ab04a529efa62d569563563bb78ca5a9408,,,0.09342962,0.07790602,0.09216522,0.1027455,0.08084291,0.1060747
310504,nonlinear,sparse,50,400,primary,0.5,fixed,M3,0.0708063,1.234279,3.28452,0.1056297,0.09720609,0.3559148,0.1408163,1.35054,0.1451108,0.06490041,0.07983857,6.9,0.08780535,0.8998386,0.008591597,0.4957968,0.1869109,0.6997831,0.1663866,10,6,41,0.7319588,0.7319588,0.7319588,41,0,0,0,1,True,499.436,472.7355,0,26600,0,77300,491.0812,8.354804,61,7,0,0.1997726,0.006444277,1.359712,317801.4,293972992,complete,,10,0.2,4000,97,12,2,10,976586b1491c52804902a16dac02bdc1df95f0033891c8f96c38cfddc997b037,,,0.08850515,0.07295045,0.08409538,0.09204391,0.07512293,0.08549269
310504,nonlinear,sparse,50,400,primary,0.5,fixed,M4,0.0708063,1.234279,3.28452,0.1056297,0.09720609,0.3559148,0.1408163,1.35054,0.1451108,0.06490041,0.07983857,6.9,0.08780535,0.8998386,0.008591597,0.4957968,0.1869109,0.6997831,0.1663866,10,6,41,0.7319588,0.7319588,0.7319588,41,0,0,0,1,True,499.436,472.7355,0,26600,0,77300,491.0812,8.354773,61,7,0,0.1997726,0.006444277,1.359712,317801.4,293972992,complete,,10,0.2,4000,97,12,2,10,976586b1491c52804902a16dac02bdc1df95f0033891c8f96c38cfddc997b037,,,0.08850515,0.07295045,0.08409538,0.09204391,0.07512293,0.08549269
310504,nonlinear,sparse,50,400,primary,0.5,fixed,M5,0.07080675,1.23427,3.284481,0.1056297,0.09720348,0.3559148,0.1408163,1.350545,0.1450969,0.06490365,0.07983558,6.9,0.08780687,0.8998356,0.008589281,0.4958038,0.1869129,0.6997832,0.1663866,10,6,,,,,41,,-2.615899e-06,0,0,True,502.6803,472.7355,0,26600,0,77300,491.0812,11.59904,61,7,0,6.211506,0.2003712,1.941331,10221.03,115981824,complete,,10,0.2,4000,97,12,2,10,3994de91c0543245f3fdbb7afa3891551c6f284c0c1d0df1ad52f3ca33635466,,,0.08849706,0.07294462,0.08409395,0.09204375,0.07511827,0.08549679
310504,nonlinear,sparse,50,400,primary,0.5,fixed,fixed,0.0708063,1.234279,3.28452,0.1056297,0.09720609,0.3559148,0.1408163,1.35054,0.1451108,0.06490041,0.07983857,6.9,0.08780535,0.8998386,0.008591597,0.4957968,0.1869109,0.6997831,0.1663866,10,6,41,0.7319588,0.7319588,0.7319588,41,0,0,,,,284.1487,284.1487,0,21850,0,63350,284.1487,0,50,1,0,0.1997726,0.006444277,1.359712,317801.4,293972992,complete,,10,0.2,4000,97,12,2,10,976586b1491c52804902a16dac02bdc1df95f0033891c8f96c38cfddc997b037,,,0.08850515,0.07295045,0.08409538,0.09204391,0.07512293,0.08549269
310504,nonlinear,sparse,50,400,primary,0.5,fixed,random,0.0708063,1.234279,3.28452,0.1056297,0.09720609,0.3559148,0.1408163,1.35054,0.1451108,0.06490041,0.07983857,6.9,0.08780535,0.8998386,0.008591597,0.4957968,0.1869109,0.6997831,0.1663866,10,6,41,0.7319588,0.7319588,0.7319588,41,0,0,0,1,True,425.2651,407.2768,0,24400,0,72600,415.5393,9.725781,56,7,0,0.1997726,0.006444277,1.359712,317801.4,293972992,complete,,10,0.2,4000,97,12,2,10,976586b1491c52804902a16dac02bdc1df95f0033891c8f96c38cfddc997b037,,,0.08850515,0.07295045,0.08409538,0.09204391,0.07512293,0.08549269
311000,nonlinear,sparse,100,400,primary,0.2,adjusted,M0,0.0441874,,3.281486,0.07555988,0.0993986,0.3509892,0.1348485,1.365035,0.3182028,0.04499747,0.06048187,13.35,0.08504715,0.8988328,0.008026181,0.4991416,0.3615548,0.7046503,0.1811497,20,13,197,0,0,0,36,197,0.03627025,,,,0.02758046,0.02758046,0,0,0,0,0.02758046,0,0,0,0,0.1146319,0.001879211,1.781346,1089819,186024448,complete,,20,0.2,8000,197,14,2,14,c8ccfaf3641f71dd3dca11925d767606e208bc257fb742b6595f9b4a8d2be49e,0.1009859,0.09908923,0.09951741,0.05988488,0.08561257,0.1083697,0.06886003,0.09845184
311000,nonlinear,sparse,100,400,primary,0.2,adjusted,M1,0.06057893,1.203155,3.13817,0.07555988,0.06635505,0.3509892,0.1348485,1.288214,0.1322672,0.04508825,0.06598804,13.35,0.05749779,0.8835878,0.001935499,0.4756197,0.13375,0.7016735,0.1121226,20,13,36,0.8832487,0.8832487,0.8832487,36,0,0.003226701,,,,2.759282,2.759282,0,0,0,0,2.759282,0,0,0,0,10.20782,0.1673413,3.144835,12238.46,184539136,complete,,20,0.2,8000,197,14,2,14,8867e65ebdbdd29ded3274d86d70473456357c766f83ad96ab5fee714dccd1c6,0.06638039,0.06567053,0.06291453,0.06389933,0.0579346,0.06946291,0.06880975,0.06333915
311000,nonlinear,sparse,100,400,primary,0.2,adjusted,M2,0.06562414,1.213502,3.240629,0.07555988,0.08310029,0.3509892,0.1348485,1.332616,0.1436576,0.0615457,0.07154323,13.35,0.07508054,0.8941251,0.004713655,0.4892674,0.164837,0.703056,0.1333201,20,13,203,0.4014599,0.5583756,0.4670913,36,224,0.01997194,,,,2309.638,239.0986,2070.539,52450,60000,198150,2309.638,0,100,0,0,0.6024893,0.009876873,3.144206,207353.1,1544807424,valid_capped_prediction,3.786347e+33,20,0.2,8000,197,14,2,14,48defc6ba727a511e9e422d4afb1a9276b7ba473bf401ea8170e62287ca9f69d,0.08275843,0.082934,0.07732797,0.06700756,0.07331463,0.08901661,0.07650629,0.0858298
311000,nonlinear,sparse,100,400,primary,0.2,adjusted,M3,0.05678129,1.189621,3.284514,0.07555988,0.06312835,0.3509892,0.1348485,1.360429,0.09102639,0.04669388,0.06014532,13.35,0.05618336,0.8998728,0.001550675,0.4987144,0.09024119,0.7015608,0.1128477,20,13,36,0.8832487,0.8832487,0.8832487,36,0,0,0,1,True,3895.245,3367.136,0,114450,0,344550,3737.053,158.1918,219,69,0,0.5976257,0.009797142,3.043987,209040.5,958833152,valid_capped_prediction,,20,0.2,8000,197,14,2,14,c16428727c9b778d1208534a4ea79b1e01bd2183a3d77b5f41a21ce9a566e90e,0.06403912,0.0624605,0.06020549,0.05864736,0.05565712,0.0655308,0.06165125,0.06001082
311000,nonlinear,sparse,100,400,primary,0.2,adjusted,M4,0.05678129,1.189621,3.284514,0.07555988,0.06312835,0.3509892,0.1348485,1.360429,0.09102639,0.04669388,0.06014532,13.35,0.05618336,0.8998728,0.001550675,0.4987144,0.09024119,0.7015608,0.1128477,20,13,36,0.8832487,0.8832487,0.8832487,36,0,0,0,1,True,3895.245,3367.136,0,114450,0,344550,3737.053,158.1917,219,69,0,0.5976257,0.009797142,3.043987,209040.5,958833152,valid_capped_prediction,,20,0.2,8000,197,14,2,14,c16428727c9b778d1208534a4ea79b1e01bd2183a3d77b5f41a21ce9a566e90e,0.06403912,0.0624605,0.06020549,0.05864736,0.05565712,0.0655308,0.06165125,0.06001082
311000,nonlinear,sparse,100,400,primary,0.2,adjusted,M5,0.0567129,1.189521,3.284662,0.07555988,0.06287163,0.3509892,0.1348485,1.360549,0.09078584,0.04663791,0.06000691,13.35,0.0559263,0.8999083,0.001517708,0.4987778,0.08985301,0.7015378,0.1102557,20,13,,,,,36,,-0.0002567219,0,0,True,3767.201,3367.136,0,114450,0,344550,3737.053,30.1475,219,69,0,14.33175,0.2349467,4.486213,8716.869,576985088,valid_capped_prediction,,20,0.2,8000,197,14,2,14,fc942d91d801dd77486cfb5050ce8a96709b01aef6d374f0f2c729c1b9214af1,0.06379252,0.0622052,0.06007813,0.05856004,0.05552014,0.06545349,0.06156597,0.05993258
311000,nonlinear,sparse,100,400,primary,0.2,adjusted,fixed,0.05678129,1.189621,3.284514,0.07555988,0.06312835,0.3509892,0.1348485,1.360429,0.09102639,0.04669388,0.06014532,13.35,0.05618336,0.8998728,0.001550675,0.4987144,0.09024119,0.7015608,0.1128477,20,13,36,0.8832487,0.8832487,0.8832487,36,0,0,,,,326.0243,326.0243,0,53000,0,157500,326.0243,0,100,1,0,0.5976257,0.009797142,3.043987,209040.5,958833152,complete,,20,0.2,8000,197,14,2,14,c16428727c9b778d1208534a4ea79b1e01bd2183a3d77b5f41a21ce9a566e90e,0.06403912,0.0624605,0.06020549,0.05864736,0.05565712,0.0655308,0.06165125,0.06001082
311000,nonlinear,sparse,100,400,primary,0.2,adjusted,oracle,0.05041784,1.167653,3.291928,0.07555988,0.04765414,0.3509892,0.1348485,1.363649,0.056999,0.04663137,0.05093563,13.35,0.04773811,0.9011465,-0.0002135107,0.5002146,0.04584809,0.7005861,0.05396481,20,13,0,1,1,1,36,36,-0.0154742,,,,263.5175,263.5175,0,54600,0,161500,263.5175,0,100,0,0,0.5936569,0.009732081,2.928404,210438,1844883456,complete,,20,0.2,8000,197,14,2,14,a1149dd0e81389139e6302efa5fc16be66788bb6b863b40a5b1aa7a28e602e14,0.04778989,0.04714961,0.04700879,0.05009372,0.04716039,0.04762684,0.05087019,0.04687251
311000,nonlinear,sparse,100,400,primary,0.2,adjusted,random,0.05678129,1.189621,3.284514,0.07555988,0.06312835,0.3509892,0.1348485,1.360429,0.09102639,0.04669388,0.06014532,13.35,0.05618336,0.8998728,0.001550675,0.4987144,0.09024119,0.7015608,0.1128477,20,13,36,0.8832487,0.8832487,0.8832487,36,0,0,0,1,True,2769.646,2448.821,0,90850,0,296100,2615.029,154.6171,172,72,0,0.5976257,0.009797142,3.043987,209040.5,958833152,complete,,20,0.2,8000,197,14,2,14,c16428727c9b778d1208534a4ea79b1e01bd2183a3d77b5f41a21ce9a566e90e,0.06403912,0.0624605,0.06020549,0.05864736,0.05565712,0.0655308,0.06165125,0.06001082
311000,nonlinear,sparse,100,400,primary,0.2,fixed,M0,0.0441874,,3.281486,0.07555988,0.0993986,0.3509892,0.1348485,1.365035,0.3182028,0.04499747,0.06048187,13.35,0.08504715,0.8988328,0.008026181,0.4991416,0.3615548,0.7046503,0.1811497,20,13,197,0,0,0,36,197,0.03627025,,,,0.02758046,0.02758046,0,0,0,0,0.02758046,0,0,0,0,0.1146319,0.001879211,1.781346,1089819,186024448,complete,,20,0.2,8000,197,14,2,14,c8ccfaf3641f71dd3dca11925d767606e208bc257fb742b6595f9b4a8d2be49e,0.1009859,0.09908923,0.09951741,0.05988488,0.08561257,0.1083697,0.06886003,0.09845184
311000,nonlinear,sparse,100,400,primary,0.2,fixed,M1,0.06057893,1.203155,3.13817,0.07555988,0.06635505,0.3509892,0.1348485,1.288214,0.1322672,0.04508825,0.06598804,13.35,0.05749779,0.8835878,0.001935499,0.4756197,0.13375,0.7016735,0.1121226,20,13,36,0.8832487,0.8832487,0.8832487,36,0,0.003226701,,,,2.759282,2.759282,0,0,0,0,2.759282,0,0,0,0,10.20782,0.1673413,3.144835,12238.46,184539136,complete,,20,0.2,8000,197,14,2,14,8867e65ebdbdd29ded3274d86d70473456357c766f83ad96ab5fee714dccd1c6,0.06638039,0.06567053,0.06291453,0.06389933,0.0579346,0.06946291,0.06880975,0.06333915
311000,nonlinear,sparse,100,400,primary,0.2,fixed,M2,0.06562414,1.213502,3.240629,0.07555988,0.08310029,0.3509892,0.1348485,1.332616,0.1436576,0.0615457,0.07154323,13.35,0.07508054,0.8941251,0.004713655,0.4892674,0.164837,0.703056,0.1333201,20,13,203,0.4014599,0.5583756,0.4670913,36,224,0.01997194,,,,2309.638,239.0986,2070.539,52450,60000,198150,2309.638,0,100,0,0,0.6024893,0.009876873,3.144206,207353.1,1544807424,valid_capped_prediction,3.786347e+33,20,0.2,8000,197,14,2,14,48defc6ba727a511e9e422d4afb1a9276b7ba473bf401ea8170e62287ca9f69d,0.08275843,0.082934,0.07732797,0.06700756,0.07331463,0.08901661,0.07650629,0.0858298
311000,nonlinear,sparse,100,400,primary,0.2,fixed,M3,0.05678129,1.189621,3.284514,0.07555988,0.06312835,0.3509892,0.1348485,1.360429,0.09102639,0.04669388,0.06014532,13.35,0.05618336,0.8998728,0.001550675,0.4987144,0.09024119,0.7015608,0.1128477,20,13,36,0.8832487,0.8832487,0.8832487,36,0,0,0,1,True,573.9045,523.0997,0,58000,0,172550,554.4648,19.43973,111,7,0,0.5976257,0.009797142,3.043987,209040.5,958833152,valid_capped_prediction,,20,0.2,8000,197,14,2,14,c16428727c9b778d1208534a4ea79b1e01bd2183a3d77b5f41a21ce9a566e90e,0.06403912,0.0624605,0.06020549,0.05864736,0.05565712,0.0655308,0.06165125,0.06001082
311000,nonlinear,sparse,100,400,primary,0.2,fixed,M4,0.05678129,1.189621,3.284514,0.07555988,0.06312835,0.3509892,0.1348485,1.360429,0.09102639,0.04669388,0.06014532,13.35,0.05618336,0.8998728,0.001550675,0.4987144,0.09024119,0.7015608,0.1128477,20,13,36,0.8832487,0.8832487,0.8832487,36,0,0,0,1,True,573.9045,523.0997,0,58000,0,172550,554.4648,19.43969,111,7,0,0.5976257,0.009797142,3.043987,209040.5,958833152,valid_capped_prediction,,20,0.2,8000,197,14,2,14,c16428727c9b778d1208534a4ea79b1e01bd2183a3d77b5f41a21ce9a566e90e,0.06403912,0.0624605,0.06020549,0.05864736,0.05565712,0.0655308,0.06165125,0.06001082
311000,nonlinear,sparse,100,400,primary,0.2,fixed,M5,0.0567129,1.189521,3.284662,0.07555988,0.06287163,0.3509892,0.1348485,1.360549,0.09078584,0.04663791,0.06000691,13.35,0.0559263,0.8999083,0.001517708,0.4987778,0.08985301,0.7015378,0.1102557,20,13,,,,,36,,-0.0002567219,0,0,True,585.6162,523.0997,0,58000,0,172550,554.4648,31.15144,111,7,0,14.38212,0.2357724,4.384864,8686.343,266596864,valid_capped_prediction,,20,0.2,8000,197,14,2,14,9735b4f688fcb0b86c783e4062eeee3e9d8723c41eee810b62436461de49baf7,0.06379252,0.0622052,0.06007813,0.05856004,0.05552014,0.06545349,0.06156597,0.05993258
311000,nonlinear,sparse,100,400,primary,0.2,fixed,fixed,0.05678129,1.189621,3.284514,0.07555988,0.06312835,0.3509892,0.1348485,1.360429,0.09102639,0.04669388,0.06014532,13.35,0.05618336,0.8998728,0.001550675,0.4987144,0.09024119,0.7015608,0.1128477,20,13,36,0.8832487,0.8832487,0.8832487,36,0,0,,,,326.0243,326.0243,0,53000,0,157500,326.0243,0,100,1,0,0.5976257,0.009797142,3.043987,209040.5,958833152,complete,,20,0.2,8000,197,14,2,14,c16428727c9b778d1208534a4ea79b1e01bd2183a3d77b5f41a21ce9a566e90e,0.06403912,0.0624605,0.06020549,0.05864736,0.05565712,0.0655308,0.06165125,0.06001082
311000,nonlinear,sparse,100,400,primary,0.2,fixed,oracle,0.05041784,1.167653,3.291928,0.07555988,0.04765414,0.3509892,0.1348485,1.363649,0.056999,0.04663137,0.05093563,13.35,0.04773811,0.9011465,-0.0002135107,0.5002146,0.04584809,0.7005861,0.05396481,20,13,0,1,1,1,36,36,-0.0154742,,,,263.5175,263.5175,0,54600,0,161500,263.5175,0,100,0,0,0.5936569,0.009732081,2.928404,210438,1844883456,complete,,20,0.2,8000,197,14,2,14,a1149dd0e81389139e6302efa5fc16be66788bb6b863b40a5b1aa7a28e602e14,0.04778989,0.04714961,0.04700879,0.05009372,0.04716039,0.04762684,0.05087019,0.04687251
311000,nonlinear,sparse,100,400,primary,0.2,fixed,random,0.05678129,1.189621,3.284514,0.07555988,0.06312835,0.3509892,0.1348485,1.360429,0.09102639,0.04669388,0.06014532,13.35,0.05618336,0.8998728,0.001550675,0.4987144,0.09024119,0.7015608,0.1128477,20,13,36,0.8832487,0.8832487,0.8832487,36,0,0,0,1,True,540.2586,507.7073,0,56550,0,170850,521.6813,18.57727,106,7,0,0.5976257,0.009797142,3.043987,209040.5,958833152,complete,,20,0.2,8000,197,14,2,14,c16428727c9b778d1208534a4ea79b1e01bd2183a3d77b5f41a21ce9a566e90e,0.06403912,0.0624605,0.06020549,0.05864736,0.05565712,0.0655308,0.06165125,0.06001082
311000,nonlinear,sparse,100,400,primary,0.5,adjusted,M0,0.0441874,,3.281486,0.07555988,0.0993986,0.3509892,0.1348485,1.365035,0.3182028,0.04499747,0.06048187,13.35,0.08504715,0.8988328,0.008026181,0.4991416,0.3615548,0.7046503,0.1811497,20,13,197,0,0,0,78,196,0.02176839,,,,0.02758046,0.02758046,0,0,0,0,0.02758046,0,0,0,0,0.1146319,0.001879211,1.781346,1089819,186024448,complete,,20,0.2,8000,197,14,2,14,c8ccfaf3641f71dd3dca11925d767606e208bc257fb742b6595f9b4a8d2be49e,0.1009859,0.09908923,0.09951741,0.05988488,0.08561257,0.1083697,0.06886003,0.09845184
311000,nonlinear,sparse,100,400,primary,0.5,adjusted,M1,0.06424676,1.228536,3.136238,0.07555988,0.07758327,0.3509892,0.1348485,1.28681,0.1831011,0.04624676,0.07164942,13.35,0.06564447,0.8827062,0.003474993,0.4747058,0.1968838,0.7025605,0.1301114,20,13,78,0.7397959,0.7360406,0.7379135,78,0,-4.693177e-05,,,,2.505313,2.505313,0,0,0,0,2.505313,0,0,0,0,10.01205,0.164132,2.876007,12477.76,184536064,complete,,20,0.2,8000,197,14,2,14,9b8a1e237f95adad9a148072fed7302b62cd6bbbc1b9f742fd384433fda530e1,0.07740235,0.0763409,0.07460757,0.06982895,0.06641937,0.07685163,0.07279485,0.06721424
311000,nonlinear,sparse,100,400,primary,0.5,adjusted,M2,0.06562414,1.213502,3.240629,0.07555988,0.08310029,0.3509892,0.1348485,1.332616,0.1436576,0.0615457,0.07154323,13.35,0.07508054,0.8941251,0.004713655,0.4892674,0.164837,0.703056,0.1333201,20,13,203,0.4014599,0.5583756,0.4670913,78,246,0.005470081,,,,2309.638,239.0986,2070.539,52450,60000,198150,2309.638,0,100,0,0,0.6024893,0.009876873,3.144206,207353.1,1544807424,valid_capped_prediction,3.786347e+33,20,0.2,8000,197,14,2,14,48defc6ba727a511e9e422d4afb1a9276b7ba473bf401ea8170e62287ca9f69d,0.08275843,0.082934,0.07732797,0.06700756,0.07331463,0.08901661,0.07650629,0.0858298
311000,nonlinear,sparse,100,400,primary,0.5,adjusted,M3,0.05680861,1.216887,3.25743,0.07555988,0.07763021,0.3509892,0.1348485,1.342447,0.1525103,0.04721294,0.06446489,13.35,0.06509619,0.8965939,0.003577517,0.4925737,0.1725689,0.7025918,0.136462,20,13,78,0.7397959,0.7360406,0.7379135,78,0,0,0,1,True,3760.286,3134.784,0,106100,0,315700,3541.813,218.473,211,72,0,0.6272869,0.01028339,2.955656,199156.1,906494464,complete,,20,0.2,8000,197,14,2,14,05c6a9dc1450d362e459bde058b821280f45163c637b27197f1c56531700885f,0.07720262,0.07627443,0.07517285,0.0643626,0.0658143,0.07607463,0.06670186,0.065694
311000,nonlinear,sparse,100,400,primary,0.5,adjusted,M4,0.05680861,1.216887,3.25743,0.07555988,0.07763021,0.3509892,0.1348485,1.342447,0.1525103,0.04721294,0.06446489,13.35,0.06509619,0.8965939,0.003577517,0.4925737,0.1725689,0.7025918,0.136462,20,13,78,0.7397959,0.7360406,0.7379135,78,0,0,0,1,True,3760.286,3134.784,0,106100,0,315700,3541.813,218.4729,211,72,0,0.6272869,0.01028339,2.955656,199156.1,906494464,complete,,20,0.2,8000,197,14,2,14,05c6a9dc1450d362e459bde058b821280f45163c637b27197f1c56531700885f,0.07720262,0.07627443,0.07517285,0.0643626,0.0658143,0.07607463,0.06670186,0.065694
311000,nonlinear,sparse,100,400,primary,0.5,adjusted,M5,0.05677554,1.21679,3.257486,0.07555988,0.07745918,0.3509892,0.1348485,1.342543,0.1522959,0.04721813,0.06438049,13.35,0.06496463,0.8966141,0.003546252,0.4926124,0.1723091,0.7025723,0.1359197,20,13,,,,,78,,-0.0001710217,0,0,True,3597.527,3134.784,0,106100,0,315700,3541.813,55.71381,211,72,0,22.32439,0.3659735,5.623647,5596.033,564863488,complete,,20,0.2,8000,197,14,2,14,b48bc26aa3a467bf05830b8b466055f03e3e916e76d9e1aefd7db07bd3648c08,0.07703498,0.07610274,0.07504862,0.0642881,0.06573277,0.07598929,0.06660621,0.06566872
311000,nonlinear,sparse,100,400,primary,0.5,adjusted,fixed,0.05680861,1.216887,3.25743,0.07555988,0.07763021,0.3509892,0.1348485,1.342447,0.1525103,0.04721294,0.06446489,13.35,0.06509619,0.8965939,0.003577517,0.4925737,0.1725689,0.7025918,0.136462,20,13,78,0.7397959,0.7360406,0.7379135,78,0,0,,,,397.7051,397.7051,0,50500,0,148050,397.7051,0,100,1,0,0.6272869,0.01028339,2.955656,199156.1,906494464,complete,,20,0.2,8000,197,14,2,14,05c6a9dc1450d362e459bde058b821280f45163c637b27197f1c56531700885f,0.07720262,0.07627443,0.07517285,0.0643626,0.0658143,0.07607463,0.06670186,0.065694
311000,nonlinear,sparse,100,400,primary,0.5,adjusted,oracle,0.05041784,1.167653,3.291928,0.07555988,0.04765414,0.3509892,0.1348485,1.363649,0.056999,0.04663137,0.05093563,13.35,0.04773811,0.9011465,-0.0002135107,0.5002146,0.04584809,0.7005861,0.05396481,20,13,0,1,1,1,78,78,-0.02997606,,,,263.5175,263.5175,0,54600,0,161500,263.5175,0,100,0,0,0.5936569,0.009732081,2.928404,210438,1844883456,complete,,20,0.2,8000,197,14,2,14,a1149dd0e81389139e6302efa5fc16be66788bb6b863b40a5b1aa7a28e602e14,0.04778989,0.04714961,0.04700879,0.05009372,0.04716039,0.04762684,0.05087019,0.04687251
311000,nonlinear,sparse,100,400,primary,0.5,adjusted,random,0.05680861,1.216887,3.25743,0.07555988,0.07763021,0.3509892,0.1348485,1.342447,0.1525103,0.04721294,0.06446489,13.35,0.06509619,0.8965939,0.003577517,0.4925737,0.1725689,0.7025918,0.136462,20,13,78,0.7397959,0.7360406,0.7379135,78,0,0,0,1,True,2719.98,2322.987,0,87900,0,282350,2493.412,226.5675,173,72,0,0.6272869,0.01028339,2.955656,199156.1,906494464,complete,,20,0.2,8000,197,14,2,14,05c6a9dc1450d362e459bde058b821280f45163c637b27197f1c56531700885f,0.07720262,0.07627443,0.07517285,0.0643626,0.0658143,0.07607463,0.06670186,0.065694
311000,nonlinear,sparse,100,400,primary,0.5,fixed,M0,0.0441874,,3.281486,0.07555988,0.0993986,0.3509892,0.1348485,1.365035,0.3182028,0.04499747,0.06048187,13.35,0.08504715,0.8988328,0.008026181,0.4991416,0.3615548,0.7046503,0.1811497,20,13,197,0,0,0,78,196,0.02176839,,,,0.02758046,0.02758046,0,0,0,0,0.02758046,0,0,0,0,0.1146319,0.001879211,1.781346,1089819,186024448,complete,,20,0.2,8000,197,14,2,14,c8ccfaf3641f71dd3dca11925d767606e208bc257fb742b6595f9b4a8d2be49e,0.1009859,0.09908923,0.09951741,0.05988488,0.08561257,0.1083697,0.06886003,0.09845184
311000,nonlinear,sparse,100,400,primary,0.5,fixed,M1,0.06424676,1.228536,3.136238,0.07555988,0.07758327,0.3509892,0.1348485,1.28681,0.1831011,0.04624676,0.07164942,13.35,0.06564447,0.8827062,0.003474993,0.4747058,0.1968838,0.7025605,0.1301114,20,13,78,0.7397959,0.7360406,0.7379135,78,0,-4.693177e-05,,,,2.505313,2.505313,0,0,0,0,2.505313,0,0,0,0,10.01205,0.164132,2.876007,12477.76,184536064,complete,,20,0.2,8000,197,14,2,14,9b8a1e237f95adad9a148072fed7302b62cd6bbbc1b9f742fd384433fda530e1,0.07740235,0.0763409,0.07460757,0.06982895,0.06641937,0.07685163,0.07279485,0.06721424
311000,nonlinear,sparse,100,400,primary,0.5,fixed,M2,0.06562414,1.213502,3.240629,0.07555988,0.08310029,0.3509892,0.1348485,1.332616,0.1436576,0.0615457,0.07154323,13.35,0.07508054,0.8941251,0.004713655,0.4892674,0.164837,0.703056,0.1333201,20,13,203,0.4014599,0.5583756,0.4670913,78,246,0.005470081,,,,2309.638,239.0986,2070.539,52450,60000,198150,2309.638,0,100,0,0,0.6024893,0.009876873,3.144206,207353.1,1544807424,valid_capped_prediction,3.786347e+33,20,0.2,8000,197,14,2,14,48defc6ba727a511e9e422d4afb1a9276b7ba473bf401ea8170e62287ca9f69d,0.08275843,0.082934,0.07732797,0.06700756,0.07331463,0.08901661,0.07650629,0.0858298
311000,nonlinear,sparse,100,400,primary,0.5,fixed,M3,0.05680861,1.216887,3.25743,0.07555988,0.07763021,0.3509892,0.1348485,1.342447,0.1525103,0.04721294,0.06446489,13.35,0.06509619,0.8965939,0.003577517,0.4925737,0.1725689,0.7025918,0.136462,20,13,78,0.7397959,0.7360406,0.7379135,78,0,0,0,1,True,732.6311,678.1193,0,56600,0,167450,712.2841,20.34695,111,7,0,0.6272869,0.01028339,2.955656,199156.1,906494464,complete,,20,0.2,8000,197,14,2,14,05c6a9dc1450d362e459bde058b821280f45163c637b27197f1c56531700885f,0.07720262,0.07627443,0.07517285,0.0643626,0.0658143,0.07607463,0.06670186,0.065694
311000,nonlinear,sparse,100,400,primary,0.5,fixed,M4,0.05680861,1.216887,3.25743,0.07555988,0.07763021,0.3509892,0.1348485,1.342447,0.1525103,0.04721294,0.06446489,13.35,0.06509619,0.8965939,0.003577517,0.4925737,0.1725689,0.7025918,0.136462,20,13,78,0.7397959,0.7360406,0.7379135,78,0,0,0,1,True,732.6311,678.1193,0,56600,0,167450,712.2841,20.34691,111,7,0,0.6272869,0.01028339,2.955656,199156.1,906494464,complete,,20,0.2,8000,197,14,2,14,05c6a9dc1450d362e459bde058b821280f45163c637b27197f1c56531700885f,0.07720262,0.07627443,0.07517285,0.0643626,0.0658143,0.07607463,0.06670186,0.065694
311000,nonlinear,sparse,100,400,primary,0.5,fixed,M5,0.05680608,1.216886,3.257411,0.07555988,0.07762698,0.3509892,0.1348485,1.342443,0.1525125,0.04721481,0.06446246,13.35,0.06509751,0.8965931,0.003578706,0.4925717,0.1725697,0.7025915,0.1364635,20,13,,,,,78,,-3.230013e-06,0,0,True,753.8269,678.1193,0,56600,0,167450,712.2841,41.54271,111,7,0,23.30149,0.3819916,5.609649,5361.374,218702336,complete,,20,0.2,8000,197,14,2,14,ddbe78482bca6759b623f0874e3ca8906ada8b8cf441d2eec16eac33b7a26fb4,0.0771993,0.07626926,0.07517276,0.06436269,0.0658147,0.07606971,0.06669762,0.06568976
311000,nonlinear,sparse,100,400,primary,0.5,fixed,fixed,0.05680861,1.216887,3.25743,0.07555988,0.07763021,0.3509892,0.1348485,1.342447,0.1525103,0.04721294,0.06446489,13.35,0.06509619,0.8965939,0.003577517,0.4925737,0.1725689,0.7025918,0.136462,20,13,78,0.7397959,0.7360406,0.7379135,78,0,0,,,,397.7051,397.7051,0,50500,0,148050,397.7051,0,100,1,0,0.6272869,0.01028339,2.955656,199156.1,906494464,complete,,20,0.2,8000,197,14,2,14,05c6a9dc1450d362e459bde058b821280f45163c637b27197f1c56531700885f,0.07720262,0.07627443,0.07517285,0.0643626,0.0658143,0.07607463,0.06670186,0.065694
311000,nonlinear,sparse,100,400,primary,0.5,fixed,oracle,0.05041784,1.167653,3.291928,0.07555988,0.04765414,0.3509892,0.1348485,1.363649,0.056999,0.04663137,0.05093563,13.35,0.04773811,0.9011465,-0.0002135107,0.5002146,0.04584809,0.7005861,0.05396481,20,13,0,1,1,1,78,78,-0.02997606,,,,263.5175,263.5175,0,54600,0,161500,263.5175,0,100,0,0,0.5936569,0.009732081,2.928404,210438,1844883456,complete,,20,0.2,8000,197,14,2,14,a1149dd0e81389139e6302efa5fc16be66788bb6b863b40a5b1aa7a28e602e14,0.04778989,0.04714961,0.04700879,0.05009372,0.04716039,0.04762684,0.05087019,0.04687251
311000,nonlinear,sparse,100,400,primary,0.5,fixed,random,0.05680861,1.216887,3.25743,0.07555988,0.07763021,0.3509892,0.1348485,1.342447,0.1525103,0.04721294,0.06446489,13.35,0.06509619,0.8965939,0.003577517,0.4925737,0.1725689,0.7025918,0.136462,20,13,78,0.7397959,0.7360406,0.7379135,78,0,0,0,1,True,600.3883,562.6351,0,53750,0,160500,578.8874,21.50093,106,7,0,0.6272869,0.01028339,2.955656,199156.1,906494464,complete,,20,0.2,8000,197,14,2,14,05c6a9dc1450d362e459bde058b821280f45163c637b27197f1c56531700885f,0.07720262,0.07627443,0.07517285,0.0643626,0.0658143,0.07607463,0.06670186,0.065694
311001,nonlinear,sparse,100,400,primary,0.2,adjusted,M0,0.0448142,,3.286394,0.06929477,0.1036854,0.3638663,0.0520202,1.369444,0.3327733,0.04386179,0.05629295,5.15,0.0783754,0.8990784,0.007813183,0.4984565,0.3674522,0.7057106,0.1598645,20,13,197,0,0,0,38,197,0.04123035,,,,0.0008345135,0.0008345135,0,0,0,0,0.0008345135,0,0,0,0,0.1090637,0.00178793,1.621641,1145459,152697856,complete,,20,0.2,8000,197,12,2,13,5638a616c8df0807c309768cec7b59d3c9203059c8623ad1ad0e90e97afb4be5,,,0.1032978,0.05753631,0.07874758,0.1084464,0.06416129,0.08511198
311001,nonlinear,sparse,100,400,primary,0.2,adjusted,M1,0.06069722,1.198565,3.150714,0.06929477,0.06401368,0.3638663,0.0520202,1.294327,0.1474162,0.04329562,0.06377942,5.15,0.05178942,0.8844339,0.002208776,0.4751988,0.1526611,0.7026522,0.08209211,20,13,38,0.8730964,0.8730964,0.8730964,38,0,0.001558591,,,,2.991678,2.991678,0,0,0,0,2.991678,0,0,0,0,9.861438,0.1616629,2.948629,12668.34,151212544,complete,,20,0.2,8000,197,12,2,13,6abbca72c55eba92725646006726b395107fec81c64e18f172941f2d2797e681,,,0.06402387,0.06432342,0.05234275,0.06313599,0.06409007,0.04984228
311001,nonlinear,sparse,100,400,primary,0.2,adjusted,M2,0.06283338,1.205875,3.264048,0.06929477,0.07824935,0.3638663,0.0520202,1.347379,0.1658393,0.04907163,0.06625697,5.15,0.05976355,0.8960822,0.003838875,0.4918413,0.168437,0.7036642,0.1067499,20,13,187,0.4472727,0.6243655,0.5211864,38,212,0.01579426,,,,1989.167,267.6495,1721.517,50500,60000,188900,1989.167,0,100,0,0,0.5970569,0.009787818,3.030965,209239.7,1836870144,valid_capped_prediction,3.460992e+33,20,0.2,8000,197,12,2,13,ab2b29f13ff550c6b257de81e646657da36bf814bf1a0f0176fd787d5ce7945d,,,0.0753563,0.06575143,0.05981767,0.087027,0.07265182,0.07726965
311001,nonlinear,sparse,100,400,primary,0.2,adjusted,M3,0.05554082,1.183688,3.278289,0.06929477,0.06245509,0.3638663,0.0520202,1.363513,0.1161169,0.04404243,0.05786833,5.15,0.05016647,0.8985889,0.002278582,0.497586,0.1189338,0.7025576,0.07828511,20,13,38,0.8730964,0.8730964,0.8730964,38,0,0,0,1,True,3748.136,3224.497,0,113800,0,343850,3583.404,164.7313,214,66,0,0.6080067,0.009967323,2.965847,205471.4,956066816,valid_capped_prediction,,20,0.2,8000,197,12,2,13,2c55a06ea30abf67583afac0e856fb52eaa30577a7430d6187248dc0a17344c3,,,0.06175747,0.05733194,0.05167548,0.06081341,0.05678245,0.04762168
311001,nonlinear,sparse,100,400,primary,0.2,adjusted,M4,0.05554082,1.183688,3.278289,0.06929477,0.06245509,0.3638663,0.0520202,1.363513,0.1161169,0.04404243,0.05786833,5.15,0.05016647,0.8985889,0.002278582,0.497586,0.1189338,0.7025576,0.07828511,20,13,38,0.8730964,0.8730964,0.8730964,38,0,0,0,1,True,3748.136,3224.497,0,113800,0,343850,3583.404,164.7313,214,66,0,0.6080067,0.009967323,2.965847,205471.4,956066816,valid_capped_prediction,,20,0.2,8000,197,12,2,13,2c55a06ea30abf67583afac0e856fb52eaa30577a7430d6187248dc0a17344c3,,,0.06175747,0.05733194,0.05167548,0.06081341,0.05678245,0.04762168
311001,nonlinear,sparse,100,400,primary,0.2,adjusted,M5,0.05552505,1.183665,3.278338,0.06929477,0.0624294,0.3638663,0.0520202,1.363556,0.1159887,0.04405809,0.05784508,5.15,0.05016363,0.8985943,0.002278064,0.4976022,0.1188057,0.7025559,0.07809273,20,13,,,,,38,,-2.56896e-05,0,0,True,3617.479,3224.497,0,113800,0,343850,3583.404,34.07428,214,66,0,16.34573,0.2679628,5.779266,7642.851,567687168,valid_capped_prediction,,20,0.2,8000,197,12,2,13,05979be9b7cf5418551c559c2c2198dd6d9906e99d14e1751eb5780f8d9d4b0c,,,0.06174388,0.05731412,0.05169138,0.06079971,0.05677039,0.04762916
311001,nonlinear,sparse,100,400,primary,0.2,adjusted,fixed,0.05554082,1.183688,3.278289,0.06929477,0.06245509,0.3638663,0.0520202,1.363513,0.1161169,0.04404243,0.05786833,5.15,0.05016647,0.8985889,0.002278582,0.497586,0.1189338,0.7025576,0.07828511,20,13,38,0.8730964,0.8730964,0.8730964,38,0,0,,,,249.6145,249.6145,0,54550,0,162600,249.6145,0,100,1,0,0.6080067,0.009967323,2.965847,205471.4,956066816,complete,,20,0.2,8000,197,12,2,13,2c55a06ea30abf67583afac0e856fb52eaa30577a7430d6187248dc0a17344c3,,,0.06175747,0.05733194,0.05167548,0.06081341,0.05678245,0.04762168
311001,nonlinear,sparse,100,400,primary,0.2,adjusted,random,0.05554082,1.183688,3.278289,0.06929477,0.06245509,0.3638663,0.0520202,1.363513,0.1161169,0.04404243,0.05786833,5.15,0.05016647,0.8985889,0.002278582,0.497586,0.1189338,0.7025576,0.07828511,20,13,38,0.8730964,0.8730964,0.8730964,38,0,0,0,1,True,2432.512,2099.477,0,91300,0,298650,2250.882,181.6302,172,72,0,0.6080067,0.009967323,2.965847,205471.4,956066816,complete,,20,0.2,8000,197,12,2,13,2c55a06ea30abf67583afac0e856fb52eaa30577a7430d6187248dc0a17344c3,,,0.06175747,0.05733194,0.05167548,0.06081341,0.05678245,0.04762168
311001,nonlinear,sparse,100,400,primary,0.2,fixed,M0,0.0448142,,3.286394,0.06929477,0.1036854,0.3638663,0.0520202,1.369444,0.3327733,0.04386179,0.05629295,5.15,0.0783754,0.8990784,0.007813183,0.4984565,0.3674522,0.7057106,0.1598645,20,13,197,0,0,0,38,197,0.04123035,,,,0.0008345135,0.0008345135,0,0,0,0,0.0008345135,0,0,0,0,0.1090637,0.00178793,1.621641,1145459,152697856,complete,,20,0.2,8000,197,12,2,13,5638a616c8df0807c309768cec7b59d3c9203059c8623ad1ad0e90e97afb4be5,,,0.1032978,0.05753631,0.07874758,0.1084464,0.06416129,0.08511198
311001,nonlinear,sparse,100,400,primary,0.2,fixed,M1,0.06069722,1.198565,3.150714,0.06929477,0.06401368,0.3638663,0.0520202,1.294327,0.1474162,0.04329562,0.06377942,5.15,0.05178942,0.8844339,0.002208776,0.4751988,0.1526611,0.7026522,0.08209211,20,13,38,0.8730964,0.8730964,0.8730964,38,0,0.001558591,,,,2.991678,2.991678,0,0,0,0,2.991678,0,0,0,0,9.861438,0.1616629,2.948629,12668.34,151212544,complete,,20,0.2,8000,197,12,2,13,6abbca72c55eba92725646006726b395107fec81c64e18f172941f2d2797e681,,,0.06402387,0.06432342,0.05234275,0.06313599,0.06409007,0.04984228
311001,nonlinear,sparse,100,400,primary,0.2,fixed,M2,0.06283338,1.205875,3.264048,0.06929477,0.07824935,0.3638663,0.0520202,1.347379,0.1658393,0.04907163,0.06625697,5.15,0.05976355,0.8960822,0.003838875,0.4918413,0.168437,0.7036642,0.1067499,20,13,187,0.4472727,0.6243655,0.5211864,38,212,0.01579426,,,,1989.167,267.6495,1721.517,50500,60000,188900,1989.167,0,100,0,0,0.5970569,0.009787818,3.030965,209239.7,1836870144,valid_capped_prediction,3.460992e+33,20,0.2,8000,197,12,2,13,ab2b29f13ff550c6b257de81e646657da36bf814bf1a0f0176fd787d5ce7945d,,,0.0753563,0.06575143,0.05981767,0.087027,0.07265182,0.07726965
311001,nonlinear,sparse,100,400,primary,0.2,fixed,M3,0.05554082,1.183688,3.278289,0.06929477,0.06245509,0.3638663,0.0520202,1.363513,0.1161169,0.04404243,0.05786833,5.15,0.05016647,0.8985889,0.002278582,0.497586,0.1189338,0.7025576,0.07828511,20,13,38,0.8730964,0.8730964,0.8730964,38,0,0,0,1,True,522.2195,468.9964,0,59400,0,176850,503.6186,18.60087,111,7,0,0.6080067,0.009967323,2.965847,205471.4,956066816,valid_capped_prediction,,20,0.2,8000,197,12,2,13,2c55a06ea30abf67583afac0e856fb52eaa30577a7430d6187248dc0a17344c3,,,0.06175747,0.05733194,0.05167548,0.06081341,0.05678245,0.04762168
311001,nonlinear,sparse,100,400,primary,0.2,fixed,M4,0.05554082,1.183688,3.278289,0.06929477,0.06245509,0.3638663,0.0520202,1.363513,0.1161169,0.04404243,0.05786833,5.15,0.05016647,0.8985889,0.002278582,0.497586,0.1189338,0.7025576,0.07828511,20,13,38,0.8730964,0.8730964,0.8730964,38,0,0,0,1,True,522.2194,468.9964,0,59400,0,176850,503.6186,18.60084,111,7,0,0.6080067,0.009967323,2.965847,205471.4,956066816,valid_capped_prediction,,20,0.2,8000,197,12,2,13,2c55a06ea30abf67583afac0e856fb52eaa30577a7430d6187248dc0a17344c3,,,0.06175747,0.05733194,0.05167548,0.06081341,0.05678245,0.04762168
311001,nonlinear,sparse,100,400,primary,0.2,fixed,M5,0.05552947,1.183674,3.278327,0.06929477,0.06244027,0.3638663,0.0520202,1.363528,0.1161193,0.04403616,0.05785768,5.15,0.05016178,0.8985943,0.002275165,0.4975968,0.1189373,0.7025568,0.07827485,20,13,,,,,38,,-1.481734e-05,0,0,True,539.0324,468.9964,0,59400,0,176850,503.6186,35.41383,111,7,0,17.55279,0.2877506,4.457231,7117.274,257934848,valid_capped_prediction,,20,0.2,8000,197,12,2,13,1ed14457b0a546a12ecf83ccfe876ebca5393be7812aaf9f4de3ac105f94deba,,,0.06175694,0.05732506,0.05167275,0.0608011,0.05677107,0.04760862
311001,nonlinear,sparse,100,400,primary,0.2,fixed,fixed,0.05554082,1.183688,3.278289,0.06929477,0.06245509,0.3638663,0.0520202,1.363513,0.1161169,0.04404243,0.05786833,5.15,0.05016647,0.8985889,0.002278582,0.497586,0.1189338,0.7025576,0.07828511,20,13,38,0.8730964,0.8730964,0.8730964,38,0,0,,,,249.6145,249.6145,0,54550,0,162600,249.6145,0,100,1,0,0.6080067,0.009967323,2.965847,205471.4,956066816,complete,,20,0.2,8000,197,12,2,13,2c55a06ea30abf67583afac0e856fb52eaa30577a7430d6187248dc0a17344c3,,,0.06175747,0.05733194,0.05167548,0.06081341,0.05678245,0.04762168
311001,nonlinear,sparse,100,400,primary,0.2,fixed,random,0.05554082,1.183688,3.278289,0.06929477,0.06245509,0.3638663,0.0520202,1.363513,0.1161169,0.04404243,0.05786833,5.15,0.05016647,0.8985889,0.002278582,0.497586,0.1189338,0.7025576,0.07828511,20,13,38,0.8730964,0.8730964,0.8730964,38,0,0,0,1,True,436.5929,401.9618,0,57600,0,174800,416.6368,19.95609,106,7,0,0.6080067,0.009967323,2.965847,205471.4,956066816,complete,,20,0.2,8000,197,12,2,13,2c55a06ea30abf67583afac0e856fb52eaa30577a7430d6187248dc0a17344c3,,,0.06175747,0.05733194,0.05167548,0.06081341,0.05678245,0.04762168
311001,nonlinear,sparse,100,400,primary,0.5,adjusted,M0,0.0448142,,3.286394,0.06929477,0.1036854,0.3638663,0.0520202,1.369444,0.3327733,0.04386179,0.05629295,5.15,0.0783754,0.8990784,0.007813183,0.4984565,0.3674522,0.7057106,0.1598645,20,13,197,0,0,0,77,197,0.02677298,,,,0.0008345135,0.0008345135,0,0,0,0,0.0008345135,0,0,0,0,0.1090637,0.00178793,1.621641,1145459,152697856,complete,,20,0.2,8000,197,12,2,13,5638a616c8df0807c309768cec7b59d3c9203059c8623ad1ad0e90e97afb4be5,,,0.1032978,0.05753631,0.07874758,0.1084464,0.06416129,0.08511198
311001,nonlinear,sparse,100,400,primary,0.5,adjusted,M1,0.06157882,1.216279,3.158984,0.06929477,0.07269335,0.3638663,0.0520202,1.297524,0.1454607,0.04455843,0.06543125,5.15,0.05759473,0.8849651,0.003342781,0.4760131,0.166384,0.703258,0.1053552,20,13,77,0.7614213,0.7614213,0.7614213,77,0,-0.004219114,,,,3.384637,3.384637,0,0,0,0,3.384637,0,0,0,0,11.08696,0.1817534,3.03837,11268.02,151211520,complete,,20,0.2,8000,197,12,2,13,c030b51e5493a42ae60c98f1c80cfa24af6a437295a6c6f71052e0b89753caf4,,,0.07220718,0.06675481,0.05892753,0.07405653,0.06923778,0.0600812
311001,nonlinear,sparse,100,400,primary,0.5,adjusted,M2,0.06283338,1.205875,3.264048,0.06929477,0.07824935,0.3638663,0.0520202,1.347379,0.1658393,0.04907163,0.06625697,5.15,0.05976355,0.8960822,0.003838875,0.4918413,0.168437,0.7036642,0.1067499,20,13,187,0.4472727,0.6243655,0.5211864,77,231,0.001336891,,,,1989.167,267.6495,1721.517,50500,60000,188900,1989.167,0,100,0,0,0.5970569,0.009787818,3.030965,209239.7,1836870144,valid_capped_prediction,3.460992e+33,20,0.2,8000,197,12,2,13,ab2b29f13ff550c6b257de81e646657da36bf814bf1a0f0176fd787d5ce7945d,,,0.0753563,0.06575143,0.05981767,0.087027,0.07265182,0.07726965
311001,nonlinear,sparse,100,400,primary,0.5,adjusted,M3,0.05948441,1.203917,3.275083,0.06929477,0.07691246,0.3638663,0.0520202,1.361394,0.1093672,0.04569017,0.06247849,5.15,0.05699977,0.8980183,0.003884408,0.4967801,0.1328418,0.703524,0.1080414,20,13,77,0.7614213,0.7614213,0.7614213,77,0,0,0,1,True,4009.985,3441.11,0,116750,0,346550,3838.352,171.633,214,72,0,0.6162798,0.01010295,3.007484,202713.1,856700416,complete,,20,0.2,8000,197,12,2,13,a444ac0258cde555f69b97fdbe13dd8a012d0d89ec519acd48a6b5a8d30b5250,,,0.07503561,0.06217408,0.05913886,0.07611918,0.06482611,0.05886514
311001,nonlinear,sparse,100,400,primary,0.5,adjusted,M4,0.05948441,1.203917,3.275083,0.06929477,0.07691246,0.3638663,0.0520202,1.361394,0.1093672,0.04569017,0.06247849,5.15,0.05699977,0.8980183,0.003884408,0.4967801,0.1328418,0.703524,0.1080414,20,13,77,0.7614213,0.7614213,0.7614213,77,0,0,0,1,True,4009.985,3441.11,0,116750,0,346550,3838.352,171.633,214,72,0,0.6162798,0.01010295,3.007484,202713.1,856700416,complete,,20,0.2,8000,197,12,2,13,a444ac0258cde555f69b97fdbe13dd8a012d0d89ec519acd48a6b5a8d30b5250,,,0.07503561,0.06217408,0.05913886,0.07611918,0.06482611,0.05886514
311001,nonlinear,sparse,100,400,primary,0.5,adjusted,M5,0.05948799,1.203865,3.275109,0.06929477,0.07687026,0.3638663,0.0520202,1.361416,0.1092172,0.04570104,0.0624773,5.15,0.05697574,0.8980239,0.003875398,0.4967892,0.1325969,0.703521,0.1080276,20,13,,,,,77,,-4.22027e-05,0,0,True,3875.533,3441.11,0,116750,0,346550,3838.352,37.18101,214,72,0,19.90724,0.3263483,5.743833,6275.505,575639552,complete,,20,0.2,8000,197,12,2,13,54716f6a8c00169931f9844d421a5ec6b0b43d4d95b83faa92250ccbabebd241,,,0.07501092,0.06216873,0.05912141,0.07610603,0.06482015,0.05886447
311001,nonlinear,sparse,100,400,primary,0.5,adjusted,fixed,0.05948441,1.203917,3.275083,0.06929477,0.07691246,0.3638663,0.0520202,1.361394,0.1093672,0.04569017,0.06247849,5.15,0.05699977,0.8980183,0.003884408,0.4967801,0.1328418,0.703524,0.1080414,20,13,77,0.7614213,0.7614213,0.7614213,77,0,0,,,,655.9547,655.9547,0,55350,0,165050,655.9547,0,100,1,0,0.6162798,0.01010295,3.007484,202713.1,856700416,complete,,20,0.2,8000,197,12,2,13,a444ac0258cde555f69b97fdbe13dd8a012d0d89ec519acd48a6b5a8d30b5250,,,0.07503561,0.06217408,0.05913886,0.07611918,0.06482611,0.05886514
311001,nonlinear,sparse,100,400,primary,0.5,adjusted,random,0.05948441,1.203917,3.275083,0.06929477,0.07691246,0.3638663,0.0520202,1.361394,0.1093672,0.04569017,0.06247849,5.15,0.05699977,0.8980183,0.003884408,0.4967801,0.1328418,0.703524,0.1080414,20,13,77,0.7614213,0.7614213,0.7614213,77,0,0,0,1,True,3017.57,2668.762,0,92400,0,297350,2847.886,169.6838,175,72,0,0.6162798,0.01010295,3.007484,202713.1,856700416,complete,,20,0.2,8000,197,12,2,13,a444ac0258cde555f69b97fdbe13dd8a012d0d89ec519acd48a6b5a8d30b5250,,,0.07503561,0.06217408,0.05913886,0.07611918,0.06482611,0.05886514
311001,nonlinear,sparse,100,400,primary,0.5,fixed,M0,0.0448142,,3.286394,0.06929477,0.1036854,0.3638663,0.0520202,1.369444,0.3327733,0.04386179,0.05629295,5.15,0.0783754,0.8990784,0.007813183,0.4984565,0.3674522,0.7057106,0.1598645,20,13,197,0,0,0,77,197,0.02677298,,,,0.0008345135,0.0008345135,0,0,0,0,0.0008345135,0,0,0,0,0.1090637,0.00178793,1.621641,1145459,152697856,complete,,20,0.2,8000,197,12,2,13,5638a616c8df0807c309768cec7b59d3c9203059c8623ad1ad0e90e97afb4be5,,,0.1032978,0.05753631,0.07874758,0.1084464,0.06416129,0.08511198
311001,nonlinear,sparse,100,400,primary,0.5,fixed,M1,0.06157882,1.216279,3.158984,0.06929477,0.07269335,0.3638663,0.0520202,1.297524,0.1454607,0.04455843,0.06543125,5.15,0.05759473,0.8849651,0.003342781,0.4760131,0.166384,0.703258,0.1053552,20,13,77,0.7614213,0.7614213,0.7614213,77,0,-0.004219114,,,,3.384637,3.384637,0,0,0,0,3.384637,0,0,0,0,11.08696,0.1817534,3.03837,11268.02,151211520,complete,,20,0.2,8000,197,12,2,13,c030b51e5493a42ae60c98f1c80cfa24af6a437295a6c6f71052e0b89753caf4,,,0.07220718,0.06675481,0.05892753,0.07405653,0.06923778,0.0600812
311001,nonlinear,sparse,100,400,primary,0.5,fixed,M2,0.06283338,1.205875,3.264048,0.06929477,0.07824935,0.3638663,0.0520202,1.347379,0.1658393,0.04907163,0.06625697,5.15,0.05976355,0.8960822,0.003838875,0.4918413,0.168437,0.7036642,0.1067499,20,13,187,0.4472727,0.6243655,0.5211864,77,231,0.001336891,,,,1989.167,267.6495,1721.517,50500,60000,188900,1989.167,0,100,0,0,0.5970569,0.009787818,3.030965,209239.7,1836870144,valid_capped_prediction,3.460992e+33,20,0.2,8000,197,12,2,13,ab2b29f13ff550c6b257de81e646657da36bf814bf1a0f0176fd787d5ce7945d,,,0.0753563,0.06575143,0.05981767,0.087027,0.07265182,0.07726965
311001,nonlinear,sparse,100,400,primary,0.5,fixed,M3,0.05948441,1.203917,3.275083,0.06929477,0.07691246,0.3638663,0.0520202,1.361394,0.1093672,0.04569017,0.06247849,5.15,0.05699977,0.8980183,0.003884408,0.4967801,0.1328418,0.703524,0.1080414,20,13,77,0.7614213,0.7614213,0.7614213,77,0,0,0,1,True,869.6349,812.0865,0,60150,0,177900,849.3248,20.31017,110,7,0,0.6162798,0.01010295,3.007484,202713.1,856700416,complete,,20,0.2,8000,197,12,2,13,a444ac0258cde555f69b97fdbe13dd8a012d0d89ec519acd48a6b5a8d30b5250,,,0.07503561,0.06217408,0.05913886,0.07611918,0.06482611,0.05886514
311001,nonlinear,sparse,100,400,primary,0.5,fixed,M4,0.05948441,1.203917,3.275083,0.06929477,0.07691246,0.3638663,0.0520202,1.361394,0.1093672,0.04569017,0.06247849,5.15,0.05699977,0.8980183,0.003884408,0.4967801,0.1328418,0.703524,0.1080414,20,13,77,0.7614213,0.7614213,0.7614213,77,0,0,0,1,True,869.6349,812.0865,0,60150,0,177900,849.3248,20.31009,110,7,0,0.6162798,0.01010295,3.007484,202713.1,856700416,complete,,20,0.2,8000,197,12,2,13,a444ac0258cde555f69b97fdbe13dd8a012d0d89ec519acd48a6b5a8d30b5250,,,0.07503561,0.06217408,0.05913886,0.07611918,0.06482611,0.05886514
311001,nonlinear,sparse,100,400,primary,0.5,fixed,M5,0.05948799,1.203865,3.275109,0.06929477,0.07687026,0.3638663,0.0520202,1.361416,0.1092172,0.04570104,0.0624773,5.15,0.05697574,0.8980239,0.003875398,0.4967892,0.1325969,0.703521,0.1080276,20,13,,,,,77,,-4.22027e-05,0,0,True,891.3774,812.0865,0,60150,0,177900,849.3248,42.05262,110,7,0,19.04548,0.3122211,4.335282,6559.455,232493056,complete,,20,0.2,8000,197,12,2,13,fc9fa1b07f27aa81089da59919dce5c1ab1402f0b8ac0449626b788c5e1ee698,,,0.07501092,0.06216873,0.05912141,0.07610603,0.06482015,0.05886447
311001,nonlinear,sparse,100,400,primary,0.5,fixed,fixed,0.05948441,1.203917,3.275083,0.06929477,0.07691246,0.3638663,0.0520202,1.361394,0.1093672,0.04569017,0.06247849,5.15,0.05699977,0.8980183,0.003884408,0.4967801,0.1328418,0.703524,0.1080414,20,13,77,0.7614213,0.7614213,0.7614213,77,0,0,,,,655.9547,655.9547,0,55350,0,165050,655.9547,0,100,1,0,0.6162798,0.01010295,3.007484,202713.1,856700416,complete,,20,0.2,8000,197,12,2,13,a444ac0258cde555f69b97fdbe13dd8a012d0d89ec519acd48a6b5a8d30b5250,,,0.07503561,0.06217408,0.05913886,0.07611918,0.06482611,0.05886514
311001,nonlinear,sparse,100,400,primary,0.5,fixed,random,0.05948441,1.203917,3.275083,0.06929477,0.07691246,0.3638663,0.0520202,1.361394,0.1093672,0.04569017,0.06247849,5.15,0.05699977,0.8980183,0.003884408,0.4967801,0.1328418,0.703524,0.1080414,20,13,77,0.7614213,0.7614213,0.7614213,77,0,0,0,1,True,867.7796,834.5926,0,59000,0,178900,849.9483,17.83129,107,7,0,0.6162798,0.01010295,3.007484,202713.1,856700416,complete,,20,0.2,8000,197,12,2,13,a444ac0258cde555f69b97fdbe13dd8a012d0d89ec519acd48a6b5a8d30b5250,,,0.07503561,0.06217408,0.05913886,0.07611918,0.06482611,0.05886514
311002,nonlinear,sparse,100,400,primary,0.2,adjusted,M0,0.04441046,,3.287915,0.07939814,0.1000872,0.3428728,0.1409091,1.36505,0.3196994,0.03839276,0.06578182,13.95,0.08606366,0.8986545,0.009658916,0.4995381,0.3458825,0.7060462,0.2151206,20,13,197,0,0,0,37,197,0.02850998,,,,0.000702763,0.000702763,0,0,0,0,0.000702763,0,0,0,0,0.1104427,0.001810535,1.620894,1131157,152697856,complete,,20,0.2,8000,197,14,2,10,256abdfa2ad29b68df9a0e88582e73f0bc2bbea5be36b80259386fc495d89139,,,0.09951714,0.06427941,0.08772119,0.105399,0.06590744,0.09285794
311002,nonlinear,sparse,100,400,primary,0.2,adjusted,M1,0.05831787,1.212027,3.15412,0.07939814,0.06812306,0.3428728,0.1409091,1.294936,0.178906,0.03904619,0.0673363,13.95,0.0578045,0.8849072,0.003744685,0.4786074,0.1727785,0.7032346,0.139946,20,13,37,0.8781726,0.8781726,0.8781726,37,0,-0.00345418,,,,2.973234,2.973234,0,0,0,0,2.973234,0,0,0,0,9.902125,0.1623299,3.045072,12616.28,151213056,complete,,20,0.2,8000,197,14,2,10,63835485d0d53d4b0af9c12cfef45c11a4518d6850cfa78b3c5b57ca08660b83,,,0.06658429,0.0652244,0.06079143,0.06746247,0.0651122,0.05712174
311002,nonlinear,sparse,100,400,primary,0.2,adjusted,M2,0.06202754,1.226094,3.251631,0.07939814,0.08444428,0.3428728,0.1409091,1.332649,0.2159896,0.05738835,0.07194038,13.95,0.07759364,0.8947537,0.006293165,0.4897952,0.227305,0.7044727,0.1220877,20,13,212,0.3655914,0.5177665,0.4285714,37,231,0.01286704,,,,2139.63,298.6067,1841.023,51850,60000,194150,2139.63,0,100,0,0,0.5894772,0.00966356,3.063401,211930.2,1355742208,valid_capped_prediction,1.846869e+33,20,0.2,8000,197,14,2,10,8bb398e8e291ae587938b6282e2414a8170c055403d799793be6f7ea70a4c77f,,,0.08225488,0.0701256,0.08035629,0.08699906,0.07183841,0.08541277
311002,nonlinear,sparse,100,400,primary,0.2,adjusted,M3,0.06011437,1.198674,3.290309,0.07939814,0.07157724,0.3428728,0.1409091,1.354589,0.1484702,0.04069463,0.06833429,13.95,0.05776656,0.899622,0.004276876,0.4974673,0.1588133,0.7035364,0.148135,20,13,37,0.8781726,0.8781726,0.8781726,37,0,0,0,1,True,3797.603,3231.446,0,114000,0,348800,3620.821,176.7821,219,72,0,0.6149526,0.01008119,3.100197,203150.6,1441538560,complete,,20,0.2,8000,197,14,2,10,4c56b0f608f87a52531f35b288624f3f15ba1331630fda9e738ed29cde76b26a,,,0.06826429,0.06426789,0.05985381,0.06827046,0.06394891,0.05360273
311002,nonlinear,sparse,100,400,primary,0.2,adjusted,M4,0.06011437,1.198674,3.290309,0.07939814,0.07157724,0.3428728,0.1409091,1.354589,0.1484702,0.04069463,0.06833429,13.95,0.05776656,0.899622,0.004276876,0.4974673,0.1588133,0.7035364,0.148135,20,13,37,0.8781726,0.8781726,0.8781726,37,0,0,0,1,True,3797.603,3231.446,0,114000,0,348800,3620.821,176.782,219,72,0,0.6149526,0.01008119,3.100197,203150.6,1441538560,complete,,20,0.2,8000,197,14,2,10,4c56b0f608f87a52531f35b288624f3f15ba1331630fda9e738ed29cde76b26a,,,0.06826429,0.06426789,0.05985381,0.06827046,0.06394891,0.05360273
311002,nonlinear,sparse,100,400,primary,0.2,adjusted,M5,0.06009313,1.198616,3.290347,0.07939814,0.07157382,0.3428728,0.1409091,1.354603,0.1485738,0.04069342,0.06832112,13.95,0.05777452,0.8996269,0.004287841,0.4974723,0.1588867,0.7035358,0.1481343,20,13,,,,,37,,-3.422052e-06,0,0,True,3657.641,3231.446,0,114000,0,348800,3620.821,36.82018,219,72,0,17.35686,0.2845387,4.578411,7197.616,635597312,complete,,20,0.2,8000,197,14,2,10,e4faf76a526096fe103a5a6775665cc58ed336be12a2cc58ef36da7d15ed13b9,,,0.0681998,0.06421682,0.05982692,0.06824528,0.06392604,0.05361347
311002,nonlinear,sparse,100,400,primary,0.2,adjusted,fixed,0.06011437,1.198674,3.290309,0.07939814,0.07157724,0.3428728,0.1409091,1.354589,0.1484702,0.04069463,0.06833429,13.95,0.05776656,0.899622,0.004276876,0.4974673,0.1588133,0.7035364,0.148135,20,13,37,0.8781726,0.8781726,0.8781726,37,0,0,,,,221.8741,221.8741,0,53650,0,159150,221.8741,0,100,1,0,0.6149526,0.01008119,3.100197,203150.6,1441538560,complete,,20,0.2,8000,197,14,2,10,4c56b0f608f87a52531f35b288624f3f15ba1331630fda9e738ed29cde76b26a,,,0.06826429,0.06426789,0.05985381,0.06827046,0.06394891,0.05360273
311002,nonlinear,sparse,100,400,primary,0.2,adjusted,random,0.06011437,1.198674,3.290309,0.07939814,0.07157724,0.3428728,0.1409091,1.354589,0.1484702,0.04069463,0.06833429,13.95,0.05776656,0.899622,0.004276876,0.4974673,0.1588133,0.7035364,0.148135,20,13,37,0.8781726,0.8781726,0.8781726,37,0,0,0,1,True,2741.012,2392.207,0,92750,0,305400,2566.024,174.9871,173,72,0,0.6149526,0.01008119,3.100197,203150.6,1441538560,complete,,20,0.2,8000,197,14,2,10,4c56b0f608f87a52531f35b288624f3f15ba1331630fda9e738ed29cde76b26a,,,0.06826429,0.06426789,0.05985381,0.06827046,0.06394891,0.05360273
311002,nonlinear,sparse,100,400,primary,0.2,fixed,M0,0.04441046,,3.287915,0.07939814,0.1000872,0.3428728,0.1409091,1.36505,0.3196994,0.03839276,0.06578182,13.95,0.08606366,0.8986545,0.009658916,0.4995381,0.3458825,0.7060462,0.2151206,20,13,197,0,0,0,37,197,0.02850998,,,,0.000702763,0.000702763,0,0,0,0,0.000702763,0,0,0,0,0.1104427,0.001810535,1.620894,1131157,152697856,complete,,20,0.2,8000,197,14,2,10,256abdfa2ad29b68df9a0e88582e73f0bc2bbea5be36b80259386fc495d89139,,,0.09951714,0.06427941,0.08772119,0.105399,0.06590744,0.09285794
311002,nonlinear,sparse,100,400,primary,0.2,fixed,M1,0.05831787,1.212027,3.15412,0.07939814,0.06812306,0.3428728,0.1409091,1.294936,0.178906,0.03904619,0.0673363,13.95,0.0578045,0.8849072,0.003744685,0.4786074,0.1727785,0.7032346,0.139946,20,13,37,0.8781726,0.8781726,0.8781726,37,0,-0.00345418,,,,2.973234,2.973234,0,0,0,0,2.973234,0,0,0,0,9.902125,0.1623299,3.045072,12616.28,151213056,complete,,20,0.2,8000,197,14,2,10,63835485d0d53d4b0af9c12cfef45c11a4518d6850cfa78b3c5b57ca08660b83,,,0.06658429,0.0652244,0.06079143,0.06746247,0.0651122,0.05712174
311002,nonlinear,sparse,100,400,primary,0.2,fixed,M2,0.06202754,1.226094,3.251631,0.07939814,0.08444428,0.3428728,0.1409091,1.332649,0.2159896,0.05738835,0.07194038,13.95,0.07759364,0.8947537,0.006293165,0.4897952,0.227305,0.7044727,0.1220877,20,13,212,0.3655914,0.5177665,0.4285714,37,231,0.01286704,,,,2139.63,298.6067,1841.023,51850,60000,194150,2139.63,0,100,0,0,0.5894772,0.00966356,3.063401,211930.2,1355742208,valid_capped_prediction,1.846869e+33,20,0.2,8000,197,14,2,10,8bb398e8e291ae587938b6282e2414a8170c055403d799793be6f7ea70a4c77f,,,0.08225488,0.0701256,0.08035629,0.08699906,0.07183841,0.08541277
311002,nonlinear,sparse,100,400,primary,0.2,fixed,M3,0.06011437,1.198674,3.290309,0.07939814,0.07157724,0.3428728,0.1409091,1.354589,0.1484702,0.04069463,0.06833429,13.95,0.05776656,0.899622,0.004276876,0.4974673,0.1588133,0.7035364,0.148135,20,13,37,0.8781726,0.8781726,0.8781726,37,0,0,0,1,True,613.486,557.3668,0,59800,0,179600,593.238,20.24799,111,7,0,0.6149526,0.01008119,3.100197,203150.6,1441538560,complete,,20,0.2,8000,197,14,2,10,4c56b0f608f87a52531f35b288624f3f15ba1331630fda9e738ed29cde76b26a,,,0.06826429,0.06426789,0.05985381,0.06827046,0.06394891,0.05360273
311002,nonlinear,sparse,100,400,primary,0.2,fixed,M4,0.06011437,1.198674,3.290309,0.07939814,0.07157724,0.3428728,0.1409091,1.354589,0.1484702,0.04069463,0.06833429,13.95,0.05776656,0.899622,0.004276876,0.4974673,0.1588133,0.7035364,0.148135,20,13,37,0.8781726,0.8781726,0.8781726,37,0,0,0,1,True,613.486,557.3668,0,59800,0,179600,593.238,20.24796,111,7,0,0.6149526,0.01008119,3.100197,203150.6,1441538560,complete,,20,0.2,8000,197,14,2,10,4c56b0f608f87a52531f35b288624f3f15ba1331630fda9e738ed29cde76b26a,,,0.06826429,0.06426789,0.05985381,0.06827046,0.06394891,0.05360273
311002,nonlinear,sparse,100,400,primary,0.2,fixed,M5,0.06010516,1.198673,3.290308,0.07939814,0.07156906,0.3428728,0.1409091,1.35459,0.1484748,0.04069367,0.06832622,13.95,0.0577659,0.8996222,0.004275563,0.4974671,0.1588014,0.7035358,0.148129,20,13,,,,,37,,-8.181483e-06,0,0,True,632.4632,557.3668,0,59800,0,179600,593.238,39.22522,111,7,0,18.63347,0.3054667,4.35966,6704.495,268510720,complete,,20,0.2,8000,197,14,2,10,ccd96a002c963fb183810da1d1e6d0c67bd4e08a8b9b2e906bf4dc773d071863,,,0.0682542,0.06425663,0.05985217,0.06826108,0.06393948,0.05360309
311002,nonlinear,sparse,100,400,primary,0.2,fixed,fixed,0.06011437,1.198674,3.290309,0.07939814,0.07157724,0.3428728,0.1409091,1.354589,0.1484702,0.04069463,0.06833429,13.95,0.05776656,0.899622,0.004276876,0.4974673,0.1588133,0.7035364,0.148135,20,13,37,0.8781726,0.8781726,0.8781726,37,0,0,,,,221.8741,221.8741,0,53650,0,159150,221.8741,0,100,1,0,0.6149526,0.01008119,3.100197,203150.6,1441538560,complete,,20,0.2,8000,197,14,2,10,4c56b0f608f87a52531f35b288624f3f15ba1331630fda9e738ed29cde76b26a,,,0.06826429,0.06426789,0.05985381,0.06827046,0.06394891,0.05360273
311002,nonlinear,sparse,100,400,primary,0.2,fixed,random,0.06011437,1.198674,3.290309,0.07939814,0.07157724,0.3428728,0.1409091,1.354589,0.1484702,0.04069463,0.06833429,13.95,0.05776656,0.899622,0.004276876,0.4974673,0.1588133,0.7035364,0.148135,20,13,37,0.8781726,0.8781726,0.8781726,37,0,0,0,1,True,469.7059,432.4673,0,57400,0,172150,449.3522,20.35369,107,7,0,0.6149526,0.01008119,3.100197,203150.6,1441538560,complete,,20,0.2,8000,197,14,2,10,4c56b0f608f87a52531f35b288624f3f15ba1331630fda9e738ed29cde76b26a,,,0.06826429,0.06426789,0.05985381,0.06827046,0.06394891,0.05360273
311002,nonlinear,sparse,100,400,primary,0.5,adjusted,M0,0.04441046,,3.287915,0.07939814,0.1000872,0.3428728,0.1409091,1.36505,0.3196994,0.03839276,0.06578182,13.95,0.08606366,0.8986545,0.009658916,0.4995381,0.3458825,0.7060462,0.2151206,20,13,197,0,0,0,86,196,0.02002546,,,,0.000702763,0.000702763,0,0,0,0,0.000702763,0,0,0,0,0.1104427,0.001810535,1.620894,1131157,152697856,complete,,20,0.2,8000,197,14,2,10,256abdfa2ad29b68df9a0e88582e73f0bc2bbea5be36b80259386fc495d89139,,,0.09951714,0.06427941,0.08772119,0.105399,0.06590744,0.09285794
311002,nonlinear,sparse,100,400,primary,0.5,adjusted,M1,0.06046009,1.242474,3.157398,0.07939814,0.07572002,0.3428728,0.1409091,1.297231,0.1813691,0.04282243,0.07078351,13.95,0.06472871,0.8849639,0.004905164,0.4790633,0.1876286,0.7037511,0.1432335,20,13,86,0.7193878,0.715736,0.7175573,86,0,-0.004341748,,,,2.885547,2.885547,0,0,0,0,2.885547,0,0,0,0,10.00298,0.1639832,3.014815,12489.08,151211008,complete,,20,0.2,8000,197,14,2,10,78cb19be8bb55f0b66cd1616f6b46f972aac23b9344cc3c1cd3d501310cf74a0,,,0.07425789,0.06935753,0.06570927,0.08168783,0.07146211,0.0735886
311002,nonlinear,sparse,100,400,primary,0.5,adjusted,M2,0.06202754,1.226094,3.251631,0.07939814,0.08444428,0.3428728,0.1409091,1.332649,0.2159896,0.05738835,0.07194038,13.95,0.07759364,0.8947537,0.006293165,0.4897952,0.227305,0.7044727,0.1220877,20,13,212,0.3655914,0.5177665,0.4285714,86,261,0.004382517,,,,2139.63,298.6067,1841.023,51850,60000,194150,2139.63,0,100,0,0,0.5894772,0.00966356,3.063401,211930.2,1355742208,valid_capped_prediction,1.846869e+33,20,0.2,8000,197,14,2,10,8bb398e8e291ae587938b6282e2414a8170c055403d799793be6f7ea70a4c77f,,,0.08225488,0.0701256,0.08035629,0.08699906,0.07183841,0.08541277
311002,nonlinear,sparse,100,400,primary,0.5,adjusted,M3,0.06250192,1.232557,3.260171,0.07939814,0.08006176,0.3428728,0.1409091,1.341929,0.1560351,0.04520894,0.07141583,13.95,0.06510096,0.8960316,0.005276397,0.4932018,0.167878,0.7040544,0.1420136,20,13,86,0.7193878,0.715736,0.7175573,86,0,0,0,1,True,3767.635,3142.718,0,107500,0,326250,3556.756,210.8793,211,72,0,0.6544529,0.01072874,3.003517,190889.2,672231936,complete,,20,0.2,8000,197,14,2,10,7dd24091f5f6cc19a359b0218fe5d542f98f31b7ebddc1f5297200226a83bfa8,,,0.07845315,0.06935208,0.06492734,0.08382712,0.07177975,0.0727566
311002,nonlinear,sparse,100,400,primary,0.5,adjusted,M4,0.06250192,1.232557,3.260171,0.07939814,0.08006176,0.3428728,0.1409091,1.341929,0.1560351,0.04520894,0.07141583,13.95,0.06510096,0.8960316,0.005276397,0.4932018,0.167878,0.7040544,0.1420136,20,13,86,0.7193878,0.715736,0.7175573,86,0,0,0,1,True,3767.635,3142.718,0,107500,0,326250,3556.756,210.8792,211,72,0,0.6544529,0.01072874,3.003517,190889.2,672231936,complete,,20,0.2,8000,197,14,2,10,7dd24091f5f6cc19a359b0218fe5d542f98f31b7ebddc1f5297200226a83bfa8,,,0.07845315,0.06935208,0.06492734,0.08382712,0.07177975,0.0727566
311002,nonlinear,sparse,100,400,primary,0.5,adjusted,M5,0.06247037,1.232435,3.260353,0.07939814,0.07996249,0.3428728,0.1409091,1.342027,0.1559043,0.04506814,0.07137532,13.95,0.06497128,0.8960634,0.005268044,0.4932334,0.1680035,0.7040451,0.1420255,20,13,,,,,86,,-9.927414e-05,0,0,True,3612.969,3142.718,0,107500,0,326250,3556.756,56.21302,211,72,0,28.34303,0.4646398,5.873162,4407.715,558479872,complete,,20,0.2,8000,197,14,2,10,34a9b17f96e5721750ea7d6289b843df449c02872dedd352dd9c19adf0f054fe,,,0.07835467,0.06931045,0.06479188,0.08380437,0.07176302,0.07274049
311002,nonlinear,sparse,100,400,primary,0.5,adjusted,fixed,0.06250192,1.232557,3.260171,0.07939814,0.08006176,0.3428728,0.1409091,1.341929,0.1560351,0.04520894,0.07141583,13.95,0.06510096,0.8960316,0.005276397,0.4932018,0.167878,0.7040544,0.1420136,20,13,86,0.7193878,0.715736,0.7175573,86,0,0,,,,533.4065,533.4065,0,52100,0,156100,533.4065,0,100,1,0,0.6544529,0.01072874,3.003517,190889.2,672231936,complete,,20,0.2,8000,197,14,2,10,7dd24091f5f6cc19a359b0218fe5d542f98f31b7ebddc1f5297200226a83bfa8,,,0.07845315,0.06935208,0.06492734,0.08382712,0.07177975,0.0727566
311002,nonlinear,sparse,100,400,primary,0.5,adjusted,random,0.06250192,1.232557,3.260171,0.07939814,0.08006176,0.3428728,0.1409091,1.341929,0.1560351,0.04520894,0.07141583,13.95,0.06510096,0.8960316,0.005276397,0.4932018,0.167878,0.7040544,0.1420136,20,13,86,0.7193878,0.715736,0.7175573,86,0,0,0,1,True,2900.715,2522.614,0,88700,0,287400,2720.008,180.7071,171,72,0,0.6544529,0.01072874,3.003517,190889.2,672231936,complete,,20,0.2,8000,197,14,2,10,7dd24091f5f6cc19a359b0218fe5d542f98f31b7ebddc1f5297200226a83bfa8,,,0.07845315,0.06935208,0.06492734,0.08382712,0.07177975,0.0727566
311002,nonlinear,sparse,100,400,primary,0.5,fixed,M0,0.04441046,,3.287915,0.07939814,0.1000872,0.3428728,0.1409091,1.36505,0.3196994,0.03839276,0.06578182,13.95,0.08606366,0.8986545,0.009658916,0.4995381,0.3458825,0.7060462,0.2151206,20,13,197,0,0,0,86,196,0.02002546,,,,0.000702763,0.000702763,0,0,0,0,0.000702763,0,0,0,0,0.1104427,0.001810535,1.620894,1131157,152697856,complete,,20,0.2,8000,197,14,2,10,256abdfa2ad29b68df9a0e88582e73f0bc2bbea5be36b80259386fc495d89139,,,0.09951714,0.06427941,0.08772119,0.105399,0.06590744,0.09285794
311002,nonlinear,sparse,100,400,primary,0.5,fixed,M1,0.06046009,1.242474,3.157398,0.07939814,0.07572002,0.3428728,0.1409091,1.297231,0.1813691,0.04282243,0.07078351,13.95,0.06472871,0.8849639,0.004905164,0.4790633,0.1876286,0.7037511,0.1432335,20,13,86,0.7193878,0.715736,0.7175573,86,0,-0.004341748,,,,2.885547,2.885547,0,0,0,0,2.885547,0,0,0,0,10.00298,0.1639832,3.014815,12489.08,151211008,complete,,20,0.2,8000,197,14,2,10,78cb19be8bb55f0b66cd1616f6b46f972aac23b9344cc3c1cd3d501310cf74a0,,,0.07425789,0.06935753,0.06570927,0.08168783,0.07146211,0.0735886
311002,nonlinear,sparse,100,400,primary,0.5,fixed,M2,0.06202754,1.226094,3.251631,0.07939814,0.08444428,0.3428728,0.1409091,1.332649,0.2159896,0.05738835,0.07194038,13.95,0.07759364,0.8947537,0.006293165,0.4897952,0.227305,0.7044727,0.1220877,20,13,212,0.3655914,0.5177665,0.4285714,86,261,0.004382517,,,,2139.63,298.6067,1841.023,51850,60000,194150,2139.63,0,100,0,0,0.5894772,0.00966356,3.063401,211930.2,1355742208,valid_capped_prediction,1.846869e+33,20,0.2,8000,197,14,2,10,8bb398e8e291ae587938b6282e2414a8170c055403d799793be6f7ea70a4c77f,,,0.08225488,0.0701256,0.08035629,0.08699906,0.07183841,0.08541277
311002,nonlinear,sparse,100,400,primary,0.5,fixed,M3,0.06250192,1.232557,3.260171,0.07939814,0.08006176,0.3428728,0.1409091,1.341929,0.1560351,0.04520894,0.07141583,13.95,0.06510096,0.8960316,0.005276397,0.4932018,0.167878,0.7040544,0.1420136,20,13,86,0.7193878,0.715736,0.7175573,86,0,0,0,1,True,748.4362,686.9389,0,55650,0,165950,725.8558,22.58044,109,7,0,0.6544529,0.01072874,3.003517,190889.2,672231936,complete,,20,0.2,8000,197,14,2,10,7dd24091f5f6cc19a359b0218fe5d542f98f31b7ebddc1f5297200226a83bfa8,,,0.07845315,0.06935208,0.06492734,0.08382712,0.07177975,0.0727566
311002,nonlinear,sparse,100,400,primary,0.5,fixed,M4,0.06250192,1.232557,3.260171,0.07939814,0.08006176,0.3428728,0.1409091,1.341929,0.1560351,0.04520894,0.07141583,13.95,0.06510096,0.8960316,0.005276397,0.4932018,0.167878,0.7040544,0.1420136,20,13,86,0.7193878,0.715736,0.7175573,86,0,0,0,1,True,748.4362,686.9389,0,55650,0,165950,725.8558,22.5804,109,7,0,0.6544529,0.01072874,3.003517,190889.2,672231936,complete,,20,0.2,8000,197,14,2,10,7dd24091f5f6cc19a359b0218fe5d542f98f31b7ebddc1f5297200226a83bfa8,,,0.07845315,0.06935208,0.06492734,0.08382712,0.07177975,0.0727566
311002,nonlinear,sparse,100,400,primary,0.5,fixed,M5,0.06250125,1.232555,3.260171,0.07939814,0.08005952,0.3428728,0.1409091,1.341922,0.1560352,0.0452062,0.07141444,13.95,0.06509867,0.8960319,0.005273402,0.4931993,0.1678765,0.7040543,0.1420082,20,13,,,,,86,,-2.243742e-06,0,0,True,781.6255,686.9389,0,55650,0,165950,725.8558,55.7697,109,7,0,28.54054,0.4678778,4.30964,4377.212,223856128,complete,,20,0.2,8000,197,14,2,10,e377e00ccb06dda67a9a152f4be30e7a2eba7f272ff019eaf0b0d746f2d2b659,,,0.07845188,0.06934712,0.06492733,0.08382866,0.07177942,0.0727575
311002,nonlinear,sparse,100,400,primary,0.5,fixed,fixed,0.06250192,1.232557,3.260171,0.07939814,0.08006176,0.3428728,0.1409091,1.341929,0.1560351,0.04520894,0.07141583,13.95,0.06510096,0.8960316,0.005276397,0.4932018,0.167878,0.7040544,0.1420136,20,13,86,0.7193878,0.715736,0.7175573,86,0,0,,,,533.4065,533.4065,0,52100,0,156100,533.4065,0,100,1,0,0.6544529,0.01072874,3.003517,190889.2,672231936,complete,,20,0.2,8000,197,14,2,10,7dd24091f5f6cc19a359b0218fe5d542f98f31b7ebddc1f5297200226a83bfa8,,,0.07845315,0.06935208,0.06492734,0.08382712,0.07177975,0.0727566
311002,nonlinear,sparse,100,400,primary,0.5,fixed,random,0.06250192,1.232557,3.260171,0.07939814,0.08006176,0.3428728,0.1409091,1.341929,0.1560351,0.04520894,0.07141583,13.95,0.06510096,0.8960316,0.005276397,0.4932018,0.167878,0.7040544,0.1420136,20,13,86,0.7193878,0.715736,0.7175573,86,0,0,0,1,True,718.9425,676.2671,0,54700,0,165450,696.1461,22.79644,106,7,0,0.6544529,0.01072874,3.003517,190889.2,672231936,complete,,20,0.2,8000,197,14,2,10,7dd24091f5f6cc19a359b0218fe5d542f98f31b7ebddc1f5297200226a83bfa8,,,0.07845315,0.06935208,0.06492734,0.08382712,0.07177975,0.0727566
311003,nonlinear,sparse,100,400,primary,0.2,adjusted,M0,0.04356939,,3.281741,0.09915,0.1185773,0.3574792,0.2262626,1.368011,0.3244656,0.04443218,0.07461829,22.4,0.1066674,0.8981159,0.01346971,0.4992222,0.3546382,0.7060553,0.2468618,20,17,197,0,0,0,34,197,0.04485583,,,,0.0009206086,0.0009206086,0,0,0,0,0.0009206086,0,0,0,0,0.1140815,0.001870189,1.721562,1095077,152697856,complete,,20,0.2,8000,197,16,2,12,d4f8e37738237fa871711bbf598ce05650515b5a89d0d36f9660304ac9ad5a31,,,0.1202219,0.07784239,0.1102027,0.104264,0.0607545,0.08547006
311003,nonlinear,sparse,100,400,primary,0.2,adjusted,M1,0.06547184,1.194499,3.12362,0.09915,0.07821258,0.3574792,0.2262626,1.282311,0.1179089,0.04494806,0.07612293,22.4,0.06672987,0.8815521,0.005451918,0.4736343,0.1093077,0.7018751,0.155476,20,17,34,0.8883249,0.8883249,0.8883249,34,0,0.004491084,,,,3.302173,3.302173,0,0,0,0,3.302173,0,0,0,0,10.25547,0.1681225,3.205296,12181.59,151212544,complete,,20,0.2,8000,197,16,2,12,b790b11157457587c006c9f6d3438025c2cc587bb8a9a46fca91c3a0330be4f3,,,0.07627888,0.07659527,0.0691176,0.07126197,0.0711318,0.05933233
311003,nonlinear,sparse,100,400,primary,0.2,adjusted,M2,0.07576797,1.216507,3.247474,0.09915,0.1065321,0.3574792,0.2262626,1.331524,0.1681242,0.06870603,0.09231888,22.4,0.09753099,0.8937865,0.01223455,0.4875116,0.1706948,0.7052434,0.238528,20,17,221,0.3546099,0.5076142,0.4175365,34,236,0.03281057,,,,2023.869,258.0199,1765.849,51000,60000,195150,2023.869,0,100,0,0,0.6103114,0.01000511,3.264575,204695.5,1650283520,valid_capped_prediction,2.977062e+33,20,0.2,8000,197,16,2,12,fbe88d7d31857b83edfca977ed3ce364180ad269d4337db875a4c51f02ee69bf,,,0.09948589,0.08712308,0.09851439,0.09101295,0.07688642,0.07973328
311003,nonlinear,sparse,100,400,primary,0.2,adjusted,M3,0.05943412,1.180196,3.261879,0.09915,0.0737215,0.3574792,0.2262626,1.338173,0.08098656,0.04593188,0.06765616,22.4,0.06444279,0.897294,0.004662419,0.4919764,0.07655913,0.7014757,0.142704,20,17,34,0.8883249,0.8883249,0.8883249,34,0,0,0,1,True,3828.354,3299.739,0,115000,0,351450,3669.421,158.9332,219,69,0,0.6220628,0.01019775,3.134569,200828.6,1146726400,valid_capped_prediction,,20,0.2,8000,197,16,2,12,0b7a02ab7c8890173713f923ac68aec1027162e0916c4d804f8038bcaea7b1f9,,,0.07108392,0.0668573,0.0656845,0.0673509,0.06310442,0.0577826
311003,nonlinear,sparse,100,400,primary,0.2,adjusted,M4,0.05943412,1.180196,3.261879,0.09915,0.0737215,0.3574792,0.2262626,1.338173,0.08098656,0.04593188,0.06765616,22.4,0.06444279,0.897294,0.004662419,0.4919764,0.07655913,0.7014757,0.142704,20,17,34,0.8883249,0.8883249,0.8883249,34,0,0,0,1,True,3828.354,3299.739,0,115000,0,351450,3669.421,158.9331,219,69,0,0.6220628,0.01019775,3.134569,200828.6,1146726400,valid_capped_prediction,,20,0.2,8000,197,16,2,12,0b7a02ab7c8890173713f923ac68aec1027162e0916c4d804f8038bcaea7b1f9,,,0.07108392,0.0668573,0.0656845,0.0673509,0.06310442,0.0577826
311003,nonlinear,sparse,100,400,primary,0.2,adjusted,M5,0.05935682,1.180027,3.262507,0.09915,0.07337479,0.3574792,0.2262626,1.338286,0.08072602,0.04559336,0.06747636,22.4,0.06394606,0.8973746,0.004621037,0.4920129,0.07608434,0.7014407,0.142727,20,17,,,,,34,,-0.0003467014,0,0,True,3704.446,3299.739,0,115000,0,351450,3669.421,35.0257,219,69,0,18.94308,0.3105422,4.641177,6594.916,602778624,valid_capped_prediction,,20,0.2,8000,197,16,2,12,4139f3a6d4d4af1a4ae0ecb534ab0c95264f5fc7d399c3eb3d589d694211f17d,,,0.07079263,0.06666878,0.06509577,0.0673065,0.0630625,0.05766519
311003,nonlinear,sparse,100,400,primary,0.2,adjusted,fixed,0.05943412,1.180196,3.261879,0.09915,0.0737215,0.3574792,0.2262626,1.338173,0.08098656,0.04593188,0.06765616,22.4,0.06444279,0.897294,0.004662419,0.4919764,0.07655913,0.7014757,0.142704,20,17,34,0.8883249,0.8883249,0.8883249,34,0,0,,,,253.9289,253.9289,0,53200,0,160300,253.9289,0,100,1,0,0.6220628,0.01019775,3.134569,200828.6,1146726400,complete,,20,0.2,8000,197,16,2,12,0b7a02ab7c8890173713f923ac68aec1027162e0916c4d804f8038bcaea7b1f9,,,0.07108392,0.0668573,0.0656845,0.0673509,0.06310442,0.0577826
311003,nonlinear,sparse,100,400,primary,0.2,adjusted,random,0.05943412,1.180196,3.261879,0.09915,0.0737215,0.3574792,0.2262626,1.338173,0.08098656,0.04593188,0.06765616,22.4,0.06444279,0.897294,0.004662419,0.4919764,0.07655913,0.7014757,0.142704,20,17,34,0.8883249,0.8883249,0.8883249,34,0,0,0,1,True,2684.623,2351.77,0,90900,0,301650,2517.094,167.5287,171,72,0,0.6220628,0.01019775,3.134569,200828.6,1146726400,complete,,20,0.2,8000,197,16,2,12,0b7a02ab7c8890173713f923ac68aec1027162e0916c4d804f8038bcaea7b1f9,,,0.07108392,0.0668573,0.0656845,0.0673509,0.06310442,0.0577826
311003,nonlinear,sparse,100,400,primary,0.2,fixed,M0,0.04356939,,3.281741,0.09915,0.1185773,0.3574792,0.2262626,1.368011,0.3244656,0.04443218,0.07461829,22.4,0.1066674,0.8981159,0.01346971,0.4992222,0.3546382,0.7060553,0.2468618,20,17,197,0,0,0,34,197,0.04485583,,,,0.0009206086,0.0009206086,0,0,0,0,0.0009206086,0,0,0,0,0.1140815,0.001870189,1.721562,1095077,152697856,complete,,20,0.2,8000,197,16,2,12,d4f8e37738237fa871711bbf598ce05650515b5a89d0d36f9660304ac9ad5a31,,,0.1202219,0.07784239,0.1102027,0.104264,0.0607545,0.08547006
311003,nonlinear,sparse,100,400,primary,0.2,fixed,M1,0.06547184,1.194499,3.12362,0.09915,0.07821258,0.3574792,0.2262626,1.282311,0.1179089,0.04494806,0.07612293,22.4,0.06672987,0.8815521,0.005451918,0.4736343,0.1093077,0.7018751,0.155476,20,17,34,0.8883249,0.8883249,0.8883249,34,0,0.004491084,,,,3.302173,3.302173,0,0,0,0,3.302173,0,0,0,0,10.25547,0.1681225,3.205296,12181.59,151212544,complete,,20,0.2,8000,197,16,2,12,b790b11157457587c006c9f6d3438025c2cc587bb8a9a46fca91c3a0330be4f3,,,0.07627888,0.07659527,0.0691176,0.07126197,0.0711318,0.05933233
311003,nonlinear,sparse,100,400,primary,0.2,fixed,M2,0.07576797,1.216507,3.247474,0.09915,0.1065321,0.3574792,0.2262626,1.331524,0.1681242,0.06870603,0.09231888,22.4,0.09753099,0.8937865,0.01223455,0.4875116,0.1706948,0.7052434,0.238528,20,17,221,0.3546099,0.5076142,0.4175365,34,236,0.03281057,,,,2023.869,258.0199,1765.849,51000,60000,195150,2023.869,0,100,0,0,0.6103114,0.01000511,3.264575,204695.5,1650283520,valid_capped_prediction,2.977062e+33,20,0.2,8000,197,16,2,12,fbe88d7d31857b83edfca977ed3ce364180ad269d4337db875a4c51f02ee69bf,,,0.09948589,0.08712308,0.09851439,0.09101295,0.07688642,0.07973328
311003,nonlinear,sparse,100,400,primary,0.2,fixed,M3,0.05943412,1.180196,3.261879,0.09915,0.0737215,0.3574792,0.2262626,1.338173,0.08098656,0.04593188,0.06765616,22.4,0.06444279,0.897294,0.004662419,0.4919764,0.07655913,0.7014757,0.142704,20,17,34,0.8883249,0.8883249,0.8883249,34,0,0,0,1,True,555.7012,505.2904,0,58050,0,175050,538.4734,17.2278,111,7,0,0.6220628,0.01019775,3.134569,200828.6,1146726400,valid_capped_prediction,,20,0.2,8000,197,16,2,12,0b7a02ab7c8890173713f923ac68aec1027162e0916c4d804f8038bcaea7b1f9,,,0.07108392,0.0668573,0.0656845,0.0673509,0.06310442,0.0577826
311003,nonlinear,sparse,100,400,primary,0.2,fixed,M4,0.05943412,1.180196,3.261879,0.09915,0.0737215,0.3574792,0.2262626,1.338173,0.08098656,0.04593188,0.06765616,22.4,0.06444279,0.897294,0.004662419,0.4919764,0.07655913,0.7014757,0.142704,20,17,34,0.8883249,0.8883249,0.8883249,34,0,0,0,1,True,555.7012,505.2904,0,58050,0,175050,538.4734,17.22777,111,7,0,0.6220628,0.01019775,3.134569,200828.6,1146726400,valid_capped_prediction,,20,0.2,8000,197,16,2,12,0b7a02ab7c8890173713f923ac68aec1027162e0916c4d804f8038bcaea7b1f9,,,0.07108392,0.0668573,0.0656845,0.0673509,0.06310442,0.0577826
311003,nonlinear,sparse,100,400,primary,0.2,fixed,M5,0.05944421,1.180199,3.261912,0.09915,0.07374618,0.3574792,0.2262626,1.338169,0.08100943,0.04601248,0.06767297,22.4,0.06449367,0.8972994,0.004660301,0.4919722,0.07652617,0.7014779,0.1427142,20,17,,,,,34,,2.468433e-05,0,0,True,572.5434,505.2904,0,58050,0,175050,538.4734,34.06995,111,7,0,18.69626,0.3064961,6.139903,6681.977,273663488,valid_capped_prediction,,20,0.2,8000,197,16,2,12,a0d5b2687b446295afcf666e7506983e88ae0528e57a8763f6f1bed7dd4befe8,,,0.07106057,0.06684102,0.065704,0.06736103,0.06311213,0.057805
311003,nonlinear,sparse,100,400,primary,0.2,fixed,fixed,0.05943412,1.180196,3.261879,0.09915,0.0737215,0.3574792,0.2262626,1.338173,0.08098656,0.04593188,0.06765616,22.4,0.06444279,0.897294,0.004662419,0.4919764,0.07655913,0.7014757,0.142704,20,17,34,0.8883249,0.8883249,0.8883249,34,0,0,,,,253.9289,253.9289,0,53200,0,160300,253.9289,0,100,1,0,0.6220628,0.01019775,3.134569,200828.6,1146726400,complete,,20,0.2,8000,197,16,2,12,0b7a02ab7c8890173713f923ac68aec1027162e0916c4d804f8038bcaea7b1f9,,,0.07108392,0.0668573,0.0656845,0.0673509,0.06310442,0.0577826
311003,nonlinear,sparse,100,400,primary,0.2,fixed,random,0.05943412,1.180196,3.261879,0.09915,0.0737215,0.3574792,0.2262626,1.338173,0.08098656,0.04593188,0.06765616,22.4,0.06444279,0.897294,0.004662419,0.4919764,0.07655913,0.7014757,0.142704,20,17,34,0.8883249,0.8883249,0.8883249,34,0,0,0,1,True,464.8689,430.1767,0,56200,0,169750,447.2998,17.56913,106,7,0,0.6220628,0.01019775,3.134569,200828.6,1146726400,complete,,20,0.2,8000,197,16,2,12,0b7a02ab7c8890173713f923ac68aec1027162e0916c4d804f8038bcaea7b1f9,,,0.07108392,0.0668573,0.0656845,0.0673509,0.06310442,0.0577826
311003,nonlinear,sparse,100,400,primary,0.5,adjusted,M0,0.04356939,,3.281741,0.09915,0.1185773,0.3574792,0.2262626,1.368011,0.3244656,0.04443218,0.07461829,22.4,0.1066674,0.8981159,0.01346971,0.4992222,0.3546382,0.7060553,0.2468618,20,17,197,0,0,0,76,197,0.03846034,,,,0.0009206086,0.0009206086,0,0,0,0,0.0009206086,0,0,0,0,0.1140815,0.001870189,1.721562,1095077,152697856,complete,,20,0.2,8000,197,16,2,12,d4f8e37738237fa871711bbf598ce05650515b5a89d0d36f9660304ac9ad5a31,,,0.1202219,0.07784239,0.1102027,0.104264,0.0607545,0.08547006
311003,nonlinear,sparse,100,400,primary,0.5,adjusted,M1,0.06600863,1.212428,3.134308,0.09915,0.08610166,0.3574792,0.2262626,1.285748,0.141033,0.04494201,0.08033906,22.4,0.07402652,0.8825654,0.00716587,0.4739968,0.1383852,0.702737,0.1917086,20,17,76,0.751269,0.751269,0.751269,76,0,0.005984667,,,,2.911246,2.911246,0,0,0,0,2.911246,0,0,0,0,10.83308,0.1775914,3.255081,11532.09,151212032,complete,,20,0.2,8000,197,16,2,12,c74b2b88975312df6f9868817c4e6a3f3ede6ac1f4e04349c7e4c1cd50b35af0,,,0.08171864,0.07918653,0.07620077,0.07858172,0.07376985,0.06728205
311003,nonlinear,sparse,100,400,primary,0.5,adjusted,M2,0.07576797,1.216507,3.247474,0.09915,0.1065321,0.3574792,0.2262626,1.331524,0.1681242,0.06870603,0.09231888,22.4,0.09753099,0.8937865,0.01223455,0.4875116,0.1706948,0.7052434,0.238528,20,17,221,0.3546099,0.5076142,0.4175365,76,257,0.02641508,,,,2023.869,258.0199,1765.849,51000,60000,195150,2023.869,0,100,0,0,0.6103114,0.01000511,3.264575,204695.5,1650283520,valid_capped_prediction,2.977062e+33,20,0.2,8000,197,16,2,12,fbe88d7d31857b83edfca977ed3ce364180ad269d4337db875a4c51f02ee69bf,,,0.09948589,0.08712308,0.09851439,0.09101295,0.07688642,0.07973328
311003,nonlinear,sparse,100,400,primary,0.5,adjusted,M3,0.05621823,1.200696,3.259689,0.09915,0.08011699,0.3574792,0.2262626,1.342917,0.1006613,0.04623499,0.06922475,22.4,0.07211353,0.8969115,0.00606523,0.4929974,0.1052279,0.7021913,0.1797465,20,17,76,0.751269,0.751269,0.751269,76,0,0,0,1,True,3733.94,3109.106,0,107150,0,327050,3520.607,213.3333,213,72,0,0.6420196,0.01052491,3.178966,194586,760378880,complete,,20,0.2,8000,197,16,2,12,391b9304ac6030b2c431b2e833784a6ad4058fe9cace398768d53016cfb9f5a4,,,0.07556765,0.06767795,0.072972,0.07440602,0.06457389,0.06711956
311003,nonlinear,sparse,100,400,primary,0.5,adjusted,M4,0.05621823,1.200696,3.259689,0.09915,0.08011699,0.3574792,0.2262626,1.342917,0.1006613,0.04623499,0.06922475,22.4,0.07211353,0.8969115,0.00606523,0.4929974,0.1052279,0.7021913,0.1797465,20,17,76,0.751269,0.751269,0.751269,76,0,0,0,1,True,3733.94,3109.106,0,107150,0,327050,3520.607,213.3331,213,72,0,0.6420196,0.01052491,3.178966,194586,760378880,complete,,20,0.2,8000,197,16,2,12,391b9304ac6030b2c431b2e833784a6ad4058fe9cace398768d53016cfb9f5a4,,,0.07556765,0.06767795,0.072972,0.07440602,0.06457389,0.06711956
311003,nonlinear,sparse,100,400,primary,0.5,adjusted,M5,0.05604598,1.200682,3.260038,0.09915,0.07991539,0.3574792,0.2262626,1.343077,0.1006031,0.04613736,0.06902047,22.4,0.07197947,0.8969729,0.006042025,0.4930435,0.1053123,0.702165,0.177771,20,17,,,,,76,,-0.0002016017,0,0,True,3577.03,3109.106,0,107150,0,327050,3520.607,56.42301,213,72,0,24.26761,0.3978297,6.137964,5147.931,572484096,complete,,20,0.2,8000,197,16,2,12,f99da36efba06620f91c497e332300092fa680f6b76ceaf0ed9f18bd6b24169a,,,0.0754481,0.06752272,0.07270308,0.07431413,0.06444567,0.06698021
311003,nonlinear,sparse,100,400,primary,0.5,adjusted,fixed,0.05621823,1.200696,3.259689,0.09915,0.08011699,0.3574792,0.2262626,1.342917,0.1006613,0.04623499,0.06922475,22.4,0.07211353,0.8969115,0.00606523,0.4929974,0.1052279,0.7021913,0.1797465,20,17,76,0.751269,0.751269,0.751269,76,0,0,,,,413.7633,413.7633,0,52600,0,158550,413.7633,0,100,1,0,0.6420196,0.01052491,3.178966,194586,760378880,complete,,20,0.2,8000,197,16,2,12,391b9304ac6030b2c431b2e833784a6ad4058fe9cace398768d53016cfb9f5a4,,,0.07556765,0.06767795,0.072972,0.07440602,0.06457389,0.06711956
311003,nonlinear,sparse,100,400,primary,0.5,adjusted,random,0.05621823,1.200696,3.259689,0.09915,0.08011699,0.3574792,0.2262626,1.342917,0.1006613,0.04623499,0.06922475,22.4,0.07211353,0.8969115,0.00606523,0.4929974,0.1052279,0.7021913,0.1797465,20,17,76,0.751269,0.751269,0.751269,76,0,0,0,1,True,2728.049,2341.598,0,88950,0,294950,2515.782,212.2677,172,72,0,0.6420196,0.01052491,3.178966,194586,760378880,complete,,20,0.2,8000,197,16,2,12,391b9304ac6030b2c431b2e833784a6ad4058fe9cace398768d53016cfb9f5a4,,,0.07556765,0.06767795,0.072972,0.07440602,0.06457389,0.06711956
311003,nonlinear,sparse,100,400,primary,0.5,fixed,M0,0.04356939,,3.281741,0.09915,0.1185773,0.3574792,0.2262626,1.368011,0.3244656,0.04443218,0.07461829,22.4,0.1066674,0.8981159,0.01346971,0.4992222,0.3546382,0.7060553,0.2468618,20,17,197,0,0,0,76,197,0.03846034,,,,0.0009206086,0.0009206086,0,0,0,0,0.0009206086,0,0,0,0,0.1140815,0.001870189,1.721562,1095077,152697856,complete,,20,0.2,8000,197,16,2,12,d4f8e37738237fa871711bbf598ce05650515b5a89d0d36f9660304ac9ad5a31,,,0.1202219,0.07784239,0.1102027,0.104264,0.0607545,0.08547006
311003,nonlinear,sparse,100,400,primary,0.5,fixed,M1,0.06600863,1.212428,3.134308,0.09915,0.08610166,0.3574792,0.2262626,1.285748,0.141033,0.04494201,0.08033906,22.4,0.07402652,0.8825654,0.00716587,0.4739968,0.1383852,0.702737,0.1917086,20,17,76,0.751269,0.751269,0.751269,76,0,0.005984667,,,,2.911246,2.911246,0,0,0,0,2.911246,0,0,0,0,10.83308,0.1775914,3.255081,11532.09,151212032,complete,,20,0.2,8000,197,16,2,12,c74b2b88975312df6f9868817c4e6a3f3ede6ac1f4e04349c7e4c1cd50b35af0,,,0.08171864,0.07918653,0.07620077,0.07858172,0.07376985,0.06728205
311003,nonlinear,sparse,100,400,primary,0.5,fixed,M2,0.07576797,1.216507,3.247474,0.09915,0.1065321,0.3574792,0.2262626,1.331524,0.1681242,0.06870603,0.09231888,22.4,0.09753099,0.8937865,0.01223455,0.4875116,0.1706948,0.7052434,0.238528,20,17,221,0.3546099,0.5076142,0.4175365,76,257,0.02641508,,,,2023.869,258.0199,1765.849,51000,60000,195150,2023.869,0,100,0,0,0.6103114,0.01000511,3.264575,204695.5,1650283520,valid_capped_prediction,2.977062e+33,20,0.2,8000,197,16,2,12,fbe88d7d31857b83edfca977ed3ce364180ad269d4337db875a4c51f02ee69bf,,,0.09948589,0.08712308,0.09851439,0.09101295,0.07688642,0.07973328
311003,nonlinear,sparse,100,400,primary,0.5,fixed,M3,0.05621823,1.200696,3.259689,0.09915,0.08011699,0.3574792,0.2262626,1.342917,0.1006613,0.04623499,0.06922475,22.4,0.07211353,0.8969115,0.00606523,0.4929974,0.1052279,0.7021913,0.1797465,20,17,76,0.751269,0.751269,0.751269,76,0,0,0,1,True,717.2859,655.5055,0,57950,0,175100,691.8669,25.41895,111,7,0,0.6420196,0.01052491,3.178966,194586,760378880,complete,,20,0.2,8000,197,16,2,12,391b9304ac6030b2c431b2e833784a6ad4058fe9cace398768d53016cfb9f5a4,,,0.07556765,0.06767795,0.072972,0.07440602,0.06457389,0.06711956
311003,nonlinear,sparse,100,400,primary,0.5,fixed,M4,0.05621823,1.200696,3.259689,0.09915,0.08011699,0.3574792,0.2262626,1.342917,0.1006613,0.04623499,0.06922475,22.4,0.07211353,0.8969115,0.00606523,0.4929974,0.1052279,0.7021913,0.1797465,20,17,76,0.751269,0.751269,0.751269,76,0,0,0,1,True,717.2858,655.5055,0,57950,0,175100,691.8669,25.41891,111,7,0,0.6420196,0.01052491,3.178966,194586,760378880,complete,,20,0.2,8000,197,16,2,12,391b9304ac6030b2c431b2e833784a6ad4058fe9cace398768d53016cfb9f5a4,,,0.07556765,0.06767795,0.072972,0.07440602,0.06457389,0.06711956
311003,nonlinear,sparse,100,400,primary,0.5,fixed,M5,0.05620841,1.200688,3.25965,0.09915,0.08010177,0.3574792,0.2262626,1.342945,0.1006476,0.04622136,0.06921114,22.4,0.0720843,0.8969058,0.006059848,0.493008,0.1051956,0.7021901,0.1797527,20,17,,,,,76,,-1.522135e-05,0,0,True,741.2461,655.5055,0,57950,0,175100,691.8669,49.37917,111,7,0,28.22409,0.46269,6.591342,4426.29,243301376,complete,,20,0.2,8000,197,16,2,12,7f28b6b9b7082041036f0571645afbf28f1f79b7fe21e5600deed5480947cfb2,,,0.07555505,0.0676654,0.07296329,0.07440433,0.06456429,0.06712293
311003,nonlinear,sparse,100,400,primary,0.5,fixed,fixed,0.05621823,1.200696,3.259689,0.09915,0.08011699,0.3574792,0.2262626,1.342917,0.1006613,0.04623499,0.06922475,22.4,0.07211353,0.8969115,0.00606523,0.4929974,0.1052279,0.7021913,0.1797465,20,17,76,0.751269,0.751269,0.751269,76,0,0,,,,413.7633,413.7633,0,52600,0,158550,413.7633,0,100,1,0,0.6420196,0.01052491,3.178966,194586,760378880,complete,,20,0.2,8000,197,16,2,12,391b9304ac6030b2c431b2e833784a6ad4058fe9cace398768d53016cfb9f5a4,,,0.07556765,0.06767795,0.072972,0.07440602,0.06457389,0.06711956
311003,nonlinear,sparse,100,400,primary,0.5,fixed,random,0.05621823,1.200696,3.259689,0.09915,0.08011699,0.3574792,0.2262626,1.342917,0.1006613,0.04623499,0.06922475,22.4,0.07211353,0.8969115,0.00606523,0.4929974,0.1052279,0.7021913,0.1797465,20,17,76,0.751269,0.751269,0.751269,76,0,0,0,1,True,638.1202,597.7634,0,55900,0,170150,614.9247,23.19557,106,7,0,0.6420196,0.01052491,3.178966,194586,760378880,complete,,20,0.2,8000,197,16,2,12,391b9304ac6030b2c431b2e833784a6ad4058fe9cace398768d53016cfb9f5a4,,,0.07556765,0.06767795,0.072972,0.07440602,0.06457389,0.06711956
311004,nonlinear,sparse,100,400,primary,0.2,adjusted,M0,0.0438504,,3.284549,0.07513368,0.09805521,0.3767699,0.1333333,1.365439,0.3553579,0.04375521,0.05989749,13.2,0.08219476,0.8981236,0.007530974,0.4984905,0.3672422,0.7067732,0.1608009,20,14,197,0,0,0,36,197,0.03081643,,,,0.0007863119,0.0007863119,0,0,0,0,0.0007863119,0,0,0,0,0.1336917,0.002191667,1.807711,934448.4,152697856,complete,,20,0.2,8000,197,12,2,12,6fe1880454e683f8a18a90748db7b5a07aa94af945db2f9a9d48e60f1e9caf11,,,0.09846623,0.05864213,0.07926516,0.1001545,0.06065645,0.07951406
311004,nonlinear,sparse,100,400,primary,0.2,adjusted,M1,0.06360371,1.202101,3.141429,0.07513368,0.06907847,0.3767699,0.1333333,1.2889,0.1644778,0.04777715,0.06891885,13.2,0.06003735,0.8827869,0.00190744,0.4744555,0.1552149,0.7043044,0.09183174,20,14,36,0.8781726,0.8781726,0.8781726,36,0,0.001839684,,,,2.846155,2.846155,0,0,0,0,2.846155,0,0,0,0,10.31655,0.1691238,3.022469,12109.47,151213056,complete,,20,0.2,8000,197,12,2,12,8e85cb642118ebb296f29e33ed9c97575ff4830584ebba05b9194cab75b53c50,,,0.06690409,0.0660528,0.05496766,0.06634562,0.06602573,0.05616654
311004,nonlinear,sparse,100,400,primary,0.2,adjusted,M2,0.06870743,1.221541,3.251788,0.07513368,0.08164685,0.3767699,0.1333333,1.334533,0.1875448,0.06397127,0.07147321,13.2,0.07428674,0.8941419,0.004213947,0.4887264,0.2002887,0.7055176,0.142005,20,14,211,0.381295,0.5380711,0.4463158,36,230,0.01440807,,,,2040.777,269.7335,1771.044,50300,60000,190600,2040.777,0,100,0,0,0.5895544,0.009664826,3.232412,211902.4,1258810880,valid_capped_prediction,1.635236e+33,20,0.2,8000,197,12,2,12,97f136f8727e32557300e059934930145035a47af9acc57357605160fa048213,,,0.07812281,0.06833022,0.06995453,0.07825628,0.06807698,0.06924475
311004,nonlinear,sparse,100,400,primary,0.2,adjusted,M3,0.05724112,1.186477,3.273374,0.07513368,0.06723878,0.3767699,0.1333333,1.347851,0.1318703,0.05047036,0.06171126,13.2,0.05983892,0.8972738,0.002137825,0.4935752,0.128683,0.7042778,0.09354839,20,14,36,0.8781726,0.8781726,0.8781726,36,0,0,0,1,True,3719.93,3218.435,0,114000,0,339950,3581.471,138.4588,214,66,0,0.6186495,0.0101418,3.093065,201936.6,953423360,valid_capped_prediction,,20,0.2,8000,197,12,2,12,b20c71e2aa56097cf3277fef72222197205ead478aab9856bf2b22637a2b36c0,,,0.06242174,0.05720704,0.05486117,0.0620893,0.05770079,0.05331525
311004,nonlinear,sparse,100,400,primary,0.2,adjusted,M4,0.05724112,1.186477,3.273374,0.07513368,0.06723878,0.3767699,0.1333333,1.347851,0.1318703,0.05047036,0.06171126,13.2,0.05983892,0.8972738,0.002137825,0.4935752,0.128683,0.7042778,0.09354839,20,14,36,0.8781726,0.8781726,0.8781726,36,0,0,0,1,True,3719.93,3218.435,0,114000,0,339950,3581.471,138.4587,214,66,0,0.6186495,0.0101418,3.093065,201936.6,953423360,valid_capped_prediction,,20,0.2,8000,197,12,2,12,b20c71e2aa56097cf3277fef72222197205ead478aab9856bf2b22637a2b36c0,,,0.06242174,0.05720704,0.05486117,0.0620893,0.05770079,0.05331525
311004,nonlinear,sparse,100,400,primary,0.2,adjusted,M5,0.0571925,1.186429,3.273511,0.07513368,0.06718453,0.3767699,0.1333333,1.34789,0.1318567,0.05041211,0.06166145,13.2,0.05978738,0.8972898,0.002114625,0.4935914,0.1286738,0.7042722,0.093523,20,14,,,,,36,,-5.425736e-05,0,0,True,3612.476,3218.435,0,114000,0,339950,3581.471,31.00513,214,66,0,17.36257,0.2846322,6.1809,7195.25,567546368,valid_capped_prediction,,20,0.2,8000,197,12,2,12,323863f389a42db1b9c7059eb48d307970a6a2373e13e8894df51a7eeba21fe7,,,0.06237535,0.05717578,0.05482795,0.06206901,0.05768777,0.05332076
311004,nonlinear,sparse,100,400,primary,0.2,adjusted,fixed,0.05724112,1.186477,3.273374,0.07513368,0.06723878,0.3767699,0.1333333,1.347851,0.1318703,0.05047036,0.06171126,13.2,0.05983892,0.8972738,0.002137825,0.4935752,0.128683,0.7042778,0.09354839,20,14,36,0.8781726,0.8781726,0.8781726,36,0,0,,,,229.9715,229.9715,0,53900,0,160700,229.9715,0,100,1,0,0.6186495,0.0101418,3.093065,201936.6,953423360,complete,,20,0.2,8000,197,12,2,12,b20c71e2aa56097cf3277fef72222197205ead478aab9856bf2b22637a2b36c0,,,0.06242174,0.05720704,0.05486117,0.0620893,0.05770079,0.05331525
311004,nonlinear,sparse,100,400,primary,0.2,adjusted,random,0.05724112,1.186477,3.273374,0.07513368,0.06723878,0.3767699,0.1333333,1.347851,0.1318703,0.05047036,0.06171126,13.2,0.05983892,0.8972738,0.002137825,0.4935752,0.128683,0.7042778,0.09354839,20,14,36,0.8781726,0.8781726,0.8781726,36,0,0,0,1,True,2693.176,2364.841,0,93300,0,305350,2530.352,162.8242,172,72,0,0.6186495,0.0101418,3.093065,201936.6,953423360,complete,,20,0.2,8000,197,12,2,12,b20c71e2aa56097cf3277fef72222197205ead478aab9856bf2b22637a2b36c0,,,0.06242174,0.05720704,0.05486117,0.0620893,0.05770079,0.05331525
311004,nonlinear,sparse,100,400,primary,0.2,fixed,M0,0.0438504,,3.284549,0.07513368,0.09805521,0.3767699,0.1333333,1.365439,0.3553579,0.04375521,0.05989749,13.2,0.08219476,0.8981236,0.007530974,0.4984905,0.3672422,0.7067732,0.1608009,20,14,197,0,0,0,36,197,0.03081643,,,,0.0007863119,0.0007863119,0,0,0,0,0.0007863119,0,0,0,0,0.1336917,0.002191667,1.807711,934448.4,152697856,complete,,20,0.2,8000,197,12,2,12,6fe1880454e683f8a18a90748db7b5a07aa94af945db2f9a9d48e60f1e9caf11,,,0.09846623,0.05864213,0.07926516,0.1001545,0.06065645,0.07951406
311004,nonlinear,sparse,100,400,primary,0.2,fixed,M1,0.06360371,1.202101,3.141429,0.07513368,0.06907847,0.3767699,0.1333333,1.2889,0.1644778,0.04777715,0.06891885,13.2,0.06003735,0.8827869,0.00190744,0.4744555,0.1552149,0.7043044,0.09183174,20,14,36,0.8781726,0.8781726,0.8781726,36,0,0.001839684,,,,2.846155,2.846155,0,0,0,0,2.846155,0,0,0,0,10.31655,0.1691238,3.022469,12109.47,151213056,complete,,20,0.2,8000,197,12,2,12,8e85cb642118ebb296f29e33ed9c97575ff4830584ebba05b9194cab75b53c50,,,0.06690409,0.0660528,0.05496766,0.06634562,0.06602573,0.05616654
311004,nonlinear,sparse,100,400,primary,0.2,fixed,M2,0.06870743,1.221541,3.251788,0.07513368,0.08164685,0.3767699,0.1333333,1.334533,0.1875448,0.06397127,0.07147321,13.2,0.07428674,0.8941419,0.004213947,0.4887264,0.2002887,0.7055176,0.142005,20,14,211,0.381295,0.5380711,0.4463158,36,230,0.01440807,,,,2040.777,269.7335,1771.044,50300,60000,190600,2040.777,0,100,0,0,0.5895544,0.009664826,3.232412,211902.4,1258810880,valid_capped_prediction,1.635236e+33,20,0.2,8000,197,12,2,12,97f136f8727e32557300e059934930145035a47af9acc57357605160fa048213,,,0.07812281,0.06833022,0.06995453,0.07825628,0.06807698,0.06924475
311004,nonlinear,sparse,100,400,primary,0.2,fixed,M3,0.05724112,1.186477,3.273374,0.07513368,0.06723878,0.3767699,0.1333333,1.347851,0.1318703,0.05047036,0.06171126,13.2,0.05983892,0.8972738,0.002137825,0.4935752,0.128683,0.7042778,0.09354839,20,14,36,0.8781726,0.8781726,0.8781726,36,0,0,0,1,True,557.7979,504.4124,0,59350,0,177300,540.1241,17.67379,111,7,0,0.6186495,0.0101418,3.093065,201936.6,953423360,valid_capped_prediction,,20,0.2,8000,197,12,2,12,b20c71e2aa56097cf3277fef72222197205ead478aab9856bf2b22637a2b36c0,,,0.06242174,0.05720704,0.05486117,0.0620893,0.05770079,0.05331525
311004,nonlinear,sparse,100,400,primary,0.2,fixed,M4,0.05724112,1.186477,3.273374,0.07513368,0.06723878,0.3767699,0.1333333,1.347851,0.1318703,0.05047036,0.06171126,13.2,0.05983892,0.8972738,0.002137825,0.4935752,0.128683,0.7042778,0.09354839,20,14,36,0.8781726,0.8781726,0.8781726,36,0,0,0,1,True,557.7979,504.4124,0,59350,0,177300,540.1241,17.67376,111,7,0,0.6186495,0.0101418,3.093065,201936.6,953423360,valid_capped_prediction,,20,0.2,8000,197,12,2,12,b20c71e2aa56097cf3277fef72222197205ead478aab9856bf2b22637a2b36c0,,,0.06242174,0.05720704,0.05486117,0.0620893,0.05770079,0.05331525
311004,nonlinear,sparse,100,400,primary,0.2,fixed,M5,0.05724108,1.186477,3.27337,0.07513368,0.06723842,0.3767699,0.1333333,1.347847,0.1318704,0.05047068,0.06171086,13.2,0.05983904,0.8972733,0.002139018,0.4935754,0.1286835,0.7042777,0.09354549,20,14,,,,,36,,-3.59118e-07,0,0,True,567.6376,504.4124,0,59350,0,177300,540.1241,27.51352,111,7,0,18.70597,0.3066553,4.565242,6678.508,255823360,valid_capped_prediction,,20,0.2,8000,197,12,2,12,b994218b76f5b2b6937ec0a7955f166e9eb8f2eecb6cf7128891831f357a538c,,,0.06242171,0.05720647,0.05486058,0.06208839,0.05770036,0.05331496
311004,nonlinear,sparse,100,400,primary,0.2,fixed,fixed,0.05724112,1.186477,3.273374,0.07513368,0.06723878,0.3767699,0.1333333,1.347851,0.1318703,0.05047036,0.06171126,13.2,0.05983892,0.8972738,0.002137825,0.4935752,0.128683,0.7042778,0.09354839,20,14,36,0.8781726,0.8781726,0.8781726,36,0,0,,,,229.9715,229.9715,0,53900,0,160700,229.9715,0,100,1,0,0.6186495,0.0101418,3.093065,201936.6,953423360,complete,,20,0.2,8000,197,12,2,12,b20c71e2aa56097cf3277fef72222197205ead478aab9856bf2b22637a2b36c0,,,0.06242174,0.05720704,0.05486117,0.0620893,0.05770079,0.05331525
311004,nonlinear,sparse,100,400,primary,0.2,fixed,random,0.05724112,1.186477,3.273374,0.07513368,0.06723878,0.3767699,0.1333333,1.347851,0.1318703,0.05047036,0.06171126,13.2,0.05983892,0.8972738,0.002137825,0.4935752,0.128683,0.7042778,0.09354839,20,14,36,0.8781726,0.8781726,0.8781726,36,0,0,0,1,True,484.6886,447.6484,0,57300,0,171200,468.8201,15.86852,106,7,0,0.6186495,0.0101418,3.093065,201936.6,953423360,complete,,20,0.2,8000,197,12,2,12,b20c71e2aa56097cf3277fef72222197205ead478aab9856bf2b22637a2b36c0,,,0.06242174,0.05720704,0.05486117,0.0620893,0.05770079,0.05331525
311004,nonlinear,sparse,100,400,primary,0.5,adjusted,M0,0.0438504,,3.284549,0.07513368,0.09805521,0.3767699,0.1333333,1.365439,0.3553579,0.04375521,0.05989749,13.2,0.08219476,0.8981236,0.007530974,0.4984905,0.3672422,0.7067732,0.1608009,20,14,197,0,0,0,75,198,0.02423924,,,,0.0007863119,0.0007863119,0,0,0,0,0.0007863119,0,0,0,0,0.1336917,0.002191667,1.807711,934448.4,152697856,complete,,20,0.2,8000,197,12,2,12,6fe1880454e683f8a18a90748db7b5a07aa94af945db2f9a9d48e60f1e9caf11,,,0.09846623,0.05864213,0.07926516,0.1001545,0.06065645,0.07951406
311004,nonlinear,sparse,100,400,primary,0.5,adjusted,M1,0.06631525,1.227465,3.139919,0.07513368,0.07442451,0.3767699,0.1333333,1.28783,0.1268262,0.04929925,0.07193657,13.2,0.06375012,0.8821484,0.003126903,0.4738799,0.1229251,0.704762,0.103465,20,14,75,0.7626263,0.7664975,0.764557,75,0,0.0006085424,,,,2.759254,2.759254,0,0,0,0,2.759254,0,0,0,0,10.04429,0.1646605,3.034532,12437.71,151210496,complete,,20,0.2,8000,197,12,2,12,88429bb3e1eb36b4ca19bbf167176c4809f9ef19bbe069bd9167798517ceebbd,,,0.07282878,0.06916781,0.05899268,0.07541064,0.07115814,0.06332112
311004,nonlinear,sparse,100,400,primary,0.5,adjusted,M2,0.06870743,1.221541,3.251788,0.07513368,0.08164685,0.3767699,0.1333333,1.334533,0.1875448,0.06397127,0.07147321,13.2,0.07428674,0.8941419,0.004213947,0.4887264,0.2002887,0.7055176,0.142005,20,14,211,0.381295,0.5380711,0.4463158,75,255,0.007830883,,,,2040.777,269.7335,1771.044,50300,60000,190600,2040.777,0,100,0,0,0.5895544,0.009664826,3.232412,211902.4,1258810880,valid_capped_prediction,1.635236e+33,20,0.2,8000,197,12,2,12,97f136f8727e32557300e059934930145035a47af9acc57357605160fa048213,,,0.07812281,0.06833022,0.06995453,0.07825628,0.06807698,0.06924475
311004,nonlinear,sparse,100,400,primary,0.5,adjusted,M3,0.06138735,1.214371,3.260129,0.07513368,0.07381597,0.3767699,0.1333333,1.338342,0.09593621,0.05346888,0.06540434,13.2,0.06568376,0.8954121,0.003160354,0.4903954,0.1054849,0.7047272,0.1193603,20,14,75,0.7626263,0.7664975,0.764557,75,0,0,0,1,True,4206.951,3660.06,0,118250,0,360050,4046.693,160.2582,220,72,0,0.6255333,0.01025464,3.077045,199714.4,754270720,complete,,20,0.2,8000,197,12,2,12,fd7dd4e6a967a0c777c08dd431faf608bcddac1504f02256f847e70b6092046b,,,0.07182496,0.06303352,0.06136573,0.07389584,0.06396159,0.06283781
311004,nonlinear,sparse,100,400,primary,0.5,adjusted,M4,0.06138735,1.214371,3.260129,0.07513368,0.07381597,0.3767699,0.1333333,1.338342,0.09593621,0.05346888,0.06540434,13.2,0.06568376,0.8954121,0.003160354,0.4903954,0.1054849,0.7047272,0.1193603,20,14,75,0.7626263,0.7664975,0.764557,75,0,0,0,1,True,4206.951,3660.06,0,118250,0,360050,4046.693,160.2581,220,72,0,0.6255333,0.01025464,3.077045,199714.4,754270720,complete,,20,0.2,8000,197,12,2,12,fd7dd4e6a967a0c777c08dd431faf608bcddac1504f02256f847e70b6092046b,,,0.07182496,0.06303352,0.06136573,0.07389584,0.06396159,0.06283781
311004,nonlinear,sparse,100,400,primary,0.5,adjusted,M5,0.06131193,1.214293,3.260115,0.07513368,0.07370202,0.3767699,0.1333333,1.338406,0.09591799,0.05338579,0.06533317,13.2,0.06559011,0.8954151,0.00313586,0.4904129,0.1053904,0.7047187,0.1193576,20,14,,,,,75,,-0.0001139497,0,0,True,4081.192,3660.06,0,118250,0,360050,4046.693,34.49865,220,72,0,21.01589,0.3445228,5.807023,5944.454,559905280,complete,,20,0.2,8000,197,12,2,12,b5545dbf5a405512135e69244885eda0bcda7d1fd650073e2bf94495bc929d47,,,0.07173966,0.06296051,0.06132046,0.07379081,0.06390047,0.06277799
311004,nonlinear,sparse,100,400,primary,0.5,adjusted,fixed,0.06138735,1.214371,3.260129,0.07513368,0.07381597,0.3767699,0.1333333,1.338342,0.09593621,0.05346888,0.06540434,13.2,0.06568376,0.8954121,0.003160354,0.4903954,0.1054849,0.7047272,0.1193603,20,14,75,0.7626263,0.7664975,0.764557,75,0,0,,,,593.0521,593.0521,0,52100,0,155850,593.0521,0,100,1,0,0.6255333,0.01025464,3.077045,199714.4,754270720,complete,,20,0.2,8000,197,12,2,12,fd7dd4e6a967a0c777c08dd431faf608bcddac1504f02256f847e70b6092046b,,,0.07182496,0.06303352,0.06136573,0.07389584,0.06396159,0.06283781
311004,nonlinear,sparse,100,400,primary,0.5,adjusted,random,0.06138735,1.214371,3.260129,0.07513368,0.07381597,0.3767699,0.1333333,1.338342,0.09593621,0.05346888,0.06540434,13.2,0.06568376,0.8954121,0.003160354,0.4903954,0.1054849,0.7047272,0.1193603,20,14,75,0.7626263,0.7664975,0.764557,75,0,0,0,1,True,2877.537,2548.367,0,89900,0,287900,2712.567,164.9703,174,72,0,0.6255333,0.01025464,3.077045,199714.4,754270720,complete,,20,0.2,8000,197,12,2,12,fd7dd4e6a967a0c777c08dd431faf608bcddac1504f02256f847e70b6092046b,,,0.07182496,0.06303352,0.06136573,0.07389584,0.06396159,0.06283781
311004,nonlinear,sparse,100,400,primary,0.5,fixed,M0,0.0438504,,3.284549,0.07513368,0.09805521,0.3767699,0.1333333,1.365439,0.3553579,0.04375521,0.05989749,13.2,0.08219476,0.8981236,0.007530974,0.4984905,0.3672422,0.7067732,0.1608009,20,14,197,0,0,0,75,198,0.02423924,,,,0.0007863119,0.0007863119,0,0,0,0,0.0007863119,0,0,0,0,0.1336917,0.002191667,1.807711,934448.4,152697856,complete,,20,0.2,8000,197,12,2,12,6fe1880454e683f8a18a90748db7b5a07aa94af945db2f9a9d48e60f1e9caf11,,,0.09846623,0.05864213,0.07926516,0.1001545,0.06065645,0.07951406
311004,nonlinear,sparse,100,400,primary,0.5,fixed,M1,0.06631525,1.227465,3.139919,0.07513368,0.07442451,0.3767699,0.1333333,1.28783,0.1268262,0.04929925,0.07193657,13.2,0.06375012,0.8821484,0.003126903,0.4738799,0.1229251,0.704762,0.103465,20,14,75,0.7626263,0.7664975,0.764557,75,0,0.0006085424,,,,2.759254,2.759254,0,0,0,0,2.759254,0,0,0,0,10.04429,0.1646605,3.034532,12437.71,151210496,complete,,20,0.2,8000,197,12,2,12,88429bb3e1eb36b4ca19bbf167176c4809f9ef19bbe069bd9167798517ceebbd,,,0.07282878,0.06916781,0.05899268,0.07541064,0.07115814,0.06332112
311004,nonlinear,sparse,100,400,primary,0.5,fixed,M2,0.06870743,1.221541,3.251788,0.07513368,0.08164685,0.3767699,0.1333333,1.334533,0.1875448,0.06397127,0.07147321,13.2,0.07428674,0.8941419,0.004213947,0.4887264,0.2002887,0.7055176,0.142005,20,14,211,0.381295,0.5380711,0.4463158,75,255,0.007830883,,,,2040.777,269.7335,1771.044,50300,60000,190600,2040.777,0,100,0,0,0.5895544,0.009664826,3.232412,211902.4,1258810880,valid_capped_prediction,1.635236e+33,20,0.2,8000,197,12,2,12,97f136f8727e32557300e059934930145035a47af9acc57357605160fa048213,,,0.07812281,0.06833022,0.06995453,0.07825628,0.06807698,0.06924475
311004,nonlinear,sparse,100,400,primary,0.5,fixed,M3,0.06138735,1.214371,3.260129,0.07513368,0.07381597,0.3767699,0.1333333,1.338342,0.09593621,0.05346888,0.06540434,13.2,0.06568376,0.8954121,0.003160354,0.4903954,0.1054849,0.7047272,0.1193603,20,14,75,0.7626263,0.7664975,0.764557,75,0,0,0,1,True,922.6773,871.4236,0,57600,0,174350,905.7762,16.90108,111,7,0,0.6255333,0.01025464,3.077045,199714.4,754270720,complete,,20,0.2,8000,197,12,2,12,fd7dd4e6a967a0c777c08dd431faf608bcddac1504f02256f847e70b6092046b,,,0.07182496,0.06303352,0.06136573,0.07389584,0.06396159,0.06283781
311004,nonlinear,sparse,100,400,primary,0.5,fixed,M4,0.06138735,1.214371,3.260129,0.07513368,0.07381597,0.3767699,0.1333333,1.338342,0.09593621,0.05346888,0.06540434,13.2,0.06568376,0.8954121,0.003160354,0.4903954,0.1054849,0.7047272,0.1193603,20,14,75,0.7626263,0.7664975,0.764557,75,0,0,0,1,True,922.6773,871.4236,0,57600,0,174350,905.7762,16.90104,111,7,0,0.6255333,0.01025464,3.077045,199714.4,754270720,complete,,20,0.2,8000,197,12,2,12,fd7dd4e6a967a0c777c08dd431faf608bcddac1504f02256f847e70b6092046b,,,0.07182496,0.06303352,0.06136573,0.07389584,0.06396159,0.06283781
311004,nonlinear,sparse,100,400,primary,0.5,fixed,M5,0.06135486,1.214339,3.260203,0.07513368,0.07379806,0.3767699,0.1333333,1.338302,0.09595965,0.05344917,0.06539193,13.2,0.0656823,0.8954299,0.003161494,0.4903912,0.1054843,0.7047261,0.1193456,20,14,,,,,75,,-1.79084e-05,0,0,True,942.0119,871.4236,0,57600,0,174350,905.7762,36.23566,111,7,0,22.56819,0.3699703,4.312047,5535.579,231621120,complete,,20,0.2,8000,197,12,2,12,2c1e5431ccf59d3d6329cee079ac8c5af46a8ffc8b980d7426ba02b4535eed95,,,0.07180377,0.06301606,0.06136952,0.07387532,0.0639462,0.0628407
311004,nonlinear,sparse,100,400,primary,0.5,fixed,fixed,0.06138735,1.214371,3.260129,0.07513368,0.07381597,0.3767699,0.1333333,1.338342,0.09593621,0.05346888,0.06540434,13.2,0.06568376,0.8954121,0.003160354,0.4903954,0.1054849,0.7047272,0.1193603,20,14,75,0.7626263,0.7664975,0.764557,75,0,0,,,,593.0521,593.0521,0,52100,0,155850,593.0521,0,100,1,0,0.6255333,0.01025464,3.077045,199714.4,754270720,complete,,20,0.2,8000,197,12,2,12,fd7dd4e6a967a0c777c08dd431faf608bcddac1504f02256f847e70b6092046b,,,0.07182496,0.06303352,0.06136573,0.07389584,0.06396159,0.06283781
311004,nonlinear,sparse,100,400,primary,0.5,fixed,random,0.06138735,1.214371,3.260129,0.07513368,0.07381597,0.3767699,0.1333333,1.338342,0.09593621,0.05346888,0.06540434,13.2,0.06568376,0.8954121,0.003160354,0.4903954,0.1054849,0.7047272,0.1193603,20,14,75,0.7626263,0.7664975,0.764557,75,0,0,0,1,True,821.4701,788.0852,0,56100,0,168800,804.6495,16.82062,108,7,0,0.6255333,0.01025464,3.077045,199714.4,754270720,complete,,20,0.2,8000,197,12,2,12,fd7dd4e6a967a0c777c08dd431faf608bcddac1504f02256f847e70b6092046b,,,0.07182496,0.06303352,0.06136573,0.07389584,0.06396159,0.06283781
320200,heteroscedastic,sparse,20,400,primary,0.2,adjusted,M0,0.05011042,,3.282596,0.1685561,0.1902033,0.2815226,0.5263158,1.344962,0.2383995,0.05725043,0.1327278,10,0.170369,0.8939081,0.03607938,0.4907034,0.2757931,0.7094266,0.3045985,4,3,37,0,0,0,7,37,0.06665142,,,,0.001963995,0.001963995,0,0,0,0,0.001963995,0,0,0,0,0.007136056,0.0005489274,0.3258842,3730912,83243520,complete,,4,0.2,1600,37,10,2,6,838b342236efe32fb744fd9c3122023871fc6b6e0a869540c6b708897b098ef8,0.180314,0.1732044,0.1811658,0.1317611,0.1670006,0.1318494,0.07186203,0.09009034
320200,heteroscedastic,sparse,20,400,primary,0.2,adjusted,M1,0.08073088,1.274236,3.192626,0.1685561,0.1229779,0.2815226,0.5263158,1.305688,0.1572747,0.05823693,0.1267384,10,0.1116363,0.8854788,0.02214248,0.4795179,0.1532122,0.7019944,0.2683527,4,3,7,0.8648649,0.8648649,0.8648649,7,0,-0.0005739983,,,,0.291011,0.291011,0,0,0,0,0.291011,0,0,0,0,0.1244156,0.009570428,0.3816395,213992.5,82946560,complete,,4,0.2,1600,37,10,2,6,e61236577b5339ec71a3675ee0e9696eef5a624a5f42cfc46d88f54562330ab4,0.1190383,0.1089987,0.1086656,0.1146902,0.1094817,0.0881408,0.08599066,0.06773458
320200,heteroscedastic,sparse,20,400,primary,0.2,adjusted,M2,0.1061633,1.356194,3.285699,0.1685561,0.2001309,0.2815226,0.5263158,1.359035,0.2754696,0.06644925,0.1780765,10,0.1725447,0.8903809,0.04391114,0.4916542,0.2763817,0.7136967,0.3436975,4,3,64,0.1730769,0.2432432,0.2022472,7,66,0.07657901,,,,1830.848,120.8874,1709.961,7300,60000,25550,1830.848,0,20,0,0,0.04726952,0.003636117,0.5203741,563238.2,212320256,valid_capped_prediction,0.2974063,4,0.2,1600,37,10,2,6,117597f50981382150a7a91dab2ae6543b6634906540c140d4bde8f15fb40b35,0.1940549,0.1834296,0.1559924,0.1427919,0.1634936,0.1327855,0.1116778,0.1236621
320200,heteroscedastic,sparse,20,400,primary,0.2,adjusted,M3,0.08388483,1.26199,3.292404,0.1685561,0.09663442,0.2815226,0.5263158,1.35505,0.1041551,0.05970782,0.09723251,10,0.08352948,0.8985339,0.0104079,0.4992676,0.1066707,0.697121,0.1772653,4,3,5,0.9189189,0.9189189,0.9189189,7,2,-0.02691747,0,0,True,757.1851,708.9698,0,22500,0,65100,739.1465,18.03861,56,24,1,0.0603622,0.004643246,0.5171486,441070.7,109112832,complete,,4,0.2,1600,37,10,2,6,a524cf646cbeb81691beb3c598accb957bd92bfd7ce0e1f95abd38f2164f2341,0.09262657,0.09416017,0.07978577,0.08009192,0.06790272,0.08203037,0.07694996,0.06991702
320200,heteroscedastic,sparse,20,400,primary,0.2,adjusted,M4,0.08388483,1.26199,3.292404,0.1685561,0.09663442,0.2815226,0.5263158,1.35505,0.1041551,0.05970782,0.09723251,10,0.08352948,0.8985339,0.0104079,0.4992676,0.1066707,0.697121,0.1772653,4,3,5,0.9189189,0.9189189,0.9189189,7,2,-0.02691747,0,0,True,757.1851,708.9698,0,22500,0,65100,739.1465,18.03858,56,24,1,0.0603622,0.004643246,0.5171486,441070.7,109112832,complete,,4,0.2,1600,37,10,2,6,a524cf646cbeb81691beb3c598accb957bd92bfd7ce0e1f95abd38f2164f2341,0.09262657,0.09416017,0.07978577,0.08009192,0.06790272,0.08203037,0.07694996,0.06991702
320200,heteroscedastic,sparse,20,400,primary,0.2,adjusted,M5,0.08517352,1.264289,3.291794,0.1685561,0.1118207,0.2815226,0.5263158,1.348769,0.1237288,0.05972047,0.110089,10,0.09888342,0.8970819,0.01579107,0.495734,0.1285978,0.6993838,0.2262473,4,3,,,,,7,,-0.01173118,0,0,True,745.9816,708.9698,0,22500,0,65100,739.1465,6.835101,56,24,1,2.132725,0.1640557,0.9368284,12483.56,105153536,complete,,4,0.2,1600,37,10,2,6,1e4fb55e53bd2f45cf39d2020ac62dcee180247329fc8b351233d6a64cb10de1,0.1052414,0.1016366,0.09748954,0.09889703,0.09042464,0.08419156,0.07854184,0.06729343
320200,heteroscedastic,sparse,20,400,primary,0.2,adjusted,fixed,0.08570272,1.268285,3.286628,0.1685561,0.1235519,0.2815226,0.5263158,1.343219,0.1342828,0.05986221,0.1204503,10,0.1128127,0.8952701,0.0210608,0.4924445,0.1464791,0.7018669,0.266792,4,3,7,0.8648649,0.8648649,0.8648649,7,0,0,,,,108.6661,108.6661,0,7650,0,21800,108.6661,0,20,1,0,0.07603792,0.005849071,0.5432859,350141.1,92407808,complete,,4,0.2,1600,37,10,2,6,bad5cf7dd196fa32b3a8b9257172652a4563010257aa90b491c07bcc126590fc,0.1164674,0.1097038,0.1136879,0.1145798,0.1100945,0.08805417,0.08172368,0.06757675
320200,heteroscedastic,sparse,20,400,primary,0.2,adjusted,oracle,0.08121731,1.251823,3.259803,0.1685561,0.07124544,0.2815226,0.5263158,1.346764,0.09794326,0.05929004,0.07945301,10,0.05919282,0.8962338,0.005857882,0.4986572,0.08947366,0.6943719,0.08221616,4,3,0,1,1,1,7,7,-0.05230645,,,,69.76811,69.76811,0,7550,0,21700,69.76811,0,20,0,0,0.05505375,0.004234904,0.4900984,483600.1,149068800,complete,,4,0.2,1600,37,10,2,6,013b828b10d5ca5b29a830d5df1ed4e380fd6b1f9876c4448074bde3a10eca3a,0.0712285,0.07145226,0.06427046,0.06886099,0.04780136,0.06228052,0.07072708,0.05054087
320200,heteroscedastic,sparse,20,400,primary,0.2,adjusted,random,0.08570272,1.268285,3.286628,0.1685561,0.1235519,0.2815226,0.5263158,1.343219,0.1342828,0.05986221,0.1204503,10,0.1128127,0.8952701,0.0210608,0.4924445,0.1464791,0.7018669,0.266792,4,3,7,0.8648649,0.8648649,0.8648649,7,0,0,0,1,True,529.4933,500.0106,0,16400,0,52900,514.6971,14.79621,45,24,0,0.07603792,0.005849071,0.5432859,350141.1,105186304,complete,,4,0.2,1600,37,10,2,6,bad5cf7dd196fa32b3a8b9257172652a4563010257aa90b491c07bcc126590fc,0.1164674,0.1097038,0.1136879,0.1145798,0.1100945,0.08805417,0.08172368,0.06757675
320200,heteroscedastic,sparse,20,400,primary,0.2,fixed,M0,0.05011042,,3.282596,0.1685561,0.1902033,0.2815226,0.5263158,1.344962,0.2383995,0.05725043,0.1327278,10,0.170369,0.8939081,0.03607938,0.4907034,0.2757931,0.7094266,0.3045985,4,3,37,0,0,0,7,37,0.06665142,,,,0.001963995,0.001963995,0,0,0,0,0.001963995,0,0,0,0,0.007136056,0.0005489274,0.3258842,3730912,83243520,complete,,4,0.2,1600,37,10,2,6,838b342236efe32fb744fd9c3122023871fc6b6e0a869540c6b708897b098ef8,0.180314,0.1732044,0.1811658,0.1317611,0.1670006,0.1318494,0.07186203,0.09009034
320200,heteroscedastic,sparse,20,400,primary,0.2,fixed,M1,0.08073088,1.274236,3.192626,0.1685561,0.1229779,0.2815226,0.5263158,1.305688,0.1572747,0.05823693,0.1267384,10,0.1116363,0.8854788,0.02214248,0.4795179,0.1532122,0.7019944,0.2683527,4,3,7,0.8648649,0.8648649,0.8648649,7,0,-0.0005739983,,,,0.291011,0.291011,0,0,0,0,0.291011,0,0,0,0,0.1244156,0.009570428,0.3816395,213992.5,82946560,complete,,4,0.2,1600,37,10,2,6,e61236577b5339ec71a3675ee0e9696eef5a624a5f42cfc46d88f54562330ab4,0.1190383,0.1089987,0.1086656,0.1146902,0.1094817,0.0881408,0.08599066,0.06773458
320200,heteroscedastic,sparse,20,400,primary,0.2,fixed,M2,0.1061633,1.356194,3.285699,0.1685561,0.2001309,0.2815226,0.5263158,1.359035,0.2754696,0.06644925,0.1780765,10,0.1725447,0.8903809,0.04391114,0.4916542,0.2763817,0.7136967,0.3436975,4,3,64,0.1730769,0.2432432,0.2022472,7,66,0.07657901,,,,1830.848,120.8874,1709.961,7300,60000,25550,1830.848,0,20,0,0,0.04726952,0.003636117,0.5203741,563238.2,212320256,valid_capped_prediction,0.2974063,4,0.2,1600,37,10,2,6,117597f50981382150a7a91dab2ae6543b6634906540c140d4bde8f15fb40b35,0.1940549,0.1834296,0.1559924,0.1427919,0.1634936,0.1327855,0.1116778,0.1236621
320200,heteroscedastic,sparse,20,400,primary,0.2,fixed,M3,0.08388483,1.26199,3.292404,0.1685561,0.09663442,0.2815226,0.5263158,1.35505,0.1041551,0.05970782,0.09723251,10,0.08352948,0.8985339,0.0104079,0.4992676,0.1066707,0.697121,0.1772653,4,3,5,0.9189189,0.9189189,0.9189189,7,2,-0.02691747,0,0,True,361.5844,343.2167,0,14050,0,37000,354.6697,6.91464,36,10,1,0.0603622,0.004643246,0.5171486,441070.7,109112832,complete,,4,0.2,1600,37,10,2,6,a524cf646cbeb81691beb3c598accb957bd92bfd7ce0e1f95abd38f2164f2341,0.09262657,0.09416017,0.07978577,0.08009192,0.06790272,0.08203037,0.07694996,0.06991702
320200,heteroscedastic,sparse,20,400,primary,0.2,fixed,M4,0.08388483,1.26199,3.292404,0.1685561,0.09663442,0.2815226,0.5263158,1.35505,0.1041551,0.05970782,0.09723251,10,0.08352948,0.8985339,0.0104079,0.4992676,0.1066707,0.697121,0.1772653,4,3,5,0.9189189,0.9189189,0.9189189,7,2,-0.02691747,0,0,True,361.5843,343.2167,0,14050,0,37000,354.6697,6.914603,36,10,1,0.0603622,0.004643246,0.5171486,441070.7,109112832,complete,,4,0.2,1600,37,10,2,6,a524cf646cbeb81691beb3c598accb957bd92bfd7ce0e1f95abd38f2164f2341,0.09262657,0.09416017,0.07978577,0.08009192,0.06790272,0.08203037,0.07694996,0.06991702
320200,heteroscedastic,sparse,20,400,primary,0.2,fixed,M5,0.08517352,1.264289,3.291794,0.1685561,0.1118207,0.2815226,0.5263158,1.348769,0.1237288,0.05972047,0.110089,10,0.09888342,0.8970819,0.01579107,0.495734,0.1285978,0.6993838,0.2262473,4,3,,,,,7,,-0.01173118,0,0,True,359.5288,343.2167,0,14050,0,37000,354.6697,4.85904,36,10,1,2.132725,0.1640557,0.9368284,12483.56,90536448,complete,,4,0.2,1600,37,10,2,6,1e4fb55e53bd2f45cf39d2020ac62dcee180247329fc8b351233d6a64cb10de1,0.1052414,0.1016366,0.09748954,0.09889703,0.09042464,0.08419156,0.07854184,0.06729343
320200,heteroscedastic,sparse,20,400,primary,0.2,fixed,fixed,0.08570272,1.268285,3.286628,0.1685561,0.1235519,0.2815226,0.5263158,1.343219,0.1342828,0.05986221,0.1204503,10,0.1128127,0.8952701,0.0210608,0.4924445,0.1464791,0.7018669,0.266792,4,3,7,0.8648649,0.8648649,0.8648649,7,0,0,,,,108.6661,108.6661,0,7650,0,21800,108.6661,0,20,1,0,0.07603792,0.005849071,0.5432859,350141.1,92407808,complete,,4,0.2,1600,37,10,2,6,bad5cf7dd196fa32b3a8b9257172652a4563010257aa90b491c07bcc126590fc,0.1164674,0.1097038,0.1136879,0.1145798,0.1100945,0.08805417,0.08172368,0.06757675
320200,heteroscedastic,sparse,20,400,primary,0.2,fixed,oracle,0.08121731,1.251823,3.259803,0.1685561,0.07124544,0.2815226,0.5263158,1.346764,0.09794326,0.05929004,0.07945301,10,0.05919282,0.8962338,0.005857882,0.4986572,0.08947366,0.6943719,0.08221616,4,3,0,1,1,1,7,7,-0.05230645,,,,69.76811,69.76811,0,7550,0,21700,69.76811,0,20,0,0,0.05505375,0.004234904,0.4900984,483600.1,149068800,complete,,4,0.2,1600,37,10,2,6,013b828b10d5ca5b29a830d5df1ed4e380fd6b1f9876c4448074bde3a10eca3a,0.0712285,0.07145226,0.06427046,0.06886099,0.04780136,0.06228052,0.07072708,0.05054087
320200,heteroscedastic,sparse,20,400,primary,0.2,fixed,random,0.08570272,1.268285,3.286628,0.1685561,0.1235519,0.2815226,0.5263158,1.343219,0.1342828,0.05986221,0.1204503,10,0.1128127,0.8952701,0.0210608,0.4924445,0.1464791,0.7018669,0.266792,4,3,7,0.8648649,0.8648649,0.8648649,7,0,0,0,1,True,223.4288,214.5169,0,9900,0,30200,218.769,4.659767,26,7,0,0.07603792,0.005849071,0.5432859,350141.1,86688768,complete,,4,0.2,1600,37,10,2,6,bad5cf7dd196fa32b3a8b9257172652a4563010257aa90b491c07bcc126590fc,0.1164674,0.1097038,0.1136879,0.1145798,0.1100945,0.08805417,0.08172368,0.06757675
320200,heteroscedastic,sparse,20,400,primary,0.5,adjusted,M0,0.05011042,,3.282596,0.1685561,0.1902033,0.2815226,0.5263158,1.344962,0.2383995,0.05725043,0.1327278,10,0.170369,0.8939081,0.03607938,0.4907034,0.2757931,0.7094266,0.3045985,4,3,37,0,0,0,13,37,0.07464751,,,,0.001963995,0.001963995,0,0,0,0,0.001963995,0,0,0,0,0.007136056,0.0005489274,0.3258842,3730912,83243520,complete,,4,0.2,1600,37,10,2,6,838b342236efe32fb744fd9c3122023871fc6b6e0a869540c6b708897b098ef8,0.180314,0.1732044,0.1811658,0.1317611,0.1670006,0.1318494,0.07186203,0.09009034
320200,heteroscedastic,sparse,20,400,primary,0.5,adjusted,M1,0.07539863,1.291991,3.191591,0.1685561,0.1117582,0.2815226,0.5263158,1.307311,0.190744,0.05762019,0.1071174,10,0.1079929,0.8871685,0.01796779,0.4830901,0.1931295,0.6991077,0.1612744,4,3,13,0.8108108,0.8108108,0.8108108,13,0,-0.003797583,,,,0.1514059,0.1514059,0,0,0,0,0.1514059,0,0,0,0,0.1241302,0.009548479,0.514255,214484.4,82946560,complete,,4,0.2,1600,37,10,2,6,35cab155cbcf47b017b58b62a066767a27fa31d925d0b959d112e76d7688e3d3,0.1158405,0.1130002,0.1018471,0.08938742,0.09567605,0.08175838,0.07462847,0.05362098
320200,heteroscedastic,sparse,20,400,primary,0.5,adjusted,M2,0.1061633,1.356194,3.285699,0.1685561,0.2001309,0.2815226,0.5263158,1.359035,0.2754696,0.06644925,0.1780765,10,0.1725447,0.8903809,0.04391114,0.4916542,0.2763817,0.7136967,0.3436975,4,3,64,0.1730769,0.2432432,0.2022472,13,63,0.08457511,,,,1830.848,120.8874,1709.961,7300,60000,25550,1830.848,0,20,0,0,0.04726952,0.003636117,0.5203741,563238.2,212320256,valid_capped_prediction,0.2974063,4,0.2,1600,37,10,2,6,117597f50981382150a7a91dab2ae6543b6634906540c140d4bde8f15fb40b35,0.1940549,0.1834296,0.1559924,0.1427919,0.1634936,0.1327855,0.1116778,0.1236621
320200,heteroscedastic,sparse,20,400,primary,0.5,adjusted,M3,0.08059559,1.280632,3.248563,0.1685561,0.1046505,0.2815226,0.5263158,1.341632,0.1932177,0.05845479,0.10482,10,0.09125716,0.8934647,0.0157416,0.4965435,0.1698853,0.6983187,0.1382125,4,3,13,0.7948718,0.8378378,0.8157895,13,2,-0.01090531,0,0,True,646.4542,601.5065,0,18450,0,54300,632.2541,14.20013,48,24,1,0.06611612,0.005085856,0.5178448,402685.4,108935168,complete,,4,0.2,1600,37,10,2,6,85baf33a06f78a8d34561ce9a869cab72dc5ab3194ff3163380cc2f8565af645,0.1098485,0.1101578,0.0830904,0.07575829,0.07690848,0.07313045,0.06758438,0.04909818
320200,heteroscedastic,sparse,20,400,primary,0.5,adjusted,M4,0.08059559,1.280632,3.248563,0.1685561,0.1046505,0.2815226,0.5263158,1.341632,0.1932177,0.05845479,0.10482,10,0.09125716,0.8934647,0.0157416,0.4965435,0.1698853,0.6983187,0.1382125,4,3,13,0.7948718,0.8378378,0.8157895,13,2,-0.01090531,0,0,True,646.4542,601.5065,0,18450,0,54300,632.2541,14.20008,48,24,1,0.06611612,0.005085856,0.5178448,402685.4,108935168,complete,,4,0.2,1600,37,10,2,6,85baf33a06f78a8d34561ce9a869cab72dc5ab3194ff3163380cc2f8565af645,0.1098485,0.1101578,0.0830904,0.07575829,0.07690848,0.07313045,0.06758438,0.04909818
320200,heteroscedastic,sparse,20,400,primary,0.5,adjusted,M5,0.08049943,1.285203,3.257617,0.1685561,0.1123727,0.2815226,0.5263158,1.349208,0.2004708,0.0583109,0.1100535,10,0.1031147,0.8938888,0.01818302,0.4979055,0.1861,0.6992391,0.1547825,4,3,,,,,13,,-0.003183089,0,0,True,636.6335,601.5065,0,18450,0,54300,632.2541,4.379409,48,24,1,1.334089,0.1026222,0.7119159,19956.69,105882624,complete,,4,0.2,1600,37,10,2,6,0393f42a8fd9f810092e00b6025b3fe242563babc2dec362402c79d33b0ad86f,0.1171355,0.1146233,0.0952959,0.08310835,0.08842322,0.07525763,0.06819827,0.04896161
320200,heteroscedastic,sparse,20,400,primary,0.5,adjusted,fixed,0.08076501,1.287561,3.257827,0.1685561,0.1155558,0.2815226,0.5263158,1.349374,0.2027396,0.05842565,0.1119121,10,0.107261,0.8936575,0.01912373,0.4975329,0.1916431,0.6996407,0.1604765,4,3,13,0.8108108,0.8108108,0.8108108,13,0,0,,,,135.0383,135.0383,0,7700,0,22500,135.0383,0,20,1,0,0.06342482,0.004878832,0.5145245,419772.6,108934144,complete,,4,0.2,1600,37,10,2,6,cc083711c217db6098a0533a899ee49c38d3601e29bb9b7a25e6eea43f6eb7cf,0.1202126,0.1167396,0.09942877,0.08514964,0.09279492,0.07654697,0.06872058,0.04911987
320200,heteroscedastic,sparse,20,400,primary,0.5,adjusted,oracle,0.08121731,1.251823,3.259803,0.1685561,0.07124544,0.2815226,0.5263158,1.346764,0.09794326,0.05929004,0.07945301,10,0.05919282,0.8962338,0.005857882,0.4986572,0.08947366,0.6943719,0.08221616,4,3,0,1,1,1,13,13,-0.04431035,,,,69.76811,69.76811,0,7550,0,21700,69.76811,0,20,0,0,0.05505375,0.004234904,0.4900984,483600.1,149068800,complete,,4,0.2,1600,37,10,2,6,013b828b10d5ca5b29a830d5df1ed4e380fd6b1f9876c4448074bde3a10eca3a,0.0712285,0.07145226,0.06427046,0.06886099,0.04780136,0.06228052,0.07072708,0.05054087
320200,heteroscedastic,sparse,20,400,primary,0.5,adjusted,random,0.07997656,1.279646,3.248987,0.1685561,0.1041813,0.2815226,0.5263158,1.342567,0.1927891,0.0583389,0.1041266,10,0.09157532,0.8933363,0.0158394,0.4963893,0.1704123,0.6982824,0.1381276,4,3,13,0.7948718,0.8378378,0.8157895,13,2,-0.01137447,0,0,True,515.5306,487.844,0,16300,0,51150,501.8107,13.71988,44,24,1,0.06717921,0.005167632,0.5283144,396313.1,104457728,complete,,4,0.2,1600,37,10,2,6,9f31055a6fc5e12a5102b4e2f273d64407bf3071341ecad696f129d150e785a8,0.1099006,0.1092831,0.08429862,0.07632164,0.07678304,0.07347756,0.06827546,0.04935651
320200,heteroscedastic,sparse,20,400,primary,0.5,fixed,M0,0.05011042,,3.282596,0.1685561,0.1902033,0.2815226,0.5263158,1.344962,0.2383995,0.05725043,0.1327278,10,0.170369,0.8939081,0.03607938,0.4907034,0.2757931,0.7094266,0.3045985,4,3,37,0,0,0,13,37,0.07464751,,,,0.001963995,0.001963995,0,0,0,0,0.001963995,0,0,0,0,0.007136056,0.0005489274,0.3258842,3730912,83243520,complete,,4,0.2,1600,37,10,2,6,838b342236efe32fb744fd9c3122023871fc6b6e0a869540c6b708897b098ef8,0.180314,0.1732044,0.1811658,0.1317611,0.1670006,0.1318494,0.07186203,0.09009034
320200,heteroscedastic,sparse,20,400,primary,0.5,fixed,M1,0.07539863,1.291991,3.191591,0.1685561,0.1117582,0.2815226,0.5263158,1.307311,0.190744,0.05762019,0.1071174,10,0.1079929,0.8871685,0.01796779,0.4830901,0.1931295,0.6991077,0.1612744,4,3,13,0.8108108,0.8108108,0.8108108,13,0,-0.003797583,,,,0.1514059,0.1514059,0,0,0,0,0.1514059,0,0,0,0,0.1241302,0.009548479,0.514255,214484.4,82946560,complete,,4,0.2,1600,37,10,2,6,35cab155cbcf47b017b58b62a066767a27fa31d925d0b959d112e76d7688e3d3,0.1158405,0.1130002,0.1018471,0.08938742,0.09567605,0.08175838,0.07462847,0.05362098
320200,heteroscedastic,sparse,20,400,primary,0.5,fixed,M2,0.1061633,1.356194,3.285699,0.1685561,0.2001309,0.2815226,0.5263158,1.359035,0.2754696,0.06644925,0.1780765,10,0.1725447,0.8903809,0.04391114,0.4916542,0.2763817,0.7136967,0.3436975,4,3,64,0.1730769,0.2432432,0.2022472,13,63,0.08457511,,,,1830.848,120.8874,1709.961,7300,60000,25550,1830.848,0,20,0,0,0.04726952,0.003636117,0.5203741,563238.2,212320256,valid_capped_prediction,0.2974063,4,0.2,1600,37,10,2,6,117597f50981382150a7a91dab2ae6543b6634906540c140d4bde8f15fb40b35,0.1940549,0.1834296,0.1559924,0.1427919,0.1634936,0.1327855,0.1116778,0.1236621
320200,heteroscedastic,sparse,20,400,primary,0.5,fixed,M3,0.08076501,1.287561,3.257827,0.1685561,0.1155558,0.2815226,0.5263158,1.349374,0.2027396,0.05842565,0.1119121,10,0.107261,0.8936575,0.01912373,0.4975329,0.1916431,0.6996407,0.1604765,4,3,13,0.8108108,0.8108108,0.8108108,13,0,0,0,1,True,351.506,338.7329,0,12250,0,34150,347.0871,4.418926,31,7,0,0.06342482,0.004878832,0.5145245,419772.6,108934144,complete,,4,0.2,1600,37,10,2,6,cc083711c217db6098a0533a899ee49c38d3601e29bb9b7a25e6eea43f6eb7cf,0.1202126,0.1167396,0.09942877,0.08514964,0.09279492,0.07654697,0.06872058,0.04911987
320200,heteroscedastic,sparse,20,400,primary,0.5,fixed,M4,0.08076501,1.287561,3.257827,0.1685561,0.1155558,0.2815226,0.5263158,1.349374,0.2027396,0.05842565,0.1119121,10,0.107261,0.8936575,0.01912373,0.4975329,0.1916431,0.6996407,0.1604765,4,3,13,0.8108108,0.8108108,0.8108108,13,0,0,0,1,True,351.506,338.7329,0,12250,0,34150,347.0871,4.4189,31,7,0,0.06342482,0.004878832,0.5145245,419772.6,108934144,complete,,4,0.2,1600,37,10,2,6,cc083711c217db6098a0533a899ee49c38d3601e29bb9b7a25e6eea43f6eb7cf,0.1202126,0.1167396,0.09942877,0.08514964,0.09279492,0.07654697,0.06872058,0.04911987
320200,heteroscedastic,sparse,20,400,primary,0.5,fixed,M5,0.08060567,1.287508,3.259443,0.1685561,0.1155303,0.2815226,0.5263158,1.349873,0.2029285,0.05845661,0.1119391,10,0.1072214,0.8938952,0.01933902,0.497655,0.1915704,0.6996442,0.1605516,4,3,,,,,13,,-2.552569e-05,0,0,True,350.7399,338.7329,0,12250,0,34150,347.0871,3.652829,31,7,0,1.341692,0.1032071,0.9721542,19843.6,86525952,complete,,4,0.2,1600,37,10,2,6,8a37c9b971133deebf5b7874ed9ec9b899916860147b49e1ee7ead60cb62c7d8,0.1202225,0.1168824,0.09919459,0.08491992,0.09265315,0.07645743,0.06851331,0.04901956
320200,heteroscedastic,sparse,20,400,primary,0.5,fixed,fixed,0.08076501,1.287561,3.257827,0.1685561,0.1155558,0.2815226,0.5263158,1.349374,0.2027396,0.05842565,0.1119121,10,0.107261,0.8936575,0.01912373,0.4975329,0.1916431,0.6996407,0.1604765,4,3,13,0.8108108,0.8108108,0.8108108,13,0,0,,,,135.0383,135.0383,0,7700,0,22500,135.0383,0,20,1,0,0.06342482,0.004878832,0.5145245,419772.6,108934144,complete,,4,0.2,1600,37,10,2,6,cc083711c217db6098a0533a899ee49c38d3601e29bb9b7a25e6eea43f6eb7cf,0.1202126,0.1167396,0.09942877,0.08514964,0.09279492,0.07654697,0.06872058,0.04911987
320200,heteroscedastic,sparse,20,400,primary,0.5,fixed,oracle,0.08121731,1.251823,3.259803,0.1685561,0.07124544,0.2815226,0.5263158,1.346764,0.09794326,0.05929004,0.07945301,10,0.05919282,0.8962338,0.005857882,0.4986572,0.08947366,0.6943719,0.08221616,4,3,0,1,1,1,13,13,-0.04431035,,,,69.76811,69.76811,0,7550,0,21700,69.76811,0,20,0,0,0.05505375,0.004234904,0.4900984,483600.1,149068800,complete,,4,0.2,1600,37,10,2,6,013b828b10d5ca5b29a830d5df1ed4e380fd6b1f9876c4448074bde3a10eca3a,0.0712285,0.07145226,0.06427046,0.06886099,0.04780136,0.06228052,0.07072708,0.05054087
320200,heteroscedastic,sparse,20,400,primary,0.5,fixed,random,0.08076501,1.287561,3.257827,0.1685561,0.1155558,0.2815226,0.5263158,1.349374,0.2027396,0.05842565,0.1119121,10,0.107261,0.8936575,0.01912373,0.4975329,0.1916431,0.6996407,0.1604765,4,3,13,0.8108108,0.8108108,0.8108108,13,0,0,0,1,True,257.7997,249.1827,0,10100,0,29300,253.4348,4.36486,26,7,0,0.06342482,0.004878832,0.5145245,419772.6,108934144,complete,,4,0.2,1600,37,10,2,6,cc083711c217db6098a0533a899ee49c38d3601e29bb9b7a25e6eea43f6eb7cf,0.1202126,0.1167396,0.09942877,0.08514964,0.09279492,0.07654697,0.06872058,0.04911987
320201,heteroscedastic,sparse,20,400,primary,0.2,adjusted,M0,0.04480904,,3.283598,0.04623901,0.107681,0.3750786,0.01315789,1.361129,0.3690291,0.04255809,0.04909285,0.25,0.05670467,0.8996454,0.009006021,0.5035465,0.3720211,0.6941684,0.1295703,4,1,37,0,0,0,5,38,0.0498918,,,,0.0004143566,0.0004143566,0,0,0,0,0.0004143566,0,0,0,0,0.007033268,0.0005410206,0.3329058,3785438,70599168,complete,,4,0.2,1600,37,7,2,9,830210b501a380656c84df5edc0832c06291e32c75cd97427141c1f726e624d5,,,0.1121727,0.05024144,0.05150262,0.1897034,0.1283895,0.1855569
320201,heteroscedastic,sparse,20,400,primary,0.2,adjusted,M1,0.06346884,1.239594,3.2033,0.04623901,0.06038057,0.3750786,0.01315789,1.317947,0.0775803,0.04977732,0.06365947,0.25,0.05056521,0.8908948,0.001409404,0.4888466,0.07637204,0.6908224,0.07095454,4,1,5,0.8947368,0.9189189,0.9066667,5,0,0.002591386,,,,0.1778631,0.1778631,0,0,0,0,0.1778631,0,0,0,0,0.1221741,0.009398005,0.3651666,217918.6,70527488,complete,,4,0.2,1600,37,7,2,9,9cce1ff77e4dd1238e6f105119ad2f10bc21974c42ab58d1bf9dfd51baf8d7dc,,,0.05529331,0.05486087,0.04102405,0.07483588,0.08055476,0.06388124
320201,heteroscedastic,sparse,20,400,primary,0.2,adjusted,M2,0.09960756,1.344943,3.296841,0.04623901,0.1274165,0.3750786,0.01315789,1.357091,0.4731637,0.08385085,0.1045919,0.25,0.0903083,0.898309,0.01619832,0.4984773,0.3642805,0.6975582,0.1716559,4,1,69,0.1176471,0.1621622,0.1363636,5,71,0.06962734,,,,1414.912,96.69353,1318.218,7100,60000,23750,1414.912,0,20,0,0,0.04283236,0.003294797,0.5278261,621586.2,233439744,valid_capped_prediction,0.1096767,4,0.2,1600,37,7,2,9,6b6a3d76220a54b8a850b474217d0c70c4bc203e7185472c9e53b23c580f6a4a,,,0.1036276,0.07443507,0.08198906,0.1814041,0.1459925,0.1867612
320201,heteroscedastic,sparse,20,400,primary,0.2,adjusted,M3,0.06071552,1.232892,3.334398,0.04623901,0.05778918,0.3750786,0.01315789,1.365429,0.06463419,0.05221667,0.06082584,0.25,0.05236421,0.9040335,-4.824273e-05,0.5047543,0.04758699,0.6906056,0.06813262,4,1,5,0.8947368,0.9189189,0.9066667,5,0,0,0,1,True,733.2308,687.3823,0,21000,0,62100,718.5539,14.67696,53,24,1,0.05451352,0.004193348,0.5204277,488392.6,128913920,complete,,4,0.2,1600,37,7,2,9,7cdf0aa124cc136af05263fe121802c017cd1e81667622aafc17f50644ecedd0,,,0.05296555,0.05596517,0.04223643,0.06134407,0.06399359,0.04858339
320201,heteroscedastic,sparse,20,400,primary,0.2,adjusted,M4,0.06071552,1.232892,3.334398,0.04623901,0.05778918,0.3750786,0.01315789,1.365429,0.06463419,0.05221667,0.06082584,0.25,0.05236421,0.9040335,-4.824273e-05,0.5047543,0.04758699,0.6906056,0.06813262,4,1,5,0.8947368,0.9189189,0.9066667,5,0,0,0,1,True,733.2308,687.3823,0,21000,0,62100,718.5539,14.6769,53,24,1,0.05451352,0.004193348,0.5204277,488392.6,128913920,complete,,4,0.2,1600,37,7,2,9,7cdf0aa124cc136af05263fe121802c017cd1e81667622aafc17f50644ecedd0,,,0.05296555,0.05596517,0.04223643,0.06134407,0.06399359,0.04858339
320201,heteroscedastic,sparse,20,400,primary,0.2,adjusted,M5,0.06060274,1.23274,3.334581,0.04623901,0.05751239,0.3750786,0.01315789,1.365171,0.06463419,0.05195661,0.06071174,0.25,0.05210144,0.9040913,-8.22916e-05,0.5046965,0.04758699,0.6905866,0.06728001,4,1,,,,,5,,-0.0002767891,0,0,True,721.9105,687.3823,0,21000,0,62100,718.5539,3.356612,53,24,1,1.047387,0.08056826,0.9515363,25419.44,108072448,complete,,4,0.2,1600,37,7,2,9,2208b0b9fc63c299d31e8f5df2ab007d98d25b74216780b2c9b711d3f9b55985,,,0.05265135,0.05585036,0.04179962,0.06109182,0.06387642,0.04849265
320201,heteroscedastic,sparse,20,400,primary,0.2,adjusted,fixed,0.06071552,1.232892,3.334398,0.04623901,0.05778918,0.3750786,0.01315789,1.365429,0.06463419,0.05221667,0.06082584,0.25,0.05236421,0.9040335,-4.824273e-05,0.5047543,0.04758699,0.6906056,0.06813262,4,1,5,0.8947368,0.9189189,0.9066667,5,0,0,,,,89.87608,89.87608,0,7650,0,22250,89.87608,0,20,1,0,0.05451352,0.004193348,0.5204277,488392.6,128913920,complete,,4,0.2,1600,37,7,2,9,7cdf0aa124cc136af05263fe121802c017cd1e81667622aafc17f50644ecedd0,,,0.05296555,0.05596517,0.04223643,0.06134407,0.06399359,0.04858339
320201,heteroscedastic,sparse,20,400,primary,0.2,adjusted,random,0.06083595,1.232351,3.319682,0.04623901,0.05461472,0.3750786,0.01315789,1.362959,0.06463419,0.04536302,0.06091963,0.25,0.04582139,0.9024273,-0.000452344,0.5040669,0.06387185,0.6903847,0.06284447,4,1,5,0.8974359,0.9459459,0.9210526,5,2,-0.003174457,0,0,True,621.1378,594.3479,0,19100,0,60450,606.6672,14.47059,47,24,1,0.04982374,0.003832596,0.5191437,534363.7,149740544,complete,,4,0.2,1600,37,7,2,9,0e55390d54349a6b7aec80ab55087d41bd03f891c0ad7310eeb92f8a5a8466ce,,,0.05033812,0.05619087,0.03603602,0.05430495,0.05961267,0.04835269
320201,heteroscedastic,sparse,20,400,primary,0.2,fixed,M0,0.04480904,,3.283598,0.04623901,0.107681,0.3750786,0.01315789,1.361129,0.3690291,0.04255809,0.04909285,0.25,0.05670467,0.8996454,0.009006021,0.5035465,0.3720211,0.6941684,0.1295703,4,1,37,0,0,0,5,38,0.0498918,,,,0.0004143566,0.0004143566,0,0,0,0,0.0004143566,0,0,0,0,0.007033268,0.0005410206,0.3329058,3785438,70599168,complete,,4,0.2,1600,37,7,2,9,830210b501a380656c84df5edc0832c06291e32c75cd97427141c1f726e624d5,,,0.1121727,0.05024144,0.05150262,0.1897034,0.1283895,0.1855569
320201,heteroscedastic,sparse,20,400,primary,0.2,fixed,M1,0.06346884,1.239594,3.2033,0.04623901,0.06038057,0.3750786,0.01315789,1.317947,0.0775803,0.04977732,0.06365947,0.25,0.05056521,0.8908948,0.001409404,0.4888466,0.07637204,0.6908224,0.07095454,4,1,5,0.8947368,0.9189189,0.9066667,5,0,0.002591386,,,,0.1778631,0.1778631,0,0,0,0,0.1778631,0,0,0,0,0.1221741,0.009398005,0.3651666,217918.6,70527488,complete,,4,0.2,1600,37,7,2,9,9cce1ff77e4dd1238e6f105119ad2f10bc21974c42ab58d1bf9dfd51baf8d7dc,,,0.05529331,0.05486087,0.04102405,0.07483588,0.08055476,0.06388124
320201,heteroscedastic,sparse,20,400,primary,0.2,fixed,M2,0.09960756,1.344943,3.296841,0.04623901,0.1274165,0.3750786,0.01315789,1.357091,0.4731637,0.08385085,0.1045919,0.25,0.0903083,0.898309,0.01619832,0.4984773,0.3642805,0.6975582,0.1716559,4,1,69,0.1176471,0.1621622,0.1363636,5,71,0.06962734,,,,1414.912,96.69353,1318.218,7100,60000,23750,1414.912,0,20,0,0,0.04283236,0.003294797,0.5278261,621586.2,233439744,valid_capped_prediction,0.1096767,4,0.2,1600,37,7,2,9,6b6a3d76220a54b8a850b474217d0c70c4bc203e7185472c9e53b23c580f6a4a,,,0.1036276,0.07443507,0.08198906,0.1814041,0.1459925,0.1867612
320201,heteroscedastic,sparse,20,400,primary,0.2,fixed,M3,0.06071552,1.232892,3.334398,0.04623901,0.05778918,0.3750786,0.01315789,1.365429,0.06463419,0.05221667,0.06082584,0.25,0.05236421,0.9040335,-4.824273e-05,0.5047543,0.04758699,0.6906056,0.06813262,4,1,5,0.8947368,0.9189189,0.9066667,5,0,0,0,1,True,252.6098,239.467,0,11000,0,32700,247.462,5.147826,29,7,0,0.05451352,0.004193348,0.5204277,488392.6,128913920,complete,,4,0.2,1600,37,7,2,9,7cdf0aa124cc136af05263fe121802c017cd1e81667622aafc17f50644ecedd0,,,0.05296555,0.05596517,0.04223643,0.06134407,0.06399359,0.04858339
320201,heteroscedastic,sparse,20,400,primary,0.2,fixed,M4,0.06071552,1.232892,3.334398,0.04623901,0.05778918,0.3750786,0.01315789,1.365429,0.06463419,0.05221667,0.06082584,0.25,0.05236421,0.9040335,-4.824273e-05,0.5047543,0.04758699,0.6906056,0.06813262,4,1,5,0.8947368,0.9189189,0.9066667,5,0,0,0,1,True,252.6098,239.467,0,11000,0,32700,247.462,5.147797,29,7,0,0.05451352,0.004193348,0.5204277,488392.6,128913920,complete,,4,0.2,1600,37,7,2,9,7cdf0aa124cc136af05263fe121802c017cd1e81667622aafc17f50644ecedd0,,,0.05296555,0.05596517,0.04223643,0.06134407,0.06399359,0.04858339
320201,heteroscedastic,sparse,20,400,primary,0.2,fixed,M5,0.06070304,1.23289,3.334314,0.04623901,0.05778703,0.3750786,0.01315789,1.365414,0.06463419,0.05222133,0.06081372,0.25,0.05236886,0.904027,-5.532599e-05,0.5047543,0.04758699,0.6906054,0.06813096,4,1,,,,,5,,-2.148561e-06,0,0,True,251.2256,239.467,0,11000,0,32700,247.462,3.763656,29,7,0,1.142864,0.08791262,0.9587103,23295.86,87054336,complete,,4,0.2,1600,37,7,2,9,584e1bec28b2a7cb2d6a259a477e400956aad7532932101c29e192ab54691ea1,,,0.05294731,0.05594838,0.04223278,0.06133048,0.06397276,0.04858725
320201,heteroscedastic,sparse,20,400,primary,0.2,fixed,fixed,0.06071552,1.232892,3.334398,0.04623901,0.05778918,0.3750786,0.01315789,1.365429,0.06463419,0.05221667,0.06082584,0.25,0.05236421,0.9040335,-4.824273e-05,0.5047543,0.04758699,0.6906056,0.06813262,4,1,5,0.8947368,0.9189189,0.9066667,5,0,0,,,,89.87608,89.87608,0,7650,0,22250,89.87608,0,20,1,0,0.05451352,0.004193348,0.5204277,488392.6,128913920,complete,,4,0.2,1600,37,7,2,9,7cdf0aa124cc136af05263fe121802c017cd1e81667622aafc17f50644ecedd0,,,0.05296555,0.05596517,0.04223643,0.06134407,0.06399359,0.04858339
320201,heteroscedastic,sparse,20,400,primary,0.2,fixed,random,0.06071552,1.232892,3.334398,0.04623901,0.05778918,0.3750786,0.01315789,1.365429,0.06463419,0.05221667,0.06082584,0.25,0.05236421,0.9040335,-4.824273e-05,0.5047543,0.04758699,0.6906056,0.06813262,4,1,5,0.8947368,0.9189189,0.9066667,5,0,0,0,1,True,207.4254,198.9573,0,10050,0,31850,202.8275,4.597955,26,7,0,0.05451352,0.004193348,0.5204277,488392.6,128913920,complete,,4,0.2,1600,37,7,2,9,7cdf0aa124cc136af05263fe121802c017cd1e81667622aafc17f50644ecedd0,,,0.05296555,0.05596517,0.04223643,0.06134407,0.06399359,0.04858339
320201,heteroscedastic,sparse,20,400,primary,0.5,adjusted,M0,0.04480904,,3.283598,0.04623901,0.107681,0.3750786,0.01315789,1.361129,0.3690291,0.04255809,0.04909285,0.25,0.05670467,0.8996454,0.009006021,0.5035465,0.3720211,0.6941684,0.1295703,4,1,37,0,0,0,13,37,0.04057463,,,,0.0004143566,0.0004143566,0,0,0,0,0.0004143566,0,0,0,0,0.007033268,0.0005410206,0.3329058,3785438,70599168,complete,,4,0.2,1600,37,7,2,9,830210b501a380656c84df5edc0832c06291e32c75cd97427141c1f726e624d5,,,0.1121727,0.05024144,0.05150262,0.1897034,0.1283895,0.1855569
320201,heteroscedastic,sparse,20,400,primary,0.5,adjusted,M1,0.06009484,1.263351,3.212753,0.04623901,0.06433573,0.3750786,0.01315789,1.323897,0.07664113,0.0401132,0.060273,0.25,0.04094576,0.8922762,0.003270223,0.491121,0.073622,0.6909626,0.07103164,4,1,13,0.7297297,0.7297297,0.7297297,13,0,-0.002770624,,,,0.1645077,0.1645077,0,0,0,0,0.1645077,0,0,0,0,0.1223039,0.009407992,0.3687145,217687.3,69142528,complete,,4,0.2,1600,37,7,2,9,7eb4b5d296a27249f3e63964a5b951bc55dffa9c3f2b3594aa3ca42a4bb790b4,,,0.06614198,0.05398564,0.03641997,0.1091655,0.1013555,0.1111511
320201,heteroscedastic,sparse,20,400,primary,0.5,adjusted,M2,0.09960756,1.344943,3.296841,0.04623901,0.1274165,0.3750786,0.01315789,1.357091,0.4731637,0.08385085,0.1045919,0.25,0.0903083,0.898309,0.01619832,0.4984773,0.3642805,0.6975582,0.1716559,4,1,69,0.1176471,0.1621622,0.1363636,13,69,0.06031016,,,,1414.912,96.69353,1318.218,7100,60000,23750,1414.912,0,20,0,0,0.04283236,0.003294797,0.5278261,621586.2,233439744,valid_capped_prediction,0.1096767,4,0.2,1600,37,7,2,9,6b6a3d76220a54b8a850b474217d0c70c4bc203e7185472c9e53b23c580f6a4a,,,0.1036276,0.07443507,0.08198906,0.1814041,0.1459925,0.1867612
320201,heteroscedastic,sparse,20,400,primary,0.5,adjusted,M3,0.06111758,1.257598,3.314326,0.04623901,0.06684793,0.3750786,0.01315789,1.354659,0.07104313,0.04029542,0.06128588,0.25,0.04061173,0.9018747,0.002368242,0.5014199,0.05279569,0.6910539,0.07478167,4,1,12,0.7567568,0.7567568,0.7567568,13,1,-0.0002584234,0,0,True,702.9363,656.0785,0,21000,0,59250,685.7283,17.20801,59,24,0,0.06102707,0.00469439,0.5229394,436265.4,108746752,complete,,4,0.2,1600,37,7,2,9,bd8ed7684873fb64a21bfff7b184b38795a41107314efe0d22dab8a0b88786be,,,0.06892461,0.05932786,0.0374661,0.09985857,0.08994693,0.1014367
320201,heteroscedastic,sparse,20,400,primary,0.5,adjusted,M4,0.06022634,1.259477,3.313111,0.04623901,0.06710636,0.3750786,0.01315789,1.356157,0.07104313,0.04011245,0.06038961,0.25,0.04037268,0.9018683,0.002774969,0.5016447,0.04924335,0.6910517,0.0745732,4,1,13,0.7297297,0.7297297,0.7297297,13,0,0,0,1,True,702.2428,656.0785,0,21000,0,59250,685.7283,16.51454,59,24,0,0.06327035,0.00486695,0.5240977,420797.4,108718080,complete,,4,0.2,1600,37,7,2,9,6b475d0be6552b795d7efeb9d86189d48a934311778c3f55f2bfefaba75bc2cc,,,0.06874611,0.05887728,0.03705101,0.107291,0.0970301,0.1060075
320201,heteroscedastic,sparse,20,400,primary,0.5,adjusted,M5,0.06021781,1.259466,3.313255,0.04623901,0.06709126,0.3750786,0.01315789,1.356316,0.07104313,0.0401089,0.06038115,0.25,0.04036879,0.9018683,0.002755278,0.5016897,0.04925148,0.6910507,0.07457045,4,1,,,,,13,,-1.509674e-05,0,0,True,690.5453,656.0785,0,21000,0,59250,685.7283,4.817006,59,24,0,1.2487,0.09605388,0.7156331,21321.37,103650304,complete,,4,0.2,1600,37,7,2,9,4f59ea766620d9045b3f60dfcdbddb68550b16e5d4caa5e8ca03f169cf789957,,,0.06871825,0.05886978,0.0370083,0.1072894,0.09702573,0.1060026
320201,heteroscedastic,sparse,20,400,primary,0.5,adjusted,fixed,0.06022634,1.259477,3.313111,0.04623901,0.06710636,0.3750786,0.01315789,1.356157,0.07104313,0.04011245,0.06038961,0.25,0.04037268,0.9018683,0.002774969,0.5016447,0.04924335,0.6910517,0.0745732,4,1,13,0.7297297,0.7297297,0.7297297,13,0,0,,,,133.3622,133.3622,0,8200,0,22850,133.3622,0,20,1,0,0.06327035,0.00486695,0.5240977,420797.4,108718080,complete,,4,0.2,1600,37,7,2,9,6b475d0be6552b795d7efeb9d86189d48a934311778c3f55f2bfefaba75bc2cc,,,0.06874611,0.05887728,0.03705101,0.107291,0.0970301,0.1060075
320201,heteroscedastic,sparse,20,400,primary,0.5,adjusted,random,0.06049822,1.254659,3.316104,0.04623901,0.06852606,0.3750786,0.01315789,1.353606,0.07104313,0.04083236,0.06067753,0.25,0.04112184,0.9023245,0.003474598,0.5000386,0.05193941,0.6911282,0.07619278,4,1,11,0.7631579,0.7837838,0.7733333,13,2,0.001419703,0,0,True,551.6474,523.7181,0,16950,0,52850,537.5096,14.13775,45,24,1,0.06535355,0.005027196,0.515311,407384.1,102242816,complete,,4,0.2,1600,37,7,2,9,9b269426c0ca46eeceff39451d01c336916c5b425581ced74ae8ee711c0bd6f5,,,0.07113056,0.06423444,0.03663816,0.108027,0.09917112,0.1057909
320201,heteroscedastic,sparse,20,400,primary,0.5,fixed,M0,0.04480904,,3.283598,0.04623901,0.107681,0.3750786,0.01315789,1.361129,0.3690291,0.04255809,0.04909285,0.25,0.05670467,0.8996454,0.009006021,0.5035465,0.3720211,0.6941684,0.1295703,4,1,37,0,0,0,13,37,0.04057463,,,,0.0004143566,0.0004143566,0,0,0,0,0.0004143566,0,0,0,0,0.007033268,0.0005410206,0.3329058,3785438,70599168,complete,,4,0.2,1600,37,7,2,9,830210b501a380656c84df5edc0832c06291e32c75cd97427141c1f726e624d5,,,0.1121727,0.05024144,0.05150262,0.1897034,0.1283895,0.1855569
320201,heteroscedastic,sparse,20,400,primary,0.5,fixed,M1,0.06009484,1.263351,3.212753,0.04623901,0.06433573,0.3750786,0.01315789,1.323897,0.07664113,0.0401132,0.060273,0.25,0.04094576,0.8922762,0.003270223,0.491121,0.073622,0.6909626,0.07103164,4,1,13,0.7297297,0.7297297,0.7297297,13,0,-0.002770624,,,,0.1645077,0.1645077,0,0,0,0,0.1645077,0,0,0,0,0.1223039,0.009407992,0.3687145,217687.3,69142528,complete,,4,0.2,1600,37,7,2,9,7eb4b5d296a27249f3e63964a5b951bc55dffa9c3f2b3594aa3ca42a4bb790b4,,,0.06614198,0.05398564,0.03641997,0.1091655,0.1013555,0.1111511
320201,heteroscedastic,sparse,20,400,primary,0.5,fixed,M2,0.09960756,1.344943,3.296841,0.04623901,0.1274165,0.3750786,0.01315789,1.357091,0.4731637,0.08385085,0.1045919,0.25,0.0903083,0.898309,0.01619832,0.4984773,0.3642805,0.6975582,0.1716559,4,1,69,0.1176471,0.1621622,0.1363636,13,69,0.06031016,,,,1414.912,96.69353,1318.218,7100,60000,23750,1414.912,0,20,0,0,0.04283236,0.003294797,0.5278261,621586.2,233439744,valid_capped_prediction,0.1096767,4,0.2,1600,37,7,2,9,6b6a3d76220a54b8a850b474217d0c70c4bc203e7185472c9e53b23c580f6a4a,,,0.1036276,0.07443507,0.08198906,0.1814041,0.1459925,0.1867612
320201,heteroscedastic,sparse,20,400,primary,0.5,fixed,M3,0.06022634,1.259477,3.313111,0.04623901,0.06710636,0.3750786,0.01315789,1.356157,0.07104313,0.04011245,0.06038961,0.25,0.04037268,0.9018683,0.002774969,0.5016447,0.04924335,0.6910517,0.0745732,4,1,13,0.7297297,0.7297297,0.7297297,13,0,0,0,1,True,300.5158,288.5053,0,11550,0,32650,296.3039,4.211851,30,7,0,0.06327035,0.00486695,0.5240977,420797.4,108718080,complete,,4,0.2,1600,37,7,2,9,6b475d0be6552b795d7efeb9d86189d48a934311778c3f55f2bfefaba75bc2cc,,,0.06874611,0.05887728,0.03705101,0.107291,0.0970301,0.1060075
320201,heteroscedastic,sparse,20,400,primary,0.5,fixed,M4,0.06022634,1.259477,3.313111,0.04623901,0.06710636,0.3750786,0.01315789,1.356157,0.07104313,0.04011245,0.06038961,0.25,0.04037268,0.9018683,0.002774969,0.5016447,0.04924335,0.6910517,0.0745732,4,1,13,0.7297297,0.7297297,0.7297297,13,0,0,0,1,True,300.5158,288.5053,0,11550,0,32650,296.3039,4.211825,30,7,0,0.06327035,0.00486695,0.5240977,420797.4,108718080,complete,,4,0.2,1600,37,7,2,9,6b475d0be6552b795d7efeb9d86189d48a934311778c3f55f2bfefaba75bc2cc,,,0.06874611,0.05887728,0.03705101,0.107291,0.0970301,0.1060075
320201,heteroscedastic,sparse,20,400,primary,0.5,fixed,M5,0.06022605,1.259468,3.312968,0.04623901,0.06710014,0.3750786,0.01315789,1.356208,0.07104313,0.0401465,0.06038942,0.25,0.04040519,0.9018491,0.002783091,0.5016704,0.04924335,0.6910513,0.07457345,4,1,,,,,13,,-6.214716e-06,0,0,True,299.891,288.5053,0,11550,0,32650,296.3039,3.58705,30,7,0,1.21135,0.09318079,0.9115217,21978.78,83155456,complete,,4,0.2,1600,37,7,2,9,81d0e89504c39814d5f4dc0c9886c61b822186a2c036768b0a2046d59c13ac02,,,0.06873797,0.05886841,0.03704956,0.107282,0.0970231,0.1060171
320201,heteroscedastic,sparse,20,400,primary,0.5,fixed,fixed,0.06022634,1.259477,3.313111,0.04623901,0.06710636,0.3750786,0.01315789,1.356157,0.07104313,0.04011245,0.06038961,0.25,0.04037268,0.9018683,0.002774969,0.5016447,0.04924335,0.6910517,0.0745732,4,1,13,0.7297297,0.7297297,0.7297297,13,0,0,,,,133.3622,133.3622,0,8200,0,22850,133.3622,0,20,1,0,0.06327035,0.00486695,0.5240977,420797.4,108718080,complete,,4,0.2,1600,37,7,2,9,6b475d0be6552b795d7efeb9d86189d48a934311778c3f55f2bfefaba75bc2cc,,,0.06874611,0.05887728,0.03705101,0.107291,0.0970301,0.1060075
320201,heteroscedastic,sparse,20,400,primary,0.5,fixed,random,0.06022634,1.259477,3.313111,0.04623901,0.06710636,0.3750786,0.01315789,1.356157,0.07104313,0.04011245,0.06038961,0.25,0.04037268,0.9018683,0.002774969,0.5016447,0.04924335,0.6910517,0.0745732,4,1,13,0.7297297,0.7297297,0.7297297,13,0,0,0,1,True,238.4209,229.8481,0,10300,0,30950,234.0672,4.353759,26,7,0,0.06327035,0.00486695,0.5240977,420797.4,108718080,complete,,4,0.2,1600,37,7,2,9,6b475d0be6552b795d7efeb9d86189d48a934311778c3f55f2bfefaba75bc2cc,,,0.06874611,0.05887728,0.03705101,0.107291,0.0970301,0.1060075
320202,heteroscedastic,sparse,20,400,primary,0.2,adjusted,M0,0.04213637,,3.284471,0.1211337,0.1672732,0.3391311,0.2763158,1.351409,0.3025312,0.04155654,0.1066939,5.25,0.1260018,0.90147,0.03506713,0.5026213,0.3143289,0.690197,0.2879192,4,2,37,0,0,0,7,37,0.08892114,,,,0.0005512722,0.0005512722,0,0,0,0,0.0005512722,0,0,0,0,0.006846352,0.0005266424,0.3212639,3888787,70599168,complete,,4,0.2,1600,37,7,2,7,14f82af576d2c64cc90a8d8ede512c5d7ac055bbaebff90b7dcb158abe2ad88a,,,0.1661394,0.1091563,0.1350737,0.1497687,0.08610706,0.1181994
320202,heteroscedastic,sparse,20,400,primary,0.2,adjusted,M1,0.05636211,1.238242,3.142315,0.1211337,0.08051463,0.3391311,0.2763158,1.289696,0.1469047,0.04480604,0.07599332,5.25,0.06179018,0.8908884,0.01327717,0.4884997,0.09469035,0.6784784,0.1122961,4,2,7,0.8648649,0.8648649,0.8648649,7,0,0.002162547,,,,0.1692874,0.1692874,0,0,0,0,0.1692874,0,0,0,0,0.1235049,0.009500378,0.3705667,215570.4,70530560,complete,,4,0.2,1600,37,7,2,7,6c161a7c7ced51f83ea342db654bd877009aba9b2fc60a5e509bb82cdde59648,,,0.07362186,0.07169568,0.07045809,0.06932301,0.07024824,0.04764963
320202,heteroscedastic,sparse,20,400,primary,0.2,adjusted,M2,0.1682598,1.363663,3.247755,0.1211337,0.2206034,0.3391311,0.2763158,1.318733,0.3066852,0.1371192,0.2020715,5.25,0.1694384,0.8900018,0.06134482,0.4809827,0.2331051,0.7027595,0.333227,4,2,77,0.05555556,0.08108108,0.06593407,7,75,0.1422513,,,,1475.696,65.07451,1410.622,6400,60000,23700,1475.696,0,20,0,0,0.03871059,0.002977738,0.5246694,687770.4,232891392,valid_capped_prediction,0.1087201,4,0.2,1600,37,7,2,7,ba44bc45be62cd551f9356d9c584efc9b6f4e8f4514c37f819d741c3d39291b7,,,0.1714425,0.1548521,0.1868739,0.172519,0.1562197,0.115059
320202,heteroscedastic,sparse,20,400,primary,0.2,adjusted,M3,0.06112041,1.234502,3.263691,0.1211337,0.07835208,0.3391311,0.2763158,1.322772,0.08021202,0.05073481,0.07074227,5.25,0.06336519,0.904027,0.01393113,0.4992997,0.1062624,0.6782283,0.1055721,4,2,7,0.8648649,0.8648649,0.8648649,7,0,0,0,1,True,856.8185,812.0941,0,24000,0,70600,843.4751,13.34348,59,24,0,0.06706872,0.005159132,0.5353796,396966,105076224,complete,,4,0.2,1600,37,7,2,7,473a44d37e90ab962905bae307c9e5dc60c17af82595df74ffc71fc141604fc9,,,0.06602281,0.06515727,0.0561143,0.0680371,0.06930775,0.0473
320202,heteroscedastic,sparse,20,400,primary,0.2,adjusted,M4,0.06112041,1.234502,3.263691,0.1211337,0.07835208,0.3391311,0.2763158,1.322772,0.08021202,0.05073481,0.07074227,5.25,0.06336519,0.904027,0.01393113,0.4992997,0.1062624,0.6782283,0.1055721,4,2,7,0.8648649,0.8648649,0.8648649,7,0,0,0,1,True,856.8185,812.0941,0,24000,0,70600,843.4751,13.34345,59,24,0,0.06706872,0.005159132,0.5353796,396966,105076224,complete,,4,0.2,1600,37,7,2,7,473a44d37e90ab962905bae307c9e5dc60c17af82595df74ffc71fc141604fc9,,,0.06602281,0.06515727,0.0561143,0.0680371,0.06930775,0.0473
320202,heteroscedastic,sparse,20,400,primary,0.2,adjusted,M5,0.06099022,1.234471,3.263209,0.1211337,0.0781897,0.3391311,0.2763158,1.322717,0.08015589,0.05072041,0.07061992,5.25,0.06336748,0.9040142,0.01387107,0.4992804,0.1062888,0.6782161,0.1054404,4,2,,,,,7,,-0.0001623807,0,0,True,847.2527,812.0941,0,24000,0,70600,843.4751,3.777629,59,24,0,1.364208,0.1049391,0.9086677,19516.08,105076224,complete,,4,0.2,1600,37,7,2,7,e8f48b3fa7b89827d5b73eb55ebf8db2a4c0c2d520a4c479c930e5d7c6d54bc1,,,0.06590645,0.0650323,0.05611893,0.0678948,0.0692123,0.04734163
320202,heteroscedastic,sparse,20,400,primary,0.2,adjusted,fixed,0.06112041,1.234502,3.263691,0.1211337,0.07835208,0.3391311,0.2763158,1.322772,0.08021202,0.05073481,0.07074227,5.25,0.06336519,0.904027,0.01393113,0.4992997,0.1062624,0.6782283,0.1055721,4,2,7,0.8648649,0.8648649,0.8648649,7,0,0,,,,109.477,109.477,0,8500,0,23850,109.477,0,20,1,0,0.06706872,0.005159132,0.5353796,396966,87016960,complete,,4,0.2,1600,37,7,2,7,473a44d37e90ab962905bae307c9e5dc60c17af82595df74ffc71fc141604fc9,,,0.06602281,0.06515727,0.0561143,0.0680371,0.06930775,0.0473
320202,heteroscedastic,sparse,20,400,primary,0.2,adjusted,random,0.06112041,1.234502,3.263691,0.1211337,0.07835208,0.3391311,0.2763158,1.322772,0.08021202,0.05073481,0.07074227,5.25,0.06336519,0.904027,0.01393113,0.4992997,0.1062624,0.6782283,0.1055721,4,2,7,0.8648649,0.8648649,0.8648649,7,0,0,0,1,True,578.7311,551.9311,0,18150,0,53950,565.3351,13.39595,44,24,0,0.06706872,0.005159132,0.5353796,396966,104905216,complete,,4,0.2,1600,37,7,2,7,473a44d37e90ab962905bae307c9e5dc60c17af82595df74ffc71fc141604fc9,,,0.06602281,0.06515727,0.0561143,0.0680371,0.06930775,0.0473
320202,heteroscedastic,sparse,20,400,primary,0.2,fixed,M0,0.04213637,,3.284471,0.1211337,0.1672732,0.3391311,0.2763158,1.351409,0.3025312,0.04155654,0.1066939,5.25,0.1260018,0.90147,0.03506713,0.5026213,0.3143289,0.690197,0.2879192,4,2,37,0,0,0,7,37,0.08892114,,,,0.0005512722,0.0005512722,0,0,0,0,0.0005512722,0,0,0,0,0.006846352,0.0005266424,0.3212639,3888787,70599168,complete,,4,0.2,1600,37,7,2,7,14f82af576d2c64cc90a8d8ede512c5d7ac055bbaebff90b7dcb158abe2ad88a,,,0.1661394,0.1091563,0.1350737,0.1497687,0.08610706,0.1181994
320202,heteroscedastic,sparse,20,400,primary,0.2,fixed,M1,0.05636211,1.238242,3.142315,0.1211337,0.08051463,0.3391311,0.2763158,1.289696,0.1469047,0.04480604,0.07599332,5.25,0.06179018,0.8908884,0.01327717,0.4884997,0.09469035,0.6784784,0.1122961,4,2,7,0.8648649,0.8648649,0.8648649,7,0,0.002162547,,,,0.1692874,0.1692874,0,0,0,0,0.1692874,0,0,0,0,0.1235049,0.009500378,0.3705667,215570.4,70530560,complete,,4,0.2,1600,37,7,2,7,6c161a7c7ced51f83ea342db654bd877009aba9b2fc60a5e509bb82cdde59648,,,0.07362186,0.07169568,0.07045809,0.06932301,0.07024824,0.04764963
320202,heteroscedastic,sparse,20,400,primary,0.2,fixed,M2,0.1682598,1.363663,3.247755,0.1211337,0.2206034,0.3391311,0.2763158,1.318733,0.3066852,0.1371192,0.2020715,5.25,0.1694384,0.8900018,0.06134482,0.4809827,0.2331051,0.7027595,0.333227,4,2,77,0.05555556,0.08108108,0.06593407,7,75,0.1422513,,,,1475.696,65.07451,1410.622,6400,60000,23700,1475.696,0,20,0,0,0.03871059,0.002977738,0.5246694,687770.4,232891392,valid_capped_prediction,0.1087201,4,0.2,1600,37,7,2,7,ba44bc45be62cd551f9356d9c584efc9b6f4e8f4514c37f819d741c3d39291b7,,,0.1714425,0.1548521,0.1868739,0.172519,0.1562197,0.115059
320202,heteroscedastic,sparse,20,400,primary,0.2,fixed,M3,0.06112041,1.234502,3.263691,0.1211337,0.07835208,0.3391311,0.2763158,1.322772,0.08021202,0.05073481,0.07074227,5.25,0.06336519,0.904027,0.01393113,0.4992997,0.1062624,0.6782283,0.1055721,4,2,7,0.8648649,0.8648649,0.8648649,7,0,0,0,1,True,292.0774,278.0224,0,12300,0,35750,285.9577,6.119674,31,7,0,0.06706872,0.005159132,0.5353796,396966,87016960,complete,,4,0.2,1600,37,7,2,7,473a44d37e90ab962905bae307c9e5dc60c17af82595df74ffc71fc141604fc9,,,0.06602281,0.06515727,0.0561143,0.0680371,0.06930775,0.0473
320202,heteroscedastic,sparse,20,400,primary,0.2,fixed,M4,0.06112041,1.234502,3.263691,0.1211337,0.07835208,0.3391311,0.2763158,1.322772,0.08021202,0.05073481,0.07074227,5.25,0.06336519,0.904027,0.01393113,0.4992997,0.1062624,0.6782283,0.1055721,4,2,7,0.8648649,0.8648649,0.8648649,7,0,0,0,1,True,292.0774,278.0224,0,12300,0,35750,285.9577,6.119651,31,7,0,0.06706872,0.005159132,0.5353796,396966,87016960,complete,,4,0.2,1600,37,7,2,7,473a44d37e90ab962905bae307c9e5dc60c17af82595df74ffc71fc141604fc9,,,0.06602281,0.06515727,0.0561143,0.0680371,0.06930775,0.0473
320202,heteroscedastic,sparse,20,400,primary,0.2,fixed,M5,0.06099022,1.234471,3.263209,0.1211337,0.0781897,0.3391311,0.2763158,1.322717,0.08015589,0.05072041,0.07061992,5.25,0.06336748,0.9040142,0.01387107,0.4992804,0.1062888,0.6782161,0.1054404,4,2,,,,,7,,-0.0001623807,0,0,True,290.6769,278.0224,0,12300,0,35750,285.9577,4.719163,31,7,0,1.364208,0.1049391,0.9086677,19516.08,86033920,complete,,4,0.2,1600,37,7,2,7,e8f48b3fa7b89827d5b73eb55ebf8db2a4c0c2d520a4c479c930e5d7c6d54bc1,,,0.06590645,0.0650323,0.05611893,0.0678948,0.0692123,0.04734163
320202,heteroscedastic,sparse,20,400,primary,0.2,fixed,fixed,0.06112041,1.234502,3.263691,0.1211337,0.07835208,0.3391311,0.2763158,1.322772,0.08021202,0.05073481,0.07074227,5.25,0.06336519,0.904027,0.01393113,0.4992997,0.1062624,0.6782283,0.1055721,4,2,7,0.8648649,0.8648649,0.8648649,7,0,0,,,,109.477,109.477,0,8500,0,23850,109.477,0,20,1,0,0.06706872,0.005159132,0.5353796,396966,87016960,complete,,4,0.2,1600,37,7,2,7,473a44d37e90ab962905bae307c9e5dc60c17af82595df74ffc71fc141604fc9,,,0.06602281,0.06515727,0.0561143,0.0680371,0.06930775,0.0473
320202,heteroscedastic,sparse,20,400,primary,0.2,fixed,random,0.06112041,1.234502,3.263691,0.1211337,0.07835208,0.3391311,0.2763158,1.322772,0.08021202,0.05073481,0.07074227,5.25,0.06336519,0.904027,0.01393113,0.4992997,0.1062624,0.6782283,0.1055721,4,2,7,0.8648649,0.8648649,0.8648649,7,0,0,0,1,True,216.7591,208.3205,0,10600,0,31250,212.4539,4.3052,26,7,0,0.06706872,0.005159132,0.5353796,396966,87016960,complete,,4,0.2,1600,37,7,2,7,473a44d37e90ab962905bae307c9e5dc60c17af82595df74ffc71fc141604fc9,,,0.06602281,0.06515727,0.0561143,0.0680371,0.06930775,0.0473
320202,heteroscedastic,sparse,20,400,primary,0.5,adjusted,M0,0.04213637,,3.284471,0.1211337,0.1672732,0.3391311,0.2763158,1.351409,0.3025312,0.04155654,0.1066939,5.25,0.1260018,0.90147,0.03506713,0.5026213,0.3143289,0.690197,0.2879192,4,2,37,0,0,0,16,37,0.009218302,,,,0.0005512722,0.0005512722,0,0,0,0,0.0005512722,0,0,0,0,0.006846352,0.0005266424,0.3212639,3888787,70599168,complete,,4,0.2,1600,37,7,2,7,14f82af576d2c64cc90a8d8ede512c5d7ac055bbaebff90b7dcb158abe2ad88a,,,0.1661394,0.1091563,0.1350737,0.1497687,0.08610706,0.1181994
320202,heteroscedastic,sparse,20,400,primary,0.5,adjusted,M1,0.07481406,1.266008,3.1597,0.1211337,0.1506405,0.3391311,0.2763158,1.296729,0.3371416,0.06609255,0.1340763,5.25,0.1340032,0.8870271,0.03392413,0.4821649,0.28533,0.6893437,0.2562767,4,2,16,0.7297297,0.7297297,0.7297297,16,0,-0.007414443,,,,0.1420594,0.1420594,0,0,0,0,0.1420594,0,0,0,0,0.1292071,0.009939007,0.3815199,206056.8,69149184,complete,,4,0.2,1600,37,7,2,7,607685c51500deb73dfa5cb2f99475250d5a5f41a3f253caec82fedd7980c0a7,,,0.1240633,0.1093275,0.1362539,0.1037584,0.09746508,0.06542414
320202,heteroscedastic,sparse,20,400,primary,0.5,adjusted,M2,0.1682598,1.363663,3.247755,0.1211337,0.2206034,0.3391311,0.2763158,1.318733,0.3066852,0.1371192,0.2020715,5.25,0.1694384,0.8900018,0.06134482,0.4809827,0.2331051,0.7027595,0.333227,4,2,77,0.05555556,0.08108108,0.06593407,16,77,0.06254845,,,,1475.696,65.07451,1410.622,6400,60000,23700,1475.696,0,20,0,0,0.03871059,0.002977738,0.5246694,687770.4,232891392,valid_capped_prediction,0.1087201,4,0.2,1600,37,7,2,7,ba44bc45be62cd551f9356d9c584efc9b6f4e8f4514c37f819d741c3d39291b7,,,0.1714425,0.1548521,0.1868739,0.172519,0.1562197,0.115059
320202,heteroscedastic,sparse,20,400,primary,0.5,adjusted,M3,0.07226671,1.255466,3.307027,0.1211337,0.1458609,0.3391311,0.2763158,1.325026,0.3080348,0.0723601,0.1272205,5.25,0.1383683,0.902106,0.03325097,0.4917056,0.2838151,0.6887811,0.2504655,4,2,16,0.7105263,0.7297297,0.72,16,2,-0.01219401,0,0,True,890.4687,845.7929,0,24300,0,65450,875.0834,15.38535,58,24,2,0.0662529,0.005096377,0.5165306,401854.1,109409280,complete,,4,0.2,1600,37,7,2,7,d8d50377e59dffc96481f086e592a5f22e0a1ace9ca6a407bd5bc359212f9883,,,0.1259185,0.1113404,0.139529,0.09415406,0.08238903,0.06071706
320202,heteroscedastic,sparse,20,400,primary,0.5,adjusted,M4,0.07226671,1.255466,3.307027,0.1211337,0.1458609,0.3391311,0.2763158,1.325026,0.3080348,0.0723601,0.1272205,5.25,0.1383683,0.902106,0.03325097,0.4917056,0.2838151,0.6887811,0.2504655,4,2,16,0.7105263,0.7297297,0.72,16,2,-0.01219401,0,0,True,890.4687,845.7929,0,24300,0,65450,875.0834,15.38531,58,24,2,0.0662529,0.005096377,0.5165306,401854.1,109409280,complete,,4,0.2,1600,37,7,2,7,d8d50377e59dffc96481f086e592a5f22e0a1ace9ca6a407bd5bc359212f9883,,,0.1259185,0.1113404,0.139529,0.09415406,0.08238903,0.06071706
320202,heteroscedastic,sparse,20,400,primary,0.5,adjusted,M5,0.07797972,1.261262,3.301593,0.1211337,0.1547211,0.3391311,0.2763158,1.324551,0.3125189,0.07213284,0.1339386,5.25,0.1394438,0.9008789,0.03522466,0.491333,0.2861932,0.6898305,0.2564493,4,2,,,,,16,,-0.003333865,0,0,True,878.744,845.7929,0,24300,0,65450,875.0834,3.660654,58,24,2,1.288257,0.09909667,0.7624803,20666.69,103705088,complete,,4,0.2,1600,37,7,2,7,bc0db9ee4c572db49d0a3616f3e57f1e08a00330ff281e8539163e22fc0a42f3,,,0.1314592,0.1119732,0.1405133,0.1029601,0.08813733,0.06026446
320202,heteroscedastic,sparse,20,400,primary,0.5,adjusted,fixed,0.07977773,1.264385,3.297994,0.1211337,0.1580549,0.3391311,0.2763158,1.32486,0.3165368,0.07193361,0.1373062,5.25,0.1405099,0.9004228,0.03623795,0.4912688,0.2885376,0.6904089,0.2614263,4,2,16,0.7297297,0.7297297,0.7297297,16,0,0,,,,277.3918,277.3918,0,8650,0,24000,277.3918,0,20,1,0,0.05509273,0.004237902,0.5182719,483257.9,109084672,complete,,4,0.2,1600,37,7,2,7,3d78cf9773022a330f55c95dc4902726a3f2ac7852b8f990d8432f10ba7d5ee2,,,0.1341363,0.1131033,0.1411852,0.1061158,0.08993872,0.06065379
320202,heteroscedastic,sparse,20,400,primary,0.5,adjusted,random,0.07953765,1.260197,3.299084,0.1211337,0.155356,0.3391311,0.2763158,1.325528,0.331862,0.07254829,0.1384089,5.25,0.1420678,0.900789,0.03563691,0.4917956,0.2915472,0.6901429,0.2604366,4,2,15,0.7297297,0.7297297,0.7297297,16,2,-0.002698896,0,0,True,707.2402,678.4868,0,18450,0,56550,691.8512,15.38906,45,24,2,0.0604449,0.004649608,0.5183892,440467.3,109347840,complete,,4,0.2,1600,37,7,2,7,07695213ef8d0d6bf4b86330aedcb8bd06b67878013c2b249a4a1cf077587044,,,0.1275589,0.1128572,0.1385817,0.1023523,0.0913772,0.06153406
320202,heteroscedastic,sparse,20,400,primary,0.5,fixed,M0,0.04213637,,3.284471,0.1211337,0.1672732,0.3391311,0.2763158,1.351409,0.3025312,0.04155654,0.1066939,5.25,0.1260018,0.90147,0.03506713,0.5026213,0.3143289,0.690197,0.2879192,4,2,37,0,0,0,16,37,0.009218302,,,,0.0005512722,0.0005512722,0,0,0,0,0.0005512722,0,0,0,0,0.006846352,0.0005266424,0.3212639,3888787,70599168,complete,,4,0.2,1600,37,7,2,7,14f82af576d2c64cc90a8d8ede512c5d7ac055bbaebff90b7dcb158abe2ad88a,,,0.1661394,0.1091563,0.1350737,0.1497687,0.08610706,0.1181994
320202,heteroscedastic,sparse,20,400,primary,0.5,fixed,M1,0.07481406,1.266008,3.1597,0.1211337,0.1506405,0.3391311,0.2763158,1.296729,0.3371416,0.06609255,0.1340763,5.25,0.1340032,0.8870271,0.03392413,0.4821649,0.28533,0.6893437,0.2562767,4,2,16,0.7297297,0.7297297,0.7297297,16,0,-0.007414443,,,,0.1420594,0.1420594,0,0,0,0,0.1420594,0,0,0,0,0.1292071,0.009939007,0.3815199,206056.8,69149184,complete,,4,0.2,1600,37,7,2,7,607685c51500deb73dfa5cb2f99475250d5a5f41a3f253caec82fedd7980c0a7,,,0.1240633,0.1093275,0.1362539,0.1037584,0.09746508,0.06542414
320202,heteroscedastic,sparse,20,400,primary,0.5,fixed,M2,0.1682598,1.363663,3.247755,0.1211337,0.2206034,0.3391311,0.2763158,1.318733,0.3066852,0.1371192,0.2020715,5.25,0.1694384,0.8900018,0.06134482,0.4809827,0.2331051,0.7027595,0.333227,4,2,77,0.05555556,0.08108108,0.06593407,16,77,0.06254845,,,,1475.696,65.07451,1410.622,6400,60000,23700,1475.696,0,20,0,0,0.03871059,0.002977738,0.5246694,687770.4,232891392,valid_capped_prediction,0.1087201,4,0.2,1600,37,7,2,7,ba44bc45be62cd551f9356d9c584efc9b6f4e8f4514c37f819d741c3d39291b7,,,0.1714425,0.1548521,0.1868739,0.172519,0.1562197,0.115059
320202,heteroscedastic,sparse,20,400,primary,0.5,fixed,M3,0.06669484,1.264088,3.291713,0.1211337,0.1482692,0.3391311,0.2763158,1.323159,0.3564961,0.03949755,0.1260992,5.25,0.1140217,0.9008982,0.03345291,0.4919048,0.2892489,0.688769,0.2487685,4,2,16,0.7297297,0.7297297,0.7297297,16,2,-0.009785766,0,0,True,517.0963,499.5298,0,14350,0,38000,511.2812,5.815127,34,10,1,0.06136816,0.004720628,0.5194061,433840.6,109345280,complete,,4,0.2,1600,37,7,2,7,96594547ca634978b8958d8a705847fc71b3d49875a8a826787eb2b047d49b69,,,0.1256038,0.1107754,0.1202312,0.1037869,0.08673691,0.06102488
320202,heteroscedastic,sparse,20,400,primary,0.5,fixed,M4,0.06669484,1.264088,3.291713,0.1211337,0.1482692,0.3391311,0.2763158,1.323159,0.3564961,0.03949755,0.1260992,5.25,0.1140217,0.9008982,0.03345291,0.4919048,0.2892489,0.688769,0.2487685,4,2,16,0.7297297,0.7297297,0.7297297,16,2,-0.009785766,0,0,True,517.0963,499.5298,0,14350,0,38000,511.2812,5.815099,34,10,1,0.06136816,0.004720628,0.5194061,433840.6,109345280,complete,,4,0.2,1600,37,7,2,7,96594547ca634978b8958d8a705847fc71b3d49875a8a826787eb2b047d49b69,,,0.1256038,0.1107754,0.1202312,0.1037869,0.08673691,0.06102488
320202,heteroscedastic,sparse,20,400,primary,0.5,fixed,M5,0.07301472,1.261717,3.301712,0.1211337,0.1503822,0.3391311,0.2763158,1.327036,0.3218207,0.06285109,0.1302234,5.25,0.1322323,0.9015792,0.03356936,0.4927786,0.2849086,0.6891081,0.2543617,4,2,,,,,16,,-0.007672766,0,0,True,514.5631,499.5298,0,14350,0,38000,511.2812,3.281895,34,10,1,1.136751,0.08744237,0.990653,23421.14,86544384,complete,,4,0.2,1600,37,7,2,7,ad8e8d825c6aea88f1b7a11fe0be8fe5a6f2f6894afb3aabc1a5e0002abd1c27,,,0.1302187,0.1105936,0.1343164,0.1028934,0.08663564,0.06107316
320202,heteroscedastic,sparse,20,400,primary,0.5,fixed,fixed,0.07977773,1.264385,3.297994,0.1211337,0.1580549,0.3391311,0.2763158,1.32486,0.3165368,0.07193361,0.1373062,5.25,0.1405099,0.9004228,0.03623795,0.4912688,0.2885376,0.6904089,0.2614263,4,2,16,0.7297297,0.7297297,0.7297297,16,0,0,,,,277.3918,277.3918,0,8650,0,24000,277.3918,0,20,1,0,0.05509273,0.004237902,0.5182719,483257.9,109084672,complete,,4,0.2,1600,37,7,2,7,3d78cf9773022a330f55c95dc4902726a3f2ac7852b8f990d8432f10ba7d5ee2,,,0.1341363,0.1131033,0.1411852,0.1061158,0.08993872,0.06065379
320202,heteroscedastic,sparse,20,400,primary,0.5,fixed,random,0.07840932,1.259145,3.294825,0.1211337,0.1518168,0.3391311,0.2763158,1.321932,0.3125143,0.07217572,0.1343099,5.25,0.1401655,0.9006476,0.03446396,0.4911017,0.2876198,0.6894863,0.2520147,4,2,17,0.6923077,0.7297297,0.7105263,16,2,-0.006238094,0,0,True,446.3714,434.7484,0,12650,0,37600,440.2811,6.090223,30,10,1,0.05645241,0.004342493,0.5255832,471618.5,128646656,complete,,4,0.2,1600,37,7,2,7,5467ec408ba46d0954f6a7508d52db5aba39ec48b65509c0c9f0ec7353812a6b,,,0.1274056,0.1114914,0.1404893,0.09960722,0.08955045,0.06143892
320203,heteroscedastic,sparse,20,400,primary,0.2,adjusted,M0,0.04289056,,3.285765,0.1265564,0.1503901,0.3058801,0.2368421,1.362973,0.2709441,0.04336542,0.08919081,4.5,0.1288,0.8990671,0.02182469,0.5009123,0.2974895,0.6981555,0.185569,4,3,37,0,0,0,7,38,0.04543554,,,,0.0006102528,0.0006102528,0,0,0,0,0.0006102528,0,0,0,0,0.006867643,0.0005282803,0.3194544,3876730,70599168,complete,,4,0.2,1600,37,10,2,6,e0c651db43c96b402a7953f143b9f8a1187b4e868f3c7cd97b0cbabe8f900174,,,0.158396,0.08885471,0.1369083,0.1815587,0.124296,0.1761818
320203,heteroscedastic,sparse,20,400,primary,0.2,adjusted,M1,0.07533033,1.258274,3.169302,0.1265564,0.1065961,0.3058801,0.2368421,1.301637,0.1394603,0.05567111,0.09731036,4.5,0.08038594,0.8863911,0.01144428,0.4832635,0.09613066,0.6934945,0.1658215,4,3,7,0.8684211,0.8918919,0.88,7,0,0.001641562,,,,0.1513494,0.1513494,0,0,0,0,0.1513494,0,0,0,0,0.124286,0.009560465,0.3679703,214215.5,70532096,complete,,4,0.2,1600,37,10,2,6,8b101a0aaa3d39f0ad70998f5ca41be14bdd91c442295f6a8b4c8e8dad17c665,,,0.08581642,0.08301678,0.09278295,0.0835381,0.07946218,0.07329428
320203,heteroscedastic,sparse,20,400,primary,0.2,adjusted,M2,0.07833798,1.353739,3.267328,0.1265564,0.1453027,0.3058801,0.2368421,1.337955,0.2847307,0.06302904,0.1163104,4.5,0.1152134,0.8962017,0.0227968,0.4921811,0.2512322,0.6984972,0.1903153,4,3,64,0.1886792,0.2702703,0.2222222,7,67,0.04034818,,,,1310.414,52.6185,1257.796,6850,60000,25150,1310.414,0,20,0,0,0.03525543,0.002711956,0.4688148,755174.4,233892864,valid_capped_prediction,0.07449196,4,0.2,1600,37,10,2,6,312b4ac8e189fcb3f3d7ba1aab96aea8fb226045b9b29d6791d3ef3382b3fb41,,,0.1258949,0.0982476,0.1245789,0.1555726,0.11775,0.1600841
320203,heteroscedastic,sparse,20,400,primary,0.2,adjusted,M3,0.06644849,1.247528,3.268536,0.1265564,0.07461772,0.3058801,0.2368421,1.340349,0.07760531,0.05579775,0.07209798,4.5,0.0571664,0.8992727,0.005722698,0.4954963,0.04546698,0.6899565,0.09905607,4,3,6,0.8947368,0.9189189,0.9066667,7,2,-0.03033681,0,0,True,888.0903,840.4417,0,24300,0,71000,872.5704,15.51992,59,24,1,0.06735197,0.005180921,0.5140889,395296.5,106862592,complete,,4,0.2,1600,37,10,2,6,ced7a0e26ef8a511b30109eda0c24f89d02fb60fc679902d7d8ec6c2b72113f7,,,0.07009293,0.06748451,0.06436179,0.07241369,0.06995693,0.0541097
320203,heteroscedastic,sparse,20,400,primary,0.2,adjusted,M4,0.06644849,1.247528,3.268536,0.1265564,0.07461772,0.3058801,0.2368421,1.340349,0.07760531,0.05579775,0.07209798,4.5,0.0571664,0.8992727,0.005722698,0.4954963,0.04546698,0.6899565,0.09905607,4,3,6,0.8947368,0.9189189,0.9066667,7,2,-0.03033681,0,0,True,888.0903,840.4417,0,24300,0,71000,872.5704,15.51989,59,24,1,0.06735197,0.005180921,0.5140889,395296.5,106862592,complete,,4,0.2,1600,37,10,2,6,ced7a0e26ef8a511b30109eda0c24f89d02fb60fc679902d7d8ec6c2b72113f7,,,0.07009293,0.06748451,0.06436179,0.07241369,0.06995693,0.0541097
320203,heteroscedastic,sparse,20,400,primary,0.2,adjusted,M5,0.06837569,1.252291,3.273324,0.1265564,0.0968203,0.3058801,0.2368421,1.341648,0.1124297,0.056413,0.08609824,4.5,0.07682091,0.8993113,0.01021493,0.4960424,0.08561722,0.6924451,0.1531406,4,3,,,,,7,,-0.008134227,0,0,True,876.6928,840.4417,0,24300,0,71000,872.5704,4.122382,59,24,1,1.347767,0.1036744,0.9230494,19754.15,106862592,complete,,4,0.2,1600,37,10,2,6,86fc975a5cd323f5bdd662ce61009bfcd5d4b2bbe7d0da7f24f2aa69def97f91,,,0.08153361,0.07629295,0.08015434,0.07753934,0.07327692,0.06582798
320203,heteroscedastic,sparse,20,400,primary,0.2,adjusted,fixed,0.07173723,1.255237,3.272771,0.1265564,0.1049545,0.3058801,0.2368421,1.339116,0.1191178,0.05966643,0.09127037,4.5,0.08348246,0.8986367,0.01253904,0.4947767,0.09472398,0.6935027,0.1693969,4,3,7,0.8684211,0.8918919,0.88,7,0,0,,,,86.15203,86.15203,0,7700,0,22350,86.15203,0,20,1,0,0.06810256,0.005238659,0.5154256,390939.8,86813696,complete,,4,0.2,1600,37,10,2,6,0be6afdcfba72c5f576e02ae639709c26383cde1a0726d949d033f1f96ea12a1,,,0.08651274,0.0796966,0.08643293,0.08034449,0.07550738,0.06817008
320203,heteroscedastic,sparse,20,400,primary,0.2,adjusted,random,0.07173723,1.255237,3.272771,0.1265564,0.1049545,0.3058801,0.2368421,1.339116,0.1191178,0.05966643,0.09127037,4.5,0.08348246,0.8986367,0.01253904,0.4947767,0.09472398,0.6935027,0.1693969,4,3,7,0.8684211,0.8918919,0.88,7,0,0,0,1,True,533.284,502.609,0,16300,0,52450,518.1866,15.09737,43,24,0,0.06810256,0.005238659,0.5154256,390939.8,102928384,complete,,4,0.2,1600,37,10,2,6,0be6afdcfba72c5f576e02ae639709c26383cde1a0726d949d033f1f96ea12a1,,,0.08651274,0.0796966,0.08643293,0.08034449,0.07550738,0.06817008
320203,heteroscedastic,sparse,20,400,primary,0.2,fixed,M0,0.04289056,,3.285765,0.1265564,0.1503901,0.3058801,0.2368421,1.362973,0.2709441,0.04336542,0.08919081,4.5,0.1288,0.8990671,0.02182469,0.5009123,0.2974895,0.6981555,0.185569,4,3,37,0,0,0,7,38,0.04543554,,,,0.0006102528,0.0006102528,0,0,0,0,0.0006102528,0,0,0,0,0.006867643,0.0005282803,0.3194544,3876730,70599168,complete,,4,0.2,1600,37,10,2,6,e0c651db43c96b402a7953f143b9f8a1187b4e868f3c7cd97b0cbabe8f900174,,,0.158396,0.08885471,0.1369083,0.1815587,0.124296,0.1761818
320203,heteroscedastic,sparse,20,400,primary,0.2,fixed,M1,0.07533033,1.258274,3.169302,0.1265564,0.1065961,0.3058801,0.2368421,1.301637,0.1394603,0.05567111,0.09731036,4.5,0.08038594,0.8863911,0.01144428,0.4832635,0.09613066,0.6934945,0.1658215,4,3,7,0.8684211,0.8918919,0.88,7,0,0.001641562,,,,0.1513494,0.1513494,0,0,0,0,0.1513494,0,0,0,0,0.124286,0.009560465,0.3679703,214215.5,70532096,complete,,4,0.2,1600,37,10,2,6,8b101a0aaa3d39f0ad70998f5ca41be14bdd91c442295f6a8b4c8e8dad17c665,,,0.08581642,0.08301678,0.09278295,0.0835381,0.07946218,0.07329428
320203,heteroscedastic,sparse,20,400,primary,0.2,fixed,M2,0.07833798,1.353739,3.267328,0.1265564,0.1453027,0.3058801,0.2368421,1.337955,0.2847307,0.06302904,0.1163104,4.5,0.1152134,0.8962017,0.0227968,0.4921811,0.2512322,0.6984972,0.1903153,4,3,64,0.1886792,0.2702703,0.2222222,7,67,0.04034818,,,,1310.414,52.6185,1257.796,6850,60000,25150,1310.414,0,20,0,0,0.03525543,0.002711956,0.4688148,755174.4,233892864,valid_capped_prediction,0.07449196,4,0.2,1600,37,10,2,6,312b4ac8e189fcb3f3d7ba1aab96aea8fb226045b9b29d6791d3ef3382b3fb41,,,0.1258949,0.0982476,0.1245789,0.1555726,0.11775,0.1600841
320203,heteroscedastic,sparse,20,400,primary,0.2,fixed,M3,0.06348074,1.247718,3.266435,0.1265564,0.07155783,0.3058801,0.2368421,1.338541,0.07626495,0.05620262,0.06893371,4.5,0.05754162,0.8992663,0.005218556,0.4952521,0.04568779,0.6897382,0.09405649,4,3,7,0.8717949,0.9189189,0.8947368,7,2,-0.0333967,0,0,True,323.9318,304.0832,0,13150,0,39500,316.8309,7.100953,33,10,1,0.06367664,0.004898203,0.5164517,418112.5,92860928,complete,,4,0.2,1600,37,10,2,6,20fcc398286ec2a8325124cd2e847ee6aa4cf1390566158d66627efff4c603a4,,,0.06794894,0.0648409,0.06411405,0.06914691,0.06633589,0.05488955
320203,heteroscedastic,sparse,20,400,primary,0.2,fixed,M4,0.07173723,1.255237,3.272771,0.1265564,0.1049545,0.3058801,0.2368421,1.339116,0.1191178,0.05966643,0.09127037,4.5,0.08348246,0.8986367,0.01253904,0.4947767,0.09472398,0.6935027,0.1693969,4,3,7,0.8684211,0.8918919,0.88,7,0,0,0,1,True,323.353,304.0832,0,13150,0,39500,316.8309,6.522126,33,10,1,0.06810256,0.005238659,0.5154256,390939.8,92860928,complete,,4,0.2,1600,37,10,2,6,0be6afdcfba72c5f576e02ae639709c26383cde1a0726d949d033f1f96ea12a1,,,0.08651274,0.0796966,0.08643293,0.08034449,0.07550738,0.06817008
320203,heteroscedastic,sparse,20,400,primary,0.2,fixed,M5,0.06837569,1.252291,3.273324,0.1265564,0.0968203,0.3058801,0.2368421,1.341648,0.1124297,0.056413,0.08609824,4.5,0.07682091,0.8993113,0.01021493,0.4960424,0.08561722,0.6924451,0.1531406,4,3,,,,,7,,-0.008134227,0,0,True,320.7441,304.0832,0,13150,0,39500,316.8309,3.913232,33,10,1,1.434704,0.1103618,0.9289637,18557.14,92860928,complete,,4,0.2,1600,37,10,2,6,4ded66dc06a6e80088892a21b1b129d34b6520266490fbcb7c9565704e517bb6,,,0.08153361,0.07629295,0.08015434,0.07753934,0.07327692,0.06582798
320203,heteroscedastic,sparse,20,400,primary,0.2,fixed,fixed,0.07173723,1.255237,3.272771,0.1265564,0.1049545,0.3058801,0.2368421,1.339116,0.1191178,0.05966643,0.09127037,4.5,0.08348246,0.8986367,0.01253904,0.4947767,0.09472398,0.6935027,0.1693969,4,3,7,0.8684211,0.8918919,0.88,7,0,0,,,,86.15203,86.15203,0,7700,0,22350,86.15203,0,20,1,0,0.06810256,0.005238659,0.5154256,390939.8,86813696,complete,,4,0.2,1600,37,10,2,6,0be6afdcfba72c5f576e02ae639709c26383cde1a0726d949d033f1f96ea12a1,,,0.08651274,0.0796966,0.08643293,0.08034449,0.07550738,0.06817008
320203,heteroscedastic,sparse,20,400,primary,0.2,fixed,random,0.07173723,1.255237,3.272771,0.1265564,0.1049545,0.3058801,0.2368421,1.339116,0.1191178,0.05966643,0.09127037,4.5,0.08348246,0.8986367,0.01253904,0.4947767,0.09472398,0.6935027,0.1693969,4,3,7,0.8684211,0.8918919,0.88,7,0,0,0,1,True,196.0495,184.9302,0,9700,0,30050,189.6345,6.414992,26,7,0,0.06810256,0.005238659,0.5154256,390939.8,86813696,complete,,4,0.2,1600,37,10,2,6,0be6afdcfba72c5f576e02ae639709c26383cde1a0726d949d033f1f96ea12a1,,,0.08651274,0.0796966,0.08643293,0.08034449,0.07550738,0.06817008
320203,heteroscedastic,sparse,20,400,primary,0.5,adjusted,M0,0.04289056,,3.285765,0.1265564,0.1503901,0.3058801,0.2368421,1.362973,0.2709441,0.04336542,0.08919081,4.5,0.1288,0.8990671,0.02182469,0.5009123,0.2974895,0.6981555,0.185569,4,3,37,0,0,0,13,37,0.04786265,,,,0.0006102528,0.0006102528,0,0,0,0,0.0006102528,0,0,0,0,0.006867643,0.0005282803,0.3194544,3876730,70599168,complete,,4,0.2,1600,37,10,2,6,e0c651db43c96b402a7953f143b9f8a1187b4e868f3c7cd97b0cbabe8f900174,,,0.158396,0.08885471,0.1369083,0.1815587,0.124296,0.1761818
320203,heteroscedastic,sparse,20,400,primary,0.5,adjusted,M1,0.0671035,1.279323,3.178544,0.1265564,0.1100837,0.3058801,0.2368421,1.305049,0.1937229,0.04794511,0.092825,4.5,0.07985996,0.8880551,0.01155949,0.483739,0.1592983,0.6932533,0.1444787,4,3,13,0.7837838,0.7837838,0.7837838,13,0,0.00755628,,,,0.1774933,0.1774933,0,0,0,0,0.1774933,0,0,0,0,0.1237752,0.009521168,0.3779762,215099.7,69145600,complete,,4,0.2,1600,37,10,2,6,c6e3dcf69245e82a1750fb33bc92b7edf483aeb0cef91567f773dfae3419c87a,,,0.09125174,0.08255327,0.09520376,0.1040118,0.09546994,0.09402934
320203,heteroscedastic,sparse,20,400,primary,0.5,adjusted,M2,0.07833798,1.353739,3.267328,0.1265564,0.1453027,0.3058801,0.2368421,1.337955,0.2847307,0.06302904,0.1163104,4.5,0.1152134,0.8962017,0.0227968,0.4921811,0.2512322,0.6984972,0.1903153,4,3,64,0.1886792,0.2702703,0.2222222,13,67,0.04277529,,,,1310.414,52.6185,1257.796,6850,60000,25150,1310.414,0,20,0,0,0.03525543,0.002711956,0.4688148,755174.4,233892864,valid_capped_prediction,0.07449196,4,0.2,1600,37,10,2,6,312b4ac8e189fcb3f3d7ba1aab96aea8fb226045b9b29d6791d3ef3382b3fb41,,,0.1258949,0.0982476,0.1245789,0.1555726,0.11775,0.1600841
320203,heteroscedastic,sparse,20,400,primary,0.5,adjusted,M3,0.06432984,1.26229,3.283084,0.1265564,0.09484954,0.3058801,0.2368421,1.3481,0.1459747,0.06473753,0.07671318,4.5,0.07874675,0.8998959,0.009687354,0.4980662,0.1219665,0.6919498,0.1349043,4,3,12,0.7894737,0.8108108,0.8,13,3,-0.007677875,0,0,True,697.3952,651.2178,0,19900,0,56700,680.3381,17.05718,50,24,2,0.06747832,0.00519064,0.5262073,394556.4,104045568,complete,,4,0.2,1600,37,10,2,6,490b032ded8b70e11c81ec569067a4339e907a57e89cf13cf1627ac6a895d44d,,,0.09828554,0.0855025,0.09479338,0.09762019,0.09021458,0.09301171
320203,heteroscedastic,sparse,20,400,primary,0.5,adjusted,M4,0.06432984,1.26229,3.283084,0.1265564,0.09484954,0.3058801,0.2368421,1.3481,0.1459747,0.06473753,0.07671318,4.5,0.07874675,0.8998959,0.009687354,0.4980662,0.1219665,0.6919498,0.1349043,4,3,12,0.7894737,0.8108108,0.8,13,3,-0.007677875,0,0,True,697.3952,651.2178,0,19900,0,56700,680.3381,17.05714,50,24,2,0.06747832,0.00519064,0.5262073,394556.4,104045568,complete,,4,0.2,1600,37,10,2,6,490b032ded8b70e11c81ec569067a4339e907a57e89cf13cf1627ac6a895d44d,,,0.09828554,0.0855025,0.09479338,0.09762019,0.09021458,0.09301171
320203,heteroscedastic,sparse,20,400,primary,0.5,adjusted,M5,0.0567318,1.26859,3.27337,0.1265564,0.09907068,0.3058801,0.2368421,1.343016,0.1717616,0.04599882,0.07888112,4.5,0.07395978,0.8994847,0.009625628,0.4963122,0.1472453,0.6920814,0.1383392,4,3,,,,,13,,-0.00345674,0,0,True,684.4189,651.2178,0,19900,0,56700,680.3381,4.080871,50,24,2,1.391506,0.1070389,0.7261418,19133.23,104045568,complete,,4,0.2,1600,37,10,2,6,c7506fdd343a9189b168182b73f8d4902064139732a5ba1725a48798a76dc018,,,0.09416037,0.08161798,0.09147838,0.09936065,0.08584257,0.08728399
320203,heteroscedastic,sparse,20,400,primary,0.5,adjusted,fixed,0.0567517,1.272892,3.267406,0.1265564,0.1025274,0.3058801,0.2368421,1.340042,0.1769875,0.04686177,0.08071796,4.5,0.07689259,0.8986688,0.00965634,0.4950208,0.1529157,0.6923814,0.1389186,4,3,13,0.7837838,0.7837838,0.7837838,13,0,0,,,,189.084,189.084,0,8200,0,23250,189.084,0,20,1,0,0.06844754,0.005265195,0.5329664,388969.4,92860928,complete,,4,0.2,1600,37,10,2,6,42cfed2903b682c5182526977b7493bec974417aac6c38e1848f647f531d669d,,,0.09605575,0.08223628,0.09353235,0.100762,0.08650054,0.08745418
320203,heteroscedastic,sparse,20,400,primary,0.5,adjusted,random,0.0567517,1.272892,3.267406,0.1265564,0.1025274,0.3058801,0.2368421,1.340042,0.1769875,0.04686177,0.08071796,4.5,0.07689259,0.8986688,0.00965634,0.4950208,0.1529157,0.6923814,0.1389186,4,3,13,0.7837838,0.7837838,0.7837838,13,0,0,0,1,True,613.0029,584.6453,0,17500,0,55300,598.8907,14.11224,44,24,0,0.06844754,0.005265195,0.5329664,388969.4,101890048,complete,,4,0.2,1600,37,10,2,6,42cfed2903b682c5182526977b7493bec974417aac6c38e1848f647f531d669d,,,0.09605575,0.08223628,0.09353235,0.100762,0.08650054,0.08745418
320203,heteroscedastic,sparse,20,400,primary,0.5,fixed,M0,0.04289056,,3.285765,0.1265564,0.1503901,0.3058801,0.2368421,1.362973,0.2709441,0.04336542,0.08919081,4.5,0.1288,0.8990671,0.02182469,0.5009123,0.2974895,0.6981555,0.185569,4,3,37,0,0,0,13,37,0.04786265,,,,0.0006102528,0.0006102528,0,0,0,0,0.0006102528,0,0,0,0,0.006867643,0.0005282803,0.3194544,3876730,70599168,complete,,4,0.2,1600,37,10,2,6,e0c651db43c96b402a7953f143b9f8a1187b4e868f3c7cd97b0cbabe8f900174,,,0.158396,0.08885471,0.1369083,0.1815587,0.124296,0.1761818
320203,heteroscedastic,sparse,20,400,primary,0.5,fixed,M1,0.0671035,1.279323,3.178544,0.1265564,0.1100837,0.3058801,0.2368421,1.305049,0.1937229,0.04794511,0.092825,4.5,0.07985996,0.8880551,0.01155949,0.483739,0.1592983,0.6932533,0.1444787,4,3,13,0.7837838,0.7837838,0.7837838,13,0,0.00755628,,,,0.1774933,0.1774933,0,0,0,0,0.1774933,0,0,0,0,0.1237752,0.009521168,0.3779762,215099.7,69145600,complete,,4,0.2,1600,37,10,2,6,c6e3dcf69245e82a1750fb33bc92b7edf483aeb0cef91567f773dfae3419c87a,,,0.09125174,0.08255327,0.09520376,0.1040118,0.09546994,0.09402934
320203,heteroscedastic,sparse,20,400,primary,0.5,fixed,M2,0.07833798,1.353739,3.267328,0.1265564,0.1453027,0.3058801,0.2368421,1.337955,0.2847307,0.06302904,0.1163104,4.5,0.1152134,0.8962017,0.0227968,0.4921811,0.2512322,0.6984972,0.1903153,4,3,64,0.1886792,0.2702703,0.2222222,13,67,0.04277529,,,,1310.414,52.6185,1257.796,6850,60000,25150,1310.414,0,20,0,0,0.03525543,0.002711956,0.4688148,755174.4,233892864,valid_capped_prediction,0.07449196,4,0.2,1600,37,10,2,6,312b4ac8e189fcb3f3d7ba1aab96aea8fb226045b9b29d6791d3ef3382b3fb41,,,0.1258949,0.0982476,0.1245789,0.1555726,0.11775,0.1600841
320203,heteroscedastic,sparse,20,400,primary,0.5,fixed,M3,0.05494095,1.268383,3.286776,0.1265564,0.09368113,0.3058801,0.2368421,1.346645,0.1505636,0.04680639,0.07391461,4.5,0.06978555,0.9008147,0.008575173,0.4971474,0.1260079,0.6916411,0.1349219,4,3,14,0.7567568,0.7567568,0.7567568,13,1,-0.008846285,0,0,True,387.2116,373.3895,0,12400,0,33250,381.3767,5.834836,31,7,0,0.06676224,0.005135557,0.5241736,398788.3,86992384,complete,,4,0.2,1600,37,10,2,6,a163bde2f1b8241471845325a7f0d6cc056d48366da102de013878f0d4767787,,,0.08968161,0.0753614,0.08689997,0.09704952,0.08418778,0.08565851
320203,heteroscedastic,sparse,20,400,primary,0.5,fixed,M4,0.0567517,1.272892,3.267406,0.1265564,0.1025274,0.3058801,0.2368421,1.340042,0.1769875,0.04686177,0.08071796,4.5,0.07689259,0.8986688,0.00965634,0.4950208,0.1529157,0.6923814,0.1389186,4,3,13,0.7837838,0.7837838,0.7837838,13,0,0,0,1,True,386.6614,373.3895,0,12400,0,33250,381.3767,5.284713,31,7,0,0.06844754,0.005265195,0.5329664,388969.4,87205376,complete,,4,0.2,1600,37,10,2,6,42cfed2903b682c5182526977b7493bec974417aac6c38e1848f647f531d669d,,,0.09605575,0.08223628,0.09353235,0.100762,0.08650054,0.08745418
320203,heteroscedastic,sparse,20,400,primary,0.5,fixed,M5,0.05665757,1.272353,3.268336,0.1265564,0.1018943,0.3058801,0.2368421,1.34039,0.1754233,0.04690013,0.0802988,4.5,0.07656761,0.8988294,0.009644745,0.4952521,0.1519452,0.6923278,0.1388079,4,3,,,,,13,,-0.0006331541,0,0,True,385.3734,373.3895,0,12400,0,33250,381.3767,3.996669,31,7,0,1.408075,0.1083135,0.7166647,18908.08,82919424,complete,,4,0.2,1600,37,10,2,6,64b5e5e80842be178c731690caee99ba0af071cb770b413bb357a2f3f0075cf5,,,0.09542244,0.08172483,0.09312869,0.1002809,0.08600698,0.08744754
320203,heteroscedastic,sparse,20,400,primary,0.5,fixed,fixed,0.0567517,1.272892,3.267406,0.1265564,0.1025274,0.3058801,0.2368421,1.340042,0.1769875,0.04686177,0.08071796,4.5,0.07689259,0.8986688,0.00965634,0.4950208,0.1529157,0.6923814,0.1389186,4,3,13,0.7837838,0.7837838,0.7837838,13,0,0,,,,189.084,189.084,0,8200,0,23250,189.084,0,20,1,0,0.06844754,0.005265195,0.5329664,388969.4,92860928,complete,,4,0.2,1600,37,10,2,6,42cfed2903b682c5182526977b7493bec974417aac6c38e1848f647f531d669d,,,0.09605575,0.08223628,0.09353235,0.100762,0.08650054,0.08745418
320203,heteroscedastic,sparse,20,400,primary,0.5,fixed,random,0.0567517,1.272892,3.267406,0.1265564,0.1025274,0.3058801,0.2368421,1.340042,0.1769875,0.04686177,0.08071796,4.5,0.07689259,0.8986688,0.00965634,0.4950208,0.1529157,0.6923814,0.1389186,4,3,13,0.7837838,0.7837838,0.7837838,13,0,0,0,1,True,309.184,300.2205,0,10750,0,32800,304.4282,4.755772,26,7,0,0.06844754,0.005265195,0.5329664,388969.4,87205376,complete,,4,0.2,1600,37,10,2,6,42cfed2903b682c5182526977b7493bec974417aac6c38e1848f647f531d669d,,,0.09605575,0.08223628,0.09353235,0.100762,0.08650054,0.08745418
320204,heteroscedastic,sparse,20,400,primary,0.2,adjusted,M0,0.0340521,,3.284545,0.2640769,0.2311815,0.3238878,0.7631579,1.353119,0.2686212,0.03501128,0.1950491,14.5,0.2651753,0.893998,0.05734357,0.4916221,0.3267598,0.7106589,0.3037266,4,4,37,0,0,0,7,36,0.113532,,,,0.001205076,0.001205076,0,0,0,0,0.001205076,0,0,0,0,0.00679585,0.0005227577,0.3237213,3917685,70599168,complete,,4,0.2,1600,37,8,2,6,845ffa9bbbea21083c2131bdc9be463d8797d1b9acd9ddc1896fa39b89edf1ad,,,0.2411734,0.209252,0.2645041,0.154496,0.08049539,0.1234124
320204,heteroscedastic,sparse,20,400,primary,0.2,adjusted,M1,0.06689736,1.273545,3.096007,0.2640769,0.1340316,0.3238878,0.7631579,1.273048,0.1429239,0.04770824,0.1273597,14.5,0.1267302,0.879311,0.01883228,0.4768002,0.1350451,0.6915376,0.1584243,4,4,7,0.8888889,0.8648649,0.8767123,7,0,0.01638205,,,,0.261328,0.261328,0,0,0,0,0.261328,0,0,0,0,0.1267831,0.009752547,0.3804475,209996.4,70525952,complete,,4,0.2,1600,37,8,2,6,f4059c0230a591f90be3c3de4c3200defdc5c29ec7ea88230b84ccc2edb579aa,,,0.09652018,0.09822658,0.1162467,0.09626576,0.09256038,0.07685187
320204,heteroscedastic,sparse,20,400,primary,0.2,adjusted,M2,0.1450018,1.372282,3.291629,0.2640769,0.2515757,0.3238878,0.7631579,1.345197,0.2438332,0.08071467,0.2447797,14.5,0.2541047,0.8890831,0.07533102,0.4836362,0.2544755,0.7192353,0.3458051,4,4,60,0.22,0.2972973,0.2528736,7,58,0.1339262,,,,1422.687,78.69087,1343.996,7000,60000,23950,1422.687,0,20,0,0,0.04086835,0.003143719,0.5197231,651457.7,253793792,valid_capped_prediction,0.3176676,4,0.2,1600,37,8,2,6,1c9d9b2dc405628598e4fe1cb22814eef0bcca39c479a3c9c1585739f71fb572,,,0.2055266,0.2019528,0.243609,0.160961,0.1347947,0.1169016
320204,heteroscedastic,sparse,20,400,primary,0.2,adjusted,M3,0.05675538,1.253316,3.220355,0.2640769,0.1218354,0.3238878,0.7631579,1.313181,0.09755567,0.05625217,0.1028321,14.5,0.1227439,0.8943963,0.01736071,0.4900673,0.1227621,0.6902917,0.1590464,4,4,8,0.8611111,0.8378378,0.8493151,7,3,0.004185876,0,0,True,727.149,681.5819,0,20600,0,57200,712.3865,14.76248,51,24,2,0.0596206,0.0045862,0.5224478,446557.1,108748800,complete,,4,0.2,1600,37,8,2,6,a72fe9565dd48a52c942d8d84faef3cb3d3d7c109d1b91522568ebf2d71c1ed0,,,0.08885477,0.07980797,0.1038471,0.09707555,0.08747872,0.07600807
320204,heteroscedastic,sparse,20,400,primary,0.2,adjusted,M4,0.05836496,1.260182,3.215866,0.2640769,0.1279724,0.3238878,0.7631579,1.315611,0.1013389,0.05656389,0.1072898,14.5,0.1242117,0.8934133,0.01909764,0.4910311,0.1242232,0.691143,0.1586084,4,4,8,0.8611111,0.8378378,0.8493151,7,3,0.01032288,1,0,True,727.1635,681.5819,0,20600,0,57200,712.3865,14.77702,51,24,2,0.06671151,0.005131654,0.5115466,399091.6,108841472,complete,,4,0.2,1600,37,8,2,6,b3af4da8d9c07ceb36a0b52b15ae01a8ccb4fbb22f5cdd2c41f217f1171b5b20,,,0.08511423,0.07760932,0.1031566,0.101157,0.08912467,0.08207979
320204,heteroscedastic,sparse,20,400,primary,0.2,adjusted,M5,0.05142937,1.259394,3.234065,0.2640769,0.1174832,0.3238878,0.7631579,1.320171,0.09680865,0.05318102,0.09947239,14.5,0.1222072,0.8962916,0.01550421,0.4926501,0.1200412,0.6895844,0.1469966,4,4,,,,,7,,-0.0001663193,0,0,True,717.03,681.5819,0,20600,0,57200,712.3865,4.64349,51,24,2,1.896772,0.1459056,0.8983072,14036.48,106446848,complete,,4,0.2,1600,37,8,2,6,2ce0adf3a1c8326f1b408901e338a8240c5bb007f82efaa5bb3d22cdc1b82148,,,0.09428009,0.0823339,0.1069706,0.09020378,0.08342082,0.07143819
320204,heteroscedastic,sparse,20,400,primary,0.2,adjusted,fixed,0.05148033,1.261311,3.235557,0.2640769,0.1176495,0.3238878,0.7631579,1.320122,0.09769743,0.05326393,0.1000658,14.5,0.1234512,0.8964137,0.01543349,0.4925344,0.1211926,0.6896029,0.1474891,4,4,7,0.8888889,0.8648649,0.8767123,7,0,0,,,,112.0744,112.0744,0,8050,0,22300,112.0744,0,20,1,0,0.06092191,0.004686301,0.5215118,437018.5,86926336,complete,,4,0.2,1600,37,8,2,6,2ce4311769f0e7a087fea4f1a1c1ae572162f53948d4fbe1637377bdc427e869,,,0.09587839,0.08352172,0.1078132,0.09078189,0.08381624,0.07284171
320204,heteroscedastic,sparse,20,400,primary,0.2,adjusted,random,0.04201049,1.250647,3.243355,0.2640769,0.09468459,0.3238878,0.7631579,1.33009,0.08898741,0.03400811,0.0859567,14.5,0.08791808,0.8981484,0.009728568,0.4964343,0.09463744,0.6870071,0.1497157,4,4,5,0.9189189,0.9189189,0.9189189,7,2,-0.02296493,0,0,True,614.4858,582.9626,0,18550,0,53150,597.4538,17.03202,44,24,2,0.06451949,0.004963038,0.5254436,412650.5,128280064,complete,,4,0.2,1600,37,8,2,6,1eab8c3cad3e87ec9c92cba1b81d12a6abb26bd97023013fd9690a4c4c7e17c0,,,0.07862532,0.07528073,0.0797977,0.07825506,0.07646837,0.05882206
320204,heteroscedastic,sparse,20,400,primary,0.2,fixed,M0,0.0340521,,3.284545,0.2640769,0.2311815,0.3238878,0.7631579,1.353119,0.2686212,0.03501128,0.1950491,14.5,0.2651753,0.893998,0.05734357,0.4916221,0.3267598,0.7106589,0.3037266,4,4,37,0,0,0,7,36,0.113532,,,,0.001205076,0.001205076,0,0,0,0,0.001205076,0,0,0,0,0.00679585,0.0005227577,0.3237213,3917685,70599168,complete,,4,0.2,1600,37,8,2,6,845ffa9bbbea21083c2131bdc9be463d8797d1b9acd9ddc1896fa39b89edf1ad,,,0.2411734,0.209252,0.2645041,0.154496,0.08049539,0.1234124
320204,heteroscedastic,sparse,20,400,primary,0.2,fixed,M1,0.06689736,1.273545,3.096007,0.2640769,0.1340316,0.3238878,0.7631579,1.273048,0.1429239,0.04770824,0.1273597,14.5,0.1267302,0.879311,0.01883228,0.4768002,0.1350451,0.6915376,0.1584243,4,4,7,0.8888889,0.8648649,0.8767123,7,0,0.01638205,,,,0.261328,0.261328,0,0,0,0,0.261328,0,0,0,0,0.1267831,0.009752547,0.3804475,209996.4,70525952,complete,,4,0.2,1600,37,8,2,6,f4059c0230a591f90be3c3de4c3200defdc5c29ec7ea88230b84ccc2edb579aa,,,0.09652018,0.09822658,0.1162467,0.09626576,0.09256038,0.07685187
320204,heteroscedastic,sparse,20,400,primary,0.2,fixed,M2,0.1450018,1.372282,3.291629,0.2640769,0.2515757,0.3238878,0.7631579,1.345197,0.2438332,0.08071467,0.2447797,14.5,0.2541047,0.8890831,0.07533102,0.4836362,0.2544755,0.7192353,0.3458051,4,4,60,0.22,0.2972973,0.2528736,7,58,0.1339262,,,,1422.687,78.69087,1343.996,7000,60000,23950,1422.687,0,20,0,0,0.04086835,0.003143719,0.5197231,651457.7,253793792,valid_capped_prediction,0.3176676,4,0.2,1600,37,8,2,6,1c9d9b2dc405628598e4fe1cb22814eef0bcca39c479a3c9c1585739f71fb572,,,0.2055266,0.2019528,0.243609,0.160961,0.1347947,0.1169016
320204,heteroscedastic,sparse,20,400,primary,0.2,fixed,M3,0.05194754,1.258263,3.230311,0.2640769,0.1199178,0.3238878,0.7631579,1.318148,0.09878902,0.05314736,0.1012932,14.5,0.1223724,0.8957198,0.01619728,0.4918084,0.1201493,0.6900308,0.1558268,4,4,8,0.8611111,0.8378378,0.8493151,7,1,0.002268266,0,0,True,332.5201,319.6164,0,12500,0,34650,327.5227,4.997401,31,7,0,0.05690034,0.004376949,0.5212766,467905.8,108872192,complete,,4,0.2,1600,37,8,2,6,350ddc045918d8813d0993427b5fb2b74fb79a3c4bba08ae6082cf80a5fbf3f4,,,0.09519891,0.08434329,0.1082415,0.09328518,0.08702372,0.07305472
320204,heteroscedastic,sparse,20,400,primary,0.2,fixed,M4,0.05148033,1.261311,3.235557,0.2640769,0.1176495,0.3238878,0.7631579,1.320122,0.09769743,0.05326393,0.1000658,14.5,0.1234512,0.8964137,0.01543349,0.4925344,0.1211926,0.6896029,0.1474891,4,4,7,0.8888889,0.8648649,0.8767123,7,0,0,0,1,True,331.9718,319.6164,0,12500,0,34650,327.5227,4.449054,31,7,0,0.06092191,0.004686301,0.5215118,437018.5,86926336,complete,,4,0.2,1600,37,8,2,6,2ce4311769f0e7a087fea4f1a1c1ae572162f53948d4fbe1637377bdc427e869,,,0.09587839,0.08352172,0.1078132,0.09078189,0.08381624,0.07284171
320204,heteroscedastic,sparse,20,400,primary,0.2,fixed,M5,0.05150807,1.261052,3.235364,0.2640769,0.1177512,0.3238878,0.7631579,1.319845,0.09772765,0.05330647,0.100107,14.5,0.1237507,0.8964009,0.01529147,0.4924573,0.1214778,0.6896191,0.1477079,4,4,,,,,7,,0.0001016539,0,0,True,331.3819,319.6164,0,12500,0,34650,327.5227,3.859209,31,7,0,1.194967,0.09192055,0.7175179,22280.11,84471808,complete,,4,0.2,1600,37,8,2,6,2bfddde3ebb0ee1bd90107b1f09c664882d7ff217592dbbe649198de28ea5e7b,,,0.0958442,0.08356715,0.1076966,0.09080767,0.08390432,0.07312611
320204,heteroscedastic,sparse,20,400,primary,0.2,fixed,fixed,0.05148033,1.261311,3.235557,0.2640769,0.1176495,0.3238878,0.7631579,1.320122,0.09769743,0.05326393,0.1000658,14.5,0.1234512,0.8964137,0.01543349,0.4925344,0.1211926,0.6896029,0.1474891,4,4,7,0.8888889,0.8648649,0.8767123,7,0,0,,,,112.0744,112.0744,0,8050,0,22300,112.0744,0,20,1,0,0.06092191,0.004686301,0.5215118,437018.5,86926336,complete,,4,0.2,1600,37,8,2,6,2ce4311769f0e7a087fea4f1a1c1ae572162f53948d4fbe1637377bdc427e869,,,0.09587839,0.08352172,0.1078132,0.09078189,0.08381624,0.07284171
320204,heteroscedastic,sparse,20,400,primary,0.2,fixed,random,0.05148033,1.261311,3.235557,0.2640769,0.1176495,0.3238878,0.7631579,1.320122,0.09769743,0.05326393,0.1000658,14.5,0.1234512,0.8964137,0.01543349,0.4925344,0.1211926,0.6896029,0.1474891,4,4,7,0.8888889,0.8648649,0.8767123,7,0,0,0,1,True,251.3074,242.4303,0,10900,0,32300,246.7496,4.557788,27,7,0,0.06092191,0.004686301,0.5215118,437018.5,86926336,complete,,4,0.2,1600,37,8,2,6,2ce4311769f0e7a087fea4f1a1c1ae572162f53948d4fbe1637377bdc427e869,,,0.09587839,0.08352172,0.1078132,0.09078189,0.08381624,0.07284171
320204,heteroscedastic,sparse,20,400,primary,0.5,adjusted,M0,0.0340521,,3.284545,0.2640769,0.2311815,0.3238878,0.7631579,1.353119,0.2686212,0.03501128,0.1950491,14.5,0.2651753,0.893998,0.05734357,0.4916221,0.3267598,0.7106589,0.3037266,4,4,37,0,0,0,15,37,0.07605906,,,,0.001205076,0.001205076,0,0,0,0,0.001205076,0,0,0,0,0.00679585,0.0005227577,0.3237213,3917685,70599168,complete,,4,0.2,1600,37,8,2,6,845ffa9bbbea21083c2131bdc9be463d8797d1b9acd9ddc1896fa39b89edf1ad,,,0.2411734,0.209252,0.2645041,0.154496,0.08049539,0.1234124
320204,heteroscedastic,sparse,20,400,primary,0.5,adjusted,M1,0.07722442,1.285775,3.11716,0.2640769,0.1508615,0.3238878,0.7631579,1.282618,0.162214,0.06160723,0.1459946,14.5,0.1373216,0.879568,0.02403623,0.4764147,0.1515929,0.6944366,0.1952804,4,4,15,0.7567568,0.7567568,0.7567568,15,0,-0.004260942,,,,0.2672418,0.2672418,0,0,0,0,0.2672418,0,0,0,0,0.1281092,0.009854556,0.3801552,207822.7,69134848,complete,,4,0.2,1600,37,8,2,6,d549144e27a65c8e8b9a49045fc7941842a83e0798c8ad18993963f2f9baac12,,,0.1186615,0.1166811,0.1441244,0.103452,0.09587314,0.06948067
320204,heteroscedastic,sparse,20,400,primary,0.5,adjusted,M2,0.1450018,1.372282,3.291629,0.2640769,0.2515757,0.3238878,0.7631579,1.345197,0.2438332,0.08071467,0.2447797,14.5,0.2541047,0.8890831,0.07533102,0.4836362,0.2544755,0.7192353,0.3458051,4,4,60,0.22,0.2972973,0.2528736,15,64,0.09645326,,,,1422.687,78.69087,1343.996,7000,60000,23950,1422.687,0,20,0,0,0.04086835,0.003143719,0.5197231,651457.7,253793792,valid_capped_prediction,0.3176676,4,0.2,1600,37,8,2,6,1c9d9b2dc405628598e4fe1cb22814eef0bcca39c479a3c9c1585739f71fb572,,,0.2055266,0.2019528,0.243609,0.160961,0.1347947,0.1169016
320204,heteroscedastic,sparse,20,400,primary,0.5,adjusted,M3,0.06397231,1.272321,3.23549,0.2640769,0.134556,0.3238878,0.7631579,1.323772,0.1280572,0.03207546,0.1189356,14.5,0.1195883,0.8965615,0.01855535,0.4922196,0.1317778,0.691285,0.1641226,4,4,15,0.7567568,0.7567568,0.7567568,15,2,-0.02056641,0,0,True,942.0286,898.1496,0,24500,0,70200,927.3328,14.69586,57,24,1,0.06489099,0.004991615,0.53067,410288.1,101224960,complete,,4,0.2,1600,37,8,2,6,bb5844329ce024b9d39102e1592d4bcd1526214b55118dd9b54f00b495e4a773,,,0.09767312,0.08904261,0.1142849,0.09423507,0.07846951,0.06399653
320204,heteroscedastic,sparse,20,400,primary,0.5,adjusted,M4,0.06543955,1.267595,3.234145,0.2640769,0.1328474,0.3238878,0.7631579,1.322897,0.1260698,0.03359401,0.1164961,14.5,0.115916,0.8961117,0.01732789,0.4916285,0.1271009,0.6907813,0.1661695,4,4,14,0.7837838,0.7837838,0.7837838,15,1,-0.02227502,0,0,True,942.0837,898.1496,0,24500,0,70200,927.3328,14.75097,57,24,1,0.06694502,0.005149617,0.555212,397699.5,101224960,complete,,4,0.2,1600,37,8,2,6,5fb523fd51025eda15348feac02e6002356dcc008cf4dcd425f17429a10aefda,,,0.1005456,0.09581191,0.110418,0.09890882,0.08750367,0.06401244
320204,heteroscedastic,sparse,20,400,primary,0.5,adjusted,M5,0.08900961,1.27077,3.241612,0.2640769,0.1447058,0.3238878,0.7631579,1.329885,0.1399706,0.06472144,0.1316604,14.5,0.1334494,0.8953408,0.02102087,0.4924959,0.1437415,0.6928408,0.1720302,4,4,,,,,15,,-0.01041663,0,0,True,932.1695,898.1496,0,24500,0,70200,927.3328,4.836738,57,24,1,2.045984,0.1573834,0.9176116,13012.81,101224960,complete,,4,0.2,1600,37,8,2,6,edc55de6bb772f64ee696aff789959e65493d7bd0f0df32cfc523322515b6a27,,,0.1119701,0.1049041,0.129007,0.1008694,0.08830948,0.06484015
320204,heteroscedastic,sparse,20,400,primary,0.5,adjusted,fixed,0.1038032,1.275377,3.244142,0.2640769,0.1551224,0.3238878,0.7631579,1.329761,0.1495611,0.08324667,0.1422504,14.5,0.1441959,0.8945056,0.02475883,0.4913651,0.1532058,0.6947149,0.1875356,4,4,15,0.7567568,0.7567568,0.7567568,15,0,0,,,,249.5785,249.5785,0,8700,0,24350,249.5785,0,20,1,0,0.06641545,0.005108881,0.5228991,400870.6,104667136,complete,,4,0.2,1600,37,8,2,6,184e8e4f389078ce0eb79f0749e9cfd68bc7a941b4008a5b395eb03f1bb7ac59,,,0.1195431,0.1130186,0.1385041,0.1042468,0.09242528,0.06513642
320204,heteroscedastic,sparse,20,400,primary,0.5,adjusted,random,0.1072506,1.277195,3.244711,0.2640769,0.1661702,0.3238878,0.7631579,1.329458,0.1585026,0.08828456,0.1518418,14.5,0.1459051,0.8936061,0.02856692,0.4904528,0.1547776,0.6966703,0.2039806,4,4,16,0.7368421,0.7567568,0.7466667,15,1,0.0110478,1,0,True,700.9642,671.2227,0,18750,0,56300,684.8124,16.15189,45,24,0,0.06722402,0.005171079,0.5224658,396048.9,102368256,complete,,4,0.2,1600,37,8,2,6,018c80412d9de401a6d6b2364ab8afee6daf9207f88512587329a839190bea0a,,,0.1157159,0.1101759,0.1386751,0.1126826,0.1028222,0.06520837
320204,heteroscedastic,sparse,20,400,primary,0.5,fixed,M0,0.0340521,,3.284545,0.2640769,0.2311815,0.3238878,0.7631579,1.353119,0.2686212,0.03501128,0.1950491,14.5,0.2651753,0.893998,0.05734357,0.4916221,0.3267598,0.7106589,0.3037266,4,4,37,0,0,0,15,37,0.07605906,,,,0.001205076,0.001205076,0,0,0,0,0.001205076,0,0,0,0,0.00679585,0.0005227577,0.3237213,3917685,70599168,complete,,4,0.2,1600,37,8,2,6,845ffa9bbbea21083c2131bdc9be463d8797d1b9acd9ddc1896fa39b89edf1ad,,,0.2411734,0.209252,0.2645041,0.154496,0.08049539,0.1234124
320204,heteroscedastic,sparse,20,400,primary,0.5,fixed,M1,0.07722442,1.285775,3.11716,0.2640769,0.1508615,0.3238878,0.7631579,1.282618,0.162214,0.06160723,0.1459946,14.5,0.1373216,0.879568,0.02403623,0.4764147,0.1515929,0.6944366,0.1952804,4,4,15,0.7567568,0.7567568,0.7567568,15,0,-0.004260942,,,,0.2672418,0.2672418,0,0,0,0,0.2672418,0,0,0,0,0.1281092,0.009854556,0.3801552,207822.7,69134848,complete,,4,0.2,1600,37,8,2,6,d549144e27a65c8e8b9a49045fc7941842a83e0798c8ad18993963f2f9baac12,,,0.1186615,0.1166811,0.1441244,0.103452,0.09587314,0.06948067
320204,heteroscedastic,sparse,20,400,primary,0.5,fixed,M2,0.1450018,1.372282,3.291629,0.2640769,0.2515757,0.3238878,0.7631579,1.345197,0.2438332,0.08071467,0.2447797,14.5,0.2541047,0.8890831,0.07533102,0.4836362,0.2544755,0.7192353,0.3458051,4,4,60,0.22,0.2972973,0.2528736,15,64,0.09645326,,,,1422.687,78.69087,1343.996,7000,60000,23950,1422.687,0,20,0,0,0.04086835,0.003143719,0.5197231,651457.7,253793792,valid_capped_prediction,0.3176676,4,0.2,1600,37,8,2,6,1c9d9b2dc405628598e4fe1cb22814eef0bcca39c479a3c9c1585739f71fb572,,,0.2055266,0.2019528,0.243609,0.160961,0.1347947,0.1169016
320204,heteroscedastic,sparse,20,400,primary,0.5,fixed,M3,0.06330095,1.267278,3.228826,0.2640769,0.1264458,0.3238878,0.7631579,1.320081,0.1221425,0.0334579,0.1115708,14.5,0.1150645,0.8959254,0.01573922,0.491423,0.1263344,0.6900281,0.1593066,4,4,15,0.7567568,0.7567568,0.7567568,15,2,-0.02867667,0,0,True,525.8881,507.5095,0,15400,0,42750,519.0878,6.800326,35,10,1,0.06882514,0.005294242,0.5207585,386835.4,86873088,complete,,4,0.2,1600,37,8,2,6,5d233bfdeb2913757e5400663b4186cfa4d7173e3360c75ad2a922db4331f17d,,,0.1007555,0.0941724,0.1093838,0.09678959,0.08469999,0.06908124
320204,heteroscedastic,sparse,20,400,primary,0.5,fixed,M4,0.06543955,1.267595,3.234145,0.2640769,0.1328474,0.3238878,0.7631579,1.322897,0.1260698,0.03359401,0.1164961,14.5,0.115916,0.8961117,0.01732789,0.4916285,0.1271009,0.6907813,0.1661695,4,4,14,0.7837838,0.7837838,0.7837838,15,1,-0.02227502,0,0,True,525.8079,507.5095,0,15400,0,42750,519.0878,6.720147,35,10,1,0.06694502,0.005149617,0.555212,397699.5,86870528,complete,,4,0.2,1600,37,8,2,6,5fb523fd51025eda15348feac02e6002356dcc008cf4dcd425f17429a10aefda,,,0.1005456,0.09581191,0.110418,0.09890882,0.08750367,0.06401244
320204,heteroscedastic,sparse,20,400,primary,0.5,fixed,M5,0.09097344,1.270993,3.246288,0.2640769,0.1456957,0.3238878,0.7631579,1.332012,0.1429593,0.0668411,0.1318923,14.5,0.1368579,0.8954564,0.02121526,0.4933375,0.1523055,0.6929214,0.1711285,4,4,,,,,15,,-0.009426704,0,0,True,523.5225,507.5095,0,15400,0,42750,519.0878,4.434738,35,10,1,2.22257,0.1709669,1.091632,11978.92,86089216,complete,,4,0.2,1600,37,8,2,6,1326534590109fa820db9739e3c670e8d01b50db881ee99a376a8f39af30af26,,,0.114196,0.1083579,0.1290963,0.1020175,0.09005287,0.06483518
320204,heteroscedastic,sparse,20,400,primary,0.5,fixed,fixed,0.1038032,1.275377,3.244142,0.2640769,0.1551224,0.3238878,0.7631579,1.329761,0.1495611,0.08324667,0.1422504,14.5,0.1441959,0.8945056,0.02475883,0.4913651,0.1532058,0.6947149,0.1875356,4,4,15,0.7567568,0.7567568,0.7567568,15,0,0,,,,249.5785,249.5785,0,8700,0,24350,249.5785,0,20,1,0,0.06641545,0.005108881,0.5228991,400870.6,104667136,complete,,4,0.2,1600,37,8,2,6,184e8e4f389078ce0eb79f0749e9cfd68bc7a941b4008a5b395eb03f1bb7ac59,,,0.1195431,0.1130186,0.1385041,0.1042468,0.09242528,0.06513642
320204,heteroscedastic,sparse,20,400,primary,0.5,fixed,random,0.1038032,1.275377,3.244142,0.2640769,0.1551224,0.3238878,0.7631579,1.329761,0.1495611,0.08324667,0.1422504,14.5,0.1441959,0.8945056,0.02475883,0.4913651,0.1532058,0.6947149,0.1875356,4,4,15,0.7567568,0.7567568,0.7567568,15,0,0,0,1,True,353.7171,345.396,0,11200,0,32550,349.5506,4.166501,27,7,0,0.06641545,0.005108881,0.5228991,400870.6,86870528,complete,,4,0.2,1600,37,8,2,6,184e8e4f389078ce0eb79f0749e9cfd68bc7a941b4008a5b395eb03f1bb7ac59,,,0.1195431,0.1130186,0.1385041,0.1042468,0.09242528,0.06513642
320500,heteroscedastic,sparse,50,160,fixed-total-1600,0.2,adjusted,M0,0.04268541,,3.283141,0.08231539,0.1180018,0.3297779,0.1632653,1.363533,0.3048943,0.04010603,0.06876789,8,0.08964095,0.8992377,0.01265573,0.5027144,0.3299529,0.7019468,0.2185252,10,6,97,0,0,0,15,97,0.04514127,,,,0.0002493784,0.0002493784,0,0,0,0,0.0002493784,0,0,0,0,0.0321306,0.001036471,0.8750871,1975936,106464768,complete,,10,0.2,1600,97,13,2,12,867c86cf70355e37093ce1dc353a5f8fdebae18b100e9cfe4ee76787d1bddde8,0.1185875,0.1153352,0.1169396,0.06521814,0.08551264,0.1160414,0.05805304,0.0787628
320500,heteroscedastic,sparse,50,160,fixed-total-1600,0.2,adjusted,M1,0.06853688,1.226969,3.137634,0.08231539,0.07212792,0.3297779,0.1632653,1.284668,0.1786527,0.04031888,0.07406823,8,0.05481733,0.884661,0.003630189,0.4777802,0.1569498,0.6974682,0.1005081,10,6,15,0.8969072,0.8969072,0.8969072,15,0,-0.0007325977,,,,0.687497,0.687497,0,0,0,0,0.687497,0,0,0,0,1.4292,0.04610323,1.217254,44422.05,105722368,complete,,10,0.2,1600,97,13,2,12,84d618720094fa2c84baf940c6fe46e46f9cb1110d517572644eb8b5040e2879,0.07163508,0.07296149,0.07281966,0.07469199,0.04976443,0.07050101,0.0722347,0.04801709
320500,heteroscedastic,sparse,50,160,fixed-total-1600,0.2,adjusted,M2,0.08373565,1.297995,3.259502,0.08231539,0.1167491,0.3297779,0.1632653,1.32761,0.211662,0.06460588,0.09892624,8,0.09627044,0.8951052,0.01323527,0.4892727,0.2179937,0.7022715,0.205422,10,6,156,0.2014388,0.2886598,0.2372881,15,156,0.04388857,,,,1491.707,82.67777,1409.029,17900,60000,65300,1491.707,0,50,0,0,0.1732588,0.005588994,1.293062,366434.5,445729792,valid_capped_prediction,5.995701e+11,10,0.2,1600,97,13,2,12,99e1c2c6a19f08b8bf285b871f6a5677b4eeab1d64d0b3c381473d768a1fdc88,0.1188505,0.1201577,0.1091675,0.0886997,0.08601078,0.1127195,0.08416514,0.08758895
320500,heteroscedastic,sparse,50,160,fixed-total-1600,0.2,adjusted,M3,0.06529256,1.221834,3.28435,0.08231539,0.07286051,0.3297779,0.1632653,1.335032,0.1812095,0.04103669,0.07027871,8,0.05222331,0.8997678,0.003834452,0.494589,0.1472428,0.6975071,0.1007422,10,6,15,0.8969072,0.8969072,0.8969072,15,0,0,0,1,True,896.9888,788.9774,0,41050,0,122150,869.1681,27.82064,109,36,0,0.1896101,0.006116454,1.391219,334834.5,345607168,complete,,10,0.2,1600,97,13,2,12,9cae02cd227fe09deb6c6e5dcce1bc223a987694acc077c743445a9d11520ae3,0.07216368,0.07270737,0.06818508,0.06713573,0.04821213,0.06796517,0.06632334,0.04486903
320500,heteroscedastic,sparse,50,160,fixed-total-1600,0.2,adjusted,M4,0.06529256,1.221834,3.28435,0.08231539,0.07286051,0.3297779,0.1632653,1.335032,0.1812095,0.04103669,0.07027871,8,0.05222331,0.8997678,0.003834452,0.494589,0.1472428,0.6975071,0.1007422,10,6,15,0.8969072,0.8969072,0.8969072,15,0,0,0,1,True,896.9887,788.9774,0,41050,0,122150,869.1681,27.82058,109,36,0,0.1896101,0.006116454,1.391219,334834.5,345607168,complete,,10,0.2,1600,97,13,2,12,9cae02cd227fe09deb6c6e5dcce1bc223a987694acc077c743445a9d11520ae3,0.07216368,0.07270737,0.06818508,0.06713573,0.04821213,0.06796517,0.06632334,0.04486903
320500,heteroscedastic,sparse,50,160,fixed-total-1600,0.2,adjusted,M5,0.06521608,1.221811,3.284473,0.08231539,0.07281766,0.3297779,0.1632653,1.334978,0.1811748,0.04103556,0.07021425,8,0.05221907,0.8997937,0.003837831,0.4945621,0.1472234,0.6975046,0.1007153,10,6,,,,,15,,-4.285276e-05,0,0,True,876.8828,788.9774,0,41050,0,122150,869.1681,7.714731,109,36,0,5.535725,0.1785718,1.984973,11468.78,206607872,complete,,10,0.2,1600,97,13,2,12,84bd3141c4ecf78860ed8c8a338aa6599fdb18eae34d863b62a6a922e282de6c,0.07212196,0.0726774,0.06816042,0.06709252,0.0481663,0.06790172,0.06624977,0.04489125
320500,heteroscedastic,sparse,50,160,fixed-total-1600,0.2,adjusted,fixed,0.06529256,1.221834,3.28435,0.08231539,0.07286051,0.3297779,0.1632653,1.335032,0.1812095,0.04103669,0.07027871,8,0.05222331,0.8997678,0.003834452,0.494589,0.1472428,0.6975071,0.1007422,10,6,15,0.8969072,0.8969072,0.8969072,15,0,0,,,,113.5232,113.5232,0,19550,0,56500,113.5232,0,50,1,0,0.1896101,0.006116454,1.391219,334834.5,345607168,complete,,10,0.2,1600,97,13,2,12,9cae02cd227fe09deb6c6e5dcce1bc223a987694acc077c743445a9d11520ae3,0.07216368,0.07270737,0.06818508,0.06713573,0.04821213,0.06796517,0.06632334,0.04486903
320500,heteroscedastic,sparse,50,160,fixed-total-1600,0.2,adjusted,oracle,0.06077116,1.204633,3.291536,0.08231539,0.05899645,0.3297779,0.1632653,1.336934,0.07083666,0.03876926,0.06371714,8,0.04535174,0.9007892,0.002170318,0.4952587,0.05335792,0.6966134,0.07076533,10,6,0,1,1,1,15,15,-0.01386406,,,,81.30458,81.30458,0,19700,0,57400,81.30458,0,50,0,0,0.1645145,0.005306919,1.27612,385911.3,493779456,complete,,10,0.2,1600,97,13,2,12,85cbcf3c8ad72fe8f83e44146dc39314bbe5b8ebce2481239c3aae58733282e1,0.05807585,0.05817787,0.05733291,0.06267962,0.04061343,0.0561736,0.06092295,0.0399892
320500,heteroscedastic,sparse,50,160,fixed-total-1600,0.2,adjusted,random,0.06529256,1.221834,3.28435,0.08231539,0.07286051,0.3297779,0.1632653,1.335032,0.1812095,0.04103669,0.07027871,8,0.05222331,0.8997678,0.003834452,0.494589,0.1472428,0.6975071,0.1007422,10,6,15,0.8969072,0.8969072,0.8969072,15,0,0,0,1,True,596.5724,540.4854,0,32700,0,106300,567.8965,28.67593,85,36,0,0.1896101,0.006116454,1.391219,334834.5,345607168,complete,,10,0.2,1600,97,13,2,12,9cae02cd227fe09deb6c6e5dcce1bc223a987694acc077c743445a9d11520ae3,0.07216368,0.07270737,0.06818508,0.06713573,0.04821213,0.06796517,0.06632334,0.04486903
320500,heteroscedastic,sparse,50,160,fixed-total-1600,0.2,fixed,M0,0.04268541,,3.283141,0.08231539,0.1180018,0.3297779,0.1632653,1.363533,0.3048943,0.04010603,0.06876789,8,0.08964095,0.8992377,0.01265573,0.5027144,0.3299529,0.7019468,0.2185252,10,6,97,0,0,0,15,97,0.04514127,,,,0.0002493784,0.0002493784,0,0,0,0,0.0002493784,0,0,0,0,0.0321306,0.001036471,0.8750871,1975936,106464768,complete,,10,0.2,1600,97,13,2,12,867c86cf70355e37093ce1dc353a5f8fdebae18b100e9cfe4ee76787d1bddde8,0.1185875,0.1153352,0.1169396,0.06521814,0.08551264,0.1160414,0.05805304,0.0787628
320500,heteroscedastic,sparse,50,160,fixed-total-1600,0.2,fixed,M1,0.06853688,1.226969,3.137634,0.08231539,0.07212792,0.3297779,0.1632653,1.284668,0.1786527,0.04031888,0.07406823,8,0.05481733,0.884661,0.003630189,0.4777802,0.1569498,0.6974682,0.1005081,10,6,15,0.8969072,0.8969072,0.8969072,15,0,-0.0007325977,,,,0.687497,0.687497,0,0,0,0,0.687497,0,0,0,0,1.4292,0.04610323,1.217254,44422.05,105722368,complete,,10,0.2,1600,97,13,2,12,84d618720094fa2c84baf940c6fe46e46f9cb1110d517572644eb8b5040e2879,0.07163508,0.07296149,0.07281966,0.07469199,0.04976443,0.07050101,0.0722347,0.04801709
320500,heteroscedastic,sparse,50,160,fixed-total-1600,0.2,fixed,M2,0.08373565,1.297995,3.259502,0.08231539,0.1167491,0.3297779,0.1632653,1.32761,0.211662,0.06460588,0.09892624,8,0.09627044,0.8951052,0.01323527,0.4892727,0.2179937,0.7022715,0.205422,10,6,156,0.2014388,0.2886598,0.2372881,15,156,0.04388857,,,,1491.707,82.67777,1409.029,17900,60000,65300,1491.707,0,50,0,0,0.1732588,0.005588994,1.293062,366434.5,445729792,valid_capped_prediction,5.995701e+11,10,0.2,1600,97,13,2,12,99e1c2c6a19f08b8bf285b871f6a5677b4eeab1d64d0b3c381473d768a1fdc88,0.1188505,0.1201577,0.1091675,0.0886997,0.08601078,0.1127195,0.08416514,0.08758895
320500,heteroscedastic,sparse,50,160,fixed-total-1600,0.2,fixed,M3,0.06529256,1.221834,3.28435,0.08231539,0.07286051,0.3297779,0.1632653,1.335032,0.1812095,0.04103669,0.07027871,8,0.05222331,0.8997678,0.003834452,0.494589,0.1472428,0.6975071,0.1007422,10,6,15,0.8969072,0.8969072,0.8969072,15,0,0,0,1,True,255.8407,235.9548,0,23350,0,68500,249.8114,6.029242,61,7,0,0.1896101,0.006116454,1.391219,334834.5,345607168,complete,,10,0.2,1600,97,13,2,12,9cae02cd227fe09deb6c6e5dcce1bc223a987694acc077c743445a9d11520ae3,0.07216368,0.07270737,0.06818508,0.06713573,0.04821213,0.06796517,0.06632334,0.04486903
320500,heteroscedastic,sparse,50,160,fixed-total-1600,0.2,fixed,M4,0.06529256,1.221834,3.28435,0.08231539,0.07286051,0.3297779,0.1632653,1.335032,0.1812095,0.04103669,0.07027871,8,0.05222331,0.8997678,0.003834452,0.494589,0.1472428,0.6975071,0.1007422,10,6,15,0.8969072,0.8969072,0.8969072,15,0,0,0,1,True,255.8407,235.9548,0,23350,0,68500,249.8114,6.029203,61,7,0,0.1896101,0.006116454,1.391219,334834.5,345607168,complete,,10,0.2,1600,97,13,2,12,9cae02cd227fe09deb6c6e5dcce1bc223a987694acc077c743445a9d11520ae3,0.07216368,0.07270737,0.06818508,0.06713573,0.04821213,0.06796517,0.06632334,0.04486903
320500,heteroscedastic,sparse,50,160,fixed-total-1600,0.2,fixed,M5,0.06528019,1.221769,3.2843,0.08231539,0.07286441,0.3297779,0.1632653,1.334909,0.1812194,0.04097724,0.0702685,8,0.05217636,0.8997738,0.00382313,0.4945342,0.1472672,0.6975065,0.1007142,10,6,,,,,15,,3.899634e-06,0,0,True,258.1095,235.9548,0,23350,0,68500,249.8114,8.298017,61,7,0,5.593327,0.1804299,2.500834,11350.67,127451136,complete,,10,0.2,1600,97,13,2,12,3e0ae4bcbf5edb15c9d7d49414cd24d30a8bfa132531926035ba65a8dc1a1bec,0.07215424,0.07268786,0.06816857,0.0671083,0.04818298,0.06796354,0.0663092,0.04487205
320500,heteroscedastic,sparse,50,160,fixed-total-1600,0.2,fixed,fixed,0.06529256,1.221834,3.28435,0.08231539,0.07286051,0.3297779,0.1632653,1.335032,0.1812095,0.04103669,0.07027871,8,0.05222331,0.8997678,0.003834452,0.494589,0.1472428,0.6975071,0.1007422,10,6,15,0.8969072,0.8969072,0.8969072,15,0,0,,,,113.5232,113.5232,0,19550,0,56500,113.5232,0,50,1,0,0.1896101,0.006116454,1.391219,334834.5,345607168,complete,,10,0.2,1600,97,13,2,12,9cae02cd227fe09deb6c6e5dcce1bc223a987694acc077c743445a9d11520ae3,0.07216368,0.07270737,0.06818508,0.06713573,0.04821213,0.06796517,0.06632334,0.04486903
320500,heteroscedastic,sparse,50,160,fixed-total-1600,0.2,fixed,oracle,0.06077116,1.204633,3.291536,0.08231539,0.05899645,0.3297779,0.1632653,1.336934,0.07083666,0.03876926,0.06371714,8,0.04535174,0.9007892,0.002170318,0.4952587,0.05335792,0.6966134,0.07076533,10,6,0,1,1,1,15,15,-0.01386406,,,,81.30458,81.30458,0,19700,0,57400,81.30458,0,50,0,0,0.1645145,0.005306919,1.27612,385911.3,493779456,complete,,10,0.2,1600,97,13,2,12,85cbcf3c8ad72fe8f83e44146dc39314bbe5b8ebce2481239c3aae58733282e1,0.05807585,0.05817787,0.05733291,0.06267962,0.04061343,0.0561736,0.06092295,0.0399892
320500,heteroscedastic,sparse,50,160,fixed-total-1600,0.2,fixed,random,0.06529256,1.221834,3.28435,0.08231539,0.07286051,0.3297779,0.1632653,1.335032,0.1812095,0.04103669,0.07027871,8,0.05222331,0.8997678,0.003834452,0.494589,0.1472428,0.6975071,0.1007422,10,6,15,0.8969072,0.8969072,0.8969072,15,0,0,0,1,True,200.9215,189.5228,0,21800,0,64750,194.8656,6.055878,56,7,0,0.1896101,0.006116454,1.391219,334834.5,345607168,complete,,10,0.2,1600,97,13,2,12,9cae02cd227fe09deb6c6e5dcce1bc223a987694acc077c743445a9d11520ae3,0.07216368,0.07270737,0.06818508,0.06713573,0.04821213,0.06796517,0.06632334,0.04486903
320500,heteroscedastic,sparse,50,160,fixed-total-1600,0.5,adjusted,M0,0.04268541,,3.283141,0.08231539,0.1180018,0.3297779,0.1632653,1.363533,0.3048943,0.04010603,0.06876789,8,0.08964095,0.8992377,0.01265573,0.5027144,0.3299529,0.7019468,0.2185252,10,6,97,0,0,0,40,97,0.03094222,,,,0.0002493784,0.0002493784,0,0,0,0,0.0002493784,0,0,0,0,0.0321306,0.001036471,0.8750871,1975936,106464768,complete,,10,0.2,1600,97,13,2,12,867c86cf70355e37093ce1dc353a5f8fdebae18b100e9cfe4ee76787d1bddde8,0.1185875,0.1153352,0.1169396,0.06521814,0.08551264,0.1160414,0.05805304,0.0787628
320500,heteroscedastic,sparse,50,160,fixed-total-1600,0.5,adjusted,M1,0.1165808,1.2504,3.139681,0.08231539,0.08585397,0.3297779,0.1632653,1.286032,0.1934807,0.08514826,0.0827011,8,0.06731301,0.8839724,0.006685475,0.4775839,0.1799687,0.6989504,0.1410611,10,6,40,0.7319588,0.7319588,0.7319588,40,0,-0.001205594,,,,0.5096551,0.5096551,0,0,0,0,0.5096551,0,0,0,0,1.389533,0.04482363,1.228742,45690.18,105721344,complete,,10,0.2,1600,97,13,2,12,0a5bbcd4baef959b4f1b85c03f3355d06f4c4bf7dd244448ad54fb82afc6ef0c,0.08704553,0.09121528,0.08443039,0.08014977,0.06093316,0.08792328,0.0801317,0.06301523
320500,heteroscedastic,sparse,50,160,fixed-total-1600,0.5,adjusted,M2,0.08373565,1.297995,3.259502,0.08231539,0.1167491,0.3297779,0.1632653,1.32761,0.211662,0.06460588,0.09892624,8,0.09627044,0.8951052,0.01323527,0.4892727,0.2179937,0.7022715,0.205422,10,6,156,0.2014388,0.2886598,0.2372881,40,164,0.02968952,,,,1491.707,82.67777,1409.029,17900,60000,65300,1491.707,0,50,0,0,0.1732588,0.005588994,1.293062,366434.5,445729792,valid_capped_prediction,5.995701e+11,10,0.2,1600,97,13,2,12,99e1c2c6a19f08b8bf285b871f6a5677b4eeab1d64d0b3c381473d768a1fdc88,0.1188505,0.1201577,0.1091675,0.0886997,0.08601078,0.1127195,0.08416514,0.08758895
320500,heteroscedastic,sparse,50,160,fixed-total-1600,0.5,adjusted,M3,0.1253767,1.246722,3.264755,0.08231539,0.08705956,0.3297779,0.1632653,1.327674,0.194961,0.0968233,0.07875663,8,0.06999488,0.8966368,0.007164792,0.4912687,0.1785673,0.6991821,0.1604455,10,6,40,0.7319588,0.7319588,0.7319588,40,0,0,0,1,True,835.7731,745.2883,0,43050,0,123350,819.766,16.00712,109,36,0,0.188485,0.00608016,1.364644,336833.2,294642688,complete,,10,0.2,1600,97,13,2,12,3e2169bab3d19d65d7f751606a914a182b23949d8f91b3d404dc21f2f56771ed,0.08753566,0.08973029,0.08236413,0.07323882,0.06367943,0.08572923,0.07372964,0.06325229
320500,heteroscedastic,sparse,50,160,fixed-total-1600,0.5,adjusted,M4,0.1253767,1.246722,3.264755,0.08231539,0.08705956,0.3297779,0.1632653,1.327674,0.194961,0.0968233,0.07875663,8,0.06999488,0.8966368,0.007164792,0.4912687,0.1785673,0.6991821,0.1604455,10,6,40,0.7319588,0.7319588,0.7319588,40,0,0,0,1,True,835.773,745.2883,0,43050,0,123350,819.766,16.00706,109,36,0,0.188485,0.00608016,1.364644,336833.2,294642688,complete,,10,0.2,1600,97,13,2,12,3e2169bab3d19d65d7f751606a914a182b23949d8f91b3d404dc21f2f56771ed,0.08753566,0.08973029,0.08236413,0.07323882,0.06367943,0.08572923,0.07372964,0.06325229
320500,heteroscedastic,sparse,50,160,fixed-total-1600,0.5,adjusted,M5,0.1252453,1.246696,3.264709,0.08231539,0.08709901,0.3297779,0.1632653,1.327492,0.1949253,0.09663395,0.07879596,8,0.07003717,0.8966239,0.007213838,0.4911601,0.1785279,0.6991823,0.1600905,10,6,,,,,40,,3.944412e-05,0,0,True,824.1988,745.2883,0,43050,0,123350,819.766,4.432872,109,36,0,5.40961,0.1745036,1.919929,11736.15,196816896,complete,,10,0.2,1600,97,13,2,12,4c8d631d022b3c29c454d3eac9603ab5e6865d5f30247cd0d9171eab0d0ba477,0.08759378,0.08972596,0.08232103,0.07319357,0.06367542,0.08574959,0.07373538,0.06325318
320500,heteroscedastic,sparse,50,160,fixed-total-1600,0.5,adjusted,fixed,0.1253767,1.246722,3.264755,0.08231539,0.08705956,0.3297779,0.1632653,1.327674,0.194961,0.0968233,0.07875663,8,0.06999488,0.8966368,0.007164792,0.4912687,0.1785673,0.6991821,0.1604455,10,6,40,0.7319588,0.7319588,0.7319588,40,0,0,,,,182.6543,182.6543,0,18700,0,54150,182.6543,0,50,1,0,0.188485,0.00608016,1.364644,336833.2,294642688,complete,,10,0.2,1600,97,13,2,12,3e2169bab3d19d65d7f751606a914a182b23949d8f91b3d404dc21f2f56771ed,0.08753566,0.08973029,0.08236413,0.07323882,0.06367943,0.08572923,0.07372964,0.06325229
320500,heteroscedastic,sparse,50,160,fixed-total-1600,0.5,adjusted,oracle,0.06077116,1.204633,3.291536,0.08231539,0.05899645,0.3297779,0.1632653,1.336934,0.07083666,0.03876926,0.06371714,8,0.04535174,0.9007892,0.002170318,0.4952587,0.05335792,0.6966134,0.07076533,10,6,0,1,1,1,40,40,-0.02806311,,,,81.30458,81.30458,0,19700,0,57400,81.30458,0,50,0,0,0.1645145,0.005306919,1.27612,385911.3,493779456,complete,,10,0.2,1600,97,13,2,12,85cbcf3c8ad72fe8f83e44146dc39314bbe5b8ebce2481239c3aae58733282e1,0.05807585,0.05817787,0.05733291,0.06267962,0.04061343,0.0561736,0.06092295,0.0399892
320500,heteroscedastic,sparse,50,160,fixed-total-1600,0.5,adjusted,random,0.1253767,1.246722,3.264755,0.08231539,0.08705956,0.3297779,0.1632653,1.327674,0.194961,0.0968233,0.07875663,8,0.06999488,0.8966368,0.007164792,0.4912687,0.1785673,0.6991821,0.1604455,10,6,40,0.7319588,0.7319588,0.7319588,40,0,0,0,1,True,534.2524,501.0036,0,31650,0,98650,516.5089,17.74351,87,36,0,0.188485,0.00608016,1.364644,336833.2,294642688,complete,,10,0.2,1600,97,13,2,12,3e2169bab3d19d65d7f751606a914a182b23949d8f91b3d404dc21f2f56771ed,0.08753566,0.08973029,0.08236413,0.07323882,0.06367943,0.08572923,0.07372964,0.06325229
320500,heteroscedastic,sparse,50,160,fixed-total-1600,0.5,fixed,M0,0.04268541,,3.283141,0.08231539,0.1180018,0.3297779,0.1632653,1.363533,0.3048943,0.04010603,0.06876789,8,0.08964095,0.8992377,0.01265573,0.5027144,0.3299529,0.7019468,0.2185252,10,6,97,0,0,0,40,97,0.03094222,,,,0.0002493784,0.0002493784,0,0,0,0,0.0002493784,0,0,0,0,0.0321306,0.001036471,0.8750871,1975936,106464768,complete,,10,0.2,1600,97,13,2,12,867c86cf70355e37093ce1dc353a5f8fdebae18b100e9cfe4ee76787d1bddde8,0.1185875,0.1153352,0.1169396,0.06521814,0.08551264,0.1160414,0.05805304,0.0787628
320500,heteroscedastic,sparse,50,160,fixed-total-1600,0.5,fixed,M1,0.1165808,1.2504,3.139681,0.08231539,0.08585397,0.3297779,0.1632653,1.286032,0.1934807,0.08514826,0.0827011,8,0.06731301,0.8839724,0.006685475,0.4775839,0.1799687,0.6989504,0.1410611,10,6,40,0.7319588,0.7319588,0.7319588,40,0,-0.001205594,,,,0.5096551,0.5096551,0,0,0,0,0.5096551,0,0,0,0,1.389533,0.04482363,1.228742,45690.18,105721344,complete,,10,0.2,1600,97,13,2,12,0a5bbcd4baef959b4f1b85c03f3355d06f4c4bf7dd244448ad54fb82afc6ef0c,0.08704553,0.09121528,0.08443039,0.08014977,0.06093316,0.08792328,0.0801317,0.06301523
320500,heteroscedastic,sparse,50,160,fixed-total-1600,0.5,fixed,M2,0.08373565,1.297995,3.259502,0.08231539,0.1167491,0.3297779,0.1632653,1.32761,0.211662,0.06460588,0.09892624,8,0.09627044,0.8951052,0.01323527,0.4892727,0.2179937,0.7022715,0.205422,10,6,156,0.2014388,0.2886598,0.2372881,40,164,0.02968952,,,,1491.707,82.67777,1409.029,17900,60000,65300,1491.707,0,50,0,0,0.1732588,0.005588994,1.293062,366434.5,445729792,valid_capped_prediction,5.995701e+11,10,0.2,1600,97,13,2,12,99e1c2c6a19f08b8bf285b871f6a5677b4eeab1d64d0b3c381473d768a1fdc88,0.1188505,0.1201577,0.1091675,0.0886997,0.08601078,0.1127195,0.08416514,0.08758895
320500,heteroscedastic,sparse,50,160,fixed-total-1600,0.5,fixed,M3,0.1253767,1.246722,3.264755,0.08231539,0.08705956,0.3297779,0.1632653,1.327674,0.194961,0.0968233,0.07875663,8,0.06999488,0.8966368,0.007164792,0.4912687,0.1785673,0.6991821,0.1604455,10,6,40,0.7319588,0.7319588,0.7319588,40,0,0,0,1,True,301.275,283.7911,0,22750,0,66600,297.8744,3.400614,61,7,0,0.188485,0.00608016,1.364644,336833.2,294642688,complete,,10,0.2,1600,97,13,2,12,3e2169bab3d19d65d7f751606a914a182b23949d8f91b3d404dc21f2f56771ed,0.08753566,0.08973029,0.08236413,0.07323882,0.06367943,0.08572923,0.07372964,0.06325229
320500,heteroscedastic,sparse,50,160,fixed-total-1600,0.5,fixed,M4,0.1253767,1.246722,3.264755,0.08231539,0.08705956,0.3297779,0.1632653,1.327674,0.194961,0.0968233,0.07875663,8,0.06999488,0.8966368,0.007164792,0.4912687,0.1785673,0.6991821,0.1604455,10,6,40,0.7319588,0.7319588,0.7319588,40,0,0,0,1,True,301.2749,283.7911,0,22750,0,66600,297.8744,3.400584,61,7,0,0.188485,0.00608016,1.364644,336833.2,294642688,complete,,10,0.2,1600,97,13,2,12,3e2169bab3d19d65d7f751606a914a182b23949d8f91b3d404dc21f2f56771ed,0.08753566,0.08973029,0.08236413,0.07323882,0.06367943,0.08572923,0.07372964,0.06325229
320500,heteroscedastic,sparse,50,160,fixed-total-1600,0.5,fixed,M5,0.1253623,1.246639,3.264721,0.08231539,0.08700838,0.3297779,0.1632653,1.327698,0.1948252,0.09683146,0.07870642,8,0.06996404,0.8966328,0.007150514,0.4912757,0.1784852,0.699174,0.1602463,10,6,,,,,40,,-5.118549e-05,0,0,True,301.8344,283.7911,0,22750,0,66600,297.8744,3.960003,61,7,0,5.379,0.1735161,1.915569,11802.94,115650048,complete,,10,0.2,1600,97,13,2,12,a1cd48bd03b10ba16ee1bdb7bba30765940059b2a22696eedaceed11f9dcca0f,0.08747877,0.08966075,0.08231652,0.07319059,0.06366053,0.0856864,0.07372233,0.06327587
320500,heteroscedastic,sparse,50,160,fixed-total-1600,0.5,fixed,fixed,0.1253767,1.246722,3.264755,0.08231539,0.08705956,0.3297779,0.1632653,1.327674,0.194961,0.0968233,0.07875663,8,0.06999488,0.8966368,0.007164792,0.4912687,0.1785673,0.6991821,0.1604455,10,6,40,0.7319588,0.7319588,0.7319588,40,0,0,,,,182.6543,182.6543,0,18700,0,54150,182.6543,0,50,1,0,0.188485,0.00608016,1.364644,336833.2,294642688,complete,,10,0.2,1600,97,13,2,12,3e2169bab3d19d65d7f751606a914a182b23949d8f91b3d404dc21f2f56771ed,0.08753566,0.08973029,0.08236413,0.07323882,0.06367943,0.08572923,0.07372964,0.06325229
320500,heteroscedastic,sparse,50,160,fixed-total-1600,0.5,fixed,oracle,0.06077116,1.204633,3.291536,0.08231539,0.05899645,0.3297779,0.1632653,1.336934,0.07083666,0.03876926,0.06371714,8,0.04535174,0.9007892,0.002170318,0.4952587,0.05335792,0.6966134,0.07076533,10,6,0,1,1,1,40,40,-0.02806311,,,,81.30458,81.30458,0,19700,0,57400,81.30458,0,50,0,0,0.1645145,0.005306919,1.27612,385911.3,493779456,complete,,10,0.2,1600,97,13,2,12,85cbcf3c8ad72fe8f83e44146dc39314bbe5b8ebce2481239c3aae58733282e1,0.05807585,0.05817787,0.05733291,0.06267962,0.04061343,0.0561736,0.06092295,0.0399892
320500,heteroscedastic,sparse,50,160,fixed-total-1600,0.5,fixed,random,0.1253767,1.246722,3.264755,0.08231539,0.08705956,0.3297779,0.1632653,1.327674,0.194961,0.0968233,0.07875663,8,0.06999488,0.8966368,0.007164792,0.4912687,0.1785673,0.6991821,0.1604455,10,6,40,0.7319588,0.7319588,0.7319588,40,0,0,0,1,True,236.6758,230.6323,0,20800,0,61950,233.6516,3.024165,56,7,0,0.188485,0.00608016,1.364644,336833.2,294642688,complete,,10,0.2,1600,97,13,2,12,3e2169bab3d19d65d7f751606a914a182b23949d8f91b3d404dc21f2f56771ed,0.08753566,0.08973029,0.08236413,0.07323882,0.06367943,0.08572923,0.07372964,0.06325229
320500,heteroscedastic,sparse,50,400,primary,0.2,adjusted,M0,0.04268541,,3.283141,0.08231539,0.1180018,0.3297779,0.1632653,1.363533,0.3048943,0.04010603,0.06876789,8,0.08964095,0.8992377,0.01265573,0.5027144,0.3299529,0.7019468,0.2185252,10,6,97,0,0,0,15,97,0.05411209,,,,0.02580013,0.02580013,0,0,0,0,0.02580013,0,0,0,0,0.03123693,0.001007643,0.8234515,2032466,106751488,complete,,10,0.2,4000,97,13,2,12,1bf4dccc6a0754f712b19a8db068ba7bc7cedc0eac051fd36db4ce9d731c7b47,0.1185875,0.1153352,0.1169396,0.06521814,0.08551264,0.1160414,0.05805304,0.0787628
320500,heteroscedastic,sparse,50,400,primary,0.2,adjusted,M1,0.06212504,1.225716,3.145549,0.08231539,0.06913822,0.3297779,0.1632653,1.288592,0.1813775,0.04024564,0.06985144,8,0.05485827,0.8857252,0.003250803,0.4792142,0.1590728,0.6973034,0.09969921,10,6,15,0.8969072,0.8969072,0.8969072,15,0,0.005248534,,,,0.7957476,0.7957476,0,0,0,0,0.7957476,0,0,0,0,1.408369,0.04543127,1.140124,45079.08,106009088,complete,,10,0.2,4000,97,13,2,12,84aaa0fa81e06e88a7a54c02e7f15cc2fc0e54031e92bfd63801b76264c717cc,0.06894735,0.0690811,0.06849047,0.06851293,0.04999294,0.06609412,0.06595587,0.04755072
320500,heteroscedastic,sparse,50,400,primary,0.2,adjusted,M2,0.08287013,1.274468,3.232976,0.08231539,0.1176439,0.3297779,0.1632653,1.318753,0.2266308,0.06107132,0.1027358,8,0.09922818,0.8920002,0.01447635,0.4861796,0.2360217,0.702493,0.2121914,10,6,135,0.2846715,0.4020619,0.3333333,15,142,0.05375417,,,,2035.916,208.2611,1827.655,20750,60000,75250,2035.916,0,50,0,0,0.1610607,0.005195505,1.396644,394186.9,599123456,valid_capped_prediction,1.284109e+12,10,0.2,4000,97,13,2,12,ecde901a3f1dcfaa33fafffd105c9ca2eb0e85375c2bbcd892c270cddea5c479,0.1185826,0.1133511,0.1067303,0.08944881,0.09023182,0.1042756,0.08279974,0.07685647
320500,heteroscedastic,sparse,50,400,primary,0.2,adjusted,M3,0.05476316,1.209531,3.281075,0.08231539,0.06388969,0.3297779,0.1632653,1.340771,0.1616942,0.04193376,0.05824966,8,0.05240778,0.9002531,0.002437265,0.4969707,0.1422312,0.6969408,0.1015267,10,6,15,0.8969072,0.8969072,0.8969072,15,0,0,0,1,True,1607.275,1454.946,0,51700,0,158350,1557.037,50.23717,110,36,0,0.186895,0.006028873,1.379324,339698.7,345893888,complete,,10,0.2,4000,97,13,2,12,beac85a3ef66e4296c9d21f21e0a42a06302d93649c770f3e83aa5187c877d94,0.06393045,0.06333431,0.0633133,0.05810576,0.04955928,0.062452,0.05737927,0.04568224
320500,heteroscedastic,sparse,50,400,primary,0.2,adjusted,M4,0.05476316,1.209531,3.281075,0.08231539,0.06388969,0.3297779,0.1632653,1.340771,0.1616942,0.04193376,0.05824966,8,0.05240778,0.9002531,0.002437265,0.4969707,0.1422312,0.6969408,0.1015267,10,6,15,0.8969072,0.8969072,0.8969072,15,0,0,0,1,True,1607.274,1454.946,0,51700,0,158350,1557.037,50.2371,110,36,0,0.186895,0.006028873,1.379324,339698.7,345893888,complete,,10,0.2,4000,97,13,2,12,beac85a3ef66e4296c9d21f21e0a42a06302d93649c770f3e83aa5187c877d94,0.06393045,0.06333431,0.0633133,0.05810576,0.04955928,0.062452,0.05737927,0.04568224
320500,heteroscedastic,sparse,50,400,primary,0.2,adjusted,M5,0.05473146,1.209468,3.281039,0.08231539,0.06372093,0.3297779,0.1632653,1.340731,0.1594037,0.04193785,0.05820158,8,0.05228897,0.9002531,0.002398232,0.4969647,0.1402353,0.6969258,0.1001996,10,6,,,,,15,,-0.0001687538,0,0,True,1571.649,1454.946,0,51700,0,158350,1557.037,14.61197,110,36,0,5.740743,0.1851853,2.533677,11059.19,206121984,complete,,10,0.2,4000,97,13,2,12,2e43d66b86751dbc153b43aaa8ac1de52034000157ac3e852c9a5fa6f8e60ed7,0.06377478,0.06316702,0.06321834,0.05806601,0.0494264,0.06240267,0.05733397,0.04568072
320500,heteroscedastic,sparse,50,400,primary,0.2,adjusted,fixed,0.05476316,1.209531,3.281075,0.08231539,0.06388969,0.3297779,0.1632653,1.340771,0.1616942,0.04193376,0.05824966,8,0.05240778,0.9002531,0.002437265,0.4969707,0.1422312,0.6969408,0.1015267,10,6,15,0.8969072,0.8969072,0.8969072,15,0,0,,,,205.868,205.868,0,23850,0,70750,205.868,0,50,1,0,0.186895,0.006028873,1.379324,339698.7,345893888,complete,,10,0.2,4000,97,13,2,12,beac85a3ef66e4296c9d21f21e0a42a06302d93649c770f3e83aa5187c877d94,0.06393045,0.06333431,0.0633133,0.05810576,0.04955928,0.062452,0.05737927,0.04568224
320500,heteroscedastic,sparse,50,400,primary,0.2,adjusted,oracle,0.05639034,1.191472,3.287876,0.08231539,0.052767,0.3297779,0.1632653,1.341829,0.06892007,0.03872727,0.05724635,8,0.04417861,0.9009217,0.001383509,0.4972885,0.05430081,0.696305,0.05970181,10,6,0,1,1,1,15,15,-0.01112269,,,,123.8814,123.8814,0,23500,0,69200,123.8814,0,50,0,0,0.164922,0.005320066,1.286521,384957.6,494066176,complete,,10,0.2,4000,97,13,2,12,921f3a70593124422440fb020de581a2e6a4b810db0300a78946378a24a64720,0.05323518,0.05349094,0.05612485,0.05790663,0.04100294,0.05434763,0.05914859,0.04065946
320500,heteroscedastic,sparse,50,400,primary,0.2,adjusted,random,0.05476316,1.209531,3.281075,0.08231539,0.06388969,0.3297779,0.1632653,1.340771,0.1616942,0.04193376,0.05824966,8,0.05240778,0.9002531,0.002437265,0.4969707,0.1422312,0.6969408,0.1015267,10,6,15,0.8969072,0.8969072,0.8969072,15,0,0,0,1,True,1066.982,970.482,0,39050,0,129000,1015.87,51.11179,85,36,0,0.186895,0.006028873,1.379324,339698.7,345893888,complete,,10,0.2,4000,97,13,2,12,beac85a3ef66e4296c9d21f21e0a42a06302d93649c770f3e83aa5187c877d94,0.06393045,0.06333431,0.0633133,0.05810576,0.04955928,0.062452,0.05737927,0.04568224
320500,heteroscedastic,sparse,50,400,primary,0.2,fixed,M0,0.04268541,,3.283141,0.08231539,0.1180018,0.3297779,0.1632653,1.363533,0.3048943,0.04010603,0.06876789,8,0.08964095,0.8992377,0.01265573,0.5027144,0.3299529,0.7019468,0.2185252,10,6,97,0,0,0,15,97,0.05411209,,,,0.02580013,0.02580013,0,0,0,0,0.02580013,0,0,0,0,0.03123693,0.001007643,0.8234515,2032466,106751488,complete,,10,0.2,4000,97,13,2,12,1bf4dccc6a0754f712b19a8db068ba7bc7cedc0eac051fd36db4ce9d731c7b47,0.1185875,0.1153352,0.1169396,0.06521814,0.08551264,0.1160414,0.05805304,0.0787628
320500,heteroscedastic,sparse,50,400,primary,0.2,fixed,M1,0.06212504,1.225716,3.145549,0.08231539,0.06913822,0.3297779,0.1632653,1.288592,0.1813775,0.04024564,0.06985144,8,0.05485827,0.8857252,0.003250803,0.4792142,0.1590728,0.6973034,0.09969921,10,6,15,0.8969072,0.8969072,0.8969072,15,0,0.005248534,,,,0.7957476,0.7957476,0,0,0,0,0.7957476,0,0,0,0,1.408369,0.04543127,1.140124,45079.08,106009088,complete,,10,0.2,4000,97,13,2,12,84aaa0fa81e06e88a7a54c02e7f15cc2fc0e54031e92bfd63801b76264c717cc,0.06894735,0.0690811,0.06849047,0.06851293,0.04999294,0.06609412,0.06595587,0.04755072
320500,heteroscedastic,sparse,50,400,primary,0.2,fixed,M2,0.08287013,1.274468,3.232976,0.08231539,0.1176439,0.3297779,0.1632653,1.318753,0.2266308,0.06107132,0.1027358,8,0.09922818,0.8920002,0.01447635,0.4861796,0.2360217,0.702493,0.2121914,10,6,135,0.2846715,0.4020619,0.3333333,15,142,0.05375417,,,,2035.916,208.2611,1827.655,20750,60000,75250,2035.916,0,50,0,0,0.1610607,0.005195505,1.396644,394186.9,599123456,valid_capped_prediction,1.284109e+12,10,0.2,4000,97,13,2,12,ecde901a3f1dcfaa33fafffd105c9ca2eb0e85375c2bbcd892c270cddea5c479,0.1185826,0.1133511,0.1067303,0.08944881,0.09023182,0.1042756,0.08279974,0.07685647
320500,heteroscedastic,sparse,50,400,primary,0.2,fixed,M3,0.05476316,1.209531,3.281075,0.08231539,0.06388969,0.3297779,0.1632653,1.340771,0.1616942,0.04193376,0.05824966,8,0.05240778,0.9002531,0.002437265,0.4969707,0.1422312,0.6969408,0.1015267,10,6,15,0.8969072,0.8969072,0.8969072,15,0,0,0,1,True,471.7794,443.5231,0,29000,0,87550,461.5182,10.2612,62,7,0,0.186895,0.006028873,1.379324,339698.7,345893888,complete,,10,0.2,4000,97,13,2,12,beac85a3ef66e4296c9d21f21e0a42a06302d93649c770f3e83aa5187c877d94,0.06393045,0.06333431,0.0633133,0.05810576,0.04955928,0.062452,0.05737927,0.04568224
320500,heteroscedastic,sparse,50,400,primary,0.2,fixed,M4,0.05476316,1.209531,3.281075,0.08231539,0.06388969,0.3297779,0.1632653,1.340771,0.1616942,0.04193376,0.05824966,8,0.05240778,0.9002531,0.002437265,0.4969707,0.1422312,0.6969408,0.1015267,10,6,15,0.8969072,0.8969072,0.8969072,15,0,0,0,1,True,471.7794,443.5231,0,29000,0,87550,461.5182,10.26116,62,7,0,0.186895,0.006028873,1.379324,339698.7,345893888,complete,,10,0.2,4000,97,13,2,12,beac85a3ef66e4296c9d21f21e0a42a06302d93649c770f3e83aa5187c877d94,0.06393045,0.06333431,0.0633133,0.05810576,0.04955928,0.062452,0.05737927,0.04568224
320500,heteroscedastic,sparse,50,400,primary,0.2,fixed,M5,0.05476076,1.209525,3.281024,0.08231539,0.06389334,0.3297779,0.1632653,1.340774,0.1616965,0.04192003,0.05824855,8,0.05239734,0.9002362,0.002445766,0.4969657,0.1422337,0.6969409,0.1015241,10,6,,,,,15,,3.648922e-06,0,0,True,474.8481,443.5231,0,29000,0,87550,461.5182,13.32992,62,7,0,5.389604,0.1738582,1.95741,11779.71,126360576,complete,,10,0.2,4000,97,13,2,12,31d7499e42a13f34ba8a8fbff3b50327dec8a9f8bd21eb9ae902b16e75c73996,0.06392959,0.06333702,0.06330942,0.05810946,0.04955142,0.06244618,0.05736903,0.04566245
320500,heteroscedastic,sparse,50,400,primary,0.2,fixed,fixed,0.05476316,1.209531,3.281075,0.08231539,0.06388969,0.3297779,0.1632653,1.340771,0.1616942,0.04193376,0.05824966,8,0.05240778,0.9002531,0.002437265,0.4969707,0.1422312,0.6969408,0.1015267,10,6,15,0.8969072,0.8969072,0.8969072,15,0,0,,,,205.868,205.868,0,23850,0,70750,205.868,0,50,1,0,0.186895,0.006028873,1.379324,339698.7,345893888,complete,,10,0.2,4000,97,13,2,12,beac85a3ef66e4296c9d21f21e0a42a06302d93649c770f3e83aa5187c877d94,0.06393045,0.06333431,0.0633133,0.05810576,0.04955928,0.062452,0.05737927,0.04568224
320500,heteroscedastic,sparse,50,400,primary,0.2,fixed,oracle,0.05639034,1.191472,3.287876,0.08231539,0.052767,0.3297779,0.1632653,1.341829,0.06892007,0.03872727,0.05724635,8,0.04417861,0.9009217,0.001383509,0.4972885,0.05430081,0.696305,0.05970181,10,6,0,1,1,1,15,15,-0.01112269,,,,123.8814,123.8814,0,23500,0,69200,123.8814,0,50,0,0,0.164922,0.005320066,1.286521,384957.6,494066176,complete,,10,0.2,4000,97,13,2,12,921f3a70593124422440fb020de581a2e6a4b810db0300a78946378a24a64720,0.05323518,0.05349094,0.05612485,0.05790663,0.04100294,0.05434763,0.05914859,0.04065946
320500,heteroscedastic,sparse,50,400,primary,0.2,fixed,random,0.05476316,1.209531,3.281075,0.08231539,0.06388969,0.3297779,0.1632653,1.340771,0.1616942,0.04193376,0.05824966,8,0.05240778,0.9002531,0.002437265,0.4969707,0.1422312,0.6969408,0.1015267,10,6,15,0.8969072,0.8969072,0.8969072,15,0,0,0,1,True,360.0116,342.1247,0,26750,0,81750,350.0615,9.950056,56,7,0,0.186895,0.006028873,1.379324,339698.7,345893888,complete,,10,0.2,4000,97,13,2,12,beac85a3ef66e4296c9d21f21e0a42a06302d93649c770f3e83aa5187c877d94,0.06393045,0.06333431,0.0633133,0.05810576,0.04955928,0.062452,0.05737927,0.04568224
320500,heteroscedastic,sparse,50,400,primary,0.5,adjusted,M0,0.04268541,,3.283141,0.08231539,0.1180018,0.3297779,0.1632653,1.363533,0.3048943,0.04010603,0.06876789,8,0.08964095,0.8992377,0.01265573,0.5027144,0.3299529,0.7019468,0.2185252,10,6,97,0,0,0,40,97,0.037337,,,,0.02580013,0.02580013,0,0,0,0,0.02580013,0,0,0,0,0.03123693,0.001007643,0.8234515,2032466,106751488,complete,,10,0.2,4000,97,13,2,12,1bf4dccc6a0754f712b19a8db068ba7bc7cedc0eac051fd36db4ce9d731c7b47,0.1185875,0.1153352,0.1169396,0.06521814,0.08551264,0.1160414,0.05805304,0.0787628
320500,heteroscedastic,sparse,50,400,primary,0.5,adjusted,M1,0.1112532,1.249056,3.146893,0.08231539,0.08314802,0.3297779,0.1632653,1.288791,0.1972103,0.08722153,0.07863705,8,0.0677431,0.8850048,0.006170423,0.4786382,0.1825705,0.6987146,0.1368285,10,6,40,0.7319588,0.7319588,0.7319588,40,0,0.002483242,,,,0.8583466,0.8583466,0,0,0,0,0.8583466,0,0,0,0,1.39297,0.04493453,1.213575,45577.42,106008064,complete,,10,0.2,4000,97,13,2,12,f662ace1705deb57131766ec40e48c57718e7f4db9a7c75ee7bc70812f28ec6d,0.08442865,0.08677241,0.08061408,0.07440395,0.06132911,0.08400329,0.0736416,0.06306558
320500,heteroscedastic,sparse,50,400,primary,0.5,adjusted,M2,0.08287013,1.274468,3.232976,0.08231539,0.1176439,0.3297779,0.1632653,1.318753,0.2266308,0.06107132,0.1027358,8,0.09922818,0.8920002,0.01447635,0.4861796,0.2360217,0.702493,0.2121914,10,6,135,0.2846715,0.4020619,0.3333333,40,152,0.03697908,,,,2035.916,208.2611,1827.655,20750,60000,75250,2035.916,0,50,0,0,0.1610607,0.005195505,1.396644,394186.9,599123456,valid_capped_prediction,1.284109e+12,10,0.2,4000,97,13,2,12,ecde901a3f1dcfaa33fafffd105c9ca2eb0e85375c2bbcd892c270cddea5c479,0.1185826,0.1133511,0.1067303,0.08944881,0.09023182,0.1042756,0.08279974,0.07685647
320500,heteroscedastic,sparse,50,400,primary,0.5,adjusted,M3,0.1125669,1.234827,3.253808,0.08231539,0.08066478,0.3297779,0.1632653,1.327422,0.1735032,0.09682759,0.07025115,8,0.06906516,0.8964774,0.005997917,0.492028,0.1757113,0.6985477,0.1405362,10,6,40,0.7319588,0.7319588,0.7319588,40,0,0,0,1,True,1615.709,1463.829,0,50200,0,142700,1566.936,48.77257,112,36,0,0.1875897,0.006051282,1.452627,338440.7,294929408,complete,,10,0.2,4000,97,13,2,12,e56ac81bc29bf60c728980c9967177c922b273515b11f60c6214406ccc1b4164,0.0823369,0.08238215,0.07821221,0.06574668,0.06168938,0.08203638,0.06684637,0.06226911
320500,heteroscedastic,sparse,50,400,primary,0.5,adjusted,M4,0.1125669,1.234827,3.253808,0.08231539,0.08066478,0.3297779,0.1632653,1.327422,0.1735032,0.09682759,0.07025115,8,0.06906516,0.8964774,0.005997917,0.492028,0.1757113,0.6985477,0.1405362,10,6,40,0.7319588,0.7319588,0.7319588,40,0,0,0,1,True,1615.709,1463.829,0,50200,0,142700,1566.936,48.7725,112,36,0,0.1875897,0.006051282,1.452627,338440.7,294929408,complete,,10,0.2,4000,97,13,2,12,e56ac81bc29bf60c728980c9967177c922b273515b11f60c6214406ccc1b4164,0.0823369,0.08238215,0.07821221,0.06574668,0.06168938,0.08203638,0.06684637,0.06226911
320500,heteroscedastic,sparse,50,400,primary,0.5,adjusted,M5,0.1086788,1.234669,3.254676,0.08231539,0.08031627,0.3297779,0.1632653,1.327429,0.1728942,0.0927709,0.06993224,8,0.06859396,0.8966577,0.005771923,0.49204,0.1752122,0.6984842,0.1366596,10,6,,,,,40,,-0.0003485076,0,0,True,1579.888,1463.829,0,50200,0,142700,1566.936,12.95225,112,36,0,5.55194,0.1790948,2.00216,11435.28,197829632,complete,,10,0.2,4000,97,13,2,12,51c0571ad38103a6937650de72d4fe4c3dc6baf8836a29e3504cb652ba563ba4,0.08195296,0.0820572,0.0779245,0.06561307,0.06139662,0.08204932,0.06685098,0.0622609
320500,heteroscedastic,sparse,50,400,primary,0.5,adjusted,fixed,0.1125669,1.234827,3.253808,0.08231539,0.08066478,0.3297779,0.1632653,1.327422,0.1735032,0.09682759,0.07025115,8,0.06906516,0.8964774,0.005997917,0.492028,0.1757113,0.6985477,0.1405362,10,6,40,0.7319588,0.7319588,0.7319588,40,0,0,,,,306.3154,306.3154,0,23150,0,68100,306.3154,0,50,1,0,0.1875897,0.006051282,1.452627,338440.7,294929408,complete,,10,0.2,4000,97,13,2,12,e56ac81bc29bf60c728980c9967177c922b273515b11f60c6214406ccc1b4164,0.0823369,0.08238215,0.07821221,0.06574668,0.06168938,0.08203638,0.06684637,0.06226911
320500,heteroscedastic,sparse,50,400,primary,0.5,adjusted,oracle,0.05639034,1.191472,3.287876,0.08231539,0.052767,0.3297779,0.1632653,1.341829,0.06892007,0.03872727,0.05724635,8,0.04417861,0.9009217,0.001383509,0.4972885,0.05430081,0.696305,0.05970181,10,6,0,1,1,1,40,40,-0.02789778,,,,123.8814,123.8814,0,23500,0,69200,123.8814,0,50,0,0,0.164922,0.005320066,1.286521,384957.6,494066176,complete,,10,0.2,4000,97,13,2,12,921f3a70593124422440fb020de581a2e6a4b810db0300a78946378a24a64720,0.05323518,0.05349094,0.05612485,0.05790663,0.04100294,0.05434763,0.05914859,0.04065946
320500,heteroscedastic,sparse,50,400,primary,0.5,adjusted,random,0.1125669,1.234827,3.253808,0.08231539,0.08066478,0.3297779,0.1632653,1.327422,0.1735032,0.09682759,0.07025115,8,0.06906516,0.8964774,0.005997917,0.492028,0.1757113,0.6985477,0.1405362,10,6,40,0.7319588,0.7319588,0.7319588,40,0,0,0,1,True,1112.123,1019.819,0,37800,0,119200,1063.236,48.88665,87,36,0,0.1875897,0.006051282,1.452627,338440.7,294929408,complete,,10,0.2,4000,97,13,2,12,e56ac81bc29bf60c728980c9967177c922b273515b11f60c6214406ccc1b4164,0.0823369,0.08238215,0.07821221,0.06574668,0.06168938,0.08203638,0.06684637,0.06226911
320500,heteroscedastic,sparse,50,400,primary,0.5,fixed,M0,0.04268541,,3.283141,0.08231539,0.1180018,0.3297779,0.1632653,1.363533,0.3048943,0.04010603,0.06876789,8,0.08964095,0.8992377,0.01265573,0.5027144,0.3299529,0.7019468,0.2185252,10,6,97,0,0,0,40,97,0.037337,,,,0.02580013,0.02580013,0,0,0,0,0.02580013,0,0,0,0,0.03123693,0.001007643,0.8234515,2032466,106751488,complete,,10,0.2,4000,97,13,2,12,1bf4dccc6a0754f712b19a8db068ba7bc7cedc0eac051fd36db4ce9d731c7b47,0.1185875,0.1153352,0.1169396,0.06521814,0.08551264,0.1160414,0.05805304,0.0787628
320500,heteroscedastic,sparse,50,400,primary,0.5,fixed,M1,0.1112532,1.249056,3.146893,0.08231539,0.08314802,0.3297779,0.1632653,1.288791,0.1972103,0.08722153,0.07863705,8,0.0677431,0.8850048,0.006170423,0.4786382,0.1825705,0.6987146,0.1368285,10,6,40,0.7319588,0.7319588,0.7319588,40,0,0.002483242,,,,0.8583466,0.8583466,0,0,0,0,0.8583466,0,0,0,0,1.39297,0.04493453,1.213575,45577.42,106008064,complete,,10,0.2,4000,97,13,2,12,f662ace1705deb57131766ec40e48c57718e7f4db9a7c75ee7bc70812f28ec6d,0.08442865,0.08677241,0.08061408,0.07440395,0.06132911,0.08400329,0.0736416,0.06306558
320500,heteroscedastic,sparse,50,400,primary,0.5,fixed,M2,0.08287013,1.274468,3.232976,0.08231539,0.1176439,0.3297779,0.1632653,1.318753,0.2266308,0.06107132,0.1027358,8,0.09922818,0.8920002,0.01447635,0.4861796,0.2360217,0.702493,0.2121914,10,6,135,0.2846715,0.4020619,0.3333333,40,152,0.03697908,,,,2035.916,208.2611,1827.655,20750,60000,75250,2035.916,0,50,0,0,0.1610607,0.005195505,1.396644,394186.9,599123456,valid_capped_prediction,1.284109e+12,10,0.2,4000,97,13,2,12,ecde901a3f1dcfaa33fafffd105c9ca2eb0e85375c2bbcd892c270cddea5c479,0.1185826,0.1133511,0.1067303,0.08944881,0.09023182,0.1042756,0.08279974,0.07685647
320500,heteroscedastic,sparse,50,400,primary,0.5,fixed,M3,0.1125669,1.234827,3.253808,0.08231539,0.08066478,0.3297779,0.1632653,1.327422,0.1735032,0.09682759,0.07025115,8,0.06906516,0.8964774,0.005997917,0.492028,0.1757113,0.6985477,0.1405362,10,6,40,0.7319588,0.7319588,0.7319588,40,0,0,0,1,True,538.1233,508.7997,0,28450,0,81650,528.0539,10.06936,62,7,0,0.1875897,0.006051282,1.452627,338440.7,294929408,complete,,10,0.2,4000,97,13,2,12,e56ac81bc29bf60c728980c9967177c922b273515b11f60c6214406ccc1b4164,0.0823369,0.08238215,0.07821221,0.06574668,0.06168938,0.08203638,0.06684637,0.06226911
320500,heteroscedastic,sparse,50,400,primary,0.5,fixed,M4,0.1125669,1.234827,3.253808,0.08231539,0.08066478,0.3297779,0.1632653,1.327422,0.1735032,0.09682759,0.07025115,8,0.06906516,0.8964774,0.005997917,0.492028,0.1757113,0.6985477,0.1405362,10,6,40,0.7319588,0.7319588,0.7319588,40,0,0,0,1,True,538.1233,508.7997,0,28450,0,81650,528.0539,10.06938,62,7,0,0.1875897,0.006051282,1.452627,338440.7,294929408,complete,,10,0.2,4000,97,13,2,12,e56ac81bc29bf60c728980c9967177c922b273515b11f60c6214406ccc1b4164,0.0823369,0.08238215,0.07821221,0.06574668,0.06168938,0.08203638,0.06684637,0.06226911
320500,heteroscedastic,sparse,50,400,primary,0.5,fixed,M5,0.1125737,1.234765,3.2536,0.08231539,0.08060334,0.3297779,0.1632653,1.327468,0.1733995,0.09682689,0.07023741,8,0.06896577,0.8964565,0.006007494,0.4920281,0.1753927,0.6985422,0.1405402,10,6,,,,,40,,-6.143823e-05,0,0,True,540.9816,508.7997,0,28450,0,81650,528.0539,12.92769,62,7,0,5.286594,0.1705353,2.450381,12009.24,117350400,complete,,10,0.2,4000,97,13,2,12,140aa5dfdd042c2dd7bce41b3d6c5026bd7b4a9ab44607b0884fac253719336c,0.08227668,0.08235057,0.07817174,0.06573578,0.06160895,0.08200133,0.06683015,0.06223327
320500,heteroscedastic,sparse,50,400,primary,0.5,fixed,fixed,0.1125669,1.234827,3.253808,0.08231539,0.08066478,0.3297779,0.1632653,1.327422,0.1735032,0.09682759,0.07025115,8,0.06906516,0.8964774,0.005997917,0.492028,0.1757113,0.6985477,0.1405362,10,6,40,0.7319588,0.7319588,0.7319588,40,0,0,,,,306.3154,306.3154,0,23150,0,68100,306.3154,0,50,1,0,0.1875897,0.006051282,1.452627,338440.7,294929408,complete,,10,0.2,4000,97,13,2,12,e56ac81bc29bf60c728980c9967177c922b273515b11f60c6214406ccc1b4164,0.0823369,0.08238215,0.07821221,0.06574668,0.06168938,0.08203638,0.06684637,0.06226911
320500,heteroscedastic,sparse,50,400,primary,0.5,fixed,oracle,0.05639034,1.191472,3.287876,0.08231539,0.052767,0.3297779,0.1632653,1.341829,0.06892007,0.03872727,0.05724635,8,0.04417861,0.9009217,0.001383509,0.4972885,0.05430081,0.696305,0.05970181,10,6,0,1,1,1,40,40,-0.02789778,,,,123.8814,123.8814,0,23500,0,69200,123.8814,0,50,0,0,0.164922,0.005320066,1.286521,384957.6,494066176,complete,,10,0.2,4000,97,13,2,12,921f3a70593124422440fb020de581a2e6a4b810db0300a78946378a24a64720,0.05323518,0.05349094,0.05612485,0.05790663,0.04100294,0.05434763,0.05914859,0.04065946
320500,heteroscedastic,sparse,50,400,primary,0.5,fixed,random,0.1125669,1.234827,3.253808,0.08231539,0.08066478,0.3297779,0.1632653,1.327422,0.1735032,0.09682759,0.07025115,8,0.06906516,0.8964774,0.005997917,0.492028,0.1757113,0.6985477,0.1405362,10,6,40,0.7319588,0.7319588,0.7319588,40,0,0,0,1,True,427.2733,408.0552,0,25300,0,76000,416.6481,10.62524,56,7,0,0.1875897,0.006051282,1.452627,338440.7,294929408,complete,,10,0.2,4000,97,13,2,12,e56ac81bc29bf60c728980c9967177c922b273515b11f60c6214406ccc1b4164,0.0823369,0.08238215,0.07821221,0.06574668,0.06168938,0.08203638,0.06684637,0.06226911
320501,heteroscedastic,sparse,50,400,primary,0.2,adjusted,M0,0.04548762,,3.280717,0.1112648,0.1325409,0.3257973,0.222449,1.354445,0.2894061,0.04846373,0.08714379,10.9,0.1185044,0.8973075,0.0163902,0.4969308,0.3179611,0.705473,0.2582701,10,6,97,0,0,0,18,96,0.04489602,,,,0.000283068,0.000283068,0,0,0,0,0.000283068,0,0,0,0,0.03158155,0.00101876,0.8085188,2010288,77268992,complete,,10,0.2,4000,97,11,2,9,e3ff94a36de22642546d238dd4e8244e7665bb9c48e8ba9e2336a634ab3d2eef,,,0.1346668,0.0877453,0.1209689,0.1181281,0.06498583,0.1019654
320501,heteroscedastic,sparse,50,400,primary,0.2,adjusted,M1,0.06720921,1.238283,3.15456,0.1112648,0.08683403,0.3257973,0.222449,1.295941,0.1604936,0.05150827,0.08568763,10.9,0.07983294,0.885789,0.004372883,0.4799984,0.1408685,0.6999466,0.156022,10,6,18,0.8854167,0.8762887,0.880829,18,0,-0.0008108146,,,,0.668572,0.668572,0,0,0,0,0.668572,0,0,0,0,1.397584,0.04508336,1.136016,45426.96,76761088,complete,,10,0.2,4000,97,11,2,9,3e05dbf0d06af0a091e843b98c886ea173b381e43505ce7b9fb516c724ae461d,,,0.08216732,0.08030128,0.0829897,0.0764226,0.07359288,0.06920855
320501,heteroscedastic,sparse,50,400,primary,0.2,adjusted,M2,0.07187329,1.25667,3.24484,0.1112648,0.1162609,0.3257973,0.222449,1.32415,0.2002438,0.06949071,0.1005562,10.9,0.1089243,0.8929369,0.01274925,0.4862444,0.2255438,0.7043393,0.2875962,10,6,108,0.3984962,0.5463918,0.4608696,18,117,0.02861603,,,,1599.231,158.5993,1440.632,23150,60000,82850,1599.231,0,50,0,0,0.1759191,0.005674809,1.38647,360893.2,544772096,valid_capped_prediction,1.473269e+12,10,0.2,4000,97,11,2,9,65837958b942fccd647ca31071ab1e57576953917561e35a7d6bbe5c94e07e52,,,0.106368,0.0917002,0.1033629,0.08597874,0.07238843,0.07814652
320501,heteroscedastic,sparse,50,400,primary,0.2,adjusted,M3,0.0595866,1.221989,3.295019,0.1112648,0.08764485,0.3257973,0.222449,1.350698,0.1263364,0.05196909,0.07707255,10.9,0.07821629,0.9003408,0.003725202,0.4976094,0.1249153,0.6998954,0.1574361,10,6,18,0.8854167,0.8762887,0.880829,18,0,0,0,1,True,1538.029,1388.162,0,49500,0,147300,1487.684,50.34465,107,36,0,0.1917878,0.006186705,1.394429,331032.4,394646016,complete,,10,0.2,4000,97,11,2,9,d7db0b4cd75a774ae9be1d6e13db6c7b9c4e965998af19a4f07cfd4dba016bcc,,,0.08380308,0.07542685,0.08197437,0.07722573,0.06752718,0.06808416
320501,heteroscedastic,sparse,50,400,primary,0.2,adjusted,M4,0.0595866,1.221989,3.295019,0.1112648,0.08764485,0.3257973,0.222449,1.350698,0.1263364,0.05196909,0.07707255,10.9,0.07821629,0.9003408,0.003725202,0.4976094,0.1249153,0.6998954,0.1574361,10,6,18,0.8854167,0.8762887,0.880829,18,0,0,0,1,True,1538.029,1388.162,0,49500,0,147300,1487.684,50.3446,107,36,0,0.1917878,0.006186705,1.394429,331032.4,394646016,complete,,10,0.2,4000,97,11,2,9,d7db0b4cd75a774ae9be1d6e13db6c7b9c4e965998af19a4f07cfd4dba016bcc,,,0.08380308,0.07542685,0.08197437,0.07722573,0.06752718,0.06808416
320501,heteroscedastic,sparse,50,400,primary,0.2,adjusted,M5,0.05947183,1.221817,3.295142,0.1112648,0.0874301,0.3257973,0.222449,1.350788,0.1261161,0.05187727,0.07689935,10.9,0.07809881,0.9003777,0.003634644,0.4976602,0.1247995,0.6998781,0.1573159,10,6,,,,,18,,-0.0002147451,0,0,True,1504.049,1388.162,0,49500,0,147300,1487.684,16.36475,107,36,0,5.429328,0.1751396,2.499011,11693.53,210093568,complete,,10,0.2,4000,97,11,2,9,5c0856429652670ca49acfe4a5224586bee8db2ff360203a15f9363966f56aa9,,,0.08361685,0.0752992,0.08183106,0.07710261,0.06740845,0.06805764
320501,heteroscedastic,sparse,50,400,primary,0.2,adjusted,fixed,0.0595866,1.221989,3.295019,0.1112648,0.08764485,0.3257973,0.222449,1.350698,0.1263364,0.05196909,0.07707255,10.9,0.07821629,0.9003408,0.003725202,0.4976094,0.1249153,0.6998954,0.1574361,10,6,18,0.8854167,0.8762887,0.880829,18,0,0,,,,137.726,137.726,0,23400,0,69500,137.726,0,50,1,0,0.1917878,0.006186705,1.394429,331032.4,394646016,complete,,10,0.2,4000,97,11,2,9,d7db0b4cd75a774ae9be1d6e13db6c7b9c4e965998af19a4f07cfd4dba016bcc,,,0.08380308,0.07542685,0.08197437,0.07722573,0.06752718,0.06808416
320501,heteroscedastic,sparse,50,400,primary,0.2,adjusted,random,0.0595866,1.221989,3.295019,0.1112648,0.08764485,0.3257973,0.222449,1.350698,0.1263364,0.05196909,0.07707255,10.9,0.07821629,0.9003408,0.003725202,0.4976094,0.1249153,0.6998954,0.1574361,10,6,18,0.8854167,0.8762887,0.880829,18,0,0,0,1,True,1280.026,1179.555,0,41600,0,134700,1232.61,47.41661,86,36,0,0.1917878,0.006186705,1.394429,331032.4,394646016,complete,,10,0.2,4000,97,11,2,9,d7db0b4cd75a774ae9be1d6e13db6c7b9c4e965998af19a4f07cfd4dba016bcc,,,0.08380308,0.07542685,0.08197437,0.07722573,0.06752718,0.06808416
320501,heteroscedastic,sparse,50,400,primary,0.2,fixed,M0,0.04548762,,3.280717,0.1112648,0.1325409,0.3257973,0.222449,1.354445,0.2894061,0.04846373,0.08714379,10.9,0.1185044,0.8973075,0.0163902,0.4969308,0.3179611,0.705473,0.2582701,10,6,97,0,0,0,18,96,0.04489602,,,,0.000283068,0.000283068,0,0,0,0,0.000283068,0,0,0,0,0.03158155,0.00101876,0.8085188,2010288,77268992,complete,,10,0.2,4000,97,11,2,9,e3ff94a36de22642546d238dd4e8244e7665bb9c48e8ba9e2336a634ab3d2eef,,,0.1346668,0.0877453,0.1209689,0.1181281,0.06498583,0.1019654
320501,heteroscedastic,sparse,50,400,primary,0.2,fixed,M1,0.06720921,1.238283,3.15456,0.1112648,0.08683403,0.3257973,0.222449,1.295941,0.1604936,0.05150827,0.08568763,10.9,0.07983294,0.885789,0.004372883,0.4799984,0.1408685,0.6999466,0.156022,10,6,18,0.8854167,0.8762887,0.880829,18,0,-0.0008108146,,,,0.668572,0.668572,0,0,0,0,0.668572,0,0,0,0,1.397584,0.04508336,1.136016,45426.96,76761088,complete,,10,0.2,4000,97,11,2,9,3e05dbf0d06af0a091e843b98c886ea173b381e43505ce7b9fb516c724ae461d,,,0.08216732,0.08030128,0.0829897,0.0764226,0.07359288,0.06920855
320501,heteroscedastic,sparse,50,400,primary,0.2,fixed,M2,0.07187329,1.25667,3.24484,0.1112648,0.1162609,0.3257973,0.222449,1.32415,0.2002438,0.06949071,0.1005562,10.9,0.1089243,0.8929369,0.01274925,0.4862444,0.2255438,0.7043393,0.2875962,10,6,108,0.3984962,0.5463918,0.4608696,18,117,0.02861603,,,,1599.231,158.5993,1440.632,23150,60000,82850,1599.231,0,50,0,0,0.1759191,0.005674809,1.38647,360893.2,544772096,valid_capped_prediction,1.473269e+12,10,0.2,4000,97,11,2,9,65837958b942fccd647ca31071ab1e57576953917561e35a7d6bbe5c94e07e52,,,0.106368,0.0917002,0.1033629,0.08597874,0.07238843,0.07814652
320501,heteroscedastic,sparse,50,400,primary,0.2,fixed,M3,0.0595866,1.221989,3.295019,0.1112648,0.08764485,0.3257973,0.222449,1.350698,0.1263364,0.05196909,0.07707255,10.9,0.07821629,0.9003408,0.003725202,0.4976094,0.1249153,0.6998954,0.1574361,10,6,18,0.8854167,0.8762887,0.880829,18,0,0,0,1,True,416.3258,388.8134,0,28950,0,85900,405.6576,10.66816,60,7,0,0.1917878,0.006186705,1.394429,331032.4,394646016,complete,,10,0.2,4000,97,11,2,9,d7db0b4cd75a774ae9be1d6e13db6c7b9c4e965998af19a4f07cfd4dba016bcc,,,0.08380308,0.07542685,0.08197437,0.07722573,0.06752718,0.06808416
320501,heteroscedastic,sparse,50,400,primary,0.2,fixed,M4,0.0595866,1.221989,3.295019,0.1112648,0.08764485,0.3257973,0.222449,1.350698,0.1263364,0.05196909,0.07707255,10.9,0.07821629,0.9003408,0.003725202,0.4976094,0.1249153,0.6998954,0.1574361,10,6,18,0.8854167,0.8762887,0.880829,18,0,0,0,1,True,416.3258,388.8134,0,28950,0,85900,405.6576,10.66813,60,7,0,0.1917878,0.006186705,1.394429,331032.4,394646016,complete,,10,0.2,4000,97,11,2,9,d7db0b4cd75a774ae9be1d6e13db6c7b9c4e965998af19a4f07cfd4dba016bcc,,,0.08380308,0.07542685,0.08197437,0.07722573,0.06752718,0.06808416
320501,heteroscedastic,sparse,50,400,primary,0.2,fixed,M5,0.05952391,1.221874,3.294562,0.1112648,0.08741383,0.3257973,0.222449,1.35068,0.1259986,0.05201699,0.07688136,10.9,0.07787649,0.9003298,0.00360226,0.4975775,0.1241435,0.6998625,0.1572333,10,6,,,,,18,,-0.0002310231,0,0,True,419.364,388.8134,0,28950,0,85900,405.6576,13.70637,60,7,0,5.359331,0.1728816,2.500051,11846.26,127619584,complete,,10,0.2,4000,97,11,2,9,5e46ee8720afb981f568e2cc5db14347a05bcec793eb8a4050d72a83b0c07af1,,,0.08360646,0.07530606,0.08179788,0.07712213,0.06744308,0.06806145
320501,heteroscedastic,sparse,50,400,primary,0.2,fixed,fixed,0.0595866,1.221989,3.295019,0.1112648,0.08764485,0.3257973,0.222449,1.350698,0.1263364,0.05196909,0.07707255,10.9,0.07821629,0.9003408,0.003725202,0.4976094,0.1249153,0.6998954,0.1574361,10,6,18,0.8854167,0.8762887,0.880829,18,0,0,,,,137.726,137.726,0,23400,0,69500,137.726,0,50,1,0,0.1917878,0.006186705,1.394429,331032.4,394646016,complete,,10,0.2,4000,97,11,2,9,d7db0b4cd75a774ae9be1d6e13db6c7b9c4e965998af19a4f07cfd4dba016bcc,,,0.08380308,0.07542685,0.08197437,0.07722573,0.06752718,0.06808416
320501,heteroscedastic,sparse,50,400,primary,0.2,fixed,random,0.0595866,1.221989,3.295019,0.1112648,0.08764485,0.3257973,0.222449,1.350698,0.1263364,0.05196909,0.07707255,10.9,0.07821629,0.9003408,0.003725202,0.4976094,0.1249153,0.6998954,0.1574361,10,6,18,0.8854167,0.8762887,0.880829,18,0,0,0,1,True,367.3298,346.9741,0,27050,0,82400,357.2626,10.06719,57,7,0,0.1917878,0.006186705,1.394429,331032.4,394646016,complete,,10,0.2,4000,97,11,2,9,d7db0b4cd75a774ae9be1d6e13db6c7b9c4e965998af19a4f07cfd4dba016bcc,,,0.08380308,0.07542685,0.08197437,0.07722573,0.06752718,0.06808416
320501,heteroscedastic,sparse,50,400,primary,0.5,adjusted,M0,0.04548762,,3.280717,0.1112648,0.1325409,0.3257973,0.222449,1.354445,0.2894061,0.04846373,0.08714379,10.9,0.1185044,0.8973075,0.0163902,0.4969308,0.3179611,0.705473,0.2582701,10,6,97,0,0,0,44,97,0.02373237,,,,0.000283068,0.000283068,0,0,0,0,0.000283068,0,0,0,0,0.03158155,0.00101876,0.8085188,2010288,77268992,complete,,10,0.2,4000,97,11,2,9,e3ff94a36de22642546d238dd4e8244e7665bb9c48e8ba9e2336a634ab3d2eef,,,0.1346668,0.0877453,0.1209689,0.1181281,0.06498583,0.1019654
320501,heteroscedastic,sparse,50,400,primary,0.5,adjusted,M1,0.07092067,1.261264,3.161952,0.1112648,0.1060134,0.3257973,0.222449,1.29735,0.1844713,0.0522562,0.09691252,10.9,0.09652279,0.8851024,0.01023203,0.4790019,0.1982445,0.70274,0.2554083,10,6,44,0.7113402,0.7113402,0.7113402,44,0,-0.002795077,,,,0.8179997,0.8179997,0,0,0,0,0.8179997,0,0,0,0,1.433877,0.0462541,1.198197,44277.16,72833024,complete,,10,0.2,4000,97,11,2,9,c90047274f1fc64b41972a2dd33a6c4c436ef82fb826d40c9c8e32087c10bac7,,,0.09985819,0.09014051,0.09732826,0.08889482,0.08043588,0.07866078
320501,heteroscedastic,sparse,50,400,primary,0.5,adjusted,M2,0.07187329,1.25667,3.24484,0.1112648,0.1162609,0.3257973,0.222449,1.32415,0.2002438,0.06949071,0.1005562,10.9,0.1089243,0.8929369,0.01274925,0.4862444,0.2255438,0.7043393,0.2875962,10,6,108,0.3984962,0.5463918,0.4608696,44,129,0.007452379,,,,1599.231,158.5993,1440.632,23150,60000,82850,1599.231,0,50,0,0,0.1759191,0.005674809,1.38647,360893.2,544772096,valid_capped_prediction,1.473269e+12,10,0.2,4000,97,11,2,9,65837958b942fccd647ca31071ab1e57576953917561e35a7d6bbe5c94e07e52,,,0.106368,0.0917002,0.1033629,0.08597874,0.07238843,0.07814652
320501,heteroscedastic,sparse,50,400,primary,0.5,adjusted,M3,0.06350105,1.242495,3.290089,0.1112648,0.1006605,0.3257973,0.222449,1.34469,0.1538331,0.053686,0.08688874,10.9,0.0909878,0.8996452,0.008114215,0.4953125,0.1799462,0.7020951,0.2390391,10,6,44,0.7113402,0.7113402,0.7113402,44,2,-0.008148023,0,0,True,1497.748,1354.964,0,50600,0,143500,1453.341,44.40773,106,36,1,0.2012793,0.006492882,1.35931,315422.3,293424640,complete,,10,0.2,4000,97,11,2,9,11eb68de48408d8d88c55e26c2c155509d7f8b73eac67b46ca37dac4c470a51b,,,0.09790133,0.08274195,0.09167689,0.08662791,0.07061133,0.07176682
320501,heteroscedastic,sparse,50,400,primary,0.5,adjusted,M4,0.06350105,1.242495,3.290089,0.1112648,0.1006605,0.3257973,0.222449,1.34469,0.1538331,0.053686,0.08688874,10.9,0.0909878,0.8996452,0.008114215,0.4953125,0.1799462,0.7020951,0.2390391,10,6,44,0.7113402,0.7113402,0.7113402,44,2,-0.008148023,0,0,True,1497.748,1354.964,0,50600,0,143500,1453.341,44.40767,106,36,1,0.2012793,0.006492882,1.35931,315422.3,293424640,complete,,10,0.2,4000,97,11,2,9,11eb68de48408d8d88c55e26c2c155509d7f8b73eac67b46ca37dac4c470a51b,,,0.09790133,0.08274195,0.09167689,0.08662791,0.07061133,0.07176682
320501,heteroscedastic,sparse,50,400,primary,0.5,adjusted,M5,0.06555055,1.247971,3.275522,0.1112648,0.107992,0.3257973,0.222449,1.337721,0.1585946,0.05410356,0.0916571,10.9,0.09709892,0.8972636,0.01034331,0.4920041,0.1925961,0.7031289,0.2659913,10,6,,,,,44,,-0.0008164518,0,0,True,1467.162,1354.964,0,50600,0,143500,1453.341,13.82151,106,36,1,9.483443,0.3059175,2.484689,6694.615,207342080,complete,,10,0.2,4000,97,11,2,9,b9b12e51fccf57eb826a83642d30ac54db53cc936c3c3b821424b96b279916a0,,,0.1024823,0.08618479,0.09672997,0.09048715,0.07487474,0.07818543
320501,heteroscedastic,sparse,50,400,primary,0.5,adjusted,fixed,0.0659416,1.248495,3.275,0.1112648,0.1088085,0.3257973,0.222449,1.337442,0.1592967,0.05416021,0.0922074,10.9,0.09784612,0.897147,0.01060295,0.4918158,0.1942569,0.7032405,0.2662827,10,6,44,0.7113402,0.7113402,0.7113402,44,0,0,,,,216.0148,216.0148,0,22800,0,68450,216.0148,0,50,1,0,0.201858,0.006511549,1.374093,314518.1,245880320,complete,,10,0.2,4000,97,11,2,9,027966520c9c3f5afcbc10d6a67b684fdeb11549dc616644ba5c4dc7b8d9e7a6,,,0.1031171,0.08672845,0.0971564,0.0912449,0.0755617,0.07893967
320501,heteroscedastic,sparse,50,400,primary,0.5,adjusted,random,0.0659416,1.248495,3.275,0.1112648,0.1088085,0.3257973,0.222449,1.337442,0.1592967,0.05416021,0.0922074,10.9,0.09784612,0.897147,0.01060295,0.4918158,0.1942569,0.7032405,0.2662827,10,6,44,0.7113402,0.7113402,0.7113402,44,0,0,0,1,True,1070.498,980.8295,0,39850,0,120450,1024.83,45.66807,87,36,0,0.201858,0.006511549,1.374093,314518.1,245880320,complete,,10,0.2,4000,97,11,2,9,027966520c9c3f5afcbc10d6a67b684fdeb11549dc616644ba5c4dc7b8d9e7a6,,,0.1031171,0.08672845,0.0971564,0.0912449,0.0755617,0.07893967
320501,heteroscedastic,sparse,50,400,primary,0.5,fixed,M0,0.04548762,,3.280717,0.1112648,0.1325409,0.3257973,0.222449,1.354445,0.2894061,0.04846373,0.08714379,10.9,0.1185044,0.8973075,0.0163902,0.4969308,0.3179611,0.705473,0.2582701,10,6,97,0,0,0,44,97,0.02373237,,,,0.000283068,0.000283068,0,0,0,0,0.000283068,0,0,0,0,0.03158155,0.00101876,0.8085188,2010288,77268992,complete,,10,0.2,4000,97,11,2,9,e3ff94a36de22642546d238dd4e8244e7665bb9c48e8ba9e2336a634ab3d2eef,,,0.1346668,0.0877453,0.1209689,0.1181281,0.06498583,0.1019654
320501,heteroscedastic,sparse,50,400,primary,0.5,fixed,M1,0.07092067,1.261264,3.161952,0.1112648,0.1060134,0.3257973,0.222449,1.29735,0.1844713,0.0522562,0.09691252,10.9,0.09652279,0.8851024,0.01023203,0.4790019,0.1982445,0.70274,0.2554083,10,6,44,0.7113402,0.7113402,0.7113402,44,0,-0.002795077,,,,0.8179997,0.8179997,0,0,0,0,0.8179997,0,0,0,0,1.433877,0.0462541,1.198197,44277.16,72833024,complete,,10,0.2,4000,97,11,2,9,c90047274f1fc64b41972a2dd33a6c4c436ef82fb826d40c9c8e32087c10bac7,,,0.09985819,0.09014051,0.09732826,0.08889482,0.08043588,0.07866078
320501,heteroscedastic,sparse,50,400,primary,0.5,fixed,M2,0.07187329,1.25667,3.24484,0.1112648,0.1162609,0.3257973,0.222449,1.32415,0.2002438,0.06949071,0.1005562,10.9,0.1089243,0.8929369,0.01274925,0.4862444,0.2255438,0.7043393,0.2875962,10,6,108,0.3984962,0.5463918,0.4608696,44,129,0.007452379,,,,1599.231,158.5993,1440.632,23150,60000,82850,1599.231,0,50,0,0,0.1759191,0.005674809,1.38647,360893.2,544772096,valid_capped_prediction,1.473269e+12,10,0.2,4000,97,11,2,9,65837958b942fccd647ca31071ab1e57576953917561e35a7d6bbe5c94e07e52,,,0.106368,0.0917002,0.1033629,0.08597874,0.07238843,0.07814652
320501,heteroscedastic,sparse,50,400,primary,0.5,fixed,M3,0.06299604,1.244797,3.280387,0.1112648,0.1019062,0.3257973,0.222449,1.337833,0.1510587,0.05442485,0.08690137,10.9,0.09185373,0.8982661,0.008549036,0.4926937,0.1804665,0.7023253,0.2614553,10,6,42,0.7319588,0.7319588,0.7319588,44,2,-0.006902331,0,0,True,653.7521,604.166,0,32950,0,96000,637.2605,16.49161,71,12,1,0.2017468,0.006507961,1.38292,314691.5,395003392,complete,,10,0.2,4000,97,11,2,9,ce4f5ab8c7a2632940fd7d6c12d4f7bac69618b3065c0d333e8355c1af812c3c,,,0.09759888,0.08168824,0.09302334,0.08506971,0.06955593,0.07203823
320501,heteroscedastic,sparse,50,400,primary,0.5,fixed,M4,0.0659416,1.248495,3.275,0.1112648,0.1088085,0.3257973,0.222449,1.337442,0.1592967,0.05416021,0.0922074,10.9,0.09784612,0.897147,0.01060295,0.4918158,0.1942569,0.7032405,0.2662827,10,6,44,0.7113402,0.7113402,0.7113402,44,0,0,0,1,True,652.6059,604.166,0,32950,0,96000,637.2605,15.34532,71,12,1,0.201858,0.006511549,1.374093,314518.1,245880320,complete,,10,0.2,4000,97,11,2,9,027966520c9c3f5afcbc10d6a67b684fdeb11549dc616644ba5c4dc7b8d9e7a6,,,0.1031171,0.08672845,0.0971564,0.0912449,0.0755617,0.07893967
320501,heteroscedastic,sparse,50,400,primary,0.5,fixed,M5,0.06555854,1.247974,3.275515,0.1112648,0.1080026,0.3257973,0.222449,1.337725,0.1585857,0.05411402,0.09166426,10.9,0.09710823,0.8972616,0.01034444,0.4920041,0.1925943,0.7031298,0.2659923,10,6,,,,,44,,-0.0008058771,0,0,True,650.5226,604.166,0,32950,0,96000,637.2605,13.26205,71,12,1,6.714536,0.2165979,2.5903,9455.308,135843328,complete,,10,0.2,4000,97,11,2,9,74711331ba9854f92bd4f5846f0c1f388a08669e033308e9f35ae6cdac7577ff,,,0.1024843,0.08618922,0.09673366,0.09048385,0.0748731,0.0781839
320501,heteroscedastic,sparse,50,400,primary,0.5,fixed,fixed,0.0659416,1.248495,3.275,0.1112648,0.1088085,0.3257973,0.222449,1.337442,0.1592967,0.05416021,0.0922074,10.9,0.09784612,0.897147,0.01060295,0.4918158,0.1942569,0.7032405,0.2662827,10,6,44,0.7113402,0.7113402,0.7113402,44,0,0,,,,216.0148,216.0148,0,22800,0,68450,216.0148,0,50,1,0,0.201858,0.006511549,1.374093,314518.1,245880320,complete,,10,0.2,4000,97,11,2,9,027966520c9c3f5afcbc10d6a67b684fdeb11549dc616644ba5c4dc7b8d9e7a6,,,0.1031171,0.08672845,0.0971564,0.0912449,0.0755617,0.07893967
320501,heteroscedastic,sparse,50,400,primary,0.5,fixed,random,0.0659416,1.248495,3.275,0.1112648,0.1088085,0.3257973,0.222449,1.337442,0.1592967,0.05416021,0.0922074,10.9,0.09784612,0.897147,0.01060295,0.4918158,0.1942569,0.7032405,0.2662827,10,6,44,0.7113402,0.7113402,0.7113402,44,0,0,0,1,True,382.1929,364.9239,0,26050,0,77650,373.2279,8.964989,56,7,0,0.201858,0.006511549,1.374093,314518.1,245880320,complete,,10,0.2,4000,97,11,2,9,027966520c9c3f5afcbc10d6a67b684fdeb11549dc616644ba5c4dc7b8d9e7a6,,,0.1031171,0.08672845,0.0971564,0.0912449,0.0755617,0.07893967
320502,heteroscedastic,sparse,50,400,primary,0.2,adjusted,M0,0.04382655,,3.280074,0.0631519,0.09899821,0.3368738,0.04693878,1.354221,0.3041388,0.04360268,0.05478057,2.3,0.07116796,0.8985959,0.00772543,0.49885,0.3332178,0.7029313,0.1535453,10,4,97,0,0,0,18,96,0.03419118,,,,0.0004685055,0.0004685055,0,0,0,0,0.0004685055,0,0,0,0,0.03146789,0.001015093,0.8037626,2017548,81098240,complete,,10,0.2,4000,97,9,2,8,7bf85e5f18e44dad80baf07e26199a5427916d793dd1346b30e9cfde988d8c2c,,,0.09894578,0.05519892,0.07228592,0.1174407,0.06881928,0.1089825
320502,heteroscedastic,sparse,50,400,primary,0.2,adjusted,M1,0.06317936,1.244078,3.176579,0.0631519,0.06499474,0.3368738,0.04693878,1.303366,0.1206188,0.04604531,0.06622827,2.3,0.05035702,0.8881756,0.002731459,0.4830178,0.09587983,0.7002968,0.08248475,10,4,18,0.8854167,0.8762887,0.880829,18,0,0.0001877081,,,,0.729427,0.729427,0,0,0,0,0.729427,0,0,0,0,1.453931,0.046901,1.228241,43666.45,80591872,complete,,10,0.2,4000,97,9,2,8,e946d4808333297ae51f0d45af0372a8403a24f9aa663cacdfe444c874f03a32,,,0.06385991,0.06391245,0.05072946,0.07124888,0.06785614,0.06637848
320502,heteroscedastic,sparse,50,400,primary,0.2,adjusted,M2,0.06556614,1.263322,3.290787,0.0631519,0.07917538,0.3368738,0.04693878,1.335737,0.1665949,0.0568606,0.06970791,2.3,0.06497544,0.8992835,0.004595661,0.4927475,0.1657031,0.701673,0.1324329,10,4,120,0.3576642,0.5051546,0.4188034,18,127,0.01436835,,,,1629.082,171.3586,1457.724,22500,60000,83000,1629.082,0,50,0,0,0.1773143,0.005719815,1.451166,358053.5,543602688,valid_capped_prediction,1.586571e+12,10,0.2,4000,97,9,2,8,13754a2e8cbaacb9e2364c801767ee01f93bbbf343dac9b2be268479f379fefe,,,0.07539106,0.0646791,0.06599648,0.09224921,0.07439481,0.08964423
320502,heteroscedastic,sparse,50,400,primary,0.2,adjusted,M3,0.05737313,1.228577,3.283037,0.0631519,0.06480703,0.3368738,0.04693878,1.338324,0.07523817,0.04674626,0.05904375,2.3,0.04872687,0.8990473,0.002889906,0.4947315,0.07093802,0.7002523,0.07889261,10,4,18,0.8854167,0.8762887,0.880829,18,0,0,0,1,True,1434.483,1289.931,0,51750,0,154500,1388.383,46.09978,109,36,0,0.1877155,0.006055339,1.385003,338213.9,395481088,complete,,10,0.2,4000,97,9,2,8,b0904ffd38b3f5685c9b4fe1783ef56fd202bf39043207b634d8effcb951e2cf,,,0.06237803,0.05688662,0.05080767,0.07111507,0.06114269,0.06318482
320502,heteroscedastic,sparse,50,400,primary,0.2,adjusted,M4,0.05737313,1.228577,3.283037,0.0631519,0.06480703,0.3368738,0.04693878,1.338324,0.07523817,0.04674626,0.05904375,2.3,0.04872687,0.8990473,0.002889906,0.4947315,0.07093802,0.7002523,0.07889261,10,4,18,0.8854167,0.8762887,0.880829,18,0,0,0,1,True,1434.482,1289.931,0,51750,0,154500,1388.383,46.09972,109,36,0,0.1877155,0.006055339,1.385003,338213.9,395481088,complete,,10,0.2,4000,97,9,2,8,b0904ffd38b3f5685c9b4fe1783ef56fd202bf39043207b634d8effcb951e2cf,,,0.06237803,0.05688662,0.05080767,0.07111507,0.06114269,0.06318482
320502,heteroscedastic,sparse,50,400,primary,0.2,adjusted,M5,0.05734697,1.228445,3.282965,0.0631519,0.06473756,0.3368738,0.04693878,1.338264,0.07506573,0.04674887,0.05900422,2.3,0.04871319,0.8990444,0.002919456,0.4946967,0.07075642,0.700248,0.07886776,10,4,,,,,18,,-6.946921e-05,0,0,True,1403.508,1289.931,0,51750,0,154500,1388.383,15.1256,109,36,0,5.720592,0.1845352,2.674208,11098.15,210144768,complete,,10,0.2,4000,97,9,2,8,d355dd584c127b136b02d2078239d65b7c625bc6cb50cc9618ea25f25e960455,,,0.06231589,0.05683998,0.05082008,0.07103892,0.06108295,0.06320679
320502,heteroscedastic,sparse,50,400,primary,0.2,adjusted,fixed,0.05737313,1.228577,3.283037,0.0631519,0.06480703,0.3368738,0.04693878,1.338324,0.07523817,0.04674626,0.05904375,2.3,0.04872687,0.8990473,0.002889906,0.4947315,0.07093802,0.7002523,0.07889261,10,4,18,0.8854167,0.8762887,0.880829,18,0,0,,,,122.8647,122.8647,0,24300,0,71350,122.8647,0,50,1,0,0.1877155,0.006055339,1.385003,338213.9,395481088,complete,,10,0.2,4000,97,9,2,8,b0904ffd38b3f5685c9b4fe1783ef56fd202bf39043207b634d8effcb951e2cf,,,0.06237803,0.05688662,0.05080767,0.07111507,0.06114269,0.06318482
320502,heteroscedastic,sparse,50,400,primary,0.2,adjusted,random,0.05737313,1.228577,3.283037,0.0631519,0.06480703,0.3368738,0.04693878,1.338324,0.07523817,0.04674626,0.05904375,2.3,0.04872687,0.8990473,0.002889906,0.4947315,0.07093802,0.7002523,0.07889261,10,4,18,0.8854167,0.8762887,0.880829,18,0,0,0,1,True,1035.934,944.2973,0,40950,0,131000,990.7975,45.13643,86,36,0,0.1877155,0.006055339,1.385003,338213.9,395481088,complete,,10,0.2,4000,97,9,2,8,b0904ffd38b3f5685c9b4fe1783ef56fd202bf39043207b634d8effcb951e2cf,,,0.06237803,0.05688662,0.05080767,0.07111507,0.06114269,0.06318482
320502,heteroscedastic,sparse,50,400,primary,0.2,fixed,M0,0.04382655,,3.280074,0.0631519,0.09899821,0.3368738,0.04693878,1.354221,0.3041388,0.04360268,0.05478057,2.3,0.07116796,0.8985959,0.00772543,0.49885,0.3332178,0.7029313,0.1535453,10,4,97,0,0,0,18,96,0.03419118,,,,0.0004685055,0.0004685055,0,0,0,0,0.0004685055,0,0,0,0,0.03146789,0.001015093,0.8037626,2017548,81098240,complete,,10,0.2,4000,97,9,2,8,7bf85e5f18e44dad80baf07e26199a5427916d793dd1346b30e9cfde988d8c2c,,,0.09894578,0.05519892,0.07228592,0.1174407,0.06881928,0.1089825
320502,heteroscedastic,sparse,50,400,primary,0.2,fixed,M1,0.06317936,1.244078,3.176579,0.0631519,0.06499474,0.3368738,0.04693878,1.303366,0.1206188,0.04604531,0.06622827,2.3,0.05035702,0.8881756,0.002731459,0.4830178,0.09587983,0.7002968,0.08248475,10,4,18,0.8854167,0.8762887,0.880829,18,0,0.0001877081,,,,0.729427,0.729427,0,0,0,0,0.729427,0,0,0,0,1.453931,0.046901,1.228241,43666.45,80591872,complete,,10,0.2,4000,97,9,2,8,e946d4808333297ae51f0d45af0372a8403a24f9aa663cacdfe444c874f03a32,,,0.06385991,0.06391245,0.05072946,0.07124888,0.06785614,0.06637848
320502,heteroscedastic,sparse,50,400,primary,0.2,fixed,M2,0.06556614,1.263322,3.290787,0.0631519,0.07917538,0.3368738,0.04693878,1.335737,0.1665949,0.0568606,0.06970791,2.3,0.06497544,0.8992835,0.004595661,0.4927475,0.1657031,0.701673,0.1324329,10,4,120,0.3576642,0.5051546,0.4188034,18,127,0.01436835,,,,1629.082,171.3586,1457.724,22500,60000,83000,1629.082,0,50,0,0,0.1773143,0.005719815,1.451166,358053.5,543602688,valid_capped_prediction,1.586571e+12,10,0.2,4000,97,9,2,8,13754a2e8cbaacb9e2364c801767ee01f93bbbf343dac9b2be268479f379fefe,,,0.07539106,0.0646791,0.06599648,0.09224921,0.07439481,0.08964423
320502,heteroscedastic,sparse,50,400,primary,0.2,fixed,M3,0.05737313,1.228577,3.283037,0.0631519,0.06480703,0.3368738,0.04693878,1.338324,0.07523817,0.04674626,0.05904375,2.3,0.04872687,0.8990473,0.002889906,0.4947315,0.07093802,0.7002523,0.07889261,10,4,18,0.8854167,0.8762887,0.880829,18,0,0,0,1,True,389.3404,360.2279,0,30100,0,87900,379.3378,10.00261,61,7,0,0.1877155,0.006055339,1.385003,338213.9,395481088,complete,,10,0.2,4000,97,9,2,8,b0904ffd38b3f5685c9b4fe1783ef56fd202bf39043207b634d8effcb951e2cf,,,0.06237803,0.05688662,0.05080767,0.07111507,0.06114269,0.06318482
320502,heteroscedastic,sparse,50,400,primary,0.2,fixed,M4,0.05737313,1.228577,3.283037,0.0631519,0.06480703,0.3368738,0.04693878,1.338324,0.07523817,0.04674626,0.05904375,2.3,0.04872687,0.8990473,0.002889906,0.4947315,0.07093802,0.7002523,0.07889261,10,4,18,0.8854167,0.8762887,0.880829,18,0,0,0,1,True,389.3404,360.2279,0,30100,0,87900,379.3378,10.00258,61,7,0,0.1877155,0.006055339,1.385003,338213.9,395481088,complete,,10,0.2,4000,97,9,2,8,b0904ffd38b3f5685c9b4fe1783ef56fd202bf39043207b634d8effcb951e2cf,,,0.06237803,0.05688662,0.05080767,0.07111507,0.06114269,0.06318482
320502,heteroscedastic,sparse,50,400,primary,0.2,fixed,M5,0.05734697,1.228445,3.282965,0.0631519,0.06473756,0.3368738,0.04693878,1.338264,0.07506573,0.04674887,0.05900422,2.3,0.04871319,0.8990444,0.002919456,0.4946967,0.07075642,0.700248,0.07886776,10,4,,,,,18,,-6.946921e-05,0,0,True,391.7826,360.2279,0,30100,0,87900,379.3378,12.44482,61,7,0,5.819097,0.1877128,2.045888,10910.28,123118592,complete,,10,0.2,4000,97,9,2,8,d0d1600c174f6ce76fced862faed7402db02e88c2e62289a2d491421e88869ea,,,0.06231589,0.05683998,0.05082008,0.07103892,0.06108295,0.06320679
320502,heteroscedastic,sparse,50,400,primary,0.2,fixed,fixed,0.05737313,1.228577,3.283037,0.0631519,0.06480703,0.3368738,0.04693878,1.338324,0.07523817,0.04674626,0.05904375,2.3,0.04872687,0.8990473,0.002889906,0.4947315,0.07093802,0.7002523,0.07889261,10,4,18,0.8854167,0.8762887,0.880829,18,0,0,,,,122.8647,122.8647,0,24300,0,71350,122.8647,0,50,1,0,0.1877155,0.006055339,1.385003,338213.9,395481088,complete,,10,0.2,4000,97,9,2,8,b0904ffd38b3f5685c9b4fe1783ef56fd202bf39043207b634d8effcb951e2cf,,,0.06237803,0.05688662,0.05080767,0.07111507,0.06114269,0.06318482
320502,heteroscedastic,sparse,50,400,primary,0.2,fixed,random,0.05737313,1.228577,3.283037,0.0631519,0.06480703,0.3368738,0.04693878,1.338324,0.07523817,0.04674626,0.05904375,2.3,0.04872687,0.8990473,0.002889906,0.4947315,0.07093802,0.7002523,0.07889261,10,4,18,0.8854167,0.8762887,0.880829,18,0,0,0,1,True,266.0323,248.649,0,27050,0,81400,256.0461,9.986149,56,7,0,0.1877155,0.006055339,1.385003,338213.9,395481088,complete,,10,0.2,4000,97,9,2,8,b0904ffd38b3f5685c9b4fe1783ef56fd202bf39043207b634d8effcb951e2cf,,,0.06237803,0.05688662,0.05080767,0.07111507,0.06114269,0.06318482
320502,heteroscedastic,sparse,50,400,primary,0.5,adjusted,M0,0.04382655,,3.280074,0.0631519,0.09899821,0.3368738,0.04693878,1.354221,0.3041388,0.04360268,0.05478057,2.3,0.07116796,0.8985959,0.00772543,0.49885,0.3332178,0.7029313,0.1535453,10,4,97,0,0,0,41,97,0.01325289,,,,0.0004685055,0.0004685055,0,0,0,0,0.0004685055,0,0,0,0,0.03146789,0.001015093,0.8037626,2017548,81098240,complete,,10,0.2,4000,97,9,2,8,7bf85e5f18e44dad80baf07e26199a5427916d793dd1346b30e9cfde988d8c2c,,,0.09894578,0.05519892,0.07228592,0.1174407,0.06881928,0.1089825
320502,heteroscedastic,sparse,50,400,primary,0.5,adjusted,M1,0.0651369,1.262988,3.179212,0.0631519,0.08120405,0.3368738,0.04693878,1.305217,0.2031052,0.05103008,0.07257226,2.3,0.06823569,0.8877999,0.005911664,0.4825913,0.2200792,0.701698,0.1242052,10,4,41,0.7216495,0.7216495,0.7216495,41,0,-0.004541264,,,,0.8342214,0.8342214,0,0,0,0,0.8342214,0,0,0,0,1.597143,0.05152073,1.194444,39750.99,72833024,complete,,10,0.2,4000,97,9,2,8,1cbb71f7df8086f61077c55e38c3193546e626822da9a8a6c9166b5770b7ae51,,,0.08077846,0.07079096,0.06982899,0.08579091,0.07543689,0.07835398
320502,heteroscedastic,sparse,50,400,primary,0.5,adjusted,M2,0.06556614,1.263322,3.290787,0.0631519,0.07917538,0.3368738,0.04693878,1.335737,0.1665949,0.0568606,0.06970791,2.3,0.06497544,0.8992835,0.004595661,0.4927475,0.1657031,0.701673,0.1324329,10,4,120,0.3576642,0.5051546,0.4188034,41,132,-0.006569937,,,,1629.082,171.3586,1457.724,22500,60000,83000,1629.082,0,50,0,0,0.1773143,0.005719815,1.451166,358053.5,543602688,valid_capped_prediction,1.586571e+12,10,0.2,4000,97,9,2,8,13754a2e8cbaacb9e2364c801767ee01f93bbbf343dac9b2be268479f379fefe,,,0.07539106,0.0646791,0.06599648,0.09224921,0.07439481,0.08964423
320502,heteroscedastic,sparse,50,400,primary,0.5,adjusted,M3,0.06275549,1.250575,3.276649,0.0631519,0.08574532,0.3368738,0.04693878,1.332195,0.1855486,0.05305607,0.06997476,2.3,0.0694067,0.897721,0.007005133,0.4918427,0.2163046,0.7020699,0.131608,10,4,41,0.7216495,0.7216495,0.7216495,41,0,0,0,1,True,1589.648,1440.236,0,51450,0,148700,1542.525,47.12314,110,36,0,0.188691,0.006086806,1.421563,336465.5,246134784,complete,,10,0.2,4000,97,9,2,8,aa7bf14b7d1136fb34a38d316cf22ce4f2cca1358fed23755e2f70dfd6fab18c,,,0.08455459,0.06909867,0.0697067,0.08982547,0.07368457,0.07616595
320502,heteroscedastic,sparse,50,400,primary,0.5,adjusted,M4,0.06275549,1.250575,3.276649,0.0631519,0.08574532,0.3368738,0.04693878,1.332195,0.1855486,0.05305607,0.06997476,2.3,0.0694067,0.897721,0.007005133,0.4918427,0.2163046,0.7020699,0.131608,10,4,41,0.7216495,0.7216495,0.7216495,41,0,0,0,1,True,1589.648,1440.236,0,51450,0,148700,1542.525,47.12297,110,36,0,0.188691,0.006086806,1.421563,336465.5,246134784,complete,,10,0.2,4000,97,9,2,8,aa7bf14b7d1136fb34a38d316cf22ce4f2cca1358fed23755e2f70dfd6fab18c,,,0.08455459,0.06909867,0.0697067,0.08982547,0.07368457,0.07616595
320502,heteroscedastic,sparse,50,400,primary,0.5,adjusted,M5,0.06270954,1.250421,3.2768,0.0631519,0.08553073,0.3368738,0.04693878,1.332176,0.1845075,0.05291537,0.06989396,2.3,0.06907322,0.8977499,0.006974166,0.4918467,0.2144632,0.7020475,0.1316062,10,4,,,,,41,,-0.0002145894,0,0,True,1555.725,1440.236,0,51450,0,148700,1542.525,13.19993,110,36,0,5.457578,0.1760509,2.415237,11633,198151680,complete,,10,0.2,4000,97,9,2,8,24bc514218e714a677f82078d8884d965a0c0c3e6a6fb7dfd0a87175fb373586,,,0.08441908,0.06905958,0.06944159,0.08978579,0.07365318,0.07613866
320502,heteroscedastic,sparse,50,400,primary,0.5,adjusted,fixed,0.06275549,1.250575,3.276649,0.0631519,0.08574532,0.3368738,0.04693878,1.332195,0.1855486,0.05305607,0.06997476,2.3,0.0694067,0.897721,0.007005133,0.4918427,0.2163046,0.7020699,0.131608,10,4,41,0.7216495,0.7216495,0.7216495,41,0,0,,,,241.0669,241.0669,0,23100,0,68000,241.0669,0,50,1,0,0.188691,0.006086806,1.421563,336465.5,246134784,complete,,10,0.2,4000,97,9,2,8,aa7bf14b7d1136fb34a38d316cf22ce4f2cca1358fed23755e2f70dfd6fab18c,,,0.08455459,0.06909867,0.0697067,0.08982547,0.07368457,0.07616595
320502,heteroscedastic,sparse,50,400,primary,0.5,adjusted,random,0.06275549,1.250575,3.276649,0.0631519,0.08574532,0.3368738,0.04693878,1.332195,0.1855486,0.05305607,0.06997476,2.3,0.0694067,0.897721,0.007005133,0.4918427,0.2163046,0.7020699,0.131608,10,4,41,0.7216495,0.7216495,0.7216495,41,0,0,0,1,True,1168.033,1072.321,0,39750,0,122600,1117.519,50.51444,86,36,0,0.188691,0.006086806,1.421563,336465.5,246134784,complete,,10,0.2,4000,97,9,2,8,aa7bf14b7d1136fb34a38d316cf22ce4f2cca1358fed23755e2f70dfd6fab18c,,,0.08455459,0.06909867,0.0697067,0.08982547,0.07368457,0.07616595
320502,heteroscedastic,sparse,50,400,primary,0.5,fixed,M0,0.04382655,,3.280074,0.0631519,0.09899821,0.3368738,0.04693878,1.354221,0.3041388,0.04360268,0.05478057,2.3,0.07116796,0.8985959,0.00772543,0.49885,0.3332178,0.7029313,0.1535453,10,4,97,0,0,0,41,97,0.01325289,,,,0.0004685055,0.0004685055,0,0,0,0,0.0004685055,0,0,0,0,0.03146789,0.001015093,0.8037626,2017548,81098240,complete,,10,0.2,4000,97,9,2,8,7bf85e5f18e44dad80baf07e26199a5427916d793dd1346b30e9cfde988d8c2c,,,0.09894578,0.05519892,0.07228592,0.1174407,0.06881928,0.1089825
320502,heteroscedastic,sparse,50,400,primary,0.5,fixed,M1,0.0651369,1.262988,3.179212,0.0631519,0.08120405,0.3368738,0.04693878,1.305217,0.2031052,0.05103008,0.07257226,2.3,0.06823569,0.8877999,0.005911664,0.4825913,0.2200792,0.701698,0.1242052,10,4,41,0.7216495,0.7216495,0.7216495,41,0,-0.004541264,,,,0.8342214,0.8342214,0,0,0,0,0.8342214,0,0,0,0,1.597143,0.05152073,1.194444,39750.99,72833024,complete,,10,0.2,4000,97,9,2,8,1cbb71f7df8086f61077c55e38c3193546e626822da9a8a6c9166b5770b7ae51,,,0.08077846,0.07079096,0.06982899,0.08579091,0.07543689,0.07835398
320502,heteroscedastic,sparse,50,400,primary,0.5,fixed,M2,0.06556614,1.263322,3.290787,0.0631519,0.07917538,0.3368738,0.04693878,1.335737,0.1665949,0.0568606,0.06970791,2.3,0.06497544,0.8992835,0.004595661,0.4927475,0.1657031,0.701673,0.1324329,10,4,120,0.3576642,0.5051546,0.4188034,41,132,-0.006569937,,,,1629.082,171.3586,1457.724,22500,60000,83000,1629.082,0,50,0,0,0.1773143,0.005719815,1.451166,358053.5,543602688,valid_capped_prediction,1.586571e+12,10,0.2,4000,97,9,2,8,13754a2e8cbaacb9e2364c801767ee01f93bbbf343dac9b2be268479f379fefe,,,0.07539106,0.0646791,0.06599648,0.09224921,0.07439481,0.08964423
320502,heteroscedastic,sparse,50,400,primary,0.5,fixed,M3,0.06275549,1.250575,3.276649,0.0631519,0.08574532,0.3368738,0.04693878,1.332195,0.1855486,0.05305607,0.06997476,2.3,0.0694067,0.897721,0.007005133,0.4918427,0.2163046,0.7020699,0.131608,10,4,41,0.7216495,0.7216495,0.7216495,41,0,0,0,1,True,475.8842,446.3518,0,28100,0,79350,466.2485,9.635698,60,7,0,0.188691,0.006086806,1.421563,336465.5,246134784,complete,,10,0.2,4000,97,9,2,8,aa7bf14b7d1136fb34a38d316cf22ce4f2cca1358fed23755e2f70dfd6fab18c,,,0.08455459,0.06909867,0.0697067,0.08982547,0.07368457,0.07616595
320502,heteroscedastic,sparse,50,400,primary,0.5,fixed,M4,0.06275549,1.250575,3.276649,0.0631519,0.08574532,0.3368738,0.04693878,1.332195,0.1855486,0.05305607,0.06997476,2.3,0.0694067,0.897721,0.007005133,0.4918427,0.2163046,0.7020699,0.131608,10,4,41,0.7216495,0.7216495,0.7216495,41,0,0,0,1,True,475.8841,446.3518,0,28100,0,79350,466.2485,9.635667,60,7,0,0.188691,0.006086806,1.421563,336465.5,246134784,complete,,10,0.2,4000,97,9,2,8,aa7bf14b7d1136fb34a38d316cf22ce4f2cca1358fed23755e2f70dfd6fab18c,,,0.08455459,0.06909867,0.0697067,0.08982547,0.07368457,0.07616595
320502,heteroscedastic,sparse,50,400,primary,0.5,fixed,M5,0.06273084,1.250538,3.276821,0.0631519,0.08567301,0.3368738,0.04693878,1.332272,0.1847509,0.05307191,0.06991013,2.3,0.06931135,0.8977489,0.007008798,0.4918826,0.2154765,0.7020605,0.1316057,10,4,,,,,41,,-7.231235e-05,0,0,True,479.3758,446.3518,0,28100,0,79350,466.2485,13.1273,60,7,0,5.734583,0.1849866,1.886507,11071.07,114697216,complete,,10,0.2,4000,97,9,2,8,be9d97d23f0914355dd560b75764a092fc1de2414cae82086e50b1fa92148706,,,0.08440507,0.06904463,0.06955943,0.08978656,0.07365702,0.07618565
320502,heteroscedastic,sparse,50,400,primary,0.5,fixed,fixed,0.06275549,1.250575,3.276649,0.0631519,0.08574532,0.3368738,0.04693878,1.332195,0.1855486,0.05305607,0.06997476,2.3,0.0694067,0.897721,0.007005133,0.4918427,0.2163046,0.7020699,0.131608,10,4,41,0.7216495,0.7216495,0.7216495,41,0,0,,,,241.0669,241.0669,0,23100,0,68000,241.0669,0,50,1,0,0.188691,0.006086806,1.421563,336465.5,246134784,complete,,10,0.2,4000,97,9,2,8,aa7bf14b7d1136fb34a38d316cf22ce4f2cca1358fed23755e2f70dfd6fab18c,,,0.08455459,0.06909867,0.0697067,0.08982547,0.07368457,0.07616595
320502,heteroscedastic,sparse,50,400,primary,0.5,fixed,random,0.06275549,1.250575,3.276649,0.0631519,0.08574532,0.3368738,0.04693878,1.332195,0.1855486,0.05305607,0.06997476,2.3,0.0694067,0.897721,0.007005133,0.4918427,0.2163046,0.7020699,0.131608,10,4,41,0.7216495,0.7216495,0.7216495,41,0,0,0,1,True,429.2032,408.8004,0,27000,0,79150,416.8918,12.3114,58,7,0,0.188691,0.006086806,1.421563,336465.5,246134784,complete,,10,0.2,4000,97,9,2,8,aa7bf14b7d1136fb34a38d316cf22ce4f2cca1358fed23755e2f70dfd6fab18c,,,0.08455459,0.06909867,0.0697067,0.08982547,0.07368457,0.07616595
320503,heteroscedastic,sparse,50,400,primary,0.2,adjusted,M0,0.04225366,,3.286867,0.08285746,0.1083978,0.3583757,0.1306122,1.348456,0.3417835,0.04333513,0.06524635,6.4,0.08792674,0.8980708,0.01039446,0.4967076,0.353214,0.7048809,0.178454,10,7,97,0,0,0,18,96,0.0467991,,,,0.0002837069,0.0002837069,0,0,0,0,0.0002837069,0,0,0,0,0.03040447,0.0009807893,0.8274306,2088114,77268992,complete,,10,0.2,4000,97,11,2,7,0a12be64d5801fd2a5d2d27e4d8d0b9acdb77d8bdd64649add14e94f0e848fbc,,,0.1117876,0.06489771,0.09221212,0.1484434,0.109997,0.1480139
320503,heteroscedastic,sparse,50,400,primary,0.2,adjusted,M1,0.06037127,1.25082,3.155119,0.08285746,0.06510773,0.3583757,0.1306122,1.295631,0.1256625,0.04342446,0.06831089,6.4,0.04859765,0.885212,0.002248028,0.4811404,0.08673921,0.7009986,0.09040946,10,7,18,0.8854167,0.8762887,0.880829,18,0,0.003509041,,,,0.7478365,0.7478365,0,0,0,0,0.7478365,0,0,0,0,1.400841,0.04518843,1.146718,45321.34,76753408,complete,,10,0.2,4000,97,11,2,7,8c515b972419ff27dd8c1d4b22d5893340d308fb68971951db460124f87fba4d,,,0.06598257,0.06775097,0.05216993,0.08675907,0.08493007,0.08533048
320503,heteroscedastic,sparse,50,400,primary,0.2,adjusted,M2,0.06204565,1.323731,3.288668,0.08285746,0.1004654,0.3583757,0.1306122,1.345272,0.2989355,0.04892761,0.08045877,6.4,0.08101733,0.8976821,0.009175682,0.4950693,0.2912755,0.704196,0.1812163,10,7,166,0.2214286,0.3195876,0.2616034,18,169,0.03886672,,,,1604.622,140.2471,1464.375,20450,60000,76000,1604.622,0,50,0,0,0.1618396,0.005220633,1.369627,392289.6,1146126336,valid_capped_prediction,2.583137e+12,10,0.2,4000,97,11,2,7,e1e00fff22036d2275821fc504d8895d36b5165a78040abddd4aa99823614c9f,,,0.09649473,0.07595764,0.08184772,0.1356521,0.1141522,0.1343872
320503,heteroscedastic,sparse,50,400,primary,0.2,adjusted,M3,0.0549401,1.239114,3.285559,0.08285746,0.06159869,0.3583757,0.1306122,1.339391,0.07661167,0.04384583,0.05900609,6.4,0.04680238,0.899134,0.002054119,0.495745,0.06220484,0.7007147,0.07673903,10,7,18,0.8854167,0.8762887,0.880829,18,0,0,0,1,True,1594.21,1440.452,0,50500,0,148700,1548.511,45.69846,111,36,0,0.2061538,0.006650123,1.399119,307964.2,394746368,complete,,10,0.2,4000,97,11,2,7,6e775ea9c6eae5151a37e6e331321b304016aa9d1efa9bd795edb303f5e57d48,,,0.06148966,0.05867784,0.04865337,0.07799571,0.07006477,0.07515751
320503,heteroscedastic,sparse,50,400,primary,0.2,adjusted,M4,0.0549401,1.239114,3.285559,0.08285746,0.06159869,0.3583757,0.1306122,1.339391,0.07661167,0.04384583,0.05900609,6.4,0.04680238,0.899134,0.002054119,0.495745,0.06220484,0.7007147,0.07673903,10,7,18,0.8854167,0.8762887,0.880829,18,0,0,0,1,True,1594.21,1440.452,0,50500,0,148700,1548.511,45.69841,111,36,0,0.2061538,0.006650123,1.399119,307964.2,394746368,complete,,10,0.2,4000,97,11,2,7,6e775ea9c6eae5151a37e6e331321b304016aa9d1efa9bd795edb303f5e57d48,,,0.06148966,0.05867784,0.04865337,0.07799571,0.07006477,0.07515751
320503,heteroscedastic,sparse,50,400,primary,0.2,adjusted,M5,0.05493193,1.239072,3.285673,0.08285746,0.06157648,0.3583757,0.1306122,1.339439,0.07656967,0.04384136,0.05899191,6.4,0.04677283,0.899149,0.002071626,0.4957579,0.06217227,0.7007134,0.0766806,10,7,,,,,18,,-2.221093e-05,0,0,True,1562.834,1440.452,0,50500,0,148700,1548.511,14.32306,111,36,0,6.165076,0.1988734,2.490222,10298.01,214340608,complete,,10,0.2,4000,97,11,2,7,569053900b6dc31961ca1d4dabf9ba56ac6c16a7726b368f72c8f1076f87445a,,,0.06147104,0.05865711,0.04860998,0.07798548,0.07004529,0.07512459
320503,heteroscedastic,sparse,50,400,primary,0.2,adjusted,fixed,0.0549401,1.239114,3.285559,0.08285746,0.06159869,0.3583757,0.1306122,1.339391,0.07661167,0.04384583,0.05900609,6.4,0.04680238,0.899134,0.002054119,0.495745,0.06220484,0.7007147,0.07673903,10,7,18,0.8854167,0.8762887,0.880829,18,0,0,,,,120.8595,120.8595,0,22750,0,66650,120.8595,0,50,1,0,0.2061538,0.006650123,1.399119,307964.2,394746368,complete,,10,0.2,4000,97,11,2,7,6e775ea9c6eae5151a37e6e331321b304016aa9d1efa9bd795edb303f5e57d48,,,0.06148966,0.05867784,0.04865337,0.07799571,0.07006477,0.07515751
320503,heteroscedastic,sparse,50,400,primary,0.2,adjusted,random,0.0549401,1.239114,3.285559,0.08285746,0.06159869,0.3583757,0.1306122,1.339391,0.07661167,0.04384583,0.05900609,6.4,0.04680238,0.899134,0.002054119,0.495745,0.06220484,0.7007147,0.07673903,10,7,18,0.8854167,0.8762887,0.880829,18,0,0,0,1,True,1056.091,958.5701,0,39150,0,125350,1006.98,49.11078,87,36,0,0.2061538,0.006650123,1.399119,307964.2,394746368,complete,,10,0.2,4000,97,11,2,7,6e775ea9c6eae5151a37e6e331321b304016aa9d1efa9bd795edb303f5e57d48,,,0.06148966,0.05867784,0.04865337,0.07799571,0.07006477,0.07515751
320503,heteroscedastic,sparse,50,400,primary,0.2,fixed,M0,0.04225366,,3.286867,0.08285746,0.1083978,0.3583757,0.1306122,1.348456,0.3417835,0.04333513,0.06524635,6.4,0.08792674,0.8980708,0.01039446,0.4967076,0.353214,0.7048809,0.178454,10,7,97,0,0,0,18,96,0.0467991,,,,0.0002837069,0.0002837069,0,0,0,0,0.0002837069,0,0,0,0,0.03040447,0.0009807893,0.8274306,2088114,77268992,complete,,10,0.2,4000,97,11,2,7,0a12be64d5801fd2a5d2d27e4d8d0b9acdb77d8bdd64649add14e94f0e848fbc,,,0.1117876,0.06489771,0.09221212,0.1484434,0.109997,0.1480139
320503,heteroscedastic,sparse,50,400,primary,0.2,fixed,M1,0.06037127,1.25082,3.155119,0.08285746,0.06510773,0.3583757,0.1306122,1.295631,0.1256625,0.04342446,0.06831089,6.4,0.04859765,0.885212,0.002248028,0.4811404,0.08673921,0.7009986,0.09040946,10,7,18,0.8854167,0.8762887,0.880829,18,0,0.003509041,,,,0.7478365,0.7478365,0,0,0,0,0.7478365,0,0,0,0,1.400841,0.04518843,1.146718,45321.34,76753408,complete,,10,0.2,4000,97,11,2,7,8c515b972419ff27dd8c1d4b22d5893340d308fb68971951db460124f87fba4d,,,0.06598257,0.06775097,0.05216993,0.08675907,0.08493007,0.08533048
320503,heteroscedastic,sparse,50,400,primary,0.2,fixed,M2,0.06204565,1.323731,3.288668,0.08285746,0.1004654,0.3583757,0.1306122,1.345272,0.2989355,0.04892761,0.08045877,6.4,0.08101733,0.8976821,0.009175682,0.4950693,0.2912755,0.704196,0.1812163,10,7,166,0.2214286,0.3195876,0.2616034,18,169,0.03886672,,,,1604.622,140.2471,1464.375,20450,60000,76000,1604.622,0,50,0,0,0.1618396,0.005220633,1.369627,392289.6,1146126336,valid_capped_prediction,2.583137e+12,10,0.2,4000,97,11,2,7,e1e00fff22036d2275821fc504d8895d36b5165a78040abddd4aa99823614c9f,,,0.09649473,0.07595764,0.08184772,0.1356521,0.1141522,0.1343872
320503,heteroscedastic,sparse,50,400,primary,0.2,fixed,M3,0.0549401,1.239114,3.285559,0.08285746,0.06159869,0.3583757,0.1306122,1.339391,0.07661167,0.04384583,0.05900609,6.4,0.04680238,0.899134,0.002054119,0.495745,0.06220484,0.7007147,0.07673903,10,7,18,0.8854167,0.8762887,0.880829,18,0,0,0,1,True,367.1049,339.5296,0,27450,0,80850,356.8311,10.27383,61,7,0,0.2061538,0.006650123,1.399119,307964.2,394746368,complete,,10,0.2,4000,97,11,2,7,6e775ea9c6eae5151a37e6e331321b304016aa9d1efa9bd795edb303f5e57d48,,,0.06148966,0.05867784,0.04865337,0.07799571,0.07006477,0.07515751
320503,heteroscedastic,sparse,50,400,primary,0.2,fixed,M4,0.0549401,1.239114,3.285559,0.08285746,0.06159869,0.3583757,0.1306122,1.339391,0.07661167,0.04384583,0.05900609,6.4,0.04680238,0.899134,0.002054119,0.495745,0.06220484,0.7007147,0.07673903,10,7,18,0.8854167,0.8762887,0.880829,18,0,0,0,1,True,367.1049,339.5296,0,27450,0,80850,356.8311,10.2738,61,7,0,0.2061538,0.006650123,1.399119,307964.2,394746368,complete,,10,0.2,4000,97,11,2,7,6e775ea9c6eae5151a37e6e331321b304016aa9d1efa9bd795edb303f5e57d48,,,0.06148966,0.05867784,0.04865337,0.07799571,0.07006477,0.07515751
320503,heteroscedastic,sparse,50,400,primary,0.2,fixed,M5,0.05493808,1.239102,3.285554,0.08285746,0.06159778,0.3583757,0.1306122,1.339407,0.07661993,0.04384337,0.0590027,6.4,0.04679871,0.899131,0.002049582,0.495749,0.06221414,0.7007143,0.07673939,10,7,,,,,18,,-9.11206e-07,0,0,True,372.5476,339.5296,0,27450,0,80850,356.8311,15.71652,61,7,0,6.318525,0.2038234,2.443187,10047.92,124881920,complete,,10,0.2,4000,97,11,2,7,110afb75c4c236a6e2d50f1a9a7da69119208b6dd987b6d892afabd29aeab9db,,,0.06147838,0.0586647,0.04864872,0.0779957,0.0700631,0.07515477
320503,heteroscedastic,sparse,50,400,primary,0.2,fixed,fixed,0.0549401,1.239114,3.285559,0.08285746,0.06159869,0.3583757,0.1306122,1.339391,0.07661167,0.04384583,0.05900609,6.4,0.04680238,0.899134,0.002054119,0.495745,0.06220484,0.7007147,0.07673903,10,7,18,0.8854167,0.8762887,0.880829,18,0,0,,,,120.8595,120.8595,0,22750,0,66650,120.8595,0,50,1,0,0.2061538,0.006650123,1.399119,307964.2,394746368,complete,,10,0.2,4000,97,11,2,7,6e775ea9c6eae5151a37e6e331321b304016aa9d1efa9bd795edb303f5e57d48,,,0.06148966,0.05867784,0.04865337,0.07799571,0.07006477,0.07515751
320503,heteroscedastic,sparse,50,400,primary,0.2,fixed,random,0.0549401,1.239114,3.285559,0.08285746,0.06159869,0.3583757,0.1306122,1.339391,0.07661167,0.04384583,0.05900609,6.4,0.04680238,0.899134,0.002054119,0.495745,0.06220484,0.7007147,0.07673903,10,7,18,0.8854167,0.8762887,0.880829,18,0,0,0,1,True,308.1399,288.1582,0,25850,0,78450,298.6172,9.522669,56,7,0,0.2061538,0.006650123,1.399119,307964.2,394746368,complete,,10,0.2,4000,97,11,2,7,6e775ea9c6eae5151a37e6e331321b304016aa9d1efa9bd795edb303f5e57d48,,,0.06148966,0.05867784,0.04865337,0.07799571,0.07006477,0.07515751
320503,heteroscedastic,sparse,50,400,primary,0.5,adjusted,M0,0.04225366,,3.286867,0.08285746,0.1083978,0.3583757,0.1306122,1.348456,0.3417835,0.04333513,0.06524635,6.4,0.08792674,0.8980708,0.01039446,0.4967076,0.353214,0.7048809,0.178454,10,7,97,0,0,0,38,97,0.03236429,,,,0.0002837069,0.0002837069,0,0,0,0,0.0002837069,0,0,0,0,0.03040447,0.0009807893,0.8274306,2088114,77268992,complete,,10,0.2,4000,97,11,2,7,0a12be64d5801fd2a5d2d27e4d8d0b9acdb77d8bdd64649add14e94f0e848fbc,,,0.1117876,0.06489771,0.09221212,0.1484434,0.109997,0.1480139
320503,heteroscedastic,sparse,50,400,primary,0.5,adjusted,M1,0.0629859,1.260608,3.158326,0.08285746,0.07582119,0.3583757,0.1306122,1.294894,0.1843382,0.04967383,0.07436328,6.4,0.06336871,0.884946,0.003844643,0.4804418,0.1549022,0.7019352,0.1154284,10,7,38,0.7525773,0.7525773,0.7525773,38,0,-0.0002122987,,,,0.8549196,0.8549196,0,0,0,0,0.8549196,0,0,0,0,1.398086,0.04509956,1.16062,45410.65,72834048,complete,,10,0.2,4000,97,11,2,7,f1711b26979e752f60b1ceced3d2d59fb5e15efbb19e0ded7f7a4de068bd37b5,,,0.07475554,0.07234486,0.06474167,0.1045786,0.100398,0.1081161
320503,heteroscedastic,sparse,50,400,primary,0.5,adjusted,M2,0.06204565,1.323731,3.288668,0.08285746,0.1004654,0.3583757,0.1306122,1.345272,0.2989355,0.04892761,0.08045877,6.4,0.08101733,0.8976821,0.009175682,0.4950693,0.2912755,0.704196,0.1812163,10,7,166,0.2214286,0.3195876,0.2616034,38,172,0.02443191,,,,1604.622,140.2471,1464.375,20450,60000,76000,1604.622,0,50,0,0,0.1618396,0.005220633,1.369627,392289.6,1146126336,valid_capped_prediction,2.583137e+12,10,0.2,4000,97,11,2,7,e1e00fff22036d2275821fc504d8895d36b5165a78040abddd4aa99823614c9f,,,0.09649473,0.07595764,0.08184772,0.1356521,0.1141522,0.1343872
320503,heteroscedastic,sparse,50,400,primary,0.5,adjusted,M3,0.05802974,1.250371,3.274133,0.08285746,0.07603349,0.3583757,0.1306122,1.334485,0.1550825,0.05162165,0.06824923,6.4,0.06356001,0.8973553,0.003933539,0.4935228,0.1473361,0.7018589,0.1052274,10,7,38,0.7525773,0.7525773,0.7525773,38,0,0,0,1,True,1684.458,1530.378,0,49650,0,142500,1635.472,48.98607,113,36,0,0.2001184,0.006455432,1.374101,317252.2,394578944,complete,,10,0.2,4000,97,11,2,7,49e74abf268dc0b0cea8d0e6a3536b65e44f08cae17b79cbd0542e5c3b8993d3,,,0.07300072,0.06586518,0.06246577,0.1038258,0.09509428,0.1071721
320503,heteroscedastic,sparse,50,400,primary,0.5,adjusted,M4,0.05802974,1.250371,3.274133,0.08285746,0.07603349,0.3583757,0.1306122,1.334485,0.1550825,0.05162165,0.06824923,6.4,0.06356001,0.8973553,0.003933539,0.4935228,0.1473361,0.7018589,0.1052274,10,7,38,0.7525773,0.7525773,0.7525773,38,0,0,0,1,True,1684.458,1530.378,0,49650,0,142500,1635.472,48.98604,113,36,0,0.2001184,0.006455432,1.374101,317252.2,394578944,complete,,10,0.2,4000,97,11,2,7,49e74abf268dc0b0cea8d0e6a3536b65e44f08cae17b79cbd0542e5c3b8993d3,,,0.07300072,0.06586518,0.06246577,0.1038258,0.09509428,0.1071721
320503,heteroscedastic,sparse,50,400,primary,0.5,adjusted,M5,0.05801114,1.250359,3.274106,0.08285746,0.07601886,0.3583757,0.1306122,1.334484,0.1550747,0.05161734,0.06822697,6.4,0.06355224,0.8973553,0.003928716,0.4935288,0.1473291,0.7018574,0.1052163,10,7,,,,,38,,-1.463108e-05,0,0,True,1650.252,1530.378,0,49650,0,142500,1635.472,14.78013,113,36,0,6.258188,0.201877,2.446213,10144.79,210091520,complete,,10,0.2,4000,97,11,2,7,70a3e20e2cab6ea99efc79b50c15085e966219f4207f185a39fc70f5af0fa28d,,,0.07297285,0.06583467,0.06246723,0.1038112,0.09508476,0.1072067
320503,heteroscedastic,sparse,50,400,primary,0.5,adjusted,fixed,0.05802974,1.250371,3.274133,0.08285746,0.07603349,0.3583757,0.1306122,1.334485,0.1550825,0.05162165,0.06824923,6.4,0.06356001,0.8973553,0.003933539,0.4935228,0.1473361,0.7018589,0.1052274,10,7,38,0.7525773,0.7525773,0.7525773,38,0,0,,,,264.4094,264.4094,0,22400,0,65500,264.4094,0,50,1,0,0.2001184,0.006455432,1.374101,317252.2,394578944,complete,,10,0.2,4000,97,11,2,7,49e74abf268dc0b0cea8d0e6a3536b65e44f08cae17b79cbd0542e5c3b8993d3,,,0.07300072,0.06586518,0.06246577,0.1038258,0.09509428,0.1071721
320503,heteroscedastic,sparse,50,400,primary,0.5,adjusted,random,0.05802974,1.250371,3.274133,0.08285746,0.07603349,0.3583757,0.1306122,1.334485,0.1550825,0.05162165,0.06824923,6.4,0.06356001,0.8973553,0.003933539,0.4935228,0.1473361,0.7018589,0.1052274,10,7,38,0.7525773,0.7525773,0.7525773,38,0,0,0,1,True,1171.215,1068.449,0,38350,0,124000,1115.724,55.49081,85,36,0,0.2001184,0.006455432,1.374101,317252.2,394578944,complete,,10,0.2,4000,97,11,2,7,49e74abf268dc0b0cea8d0e6a3536b65e44f08cae17b79cbd0542e5c3b8993d3,,,0.07300072,0.06586518,0.06246577,0.1038258,0.09509428,0.1071721
320503,heteroscedastic,sparse,50,400,primary,0.5,fixed,M0,0.04225366,,3.286867,0.08285746,0.1083978,0.3583757,0.1306122,1.348456,0.3417835,0.04333513,0.06524635,6.4,0.08792674,0.8980708,0.01039446,0.4967076,0.353214,0.7048809,0.178454,10,7,97,0,0,0,38,97,0.03236429,,,,0.0002837069,0.0002837069,0,0,0,0,0.0002837069,0,0,0,0,0.03040447,0.0009807893,0.8274306,2088114,77268992,complete,,10,0.2,4000,97,11,2,7,0a12be64d5801fd2a5d2d27e4d8d0b9acdb77d8bdd64649add14e94f0e848fbc,,,0.1117876,0.06489771,0.09221212,0.1484434,0.109997,0.1480139
320503,heteroscedastic,sparse,50,400,primary,0.5,fixed,M1,0.0629859,1.260608,3.158326,0.08285746,0.07582119,0.3583757,0.1306122,1.294894,0.1843382,0.04967383,0.07436328,6.4,0.06336871,0.884946,0.003844643,0.4804418,0.1549022,0.7019352,0.1154284,10,7,38,0.7525773,0.7525773,0.7525773,38,0,-0.0002122987,,,,0.8549196,0.8549196,0,0,0,0,0.8549196,0,0,0,0,1.398086,0.04509956,1.16062,45410.65,72834048,complete,,10,0.2,4000,97,11,2,7,f1711b26979e752f60b1ceced3d2d59fb5e15efbb19e0ded7f7a4de068bd37b5,,,0.07475554,0.07234486,0.06474167,0.1045786,0.100398,0.1081161
320503,heteroscedastic,sparse,50,400,primary,0.5,fixed,M2,0.06204565,1.323731,3.288668,0.08285746,0.1004654,0.3583757,0.1306122,1.345272,0.2989355,0.04892761,0.08045877,6.4,0.08101733,0.8976821,0.009175682,0.4950693,0.2912755,0.704196,0.1812163,10,7,166,0.2214286,0.3195876,0.2616034,38,172,0.02443191,,,,1604.622,140.2471,1464.375,20450,60000,76000,1604.622,0,50,0,0,0.1618396,0.005220633,1.369627,392289.6,1146126336,valid_capped_prediction,2.583137e+12,10,0.2,4000,97,11,2,7,e1e00fff22036d2275821fc504d8895d36b5165a78040abddd4aa99823614c9f,,,0.09649473,0.07595764,0.08184772,0.1356521,0.1141522,0.1343872
320503,heteroscedastic,sparse,50,400,primary,0.5,fixed,M3,0.05802974,1.250371,3.274133,0.08285746,0.07603349,0.3583757,0.1306122,1.334485,0.1550825,0.05162165,0.06824923,6.4,0.06356001,0.8973553,0.003933539,0.4935228,0.1473361,0.7018589,0.1052274,10,7,38,0.7525773,0.7525773,0.7525773,38,0,0,0,1,True,546.7222,517.5339,0,27400,0,76750,536.085,10.63717,61,7,0,0.2001184,0.006455432,1.374101,317252.2,394578944,complete,,10,0.2,4000,97,11,2,7,49e74abf268dc0b0cea8d0e6a3536b65e44f08cae17b79cbd0542e5c3b8993d3,,,0.07300072,0.06586518,0.06246577,0.1038258,0.09509428,0.1071721
320503,heteroscedastic,sparse,50,400,primary,0.5,fixed,M4,0.05802974,1.250371,3.274133,0.08285746,0.07603349,0.3583757,0.1306122,1.334485,0.1550825,0.05162165,0.06824923,6.4,0.06356001,0.8973553,0.003933539,0.4935228,0.1473361,0.7018589,0.1052274,10,7,38,0.7525773,0.7525773,0.7525773,38,0,0,0,1,True,546.7222,517.5339,0,27400,0,76750,536.085,10.63713,61,7,0,0.2001184,0.006455432,1.374101,317252.2,394578944,complete,,10,0.2,4000,97,11,2,7,49e74abf268dc0b0cea8d0e6a3536b65e44f08cae17b79cbd0542e5c3b8993d3,,,0.07300072,0.06586518,0.06246577,0.1038258,0.09509428,0.1071721
320503,heteroscedastic,sparse,50,400,primary,0.5,fixed,M5,0.05801462,1.25032,3.274066,0.08285746,0.07597579,0.3583757,0.1306122,1.3344,0.154815,0.05160614,0.06821597,6.4,0.06348344,0.8973613,0.003917081,0.4935029,0.1470241,0.7018522,0.1052225,10,7,,,,,38,,-5.770661e-05,0,0,True,551.2266,517.5339,0,27400,0,76750,536.085,15.14162,61,7,0,6.629059,0.2138406,1.926455,9577.227,123083264,complete,,10,0.2,4000,97,11,2,7,8c8982883b4366e7832809140ee9014ef772c7e58247224e54447c09f54467a4,,,0.07297716,0.06584223,0.06242032,0.103813,0.09505509,0.1071686
320503,heteroscedastic,sparse,50,400,primary,0.5,fixed,fixed,0.05802974,1.250371,3.274133,0.08285746,0.07603349,0.3583757,0.1306122,1.334485,0.1550825,0.05162165,0.06824923,6.4,0.06356001,0.8973553,0.003933539,0.4935228,0.1473361,0.7018589,0.1052274,10,7,38,0.7525773,0.7525773,0.7525773,38,0,0,,,,264.4094,264.4094,0,22400,0,65500,264.4094,0,50,1,0,0.2001184,0.006455432,1.374101,317252.2,394578944,complete,,10,0.2,4000,97,11,2,7,49e74abf268dc0b0cea8d0e6a3536b65e44f08cae17b79cbd0542e5c3b8993d3,,,0.07300072,0.06586518,0.06246577,0.1038258,0.09509428,0.1071721
320503,heteroscedastic,sparse,50,400,primary,0.5,fixed,random,0.05802974,1.250371,3.274133,0.08285746,0.07603349,0.3583757,0.1306122,1.334485,0.1550825,0.05162165,0.06824923,6.4,0.06356001,0.8973553,0.003933539,0.4935228,0.1473361,0.7018589,0.1052274,10,7,38,0.7525773,0.7525773,0.7525773,38,0,0,0,1,True,416.4114,396.2141,0,25050,0,74850,405.7401,10.67127,56,7,0,0.2001184,0.006455432,1.374101,317252.2,394578944,complete,,10,0.2,4000,97,11,2,7,49e74abf268dc0b0cea8d0e6a3536b65e44f08cae17b79cbd0542e5c3b8993d3,,,0.07300072,0.06586518,0.06246577,0.1038258,0.09509428,0.1071721
320504,heteroscedastic,sparse,50,400,primary,0.2,adjusted,M0,0.04542675,,3.280159,0.08680322,0.1190891,0.3155614,0.1285714,1.347717,0.271714,0.04563024,0.06642645,6.3,0.09762755,0.8974968,0.01559877,0.4955367,0.3227645,0.7046239,0.1719752,10,7,97,0,0,0,16,97,0.05005399,,,,0.0003767163,0.0003767163,0,0,0,0,0.0003767163,0,0,0,0,0.03138764,0.001012504,0.8582579,2022707,78687744,complete,,10,0.2,4000,97,10,2,11,d6f7210080599169d318b5916dfa7a655dbb89729f6eedfd0c7ea2c534aca558,,,0.1229613,0.06828001,0.0997453,0.1408908,0.08798234,0.1261513
320504,heteroscedastic,sparse,50,400,primary,0.2,adjusted,M1,0.07152761,1.232483,3.153952,0.08680322,0.07478104,0.3155614,0.1285714,1.29193,0.132805,0.04607109,0.07742133,6.3,0.05976135,0.8853306,0.006879316,0.4782994,0.1204114,0.7004994,0.1067449,10,7,16,0.8969072,0.8969072,0.8969072,16,0,0.005745894,,,,0.7761761,0.7761761,0,0,0,0,0.7761761,0,0,0,0,1.400606,0.04518083,1.19657,45328.96,72834048,complete,,10,0.2,4000,97,10,2,11,0b8c87da7c5e48c7a1eebe493ca8cc2b7f366c443ac86e0c1ad64f5d29b55279,,,0.07325453,0.07620856,0.06128085,0.0761635,0.08178315,0.06376966
320504,heteroscedastic,sparse,50,400,primary,0.2,adjusted,M2,0.07220393,1.260938,3.301412,0.08680322,0.09931267,0.3155614,0.1285714,1.353906,0.1772102,0.059232,0.08518643,6.3,0.08711574,0.8993064,0.01251281,0.4973344,0.1783949,0.7030767,0.1578407,10,7,125,0.3381295,0.4845361,0.3983051,16,130,0.03027752,,,,1573.04,139.1982,1433.841,21400,60000,80450,1573.04,0,50,0,0,0.1603683,0.005173171,1.464415,395888.7,847356416,valid_capped_prediction,1.144624e+12,10,0.2,4000,97,10,2,11,e7e92a7e98a35f141978844580abdd147376bc2454c247de835fc9ffa36b73e7,,,0.09483332,0.08070317,0.08952276,0.1080706,0.09641494,0.1028784
320504,heteroscedastic,sparse,50,400,primary,0.2,adjusted,M3,0.06123774,1.212884,3.296525,0.08680322,0.06903515,0.3155614,0.1285714,1.355289,0.09476564,0.05020533,0.06500037,6.3,0.05993321,0.8998445,0.006201458,0.4988769,0.1016049,0.700172,0.1035019,10,7,16,0.8969072,0.8969072,0.8969072,16,0,0,0,1,True,1718.285,1565.746,0,50750,0,152500,1671.118,47.16721,112,36,0,0.1981961,0.006393423,1.522524,320329.2,347586048,complete,,10,0.2,4000,97,10,2,11,23ad1f1bba187e2b8cf2da88e36fbc9aaac1d96d987a95dc4b966937d6d218dd,,,0.06794651,0.06417015,0.05887709,0.06814358,0.06507092,0.05904808
320504,heteroscedastic,sparse,50,400,primary,0.2,adjusted,M4,0.06123774,1.212884,3.296525,0.08680322,0.06903515,0.3155614,0.1285714,1.355289,0.09476564,0.05020533,0.06500037,6.3,0.05993321,0.8998445,0.006201458,0.4988769,0.1016049,0.700172,0.1035019,10,7,16,0.8969072,0.8969072,0.8969072,16,0,0,0,1,True,1718.285,1565.746,0,50750,0,152500,1671.118,47.16716,112,36,0,0.1981961,0.006393423,1.522524,320329.2,347586048,complete,,10,0.2,4000,97,10,2,11,23ad1f1bba187e2b8cf2da88e36fbc9aaac1d96d987a95dc4b966937d6d218dd,,,0.06794651,0.06417015,0.05887709,0.06814358,0.06507092,0.05904808
320504,heteroscedastic,sparse,50,400,primary,0.2,adjusted,M5,0.06120872,1.212826,3.296474,0.08680322,0.06895253,0.3155614,0.1285714,1.355343,0.09462823,0.05024674,0.06495048,6.3,0.05993195,0.8998525,0.006195859,0.4988949,0.1015426,0.7001662,0.1032503,10,7,,,,,16,,-8.261725e-05,0,0,True,1687.313,1565.746,0,50750,0,152500,1671.118,16.19547,112,36,0,6.076619,0.19602,2.654559,10447.91,206184448,complete,,10,0.2,4000,97,10,2,11,644797ac79611d01d7f537b9a8e234b2b2afe1b6a921f207f902a0dc09db76d8,,,0.0678432,0.06409453,0.05887963,0.06810159,0.06499763,0.05906118
320504,heteroscedastic,sparse,50,400,primary,0.2,adjusted,fixed,0.06123774,1.212884,3.296525,0.08680322,0.06903515,0.3155614,0.1285714,1.355289,0.09476564,0.05020533,0.06500037,6.3,0.05993321,0.8998445,0.006201458,0.4988769,0.1016049,0.700172,0.1035019,10,7,16,0.8969072,0.8969072,0.8969072,16,0,0,,,,99.56805,99.56805,0,21850,0,64700,99.56805,0,50,1,0,0.1981961,0.006393423,1.522524,320329.2,347586048,complete,,10,0.2,4000,97,10,2,11,23ad1f1bba187e2b8cf2da88e36fbc9aaac1d96d987a95dc4b966937d6d218dd,,,0.06794651,0.06417015,0.05887709,0.06814358,0.06507092,0.05904808
320504,heteroscedastic,sparse,50,400,primary,0.2,adjusted,random,0.06123774,1.212884,3.296525,0.08680322,0.06903515,0.3155614,0.1285714,1.355289,0.09476564,0.05020533,0.06500037,6.3,0.05993321,0.8998445,0.006201458,0.4988769,0.1016049,0.700172,0.1035019,10,7,16,0.8969072,0.8969072,0.8969072,16,0,0,0,1,True,1044.235,945.8035,0,36600,0,118100,998.1347,46.10005,85,36,0,0.1981961,0.006393423,1.522524,320329.2,347586048,complete,,10,0.2,4000,97,10,2,11,23ad1f1bba187e2b8cf2da88e36fbc9aaac1d96d987a95dc4b966937d6d218dd,,,0.06794651,0.06417015,0.05887709,0.06814358,0.06507092,0.05904808
320504,heteroscedastic,sparse,50,400,primary,0.2,fixed,M0,0.04542675,,3.280159,0.08680322,0.1190891,0.3155614,0.1285714,1.347717,0.271714,0.04563024,0.06642645,6.3,0.09762755,0.8974968,0.01559877,0.4955367,0.3227645,0.7046239,0.1719752,10,7,97,0,0,0,16,97,0.05005399,,,,0.0003767163,0.0003767163,0,0,0,0,0.0003767163,0,0,0,0,0.03138764,0.001012504,0.8582579,2022707,78687744,complete,,10,0.2,4000,97,10,2,11,d6f7210080599169d318b5916dfa7a655dbb89729f6eedfd0c7ea2c534aca558,,,0.1229613,0.06828001,0.0997453,0.1408908,0.08798234,0.1261513
320504,heteroscedastic,sparse,50,400,primary,0.2,fixed,M1,0.07152761,1.232483,3.153952,0.08680322,0.07478104,0.3155614,0.1285714,1.29193,0.132805,0.04607109,0.07742133,6.3,0.05976135,0.8853306,0.006879316,0.4782994,0.1204114,0.7004994,0.1067449,10,7,16,0.8969072,0.8969072,0.8969072,16,0,0.005745894,,,,0.7761761,0.7761761,0,0,0,0,0.7761761,0,0,0,0,1.400606,0.04518083,1.19657,45328.96,72834048,complete,,10,0.2,4000,97,10,2,11,0b8c87da7c5e48c7a1eebe493ca8cc2b7f366c443ac86e0c1ad64f5d29b55279,,,0.07325453,0.07620856,0.06128085,0.0761635,0.08178315,0.06376966
320504,heteroscedastic,sparse,50,400,primary,0.2,fixed,M2,0.07220393,1.260938,3.301412,0.08680322,0.09931267,0.3155614,0.1285714,1.353906,0.1772102,0.059232,0.08518643,6.3,0.08711574,0.8993064,0.01251281,0.4973344,0.1783949,0.7030767,0.1578407,10,7,125,0.3381295,0.4845361,0.3983051,16,130,0.03027752,,,,1573.04,139.1982,1433.841,21400,60000,80450,1573.04,0,50,0,0,0.1603683,0.005173171,1.464415,395888.7,847356416,valid_capped_prediction,1.144624e+12,10,0.2,4000,97,10,2,11,e7e92a7e98a35f141978844580abdd147376bc2454c247de835fc9ffa36b73e7,,,0.09483332,0.08070317,0.08952276,0.1080706,0.09641494,0.1028784
320504,heteroscedastic,sparse,50,400,primary,0.2,fixed,M3,0.06123774,1.212884,3.296525,0.08680322,0.06903515,0.3155614,0.1285714,1.355289,0.09476564,0.05020533,0.06500037,6.3,0.05993321,0.8998445,0.006201458,0.4988769,0.1016049,0.700172,0.1035019,10,7,16,0.8969072,0.8969072,0.8969072,16,0,0,0,1,True,300.5915,272.964,0,25550,0,76700,290.4681,10.12345,61,7,0,0.1981961,0.006393423,1.522524,320329.2,347586048,complete,,10,0.2,4000,97,10,2,11,23ad1f1bba187e2b8cf2da88e36fbc9aaac1d96d987a95dc4b966937d6d218dd,,,0.06794651,0.06417015,0.05887709,0.06814358,0.06507092,0.05904808
320504,heteroscedastic,sparse,50,400,primary,0.2,fixed,M4,0.06123774,1.212884,3.296525,0.08680322,0.06903515,0.3155614,0.1285714,1.355289,0.09476564,0.05020533,0.06500037,6.3,0.05993321,0.8998445,0.006201458,0.4988769,0.1016049,0.700172,0.1035019,10,7,16,0.8969072,0.8969072,0.8969072,16,0,0,0,1,True,300.5915,272.964,0,25550,0,76700,290.4681,10.12342,61,7,0,0.1981961,0.006393423,1.522524,320329.2,347586048,complete,,10,0.2,4000,97,10,2,11,23ad1f1bba187e2b8cf2da88e36fbc9aaac1d96d987a95dc4b966937d6d218dd,,,0.06794651,0.06417015,0.05887709,0.06814358,0.06507092,0.05904808
320504,heteroscedastic,sparse,50,400,primary,0.2,fixed,M5,0.06120872,1.212826,3.296474,0.08680322,0.06895253,0.3155614,0.1285714,1.355343,0.09462823,0.05024674,0.06495048,6.3,0.05993195,0.8998525,0.006195859,0.4988949,0.1015426,0.7001662,0.1032503,10,7,,,,,16,,-8.261725e-05,0,0,True,304.3628,272.964,0,25550,0,76700,290.4681,13.89475,61,7,0,6.076619,0.19602,2.654559,10447.91,124484096,complete,,10,0.2,4000,97,10,2,11,644797ac79611d01d7f537b9a8e234b2b2afe1b6a921f207f902a0dc09db76d8,,,0.0678432,0.06409453,0.05887963,0.06810159,0.06499763,0.05906118
320504,heteroscedastic,sparse,50,400,primary,0.2,fixed,fixed,0.06123774,1.212884,3.296525,0.08680322,0.06903515,0.3155614,0.1285714,1.355289,0.09476564,0.05020533,0.06500037,6.3,0.05993321,0.8998445,0.006201458,0.4988769,0.1016049,0.700172,0.1035019,10,7,16,0.8969072,0.8969072,0.8969072,16,0,0,,,,99.56805,99.56805,0,21850,0,64700,99.56805,0,50,1,0,0.1981961,0.006393423,1.522524,320329.2,347586048,complete,,10,0.2,4000,97,10,2,11,23ad1f1bba187e2b8cf2da88e36fbc9aaac1d96d987a95dc4b966937d6d218dd,,,0.06794651,0.06417015,0.05887709,0.06814358,0.06507092,0.05904808
320504,heteroscedastic,sparse,50,400,primary,0.2,fixed,random,0.06123774,1.212884,3.296525,0.08680322,0.06903515,0.3155614,0.1285714,1.355289,0.09476564,0.05020533,0.06500037,6.3,0.05993321,0.8998445,0.006201458,0.4988769,0.1016049,0.700172,0.1035019,10,7,16,0.8969072,0.8969072,0.8969072,16,0,0,0,1,True,279.1218,259.4823,0,24700,0,75700,269.0418,10.08001,56,7,0,0.1981961,0.006393423,1.522524,320329.2,347586048,complete,,10,0.2,4000,97,10,2,11,23ad1f1bba187e2b8cf2da88e36fbc9aaac1d96d987a95dc4b966937d6d218dd,,,0.06794651,0.06417015,0.05887709,0.06814358,0.06507092,0.05904808
320504,heteroscedastic,sparse,50,400,primary,0.5,adjusted,M0,0.04542675,,3.280159,0.08680322,0.1190891,0.3155614,0.1285714,1.347717,0.271714,0.04563024,0.06642645,6.3,0.09762755,0.8974968,0.01559877,0.4955367,0.3227645,0.7046239,0.1719752,10,7,97,0,0,0,36,97,0.04035489,,,,0.0003767163,0.0003767163,0,0,0,0,0.0003767163,0,0,0,0,0.03138764,0.001012504,0.8582579,2022707,78687744,complete,,10,0.2,4000,97,10,2,11,d6f7210080599169d318b5916dfa7a655dbb89729f6eedfd0c7ea2c534aca558,,,0.1229613,0.06828001,0.0997453,0.1408908,0.08798234,0.1261513
320504,heteroscedastic,sparse,50,400,primary,0.5,adjusted,M1,0.07435777,1.252097,3.169543,0.08680322,0.08304694,0.3155614,0.1285714,1.297965,0.1670025,0.05153534,0.0814023,6.3,0.06773344,0.8866579,0.008142499,0.4801937,0.1519248,0.7010408,0.1029096,10,7,36,0.7835052,0.7835052,0.7835052,36,0,0.004312696,,,,1.105834,1.105834,0,0,0,0,1.105834,0,0,0,0,1.43597,0.04632162,1.241091,44212.62,72832512,complete,,10,0.2,4000,97,10,2,11,0338fc80ad7aa9c760aad272d4ec7524cad40795106a4ef84110ce2e6c5815ea,,,0.07964659,0.07758816,0.06721149,0.08404572,0.0858432,0.07238898
320504,heteroscedastic,sparse,50,400,primary,0.5,adjusted,M2,0.07220393,1.260938,3.301412,0.08680322,0.09931267,0.3155614,0.1285714,1.353906,0.1772102,0.059232,0.08518643,6.3,0.08711574,0.8993064,0.01251281,0.4973344,0.1783949,0.7030767,0.1578407,10,7,125,0.3381295,0.4845361,0.3983051,36,142,0.02057843,,,,1573.04,139.1982,1433.841,21400,60000,80450,1573.04,0,50,0,0,0.1603683,0.005173171,1.464415,395888.7,847356416,valid_capped_prediction,1.144624e+12,10,0.2,4000,97,10,2,11,e7e92a7e98a35f141978844580abdd147376bc2454c247de835fc9ffa36b73e7,,,0.09483332,0.08070317,0.08952276,0.1080706,0.09641494,0.1028784
320504,heteroscedastic,sparse,50,400,primary,0.5,adjusted,M3,0.06452507,1.233339,3.291217,0.08680322,0.07873425,0.3155614,0.1285714,1.348006,0.1339982,0.05479555,0.07023843,6.3,0.06779097,0.898849,0.007760824,0.496863,0.128143,0.7008684,0.1102842,10,7,36,0.7835052,0.7835052,0.7835052,36,0,0,0,1,True,1552.479,1407.162,0,47350,0,138000,1509.572,42.90704,106,36,0,0.2061787,0.006650927,1.463719,307927,296209408,complete,,10,0.2,4000,97,10,2,11,9cbf7a4c07f41c21fed741200675b9246625ff4bcad67ede8c2f6e39159c845b,,,0.07407065,0.06506716,0.06700591,0.07613243,0.06900893,0.06904743
320504,heteroscedastic,sparse,50,400,primary,0.5,adjusted,M4,0.06452507,1.233339,3.291217,0.08680322,0.07873425,0.3155614,0.1285714,1.348006,0.1339982,0.05479555,0.07023843,6.3,0.06779097,0.898849,0.007760824,0.496863,0.128143,0.7008684,0.1102842,10,7,36,0.7835052,0.7835052,0.7835052,36,0,0,0,1,True,1552.479,1407.162,0,47350,0,138000,1509.572,42.90698,106,36,0,0.2061787,0.006650927,1.463719,307927,296209408,complete,,10,0.2,4000,97,10,2,11,9cbf7a4c07f41c21fed741200675b9246625ff4bcad67ede8c2f6e39159c845b,,,0.07407065,0.06506716,0.06700591,0.07613243,0.06900893,0.06904743
320504,heteroscedastic,sparse,50,400,primary,0.5,adjusted,M5,0.06444298,1.233261,3.291097,0.08680322,0.0785693,0.3155614,0.1285714,1.348017,0.1329638,0.05483882,0.07013347,6.3,0.06769458,0.89885,0.007707555,0.496882,0.1271265,0.7008496,0.1101427,10,7,,,,,36,,-0.0001649488,0,0,True,1521.726,1407.162,0,47350,0,138000,1509.572,12.15441,106,36,0,6.968864,0.2248021,2.018862,9110.237,196560384,complete,,10,0.2,4000,97,10,2,11,7da03252c59e5f2ccd2338537d30e4b29f4e23f96fdf840c1f13eed5bae786d7,,,0.07392714,0.06499914,0.06680836,0.07608859,0.06896887,0.06898175
320504,heteroscedastic,sparse,50,400,primary,0.5,adjusted,fixed,0.06452507,1.233339,3.291217,0.08680322,0.07873425,0.3155614,0.1285714,1.348006,0.1339982,0.05479555,0.07023843,6.3,0.06779097,0.898849,0.007760824,0.496863,0.128143,0.7008684,0.1102842,10,7,36,0.7835052,0.7835052,0.7835052,36,0,0,,,,324.8652,324.8652,0,23050,0,66650,324.8652,0,50,1,0,0.2061787,0.006650927,1.463719,307927,296209408,complete,,10,0.2,4000,97,10,2,11,9cbf7a4c07f41c21fed741200675b9246625ff4bcad67ede8c2f6e39159c845b,,,0.07407065,0.06506716,0.06700591,0.07613243,0.06900893,0.06904743
320504,heteroscedastic,sparse,50,400,primary,0.5,adjusted,random,0.06452507,1.233339,3.291217,0.08680322,0.07873425,0.3155614,0.1285714,1.348006,0.1339982,0.05479555,0.07023843,6.3,0.06779097,0.898849,0.007760824,0.496863,0.128143,0.7008684,0.1102842,10,7,36,0.7835052,0.7835052,0.7835052,36,0,0,0,1,True,1069.52,981.7288,0,38200,0,120150,1024.291,45.2284,85,36,0,0.2061787,0.006650927,1.463719,307927,296209408,complete,,10,0.2,4000,97,10,2,11,9cbf7a4c07f41c21fed741200675b9246625ff4bcad67ede8c2f6e39159c845b,,,0.07407065,0.06506716,0.06700591,0.07613243,0.06900893,0.06904743
320504,heteroscedastic,sparse,50,400,primary,0.5,fixed,M0,0.04542675,,3.280159,0.08680322,0.1190891,0.3155614,0.1285714,1.347717,0.271714,0.04563024,0.06642645,6.3,0.09762755,0.8974968,0.01559877,0.4955367,0.3227645,0.7046239,0.1719752,10,7,97,0,0,0,36,97,0.04035489,,,,0.0003767163,0.0003767163,0,0,0,0,0.0003767163,0,0,0,0,0.03138764,0.001012504,0.8582579,2022707,78687744,complete,,10,0.2,4000,97,10,2,11,d6f7210080599169d318b5916dfa7a655dbb89729f6eedfd0c7ea2c534aca558,,,0.1229613,0.06828001,0.0997453,0.1408908,0.08798234,0.1261513
320504,heteroscedastic,sparse,50,400,primary,0.5,fixed,M1,0.07435777,1.252097,3.169543,0.08680322,0.08304694,0.3155614,0.1285714,1.297965,0.1670025,0.05153534,0.0814023,6.3,0.06773344,0.8866579,0.008142499,0.4801937,0.1519248,0.7010408,0.1029096,10,7,36,0.7835052,0.7835052,0.7835052,36,0,0.004312696,,,,1.105834,1.105834,0,0,0,0,1.105834,0,0,0,0,1.43597,0.04632162,1.241091,44212.62,72832512,complete,,10,0.2,4000,97,10,2,11,0338fc80ad7aa9c760aad272d4ec7524cad40795106a4ef84110ce2e6c5815ea,,,0.07964659,0.07758816,0.06721149,0.08404572,0.0858432,0.07238898
320504,heteroscedastic,sparse,50,400,primary,0.5,fixed,M2,0.07220393,1.260938,3.301412,0.08680322,0.09931267,0.3155614,0.1285714,1.353906,0.1772102,0.059232,0.08518643,6.3,0.08711574,0.8993064,0.01251281,0.4973344,0.1783949,0.7030767,0.1578407,10,7,125,0.3381295,0.4845361,0.3983051,36,142,0.02057843,,,,1573.04,139.1982,1433.841,21400,60000,80450,1573.04,0,50,0,0,0.1603683,0.005173171,1.464415,395888.7,847356416,valid_capped_prediction,1.144624e+12,10,0.2,4000,97,10,2,11,e7e92a7e98a35f141978844580abdd147376bc2454c247de835fc9ffa36b73e7,,,0.09483332,0.08070317,0.08952276,0.1080706,0.09641494,0.1028784
320504,heteroscedastic,sparse,50,400,primary,0.5,fixed,M3,0.06452507,1.233339,3.291217,0.08680322,0.07873425,0.3155614,0.1285714,1.348006,0.1339982,0.05479555,0.07023843,6.3,0.06779097,0.898849,0.007760824,0.496863,0.128143,0.7008684,0.1102842,10,7,36,0.7835052,0.7835052,0.7835052,36,0,0,0,1,True,592.015,563.4314,0,27900,0,80700,582.6952,9.319801,61,7,0,0.2061787,0.006650927,1.463719,307927,296209408,complete,,10,0.2,4000,97,10,2,11,9cbf7a4c07f41c21fed741200675b9246625ff4bcad67ede8c2f6e39159c845b,,,0.07407065,0.06506716,0.06700591,0.07613243,0.06900893,0.06904743
320504,heteroscedastic,sparse,50,400,primary,0.5,fixed,M4,0.06452507,1.233339,3.291217,0.08680322,0.07873425,0.3155614,0.1285714,1.348006,0.1339982,0.05479555,0.07023843,6.3,0.06779097,0.898849,0.007760824,0.496863,0.128143,0.7008684,0.1102842,10,7,36,0.7835052,0.7835052,0.7835052,36,0,0,0,1,True,592.015,563.4314,0,27900,0,80700,582.6952,9.319772,61,7,0,0.2061787,0.006650927,1.463719,307927,296209408,complete,,10,0.2,4000,97,10,2,11,9cbf7a4c07f41c21fed741200675b9246625ff4bcad67ede8c2f6e39159c845b,,,0.07407065,0.06506716,0.06700591,0.07613243,0.06900893,0.06904743
320504,heteroscedastic,sparse,50,400,primary,0.5,fixed,M5,0.06452364,1.23334,3.291171,0.08680322,0.07874266,0.3155614,0.1285714,1.347962,0.1340044,0.05478468,0.07024126,6.3,0.0677749,0.898844,0.007753508,0.4968461,0.1281099,0.7008688,0.1102839,10,7,,,,,36,,8.412823e-06,0,0,True,595.9346,563.4314,0,27900,0,80700,582.6952,13.23942,61,7,0,6.87311,0.2217132,2.560602,9237.157,113118720,complete,,10,0.2,4000,97,10,2,11,f3ce667cb9723a7f2c33c34c02df1c50fb35698e5fbd3d8625646f97c9eb2001,,,0.07407438,0.06507103,0.06699873,0.07613955,0.06902061,0.06904095
320504,heteroscedastic,sparse,50,400,primary,0.5,fixed,fixed,0.06452507,1.233339,3.291217,0.08680322,0.07873425,0.3155614,0.1285714,1.348006,0.1339982,0.05479555,0.07023843,6.3,0.06779097,0.898849,0.007760824,0.496863,0.128143,0.7008684,0.1102842,10,7,36,0.7835052,0.7835052,0.7835052,36,0,0,,,,324.8652,324.8652,0,23050,0,66650,324.8652,0,50,1,0,0.2061787,0.006650927,1.463719,307927,296209408,complete,,10,0.2,4000,97,10,2,11,9cbf7a4c07f41c21fed741200675b9246625ff4bcad67ede8c2f6e39159c845b,,,0.07407065,0.06506716,0.06700591,0.07613243,0.06900893,0.06904743
320504,heteroscedastic,sparse,50,400,primary,0.5,fixed,random,0.06452507,1.233339,3.291217,0.08680322,0.07873425,0.3155614,0.1285714,1.348006,0.1339982,0.05479555,0.07023843,6.3,0.06779097,0.898849,0.007760824,0.496863,0.128143,0.7008684,0.1102842,10,7,36,0.7835052,0.7835052,0.7835052,36,0,0,0,1,True,463.5339,445.9135,0,25650,0,76600,454.5336,9.000226,56,7,0,0.2061787,0.006650927,1.463719,307927,296209408,complete,,10,0.2,4000,97,10,2,11,9cbf7a4c07f41c21fed741200675b9246625ff4bcad67ede8c2f6e39159c845b,,,0.07407065,0.06506716,0.06700591,0.07613243,0.06900893,0.06904743
321000,heteroscedastic,sparse,100,400,primary,0.2,adjusted,M0,0.04411373,,3.279663,0.06847569,0.09040513,0.3549819,0.09040404,1.354273,0.3230305,0.043562,0.0570503,8.95,0.0771429,0.8986348,0.006592005,0.4992829,0.3527184,0.7046631,0.1551726,20,11,197,0,0,0,38,197,0.02968953,,,,0.02548981,0.02548981,0,0,0,0,0.02548981,0,0,0,0,0.1151496,0.001887699,1.618631,1084919,186024448,complete,,20,0.2,8000,197,15,2,12,2df9713cf527be200351efb9ac05e094b8f942cc8c707ec182ab14b396c76943,0.09080141,0.0898234,0.08909596,0.05594044,0.07601837,0.09213683,0.06066259,0.08054895
321000,heteroscedastic,sparse,100,400,primary,0.2,adjusted,M1,0.05843383,1.235155,3.162408,0.06847569,0.06145599,0.3549819,0.09040404,1.296862,0.1312827,0.04419709,0.06245143,8.95,0.05334996,0.8869755,0.001915213,0.4813435,0.1379923,0.702457,0.09617595,20,11,38,0.8730964,0.8730964,0.8730964,38,0,0.0007403856,,,,2.743334,2.743334,0,0,0,0,2.743334,0,0,0,0,9.883511,0.1620248,2.945572,12640.04,184539136,complete,,20,0.2,8000,197,15,2,12,b1e2cd98ff344ed78a6bc94d92707f7f7b6f3f1287d9314c16bb24741a543661,0.06164444,0.0617369,0.05918159,0.06072997,0.05195943,0.06402829,0.06481907,0.057518
321000,heteroscedastic,sparse,100,400,primary,0.2,adjusted,M2,0.06251795,1.235546,3.252492,0.06847569,0.07797987,0.3549819,0.09040404,1.323531,0.1778246,0.05448076,0.0683181,8.95,0.06774742,0.89562,0.004907411,0.4895574,0.1919341,0.7036543,0.1187504,20,11,203,0.385159,0.5532995,0.4541667,38,224,0.01726427,,,,2309.326,240.762,2068.564,49500,60000,188550,2309.326,0,100,0,0,0.6129125,0.01004775,3.095786,203826.8,1649492992,valid_capped_prediction,2.127432e+33,20,0.2,8000,197,15,2,12,923c7dd5f8acc98cb1e1253b339c1d2247563895bdd732db271d59bdf52f03a5,0.07695028,0.07883052,0.07399349,0.06701677,0.06621137,0.08168045,0.07271408,0.07695945
321000,heteroscedastic,sparse,100,400,primary,0.2,adjusted,M3,0.05306579,1.217411,3.288793,0.06847569,0.0607156,0.3549819,0.09040404,1.346357,0.09492772,0.04561106,0.05557515,8.95,0.05221789,0.9004321,0.001649245,0.4977756,0.1061883,0.7023982,0.09375417,20,11,38,0.8730964,0.8730964,0.8730964,38,0,0,0,1,True,3381.442,2798.908,0,108850,0,322500,3202.408,179.0336,213,72,0,0.626568,0.01027161,2.975102,199384.6,858484224,complete,,20,0.2,8000,197,15,2,12,02cd05ce9d3e2e0475d0d4a9ad36ba471aedc8147eeb693ad7ccced58bef7283,0.0605061,0.06138088,0.05873619,0.05519909,0.05136678,0.06400139,0.05882189,0.05729
321000,heteroscedastic,sparse,100,400,primary,0.2,adjusted,M4,0.05306579,1.217411,3.288793,0.06847569,0.0607156,0.3549819,0.09040404,1.346357,0.09492772,0.04561106,0.05557515,8.95,0.05221789,0.9004321,0.001649245,0.4977756,0.1061883,0.7023982,0.09375417,20,11,38,0.8730964,0.8730964,0.8730964,38,0,0,0,1,True,3381.442,2798.908,0,108850,0,322500,3202.408,179.0334,213,72,0,0.626568,0.01027161,2.975102,199384.6,858484224,complete,,20,0.2,8000,197,15,2,12,02cd05ce9d3e2e0475d0d4a9ad36ba471aedc8147eeb693ad7ccced58bef7283,0.0605061,0.06138088,0.05873619,0.05519909,0.05136678,0.06400139,0.05882189,0.05729
321000,heteroscedastic,sparse,100,400,primary,0.2,adjusted,M5,0.05305216,1.217385,3.288973,0.06847569,0.06069127,0.3549819,0.09040404,1.346429,0.0949198,0.04554368,0.05556453,8.95,0.05217575,0.9004533,0.001657032,0.4977988,0.1061821,0.7023971,0.09356935,20,11,,,,,38,,-2.433173e-05,0,0,True,3245.838,2798.908,0,108850,0,322500,3202.408,43.42992,213,72,0,20.96161,0.343633,5.779019,5959.847,584251392,complete,,20,0.2,8000,197,15,2,12,70f08df701a893695994fc60a722586a6b1c15ccb257a8a98730e8623c876f49,0.06048852,0.06135794,0.05870364,0.05518644,0.05133893,0.06398706,0.05880773,0.05726392
321000,heteroscedastic,sparse,100,400,primary,0.2,adjusted,fixed,0.05306579,1.217411,3.288793,0.06847569,0.0607156,0.3549819,0.09040404,1.346357,0.09492772,0.04561106,0.05557515,8.95,0.05221789,0.9004321,0.001649245,0.4977756,0.1061883,0.7023982,0.09375417,20,11,38,0.8730964,0.8730964,0.8730964,38,0,0,,,,296.7137,296.7137,0,53250,0,158250,296.7137,0,100,1,0,0.626568,0.01027161,2.975102,199384.6,858484224,complete,,20,0.2,8000,197,15,2,12,02cd05ce9d3e2e0475d0d4a9ad36ba471aedc8147eeb693ad7ccced58bef7283,0.0605061,0.06138088,0.05873619,0.05519909,0.05136678,0.06400139,0.05882189,0.05729
321000,heteroscedastic,sparse,100,400,primary,0.2,adjusted,oracle,0.04981104,1.193225,3.295245,0.06847569,0.0472627,0.3549819,0.09040404,1.354251,0.05442974,0.04312541,0.05039317,8.95,0.0431997,0.9013369,0.0007619523,0.5004252,0.04026999,0.7016766,0.05299152,20,11,0,1,1,1,38,38,-0.0134529,,,,240.7302,240.7302,0,56050,0,167250,240.7302,0,100,0,0,0.5899292,0.00967097,2.922174,211767.8,1450423296,complete,,20,0.2,8000,197,15,2,12,7a2a7ff6a7dc1d78ed0f1a64f70fd2543a527927be67d4e7660f06fd3f7c4fb5,0.04736208,0.0471992,0.04703335,0.05039248,0.04333117,0.04738176,0.05031963,0.04253387
321000,heteroscedastic,sparse,100,400,primary,0.2,adjusted,random,0.05306579,1.217411,3.288793,0.06847569,0.0607156,0.3549819,0.09040404,1.346357,0.09492772,0.04561106,0.05557515,8.95,0.05221789,0.9004321,0.001649245,0.4977756,0.1061883,0.7023982,0.09375417,20,11,38,0.8730964,0.8730964,0.8730964,38,0,0,0,1,True,2686.355,2327.067,0,90100,0,292000,2509.691,176.6644,171,72,0,0.626568,0.01027161,2.975102,199384.6,858484224,complete,,20,0.2,8000,197,15,2,12,02cd05ce9d3e2e0475d0d4a9ad36ba471aedc8147eeb693ad7ccced58bef7283,0.0605061,0.06138088,0.05873619,0.05519909,0.05136678,0.06400139,0.05882189,0.05729
321000,heteroscedastic,sparse,100,400,primary,0.2,fixed,M0,0.04411373,,3.279663,0.06847569,0.09040513,0.3549819,0.09040404,1.354273,0.3230305,0.043562,0.0570503,8.95,0.0771429,0.8986348,0.006592005,0.4992829,0.3527184,0.7046631,0.1551726,20,11,197,0,0,0,38,197,0.02968953,,,,0.02548981,0.02548981,0,0,0,0,0.02548981,0,0,0,0,0.1151496,0.001887699,1.618631,1084919,186024448,complete,,20,0.2,8000,197,15,2,12,2df9713cf527be200351efb9ac05e094b8f942cc8c707ec182ab14b396c76943,0.09080141,0.0898234,0.08909596,0.05594044,0.07601837,0.09213683,0.06066259,0.08054895
321000,heteroscedastic,sparse,100,400,primary,0.2,fixed,M1,0.05843383,1.235155,3.162408,0.06847569,0.06145599,0.3549819,0.09040404,1.296862,0.1312827,0.04419709,0.06245143,8.95,0.05334996,0.8869755,0.001915213,0.4813435,0.1379923,0.702457,0.09617595,20,11,38,0.8730964,0.8730964,0.8730964,38,0,0.0007403856,,,,2.743334,2.743334,0,0,0,0,2.743334,0,0,0,0,9.883511,0.1620248,2.945572,12640.04,184539136,complete,,20,0.2,8000,197,15,2,12,b1e2cd98ff344ed78a6bc94d92707f7f7b6f3f1287d9314c16bb24741a543661,0.06164444,0.0617369,0.05918159,0.06072997,0.05195943,0.06402829,0.06481907,0.057518
321000,heteroscedastic,sparse,100,400,primary,0.2,fixed,M2,0.06251795,1.235546,3.252492,0.06847569,0.07797987,0.3549819,0.09040404,1.323531,0.1778246,0.05448076,0.0683181,8.95,0.06774742,0.89562,0.004907411,0.4895574,0.1919341,0.7036543,0.1187504,20,11,203,0.385159,0.5532995,0.4541667,38,224,0.01726427,,,,2309.326,240.762,2068.564,49500,60000,188550,2309.326,0,100,0,0,0.6129125,0.01004775,3.095786,203826.8,1649492992,valid_capped_prediction,2.127432e+33,20,0.2,8000,197,15,2,12,923c7dd5f8acc98cb1e1253b339c1d2247563895bdd732db271d59bdf52f03a5,0.07695028,0.07883052,0.07399349,0.06701677,0.06621137,0.08168045,0.07271408,0.07695945
321000,heteroscedastic,sparse,100,400,primary,0.2,fixed,M3,0.05306579,1.217411,3.288793,0.06847569,0.0607156,0.3549819,0.09040404,1.346357,0.09492772,0.04561106,0.05557515,8.95,0.05221789,0.9004321,0.001649245,0.4977756,0.1061883,0.7023982,0.09375417,20,11,38,0.8730964,0.8730964,0.8730964,38,0,0,0,1,True,575.6502,518.2421,0,58700,0,173700,552.3124,23.33774,111,7,0,0.626568,0.01027161,2.975102,199384.6,858484224,complete,,20,0.2,8000,197,15,2,12,02cd05ce9d3e2e0475d0d4a9ad36ba471aedc8147eeb693ad7ccced58bef7283,0.0605061,0.06138088,0.05873619,0.05519909,0.05136678,0.06400139,0.05882189,0.05729
321000,heteroscedastic,sparse,100,400,primary,0.2,fixed,M4,0.05306579,1.217411,3.288793,0.06847569,0.0607156,0.3549819,0.09040404,1.346357,0.09492772,0.04561106,0.05557515,8.95,0.05221789,0.9004321,0.001649245,0.4977756,0.1061883,0.7023982,0.09375417,20,11,38,0.8730964,0.8730964,0.8730964,38,0,0,0,1,True,575.6501,518.2421,0,58700,0,173700,552.3124,23.3377,111,7,0,0.626568,0.01027161,2.975102,199384.6,858484224,complete,,20,0.2,8000,197,15,2,12,02cd05ce9d3e2e0475d0d4a9ad36ba471aedc8147eeb693ad7ccced58bef7283,0.0605061,0.06138088,0.05873619,0.05519909,0.05136678,0.06400139,0.05882189,0.05729
321000,heteroscedastic,sparse,100,400,primary,0.2,fixed,M5,0.05306181,1.2174,3.288752,0.06847569,0.06068801,0.3549819,0.09040404,1.346348,0.09480437,0.04561581,0.05556325,8.95,0.05216426,0.9004254,0.001647903,0.4977771,0.1058497,0.7023958,0.09376714,20,11,,,,,38,,-2.75895e-05,0,0,True,600.2239,518.2421,0,58700,0,173700,552.3124,47.9115,111,7,0,21.04774,0.345045,4.295733,5935.458,255901696,complete,,20,0.2,8000,197,15,2,12,4b21b7ad2d18d6ca2bb5868f851894a3eda5aebca9640bd530b2dc731ad078b6,0.06047833,0.06134777,0.05872105,0.05519097,0.05135803,0.0640008,0.05881682,0.05730015
321000,heteroscedastic,sparse,100,400,primary,0.2,fixed,fixed,0.05306579,1.217411,3.288793,0.06847569,0.0607156,0.3549819,0.09040404,1.346357,0.09492772,0.04561106,0.05557515,8.95,0.05221789,0.9004321,0.001649245,0.4977756,0.1061883,0.7023982,0.09375417,20,11,38,0.8730964,0.8730964,0.8730964,38,0,0,,,,296.7137,296.7137,0,53250,0,158250,296.7137,0,100,1,0,0.626568,0.01027161,2.975102,199384.6,858484224,complete,,20,0.2,8000,197,15,2,12,02cd05ce9d3e2e0475d0d4a9ad36ba471aedc8147eeb693ad7ccced58bef7283,0.0605061,0.06138088,0.05873619,0.05519909,0.05136678,0.06400139,0.05882189,0.05729
321000,heteroscedastic,sparse,100,400,primary,0.2,fixed,oracle,0.04981104,1.193225,3.295245,0.06847569,0.0472627,0.3549819,0.09040404,1.354251,0.05442974,0.04312541,0.05039317,8.95,0.0431997,0.9013369,0.0007619523,0.5004252,0.04026999,0.7016766,0.05299152,20,11,0,1,1,1,38,38,-0.0134529,,,,240.7302,240.7302,0,56050,0,167250,240.7302,0,100,0,0,0.5899292,0.00967097,2.922174,211767.8,1450423296,complete,,20,0.2,8000,197,15,2,12,7a2a7ff6a7dc1d78ed0f1a64f70fd2543a527927be67d4e7660f06fd3f7c4fb5,0.04736208,0.0471992,0.04703335,0.05039248,0.04333117,0.04738176,0.05031963,0.04253387
321000,heteroscedastic,sparse,100,400,primary,0.2,fixed,random,0.05306579,1.217411,3.288793,0.06847569,0.0607156,0.3549819,0.09040404,1.346357,0.09492772,0.04561106,0.05557515,8.95,0.05221789,0.9004321,0.001649245,0.4977756,0.1061883,0.7023982,0.09375417,20,11,38,0.8730964,0.8730964,0.8730964,38,0,0,0,1,True,489.4641,453.1435,0,56150,0,169500,469.399,20.06509,106,7,0,0.626568,0.01027161,2.975102,199384.6,858484224,complete,,20,0.2,8000,197,15,2,12,02cd05ce9d3e2e0475d0d4a9ad36ba471aedc8147eeb693ad7ccced58bef7283,0.0605061,0.06138088,0.05873619,0.05519909,0.05136678,0.06400139,0.05882189,0.05729
321000,heteroscedastic,sparse,100,400,primary,0.5,adjusted,M0,0.04411373,,3.279663,0.06847569,0.09040513,0.3549819,0.09040404,1.354273,0.3230305,0.043562,0.0570503,8.95,0.0771429,0.8986348,0.006592005,0.4992829,0.3527184,0.7046631,0.1551726,20,11,197,0,0,0,82,197,0.02070416,,,,0.02548981,0.02548981,0,0,0,0,0.02548981,0,0,0,0,0.1151496,0.001887699,1.618631,1084919,186024448,complete,,20,0.2,8000,197,15,2,12,2df9713cf527be200351efb9ac05e094b8f942cc8c707ec182ab14b396c76943,0.09080141,0.0898234,0.08909596,0.05594044,0.07601837,0.09213683,0.06066259,0.08054895
321000,heteroscedastic,sparse,100,400,primary,0.5,adjusted,M1,0.05971084,1.25606,3.170166,0.06847569,0.06997991,0.3549819,0.09040404,1.30135,0.2108022,0.04639421,0.06611788,8.95,0.06204288,0.8874339,0.003529128,0.4822663,0.2201925,0.703112,0.137356,20,11,82,0.7360406,0.7360406,0.7360406,82,0,0.0002789451,,,,2.633327,2.633327,0,0,0,0,2.633327,0,0,0,0,9.745593,0.1597638,2.887264,12818.92,184537088,complete,,20,0.2,8000,197,15,2,12,dd9e4d8a18e9d5188825c04ae175d8a8f7a7565f5931831b52f16c8239cf0607,0.07001774,0.07094592,0.06644708,0.06391451,0.06005844,0.06975051,0.06820325,0.06294247
321000,heteroscedastic,sparse,100,400,primary,0.5,adjusted,M2,0.06251795,1.235546,3.252492,0.06847569,0.07797987,0.3549819,0.09040404,1.323531,0.1778246,0.05448076,0.0683181,8.95,0.06774742,0.89562,0.004907411,0.4895574,0.1919341,0.7036543,0.1187504,20,11,203,0.385159,0.5532995,0.4541667,82,248,0.008278902,,,,2309.326,240.762,2068.564,49500,60000,188550,2309.326,0,100,0,0,0.6129125,0.01004775,3.095786,203826.8,1649492992,valid_capped_prediction,2.127432e+33,20,0.2,8000,197,15,2,12,923c7dd5f8acc98cb1e1253b339c1d2247563895bdd732db271d59bdf52f03a5,0.07695028,0.07883052,0.07399349,0.06701677,0.06621137,0.08168045,0.07271408,0.07695945
321000,heteroscedastic,sparse,100,400,primary,0.5,adjusted,M3,0.05460159,1.242286,3.279447,0.06847569,0.06970097,0.3549819,0.09040404,1.345433,0.1853938,0.04789585,0.06012994,8.95,0.06150031,0.89889,0.003334595,0.4967904,0.2061459,0.7030901,0.1385102,20,11,82,0.7360406,0.7360406,0.7360406,82,0,0,0,1,True,3715.22,3116.1,0,109550,0,326050,3523.362,191.8582,213,72,0,0.6260826,0.01026365,2.952389,199539.2,951310848,complete,,20,0.2,8000,197,15,2,12,85de82d09d0b817a76de11df2be43dda0a2840fe843e123d4473385be7c7cf5c,0.06985262,0.07046055,0.06684609,0.05846385,0.06038021,0.06986734,0.06211424,0.06369471
321000,heteroscedastic,sparse,100,400,primary,0.5,adjusted,M4,0.05460159,1.242286,3.279447,0.06847569,0.06970097,0.3549819,0.09040404,1.345433,0.1853938,0.04789585,0.06012994,8.95,0.06150031,0.89889,0.003334595,0.4967904,0.2061459,0.7030901,0.1385102,20,11,82,0.7360406,0.7360406,0.7360406,82,0,0,0,1,True,3715.22,3116.1,0,109550,0,326050,3523.362,191.8581,213,72,0,0.6260826,0.01026365,2.952389,199539.2,951310848,complete,,20,0.2,8000,197,15,2,12,85de82d09d0b817a76de11df2be43dda0a2840fe843e123d4473385be7c7cf5c,0.06985262,0.07046055,0.06684609,0.05846385,0.06038021,0.06986734,0.06211424,0.06369471
321000,heteroscedastic,sparse,100,400,primary,0.5,adjusted,M5,0.0545995,1.242255,3.279482,0.06847569,0.06969887,0.3549819,0.09040404,1.345461,0.185394,0.04788486,0.06012853,8.95,0.06148822,0.898894,0.003342853,0.4968057,0.2061371,0.7030897,0.1385089,20,11,,,,,82,,-2.096035e-06,0,0,True,3570.541,3116.1,0,109550,0,326050,3523.362,47.1793,213,72,0,22.29894,0.3655565,4.368781,5602.418,576320512,complete,,20,0.2,8000,197,15,2,12,d49e22041d2e4e5a71fa591a57f72b5fe0c75aab062406e20f0a892eb421afd8,0.06984692,0.0704453,0.06684017,0.05846701,0.06036646,0.06984456,0.06210399,0.06365636
321000,heteroscedastic,sparse,100,400,primary,0.5,adjusted,fixed,0.05460159,1.242286,3.279447,0.06847569,0.06970097,0.3549819,0.09040404,1.345433,0.1853938,0.04789585,0.06012994,8.95,0.06150031,0.89889,0.003334595,0.4967904,0.2061459,0.7030901,0.1385102,20,11,82,0.7360406,0.7360406,0.7360406,82,0,0,,,,457.2367,457.2367,0,51350,0,155050,457.2367,0,100,1,0,0.6260826,0.01026365,2.952389,199539.2,951310848,complete,,20,0.2,8000,197,15,2,12,85de82d09d0b817a76de11df2be43dda0a2840fe843e123d4473385be7c7cf5c,0.06985262,0.07046055,0.06684609,0.05846385,0.06038021,0.06986734,0.06211424,0.06369471
321000,heteroscedastic,sparse,100,400,primary,0.5,adjusted,oracle,0.04981104,1.193225,3.295245,0.06847569,0.0472627,0.3549819,0.09040404,1.354251,0.05442974,0.04312541,0.05039317,8.95,0.0431997,0.9013369,0.0007619523,0.5004252,0.04026999,0.7016766,0.05299152,20,11,0,1,1,1,82,82,-0.02243827,,,,240.7302,240.7302,0,56050,0,167250,240.7302,0,100,0,0,0.5899292,0.00967097,2.922174,211767.8,1450423296,complete,,20,0.2,8000,197,15,2,12,7a2a7ff6a7dc1d78ed0f1a64f70fd2543a527927be67d4e7660f06fd3f7c4fb5,0.04736208,0.0471992,0.04703335,0.05039248,0.04333117,0.04738176,0.05031963,0.04253387
321000,heteroscedastic,sparse,100,400,primary,0.5,adjusted,random,0.05460159,1.242286,3.279447,0.06847569,0.06970097,0.3549819,0.09040404,1.345433,0.1853938,0.04789585,0.06012994,8.95,0.06150031,0.89889,0.003334595,0.4967904,0.2061459,0.7030901,0.1385102,20,11,82,0.7360406,0.7360406,0.7360406,82,0,0,0,1,True,2679.384,2326.621,0,88550,0,284700,2492.431,186.9527,171,72,0,0.6260826,0.01026365,2.952389,199539.2,951310848,complete,,20,0.2,8000,197,15,2,12,85de82d09d0b817a76de11df2be43dda0a2840fe843e123d4473385be7c7cf5c,0.06985262,0.07046055,0.06684609,0.05846385,0.06038021,0.06986734,0.06211424,0.06369471
321000,heteroscedastic,sparse,100,400,primary,0.5,fixed,M0,0.04411373,,3.279663,0.06847569,0.09040513,0.3549819,0.09040404,1.354273,0.3230305,0.043562,0.0570503,8.95,0.0771429,0.8986348,0.006592005,0.4992829,0.3527184,0.7046631,0.1551726,20,11,197,0,0,0,82,197,0.02070416,,,,0.02548981,0.02548981,0,0,0,0,0.02548981,0,0,0,0,0.1151496,0.001887699,1.618631,1084919,186024448,complete,,20,0.2,8000,197,15,2,12,2df9713cf527be200351efb9ac05e094b8f942cc8c707ec182ab14b396c76943,0.09080141,0.0898234,0.08909596,0.05594044,0.07601837,0.09213683,0.06066259,0.08054895
321000,heteroscedastic,sparse,100,400,primary,0.5,fixed,M1,0.05971084,1.25606,3.170166,0.06847569,0.06997991,0.3549819,0.09040404,1.30135,0.2108022,0.04639421,0.06611788,8.95,0.06204288,0.8874339,0.003529128,0.4822663,0.2201925,0.703112,0.137356,20,11,82,0.7360406,0.7360406,0.7360406,82,0,0.0002789451,,,,2.633327,2.633327,0,0,0,0,2.633327,0,0,0,0,9.745593,0.1597638,2.887264,12818.92,184537088,complete,,20,0.2,8000,197,15,2,12,dd9e4d8a18e9d5188825c04ae175d8a8f7a7565f5931831b52f16c8239cf0607,0.07001774,0.07094592,0.06644708,0.06391451,0.06005844,0.06975051,0.06820325,0.06294247
321000,heteroscedastic,sparse,100,400,primary,0.5,fixed,M2,0.06251795,1.235546,3.252492,0.06847569,0.07797987,0.3549819,0.09040404,1.323531,0.1778246,0.05448076,0.0683181,8.95,0.06774742,0.89562,0.004907411,0.4895574,0.1919341,0.7036543,0.1187504,20,11,203,0.385159,0.5532995,0.4541667,82,248,0.008278902,,,,2309.326,240.762,2068.564,49500,60000,188550,2309.326,0,100,0,0,0.6129125,0.01004775,3.095786,203826.8,1649492992,valid_capped_prediction,2.127432e+33,20,0.2,8000,197,15,2,12,923c7dd5f8acc98cb1e1253b339c1d2247563895bdd732db271d59bdf52f03a5,0.07695028,0.07883052,0.07399349,0.06701677,0.06621137,0.08168045,0.07271408,0.07695945
321000,heteroscedastic,sparse,100,400,primary,0.5,fixed,M3,0.05460159,1.242286,3.279447,0.06847569,0.06970097,0.3549819,0.09040404,1.345433,0.1853938,0.04789585,0.06012994,8.95,0.06150031,0.89889,0.003334595,0.4967904,0.2061459,0.7030901,0.1385102,20,11,82,0.7360406,0.7360406,0.7360406,82,0,0,0,1,True,694.9494,644.8725,0,56200,0,168850,678.0676,16.88179,111,7,0,0.6260826,0.01026365,2.952389,199539.2,951310848,complete,,20,0.2,8000,197,15,2,12,85de82d09d0b817a76de11df2be43dda0a2840fe843e123d4473385be7c7cf5c,0.06985262,0.07046055,0.06684609,0.05846385,0.06038021,0.06986734,0.06211424,0.06369471
321000,heteroscedastic,sparse,100,400,primary,0.5,fixed,M4,0.05460159,1.242286,3.279447,0.06847569,0.06970097,0.3549819,0.09040404,1.345433,0.1853938,0.04789585,0.06012994,8.95,0.06150031,0.89889,0.003334595,0.4967904,0.2061459,0.7030901,0.1385102,20,11,82,0.7360406,0.7360406,0.7360406,82,0,0,0,1,True,694.9494,644.8725,0,56200,0,168850,678.0676,16.88175,111,7,0,0.6260826,0.01026365,2.952389,199539.2,951310848,complete,,20,0.2,8000,197,15,2,12,85de82d09d0b817a76de11df2be43dda0a2840fe843e123d4473385be7c7cf5c,0.06985262,0.07046055,0.06684609,0.05846385,0.06038021,0.06986734,0.06211424,0.06369471
321000,heteroscedastic,sparse,100,400,primary,0.5,fixed,M5,0.05460085,1.242285,3.279454,0.06847569,0.06969972,0.3549819,0.09040404,1.345444,0.1853651,0.04789813,0.06012864,8.95,0.06150238,0.8988917,0.003332933,0.4967919,0.2061646,0.7030901,0.1385138,20,11,,,,,82,,-1.248531e-06,0,0,True,714.736,644.8725,0,56200,0,168850,678.0676,36.66832,111,7,0,21.12687,0.3463422,4.374636,5913.227,221937664,complete,,20,0.2,8000,197,15,2,12,4f4535898e3f10318a95512558c3e0455e6e0684a79f3867755aa46a09a31f64,0.06985323,0.07046412,0.06684344,0.058463,0.06038009,0.06986574,0.06210787,0.06369439
321000,heteroscedastic,sparse,100,400,primary,0.5,fixed,fixed,0.05460159,1.242286,3.279447,0.06847569,0.06970097,0.3549819,0.09040404,1.345433,0.1853938,0.04789585,0.06012994,8.95,0.06150031,0.89889,0.003334595,0.4967904,0.2061459,0.7030901,0.1385102,20,11,82,0.7360406,0.7360406,0.7360406,82,0,0,,,,457.2367,457.2367,0,51350,0,155050,457.2367,0,100,1,0,0.6260826,0.01026365,2.952389,199539.2,951310848,complete,,20,0.2,8000,197,15,2,12,85de82d09d0b817a76de11df2be43dda0a2840fe843e123d4473385be7c7cf5c,0.06985262,0.07046055,0.06684609,0.05846385,0.06038021,0.06986734,0.06211424,0.06369471
321000,heteroscedastic,sparse,100,400,primary,0.5,fixed,oracle,0.04981104,1.193225,3.295245,0.06847569,0.0472627,0.3549819,0.09040404,1.354251,0.05442974,0.04312541,0.05039317,8.95,0.0431997,0.9013369,0.0007619523,0.5004252,0.04026999,0.7016766,0.05299152,20,11,0,1,1,1,82,82,-0.02243827,,,,240.7302,240.7302,0,56050,0,167250,240.7302,0,100,0,0,0.5899292,0.00967097,2.922174,211767.8,1450423296,complete,,20,0.2,8000,197,15,2,12,7a2a7ff6a7dc1d78ed0f1a64f70fd2543a527927be67d4e7660f06fd3f7c4fb5,0.04736208,0.0471992,0.04703335,0.05039248,0.04333117,0.04738176,0.05031963,0.04253387
321000,heteroscedastic,sparse,100,400,primary,0.5,fixed,random,0.05460159,1.242286,3.279447,0.06847569,0.06970097,0.3549819,0.09040404,1.345433,0.1853938,0.04789585,0.06012994,8.95,0.06150031,0.89889,0.003334595,0.4967904,0.2061459,0.7030901,0.1385102,20,11,82,0.7360406,0.7360406,0.7360406,82,0,0,0,1,True,687.3258,650.6466,0,54900,0,168100,667.204,20.12178,106,7,0,0.6260826,0.01026365,2.952389,199539.2,951310848,complete,,20,0.2,8000,197,15,2,12,85de82d09d0b817a76de11df2be43dda0a2840fe843e123d4473385be7c7cf5c,0.06985262,0.07046055,0.06684609,0.05846385,0.06038021,0.06986734,0.06211424,0.06369471
321001,heteroscedastic,sparse,100,400,primary,0.2,adjusted,M0,0.04352448,,3.282361,0.06901719,0.08958988,0.3122758,0.139899,1.35239,0.2661799,0.04462476,0.05611403,13.85,0.07846151,0.8988306,0.006256657,0.499598,0.3233911,0.7050646,0.1410058,20,12,197,0,0,0,37,197,0.03115694,,,,0.0005869344,0.0005869344,0,0,0,0,0.0005869344,0,0,0,0,0.120311,0.001972312,1.711974,1038376,152697856,complete,,20,0.2,8000,197,15,2,11,559f7713691220b123f5bdf8b5e6e34094a35a761767e020b27cfe43618ba7c9,,,0.09086344,0.05657914,0.07711009,0.1028293,0.06890288,0.09989595
321001,heteroscedastic,sparse,100,400,primary,0.2,adjusted,M1,0.05969379,1.237941,3.161463,0.06901719,0.05893827,0.3122758,0.139899,1.296635,0.0971846,0.04303244,0.06185624,13.85,0.05080162,0.8868453,0.001828039,0.4819193,0.1160188,0.7028428,0.08000406,20,12,37,0.8781726,0.8781726,0.8781726,37,0,0.0005053325,,,,3.157688,3.157688,0,0,0,0,3.157688,0,0,0,0,9.718407,0.1593181,2.856739,12854.78,151211008,complete,,20,0.2,8000,197,15,2,11,a16d9bc5cc643ae8ef5a455cb92dbdf34c45e658cb094d10142c5fb61c83d94e,,,0.05888804,0.06271821,0.05044424,0.06512972,0.06799708,0.06020768
321001,heteroscedastic,sparse,100,400,primary,0.2,adjusted,M2,0.06185324,1.229751,3.251131,0.06901719,0.06846309,0.3122758,0.139899,1.328118,0.1163572,0.05696211,0.06207421,13.85,0.06491391,0.8955776,0.003723105,0.4922962,0.1452781,0.7036808,0.1063285,20,12,162,0.4817518,0.6700508,0.5605096,37,186,0.01003015,,,,2045.614,257.9846,1787.629,52350,60000,196350,2045.614,0,100,0,0,0.5948556,0.009751732,3.028883,210014,1845830656,valid_capped_prediction,4.878834e+32,20,0.2,8000,197,15,2,11,04581aab73878b08014ea4b3afde695e217b48c62816200494d104ebf0e1cd11,,,0.06726398,0.06228992,0.06520354,0.07500163,0.06707856,0.07672377
321001,heteroscedastic,sparse,100,400,primary,0.2,adjusted,M3,0.05341938,1.21777,3.291818,0.06901719,0.05843294,0.3122758,0.139899,1.350345,0.06526349,0.0435716,0.05610966,13.85,0.04970974,0.9002049,0.001886856,0.4995709,0.07737851,0.7028735,0.07641596,20,12,37,0.8781726,0.8781726,0.8781726,37,0,0,0,1,True,3751.342,3264.083,0,114450,0,342600,3609.67,141.6721,208,63,0,0.6029769,0.009884867,2.986807,207185.4,1148610048,valid_capped_prediction,,20,0.2,8000,197,15,2,11,e621c0ac5de7039dc1b38c237d15a4139872735751a2d7942e0d8c58e53a15e2,,,0.05839182,0.05647841,0.04956994,0.0641841,0.06094337,0.05604416
321001,heteroscedastic,sparse,100,400,primary,0.2,adjusted,M4,0.05341938,1.21777,3.291818,0.06901719,0.05843294,0.3122758,0.139899,1.350345,0.06526349,0.0435716,0.05610966,13.85,0.04970974,0.9002049,0.001886856,0.4995709,0.07737851,0.7028735,0.07641596,20,12,37,0.8781726,0.8781726,0.8781726,37,0,0,0,1,True,3751.341,3264.083,0,114450,0,342600,3609.67,141.6717,208,63,0,0.6029769,0.009884867,2.986807,207185.4,1148610048,valid_capped_prediction,,20,0.2,8000,197,15,2,11,e621c0ac5de7039dc1b38c237d15a4139872735751a2d7942e0d8c58e53a15e2,,,0.05839182,0.05647841,0.04956994,0.0641841,0.06094337,0.05604416
321001,heteroscedastic,sparse,100,400,primary,0.2,adjusted,M5,0.05341786,1.217763,3.291806,0.06901719,0.05842975,0.3122758,0.139899,1.350377,0.0652483,0.04356996,0.05610632,13.85,0.04970354,0.9002049,0.001887154,0.4995857,0.07735433,0.7028732,0.07640431,20,12,,,,,37,,-3.192574e-06,0,0,True,3643.279,3264.083,0,114450,0,342600,3609.67,33.60953,208,63,0,15.9034,0.2607115,5.727283,7855.427,553528832,valid_capped_prediction,,20,0.2,8000,197,15,2,11,91c19fc982851427ae360d0c8a30d9b5391546ecb392d3b76750c2d217c084cf,,,0.05838733,0.05647845,0.04955931,0.06418473,0.06094248,0.05604201
321001,heteroscedastic,sparse,100,400,primary,0.2,adjusted,fixed,0.05341938,1.21777,3.291818,0.06901719,0.05843294,0.3122758,0.139899,1.350345,0.06526349,0.0435716,0.05610966,13.85,0.04970974,0.9002049,0.001886856,0.4995709,0.07737851,0.7028735,0.07641596,20,12,37,0.8781726,0.8781726,0.8781726,37,0,0,,,,223.8164,223.8164,0,55400,0,167150,223.8164,0,100,1,0,0.6029769,0.009884867,2.986807,207185.4,1148610048,complete,,20,0.2,8000,197,15,2,11,e621c0ac5de7039dc1b38c237d15a4139872735751a2d7942e0d8c58e53a15e2,,,0.05839182,0.05647841,0.04956994,0.0641841,0.06094337,0.05604416
321001,heteroscedastic,sparse,100,400,primary,0.2,adjusted,random,0.05341938,1.21777,3.291818,0.06901719,0.05843294,0.3122758,0.139899,1.350345,0.06526349,0.0435716,0.05610966,13.85,0.04970974,0.9002049,0.001886856,0.4995709,0.07737851,0.7028735,0.07641596,20,12,37,0.8781726,0.8781726,0.8781726,37,0,0,0,1,True,2649.971,2325.143,0,95500,0,316150,2480.882,169.0889,172,72,0,0.6029769,0.009884867,2.986807,207185.4,1148610048,complete,,20,0.2,8000,197,15,2,11,e621c0ac5de7039dc1b38c237d15a4139872735751a2d7942e0d8c58e53a15e2,,,0.05839182,0.05647841,0.04956994,0.0641841,0.06094337,0.05604416
321001,heteroscedastic,sparse,100,400,primary,0.2,fixed,M0,0.04352448,,3.282361,0.06901719,0.08958988,0.3122758,0.139899,1.35239,0.2661799,0.04462476,0.05611403,13.85,0.07846151,0.8988306,0.006256657,0.499598,0.3233911,0.7050646,0.1410058,20,12,197,0,0,0,37,197,0.03115694,,,,0.0005869344,0.0005869344,0,0,0,0,0.0005869344,0,0,0,0,0.120311,0.001972312,1.711974,1038376,152697856,complete,,20,0.2,8000,197,15,2,11,559f7713691220b123f5bdf8b5e6e34094a35a761767e020b27cfe43618ba7c9,,,0.09086344,0.05657914,0.07711009,0.1028293,0.06890288,0.09989595
321001,heteroscedastic,sparse,100,400,primary,0.2,fixed,M1,0.05969379,1.237941,3.161463,0.06901719,0.05893827,0.3122758,0.139899,1.296635,0.0971846,0.04303244,0.06185624,13.85,0.05080162,0.8868453,0.001828039,0.4819193,0.1160188,0.7028428,0.08000406,20,12,37,0.8781726,0.8781726,0.8781726,37,0,0.0005053325,,,,3.157688,3.157688,0,0,0,0,3.157688,0,0,0,0,9.718407,0.1593181,2.856739,12854.78,151211008,complete,,20,0.2,8000,197,15,2,11,a16d9bc5cc643ae8ef5a455cb92dbdf34c45e658cb094d10142c5fb61c83d94e,,,0.05888804,0.06271821,0.05044424,0.06512972,0.06799708,0.06020768
321001,heteroscedastic,sparse,100,400,primary,0.2,fixed,M2,0.06185324,1.229751,3.251131,0.06901719,0.06846309,0.3122758,0.139899,1.328118,0.1163572,0.05696211,0.06207421,13.85,0.06491391,0.8955776,0.003723105,0.4922962,0.1452781,0.7036808,0.1063285,20,12,162,0.4817518,0.6700508,0.5605096,37,186,0.01003015,,,,2045.614,257.9846,1787.629,52350,60000,196350,2045.614,0,100,0,0,0.5948556,0.009751732,3.028883,210014,1845830656,valid_capped_prediction,4.878834e+32,20,0.2,8000,197,15,2,11,04581aab73878b08014ea4b3afde695e217b48c62816200494d104ebf0e1cd11,,,0.06726398,0.06228992,0.06520354,0.07500163,0.06707856,0.07672377
321001,heteroscedastic,sparse,100,400,primary,0.2,fixed,M3,0.05341938,1.21777,3.291818,0.06901719,0.05843294,0.3122758,0.139899,1.350345,0.06526349,0.0435716,0.05610966,13.85,0.04970974,0.9002049,0.001886856,0.4995709,0.07737851,0.7028735,0.07641596,20,12,37,0.8781726,0.8781726,0.8781726,37,0,0,0,1,True,586.3069,536.8091,0,62000,0,186550,569.3368,16.9701,111,7,0,0.6029769,0.009884867,2.986807,207185.4,1148610048,valid_capped_prediction,,20,0.2,8000,197,15,2,11,e621c0ac5de7039dc1b38c237d15a4139872735751a2d7942e0d8c58e53a15e2,,,0.05839182,0.05647841,0.04956994,0.0641841,0.06094337,0.05604416
321001,heteroscedastic,sparse,100,400,primary,0.2,fixed,M4,0.05341938,1.21777,3.291818,0.06901719,0.05843294,0.3122758,0.139899,1.350345,0.06526349,0.0435716,0.05610966,13.85,0.04970974,0.9002049,0.001886856,0.4995709,0.07737851,0.7028735,0.07641596,20,12,37,0.8781726,0.8781726,0.8781726,37,0,0,0,1,True,586.3069,536.8091,0,62000,0,186550,569.3368,16.97006,111,7,0,0.6029769,0.009884867,2.986807,207185.4,1148610048,valid_capped_prediction,,20,0.2,8000,197,15,2,11,e621c0ac5de7039dc1b38c237d15a4139872735751a2d7942e0d8c58e53a15e2,,,0.05839182,0.05647841,0.04956994,0.0641841,0.06094337,0.05604416
321001,heteroscedastic,sparse,100,400,primary,0.2,fixed,M5,0.05339449,1.217767,3.291788,0.06901719,0.05840841,0.3122758,0.139899,1.350363,0.06529543,0.04358028,0.05609146,13.85,0.04972663,0.9002027,0.001888692,0.4995716,0.07738365,0.7028722,0.07634619,20,12,,,,,37,,-2.453066e-05,0,0,True,603.3135,536.8091,0,62000,0,186550,569.3368,33.97665,111,7,0,16.08596,0.2637042,4.330923,7766.277,265675264,valid_capped_prediction,,20,0.2,8000,197,15,2,11,51259684851a2022550590a08b9ed4c7665f419c76d333aa3414eb1d05403483,,,0.05838281,0.05646521,0.0495934,0.06416749,0.06092275,0.05605309
321001,heteroscedastic,sparse,100,400,primary,0.2,fixed,fixed,0.05341938,1.21777,3.291818,0.06901719,0.05843294,0.3122758,0.139899,1.350345,0.06526349,0.0435716,0.05610966,13.85,0.04970974,0.9002049,0.001886856,0.4995709,0.07737851,0.7028735,0.07641596,20,12,37,0.8781726,0.8781726,0.8781726,37,0,0,,,,223.8164,223.8164,0,55400,0,167150,223.8164,0,100,1,0,0.6029769,0.009884867,2.986807,207185.4,1148610048,complete,,20,0.2,8000,197,15,2,11,e621c0ac5de7039dc1b38c237d15a4139872735751a2d7942e0d8c58e53a15e2,,,0.05839182,0.05647841,0.04956994,0.0641841,0.06094337,0.05604416
321001,heteroscedastic,sparse,100,400,primary,0.2,fixed,random,0.05341938,1.21777,3.291818,0.06901719,0.05843294,0.3122758,0.139899,1.350345,0.06526349,0.0435716,0.05610966,13.85,0.04970974,0.9002049,0.001886856,0.4995709,0.07737851,0.7028735,0.07641596,20,12,37,0.8781726,0.8781726,0.8781726,37,0,0,0,1,True,416.7013,382.4102,0,58850,0,179900,399.5203,17.18102,106,7,0,0.6029769,0.009884867,2.986807,207185.4,1148610048,complete,,20,0.2,8000,197,15,2,11,e621c0ac5de7039dc1b38c237d15a4139872735751a2d7942e0d8c58e53a15e2,,,0.05839182,0.05647841,0.04956994,0.0641841,0.06094337,0.05604416
321001,heteroscedastic,sparse,100,400,primary,0.5,adjusted,M0,0.04352448,,3.282361,0.06901719,0.08958988,0.3122758,0.139899,1.35239,0.2661799,0.04462476,0.05611403,13.85,0.07846151,0.8988306,0.006256657,0.499598,0.3233911,0.7050646,0.1410058,20,12,197,0,0,0,76,198,0.02195168,,,,0.0005869344,0.0005869344,0,0,0,0,0.0005869344,0,0,0,0,0.120311,0.001972312,1.711974,1038376,152697856,complete,,20,0.2,8000,197,15,2,11,559f7713691220b123f5bdf8b5e6e34094a35a761767e020b27cfe43618ba7c9,,,0.09086344,0.05657914,0.07711009,0.1028293,0.06890288,0.09989595
321001,heteroscedastic,sparse,100,400,primary,0.5,adjusted,M1,0.05957927,1.255478,3.1752,0.06901719,0.06735467,0.3122758,0.139899,1.303001,0.1247936,0.04325524,0.06463811,13.85,0.06056913,0.8880896,0.003178114,0.4838048,0.164079,0.703456,0.1046929,20,12,76,0.7575758,0.7614213,0.7594937,76,0,-0.0002835279,,,,4.167497,4.167497,0,0,0,0,4.167497,0,0,0,0,10.0299,0.1644246,3.028435,12455.56,151211520,complete,,20,0.2,8000,197,15,2,11,5a61f6c2a9ab2f31bff58783816da5bddd9e89040dd6728a9c2492e89fad29e6,,,0.06624888,0.06567577,0.0610922,0.07363403,0.07260349,0.07091616
321001,heteroscedastic,sparse,100,400,primary,0.5,adjusted,M2,0.06185324,1.229751,3.251131,0.06901719,0.06846309,0.3122758,0.139899,1.328118,0.1163572,0.05696211,0.06207421,13.85,0.06491391,0.8955776,0.003723105,0.4922962,0.1452781,0.7036808,0.1063285,20,12,162,0.4817518,0.6700508,0.5605096,76,213,0.000824897,,,,2045.614,257.9846,1787.629,52350,60000,196350,2045.614,0,100,0,0,0.5948556,0.009751732,3.028883,210014,1845830656,valid_capped_prediction,4.878834e+32,20,0.2,8000,197,15,2,11,04581aab73878b08014ea4b3afde695e217b48c62816200494d104ebf0e1cd11,,,0.06726398,0.06228992,0.06520354,0.07500163,0.06707856,0.07672377
321001,heteroscedastic,sparse,100,400,primary,0.5,adjusted,M3,0.05292006,1.238523,3.282005,0.06901719,0.0676382,0.3122758,0.139899,1.344595,0.101606,0.04434115,0.05881198,13.85,0.06046279,0.898878,0.003420954,0.497272,0.1399251,0.7034954,0.1036932,20,12,76,0.7575758,0.7614213,0.7594937,76,0,0,0,1,True,4211.95,3636.199,0,115200,0,345250,4040.224,171.7253,222,72,0,0.62265,0.01020738,2.987615,200639.2,758300160,complete,,20,0.2,8000,197,15,2,11,5af9461d81d06e7e2b749bd9666ce79a58e936dd5294c2f657d6a4a8fb17bb71,,,0.06724698,0.06026279,0.0610698,0.07650981,0.06888853,0.07205931
321001,heteroscedastic,sparse,100,400,primary,0.5,adjusted,M4,0.05292006,1.238523,3.282005,0.06901719,0.0676382,0.3122758,0.139899,1.344595,0.101606,0.04434115,0.05881198,13.85,0.06046279,0.898878,0.003420954,0.497272,0.1399251,0.7034954,0.1036932,20,12,76,0.7575758,0.7614213,0.7594937,76,0,0,0,1,True,4211.949,3636.199,0,115200,0,345250,4040.224,171.7246,222,72,0,0.62265,0.01020738,2.987615,200639.2,758300160,complete,,20,0.2,8000,197,15,2,11,5af9461d81d06e7e2b749bd9666ce79a58e936dd5294c2f657d6a4a8fb17bb71,,,0.06724698,0.06026279,0.0610698,0.07650981,0.06888853,0.07205931
321001,heteroscedastic,sparse,100,400,primary,0.5,adjusted,M5,0.05288498,1.238521,3.282142,0.06901719,0.06761385,0.3122758,0.139899,1.344709,0.1015464,0.04453822,0.05879153,13.85,0.06056598,0.8988834,0.003409649,0.4973154,0.1399326,0.7034937,0.1036032,20,12,,,,,76,,-2.43526e-05,0,0,True,4078.61,3636.199,0,115200,0,345250,4040.224,38.38613,222,72,0,20.85157,0.341829,4.317325,5991.3,567976960,complete,,20,0.2,8000,197,15,2,11,e15a3518c81e7d1844dc4e45726c1f332cdcff7c0e3804efd88c43611e1d7698,,,0.06721542,0.0602091,0.06111602,0.07642284,0.06882132,0.07202104
321001,heteroscedastic,sparse,100,400,primary,0.5,adjusted,fixed,0.05292006,1.238523,3.282005,0.06901719,0.0676382,0.3122758,0.139899,1.344595,0.101606,0.04434115,0.05881198,13.85,0.06046279,0.898878,0.003420954,0.497272,0.1399251,0.7034954,0.1036932,20,12,76,0.7575758,0.7614213,0.7594937,76,0,0,,,,507.6241,507.6241,0,51850,0,154750,507.6241,0,100,1,0,0.62265,0.01020738,2.987615,200639.2,758300160,complete,,20,0.2,8000,197,15,2,11,5af9461d81d06e7e2b749bd9666ce79a58e936dd5294c2f657d6a4a8fb17bb71,,,0.06724698,0.06026279,0.0610698,0.07650981,0.06888853,0.07205931
321001,heteroscedastic,sparse,100,400,primary,0.5,adjusted,random,0.05292006,1.238523,3.282005,0.06901719,0.0676382,0.3122758,0.139899,1.344595,0.101606,0.04434115,0.05881198,13.85,0.06046279,0.898878,0.003420954,0.497272,0.1399251,0.7034954,0.1036932,20,12,76,0.7575758,0.7614213,0.7594937,76,0,0,0,1,True,2782.398,2437.853,0,86450,0,281250,2620.082,162.3155,172,72,0,0.62265,0.01020738,2.987615,200639.2,758300160,complete,,20,0.2,8000,197,15,2,11,5af9461d81d06e7e2b749bd9666ce79a58e936dd5294c2f657d6a4a8fb17bb71,,,0.06724698,0.06026279,0.0610698,0.07650981,0.06888853,0.07205931
321001,heteroscedastic,sparse,100,400,primary,0.5,fixed,M0,0.04352448,,3.282361,0.06901719,0.08958988,0.3122758,0.139899,1.35239,0.2661799,0.04462476,0.05611403,13.85,0.07846151,0.8988306,0.006256657,0.499598,0.3233911,0.7050646,0.1410058,20,12,197,0,0,0,76,198,0.02195168,,,,0.0005869344,0.0005869344,0,0,0,0,0.0005869344,0,0,0,0,0.120311,0.001972312,1.711974,1038376,152697856,complete,,20,0.2,8000,197,15,2,11,559f7713691220b123f5bdf8b5e6e34094a35a761767e020b27cfe43618ba7c9,,,0.09086344,0.05657914,0.07711009,0.1028293,0.06890288,0.09989595
321001,heteroscedastic,sparse,100,400,primary,0.5,fixed,M1,0.05957927,1.255478,3.1752,0.06901719,0.06735467,0.3122758,0.139899,1.303001,0.1247936,0.04325524,0.06463811,13.85,0.06056913,0.8880896,0.003178114,0.4838048,0.164079,0.703456,0.1046929,20,12,76,0.7575758,0.7614213,0.7594937,76,0,-0.0002835279,,,,4.167497,4.167497,0,0,0,0,4.167497,0,0,0,0,10.0299,0.1644246,3.028435,12455.56,151211520,complete,,20,0.2,8000,197,15,2,11,5a61f6c2a9ab2f31bff58783816da5bddd9e89040dd6728a9c2492e89fad29e6,,,0.06624888,0.06567577,0.0610922,0.07363403,0.07260349,0.07091616
321001,heteroscedastic,sparse,100,400,primary,0.5,fixed,M2,0.06185324,1.229751,3.251131,0.06901719,0.06846309,0.3122758,0.139899,1.328118,0.1163572,0.05696211,0.06207421,13.85,0.06491391,0.8955776,0.003723105,0.4922962,0.1452781,0.7036808,0.1063285,20,12,162,0.4817518,0.6700508,0.5605096,76,213,0.000824897,,,,2045.614,257.9846,1787.629,52350,60000,196350,2045.614,0,100,0,0,0.5948556,0.009751732,3.028883,210014,1845830656,valid_capped_prediction,4.878834e+32,20,0.2,8000,197,15,2,11,04581aab73878b08014ea4b3afde695e217b48c62816200494d104ebf0e1cd11,,,0.06726398,0.06228992,0.06520354,0.07500163,0.06707856,0.07672377
321001,heteroscedastic,sparse,100,400,primary,0.5,fixed,M3,0.05292006,1.238523,3.282005,0.06901719,0.0676382,0.3122758,0.139899,1.344595,0.101606,0.04434115,0.05881198,13.85,0.06046279,0.898878,0.003420954,0.497272,0.1399251,0.7034954,0.1036932,20,12,76,0.7575758,0.7614213,0.7594937,76,0,0,0,1,True,907.7399,853.394,0,58350,0,175400,889.2149,18.52494,111,7,0,0.62265,0.01020738,2.987615,200639.2,758300160,complete,,20,0.2,8000,197,15,2,11,5af9461d81d06e7e2b749bd9666ce79a58e936dd5294c2f657d6a4a8fb17bb71,,,0.06724698,0.06026279,0.0610698,0.07650981,0.06888853,0.07205931
321001,heteroscedastic,sparse,100,400,primary,0.5,fixed,M4,0.05292006,1.238523,3.282005,0.06901719,0.0676382,0.3122758,0.139899,1.344595,0.101606,0.04434115,0.05881198,13.85,0.06046279,0.898878,0.003420954,0.497272,0.1399251,0.7034954,0.1036932,20,12,76,0.7575758,0.7614213,0.7594937,76,0,0,0,1,True,907.7398,853.394,0,58350,0,175400,889.2149,18.52488,111,7,0,0.62265,0.01020738,2.987615,200639.2,758300160,complete,,20,0.2,8000,197,15,2,11,5af9461d81d06e7e2b749bd9666ce79a58e936dd5294c2f657d6a4a8fb17bb71,,,0.06724698,0.06026279,0.0610698,0.07650981,0.06888853,0.07205931
321001,heteroscedastic,sparse,100,400,primary,0.5,fixed,M5,0.05291815,1.238523,3.282003,0.06901719,0.06763671,0.3122758,0.139899,1.344587,0.1016058,0.04434114,0.0588103,13.85,0.06046316,0.8988775,0.003421831,0.4972681,0.1399272,0.7034953,0.1036942,20,12,,,,,76,,-1.483969e-06,0,0,True,925.5995,853.394,0,58350,0,175400,889.2149,36.38454,111,7,0,20.88288,0.3423423,5.679751,5982.316,252663808,complete,,20,0.2,8000,197,15,2,11,750f7337ea38097f089087926fa1630d56e1ac75e8c0986c06631b23f08e5451,,,0.06724647,0.06026149,0.06107106,0.0765091,0.0688877,0.07206007
321001,heteroscedastic,sparse,100,400,primary,0.5,fixed,fixed,0.05292006,1.238523,3.282005,0.06901719,0.0676382,0.3122758,0.139899,1.344595,0.101606,0.04434115,0.05881198,13.85,0.06046279,0.898878,0.003420954,0.497272,0.1399251,0.7034954,0.1036932,20,12,76,0.7575758,0.7614213,0.7594937,76,0,0,,,,507.6241,507.6241,0,51850,0,154750,507.6241,0,100,1,0,0.62265,0.01020738,2.987615,200639.2,758300160,complete,,20,0.2,8000,197,15,2,11,5af9461d81d06e7e2b749bd9666ce79a58e936dd5294c2f657d6a4a8fb17bb71,,,0.06724698,0.06026279,0.0610698,0.07650981,0.06888853,0.07205931
321001,heteroscedastic,sparse,100,400,primary,0.5,fixed,random,0.05292006,1.238523,3.282005,0.06901719,0.0676382,0.3122758,0.139899,1.344595,0.101606,0.04434115,0.05881198,13.85,0.06046279,0.898878,0.003420954,0.497272,0.1399251,0.7034954,0.1036932,20,12,76,0.7575758,0.7614213,0.7594937,76,0,0,0,1,True,703.732,663.4832,0,54600,0,164500,682.7395,20.99254,106,7,0,0.62265,0.01020738,2.987615,200639.2,758300160,complete,,20,0.2,8000,197,15,2,11,5af9461d81d06e7e2b749bd9666ce79a58e936dd5294c2f657d6a4a8fb17bb71,,,0.06724698,0.06026279,0.0610698,0.07650981,0.06888853,0.07205931
321002,heteroscedastic,sparse,100,400,primary,0.2,adjusted,M0,0.04348397,,3.287069,0.09206844,0.1016327,0.2946618,0.2156566,1.351898,0.2588475,0.04367809,0.06660645,21.35,0.09954233,0.8985011,0.009125173,0.4988511,0.3067713,0.7070979,0.1922967,20,15,197,0,0,0,36,197,0.03371017,,,,0.0007109698,0.0007109698,0,0,0,0,0.0007109698,0,0,0,0,0.1182328,0.001938242,1.742994,1056628,152697856,complete,,20,0.2,8000,197,14,2,12,cf194096effcc33a454ddbeb68f83f07ec21da43fe1ce80839edb1969acc882e,,,0.1002278,0.06651847,0.09460306,0.09152766,0.05869385,0.07988829
321002,heteroscedastic,sparse,100,400,primary,0.2,adjusted,M1,0.05681456,1.246566,3.174265,0.09206844,0.06560021,0.2946618,0.2156566,1.303869,0.1310801,0.04298703,0.06562063,21.35,0.06276006,0.887896,0.002875034,0.4845259,0.1366249,0.7040432,0.1001822,20,15,36,0.8781726,0.8781726,0.8781726,36,0,-0.002322365,,,,2.848182,2.848182,0,0,0,0,2.848182,0,0,0,0,10.09291,0.1654575,3.0568,12377.8,151213056,complete,,20,0.2,8000,197,14,2,12,84403e5e9f8ecbe9c291ff1cb47dd66bc8e53cfda0cb52176c8ac40df9a66258,,,0.06324816,0.06473535,0.05901206,0.0601636,0.06192584,0.05240488
321002,heteroscedastic,sparse,100,400,primary,0.2,adjusted,M2,0.06598536,1.249179,3.282203,0.09206844,0.09104074,0.2946618,0.2156566,1.335004,0.1564495,0.05953116,0.07798289,21.35,0.08664091,0.8978942,0.007400021,0.4939453,0.1756486,0.7062563,0.1632214,20,15,210,0.3758865,0.5380711,0.4425887,36,229,0.02311817,,,,2035.301,214.871,1820.43,47200,60000,181600,2035.301,0,100,0,0,0.5846649,0.009584671,3.062261,213674.5,1453726720,valid_capped_prediction,4.560175e+33,20,0.2,8000,197,14,2,12,18f598f730e12a446e43c6e8dab3818f571ba8b3d0f22aa542bc57dec88ca0f4,,,0.08291684,0.07442317,0.0841467,0.08092139,0.06966044,0.07587632
321002,heteroscedastic,sparse,100,400,primary,0.2,adjusted,M3,0.05784494,1.227411,3.300135,0.09206844,0.06792257,0.2946618,0.2156566,1.348175,0.09249988,0.04389826,0.06302525,21.35,0.05928711,0.9006903,0.003425651,0.4992128,0.103304,0.7042477,0.101454,20,15,36,0.8781726,0.8781726,0.8781726,36,0,0,0,1,True,3790.718,3227.746,0,109050,0,326700,3628.866,161.8516,218,72,0,0.618572,0.01014052,2.950399,201962,955854336,complete,,20,0.2,8000,197,14,2,12,8773f26825919110ea9c4fea70dee8be7f005d31025e258a306d3504c7b705be,,,0.0653983,0.06155224,0.05740078,0.06330215,0.05879247,0.05151754
321002,heteroscedastic,sparse,100,400,primary,0.2,adjusted,M4,0.05784494,1.227411,3.300135,0.09206844,0.06792257,0.2946618,0.2156566,1.348175,0.09249988,0.04389826,0.06302525,21.35,0.05928711,0.9006903,0.003425651,0.4992128,0.103304,0.7042477,0.101454,20,15,36,0.8781726,0.8781726,0.8781726,36,0,0,0,1,True,3790.718,3227.746,0,109050,0,326700,3628.866,161.8515,218,72,0,0.618572,0.01014052,2.950399,201962,955854336,complete,,20,0.2,8000,197,14,2,12,8773f26825919110ea9c4fea70dee8be7f005d31025e258a306d3504c7b705be,,,0.0653983,0.06155224,0.05740078,0.06330215,0.05879247,0.05151754
321002,heteroscedastic,sparse,100,400,primary,0.2,adjusted,M5,0.05783985,1.2274,3.300167,0.09206844,0.06791306,0.2946618,0.2156566,1.34818,0.09249206,0.04389807,0.06301924,21.35,0.05928512,0.9006917,0.003418875,0.4992104,0.1032998,0.7042471,0.1014425,20,15,,,,,36,,-9.508803e-06,0,0,True,3663.476,3227.746,0,109050,0,326700,3628.866,34.60959,218,72,0,19.37104,0.3175581,5.975216,6449.214,596167168,complete,,20,0.2,8000,197,14,2,12,e2b8fc5680c947d15ef19c5a0748fdab4a27f848b9f902abe677466561638748,,,0.06538967,0.0615426,0.05739589,0.06328982,0.0587869,0.05152594
321002,heteroscedastic,sparse,100,400,primary,0.2,adjusted,fixed,0.05784494,1.227411,3.300135,0.09206844,0.06792257,0.2946618,0.2156566,1.348175,0.09249988,0.04389826,0.06302525,21.35,0.05928711,0.9006903,0.003425651,0.4992128,0.103304,0.7042477,0.101454,20,15,36,0.8781726,0.8781726,0.8781726,36,0,0,,,,197.8891,197.8891,0,50300,0,149500,197.8891,0,100,1,0,0.618572,0.01014052,2.950399,201962,955854336,complete,,20,0.2,8000,197,14,2,12,8773f26825919110ea9c4fea70dee8be7f005d31025e258a306d3504c7b705be,,,0.0653983,0.06155224,0.05740078,0.06330215,0.05879247,0.05151754
321002,heteroscedastic,sparse,100,400,primary,0.2,adjusted,random,0.05784494,1.227411,3.300135,0.09206844,0.06792257,0.2946618,0.2156566,1.348175,0.09249988,0.04389826,0.06302525,21.35,0.05928711,0.9006903,0.003425651,0.4992128,0.103304,0.7042477,0.101454,20,15,36,0.8781726,0.8781726,0.8781726,36,0,0,0,1,True,2449.796,2125.221,0,86500,0,287750,2289.19,160.6058,172,72,0,0.618572,0.01014052,2.950399,201962,955854336,complete,,20,0.2,8000,197,14,2,12,8773f26825919110ea9c4fea70dee8be7f005d31025e258a306d3504c7b705be,,,0.0653983,0.06155224,0.05740078,0.06330215,0.05879247,0.05151754
321002,heteroscedastic,sparse,100,400,primary,0.2,fixed,M0,0.04348397,,3.287069,0.09206844,0.1016327,0.2946618,0.2156566,1.351898,0.2588475,0.04367809,0.06660645,21.35,0.09954233,0.8985011,0.009125173,0.4988511,0.3067713,0.7070979,0.1922967,20,15,197,0,0,0,36,197,0.03371017,,,,0.0007109698,0.0007109698,0,0,0,0,0.0007109698,0,0,0,0,0.1182328,0.001938242,1.742994,1056628,152697856,complete,,20,0.2,8000,197,14,2,12,cf194096effcc33a454ddbeb68f83f07ec21da43fe1ce80839edb1969acc882e,,,0.1002278,0.06651847,0.09460306,0.09152766,0.05869385,0.07988829
321002,heteroscedastic,sparse,100,400,primary,0.2,fixed,M1,0.05681456,1.246566,3.174265,0.09206844,0.06560021,0.2946618,0.2156566,1.303869,0.1310801,0.04298703,0.06562063,21.35,0.06276006,0.887896,0.002875034,0.4845259,0.1366249,0.7040432,0.1001822,20,15,36,0.8781726,0.8781726,0.8781726,36,0,-0.002322365,,,,2.848182,2.848182,0,0,0,0,2.848182,0,0,0,0,10.09291,0.1654575,3.0568,12377.8,151213056,complete,,20,0.2,8000,197,14,2,12,84403e5e9f8ecbe9c291ff1cb47dd66bc8e53cfda0cb52176c8ac40df9a66258,,,0.06324816,0.06473535,0.05901206,0.0601636,0.06192584,0.05240488
321002,heteroscedastic,sparse,100,400,primary,0.2,fixed,M2,0.06598536,1.249179,3.282203,0.09206844,0.09104074,0.2946618,0.2156566,1.335004,0.1564495,0.05953116,0.07798289,21.35,0.08664091,0.8978942,0.007400021,0.4939453,0.1756486,0.7062563,0.1632214,20,15,210,0.3758865,0.5380711,0.4425887,36,229,0.02311817,,,,2035.301,214.871,1820.43,47200,60000,181600,2035.301,0,100,0,0,0.5846649,0.009584671,3.062261,213674.5,1453726720,valid_capped_prediction,4.560175e+33,20,0.2,8000,197,14,2,12,18f598f730e12a446e43c6e8dab3818f571ba8b3d0f22aa542bc57dec88ca0f4,,,0.08291684,0.07442317,0.0841467,0.08092139,0.06966044,0.07587632
321002,heteroscedastic,sparse,100,400,primary,0.2,fixed,M3,0.05784494,1.227411,3.300135,0.09206844,0.06792257,0.2946618,0.2156566,1.348175,0.09249988,0.04389826,0.06302525,21.35,0.05928711,0.9006903,0.003425651,0.4992128,0.103304,0.7042477,0.101454,20,15,36,0.8781726,0.8781726,0.8781726,36,0,0,0,1,True,475.8005,422.652,0,55450,0,167050,457.1444,18.65611,111,7,0,0.618572,0.01014052,2.950399,201962,955854336,complete,,20,0.2,8000,197,14,2,12,8773f26825919110ea9c4fea70dee8be7f005d31025e258a306d3504c7b705be,,,0.0653983,0.06155224,0.05740078,0.06330215,0.05879247,0.05151754
321002,heteroscedastic,sparse,100,400,primary,0.2,fixed,M4,0.05784494,1.227411,3.300135,0.09206844,0.06792257,0.2946618,0.2156566,1.348175,0.09249988,0.04389826,0.06302525,21.35,0.05928711,0.9006903,0.003425651,0.4992128,0.103304,0.7042477,0.101454,20,15,36,0.8781726,0.8781726,0.8781726,36,0,0,0,1,True,475.8005,422.652,0,55450,0,167050,457.1444,18.65607,111,7,0,0.618572,0.01014052,2.950399,201962,955854336,complete,,20,0.2,8000,197,14,2,12,8773f26825919110ea9c4fea70dee8be7f005d31025e258a306d3504c7b705be,,,0.0653983,0.06155224,0.05740078,0.06330215,0.05879247,0.05151754
321002,heteroscedastic,sparse,100,400,primary,0.2,fixed,M5,0.05783792,1.227407,3.300144,0.09206844,0.06791415,0.2946618,0.2156566,1.348157,0.09249019,0.04391487,0.06301663,21.35,0.05929699,0.90069,0.003423432,0.4991993,0.10329,0.7042473,0.1013897,20,15,,,,,36,,-8.427911e-06,0,0,True,494.2231,422.652,0,55450,0,167050,457.1444,37.07864,111,7,0,21.30079,0.3491933,4.435151,5864.946,260354560,complete,,20,0.2,8000,197,14,2,12,8424eb72a83e227d5e26d19f46466717e94982ae00327b15b26b6b38e25aaf13,,,0.06539646,0.06154425,0.05741225,0.06329826,0.0587873,0.05152155
321002,heteroscedastic,sparse,100,400,primary,0.2,fixed,fixed,0.05784494,1.227411,3.300135,0.09206844,0.06792257,0.2946618,0.2156566,1.348175,0.09249988,0.04389826,0.06302525,21.35,0.05928711,0.9006903,0.003425651,0.4992128,0.103304,0.7042477,0.101454,20,15,36,0.8781726,0.8781726,0.8781726,36,0,0,,,,197.8891,197.8891,0,50300,0,149500,197.8891,0,100,1,0,0.618572,0.01014052,2.950399,201962,955854336,complete,,20,0.2,8000,197,14,2,12,8773f26825919110ea9c4fea70dee8be7f005d31025e258a306d3504c7b705be,,,0.0653983,0.06155224,0.05740078,0.06330215,0.05879247,0.05151754
321002,heteroscedastic,sparse,100,400,primary,0.2,fixed,random,0.05784494,1.227411,3.300135,0.09206844,0.06792257,0.2946618,0.2156566,1.348175,0.09249988,0.04389826,0.06302525,21.35,0.05928711,0.9006903,0.003425651,0.4992128,0.103304,0.7042477,0.101454,20,15,36,0.8781726,0.8781726,0.8781726,36,0,0,0,1,True,383.9293,350.4949,0,53650,0,162900,365.3289,18.60035,106,7,0,0.618572,0.01014052,2.950399,201962,955854336,complete,,20,0.2,8000,197,14,2,12,8773f26825919110ea9c4fea70dee8be7f005d31025e258a306d3504c7b705be,,,0.0653983,0.06155224,0.05740078,0.06330215,0.05879247,0.05151754
321002,heteroscedastic,sparse,100,400,primary,0.5,adjusted,M0,0.04348397,,3.287069,0.09206844,0.1016327,0.2946618,0.2156566,1.351898,0.2588475,0.04367809,0.06660645,21.35,0.09954233,0.8985011,0.009125173,0.4988511,0.3067713,0.7070979,0.1922967,20,15,197,0,0,0,70,196,0.02961818,,,,0.0007109698,0.0007109698,0,0,0,0,0.0007109698,0,0,0,0,0.1182328,0.001938242,1.742994,1056628,152697856,complete,,20,0.2,8000,197,14,2,12,cf194096effcc33a454ddbeb68f83f07ec21da43fe1ce80839edb1969acc882e,,,0.1002278,0.06651847,0.09460306,0.09152766,0.05869385,0.07988829
321002,heteroscedastic,sparse,100,400,primary,0.5,adjusted,M1,0.05843061,1.260507,3.18094,0.09206844,0.07128695,0.2946618,0.2156566,1.306186,0.150846,0.04601266,0.06891827,21.35,0.06918336,0.8884677,0.003737094,0.4850014,0.1634056,0.7044627,0.09516964,20,15,70,0.7806122,0.7766497,0.778626,70,0,-0.0007276107,,,,2.658977,2.658977,0,0,0,0,2.658977,0,0,0,0,10.04954,0.1647466,3.148913,12431.22,151211008,complete,,20,0.2,8000,197,14,2,12,5ad57e48fc434d8a4cca712a5dff64f1bd0c65968c068fb3fa8a3f9ecb52f9be,,,0.06821042,0.06730898,0.06503524,0.06614458,0.06453564,0.05930803
321002,heteroscedastic,sparse,100,400,primary,0.5,adjusted,M2,0.06598536,1.249179,3.282203,0.09206844,0.09104074,0.2946618,0.2156566,1.335004,0.1564495,0.05953116,0.07798289,21.35,0.08664091,0.8978942,0.007400021,0.4939453,0.1756486,0.7062563,0.1632214,20,15,210,0.3758865,0.5380711,0.4425887,70,247,0.01902618,,,,2035.301,214.871,1820.43,47200,60000,181600,2035.301,0,100,0,0,0.5846649,0.009584671,3.062261,213674.5,1453726720,valid_capped_prediction,4.560175e+33,20,0.2,8000,197,14,2,12,18f598f730e12a446e43c6e8dab3818f571ba8b3d0f22aa542bc57dec88ca0f4,,,0.08291684,0.07442317,0.0841467,0.08092139,0.06966044,0.07587632
321002,heteroscedastic,sparse,100,400,primary,0.5,adjusted,M3,0.0556159,1.244103,3.28943,0.09206844,0.07201456,0.2946618,0.2156566,1.342761,0.1203825,0.04726148,0.06300814,21.35,0.0678821,0.8991709,0.003864385,0.4970767,0.1431561,0.7045555,0.09994523,20,15,70,0.7806122,0.7766497,0.778626,70,0,0,0,1,True,3607.086,3006.02,0,108000,0,324500,3410.672,196.4145,217,72,0,0.6219956,0.01019665,3.14341,200850.3,855074304,complete,,20,0.2,8000,197,14,2,12,37aac2bc456cff7c23a3d793dcd2c2d08874928d7e8d878ae98b63dcbcc92583,,,0.06803282,0.05986396,0.06385415,0.06679064,0.05881991,0.0588669
321002,heteroscedastic,sparse,100,400,primary,0.5,adjusted,M4,0.0556159,1.244103,3.28943,0.09206844,0.07201456,0.2946618,0.2156566,1.342761,0.1203825,0.04726148,0.06300814,21.35,0.0678821,0.8991709,0.003864385,0.4970767,0.1431561,0.7045555,0.09994523,20,15,70,0.7806122,0.7766497,0.778626,70,0,0,0,1,True,3607.086,3006.02,0,108000,0,324500,3410.672,196.4144,217,72,0,0.6219956,0.01019665,3.14341,200850.3,855074304,complete,,20,0.2,8000,197,14,2,12,37aac2bc456cff7c23a3d793dcd2c2d08874928d7e8d878ae98b63dcbcc92583,,,0.06803282,0.05986396,0.06385415,0.06679064,0.05881991,0.0588669
321002,heteroscedastic,sparse,100,400,primary,0.5,adjusted,M5,0.05560565,1.24407,3.289458,0.09206844,0.07197191,0.2946618,0.2156566,1.342815,0.1202833,0.04728137,0.06299129,21.35,0.06785807,0.8991768,0.003860872,0.4970957,0.1429801,0.7045522,0.09992956,20,15,,,,,70,,-4.264899e-05,0,0,True,3453.285,3006.02,0,108000,0,324500,3410.672,42.61326,217,72,0,20.8881,0.3424279,5.793961,5980.82,571470848,complete,,20,0.2,8000,197,14,2,12,c7b1b5acc1a24cf03dff15e8c1e92c30d9f062f5f233b29ec00eda19d5fb3315,,,0.06800013,0.05984028,0.06383375,0.0667724,0.0587912,0.05887106
321002,heteroscedastic,sparse,100,400,primary,0.5,adjusted,fixed,0.0556159,1.244103,3.28943,0.09206844,0.07201456,0.2946618,0.2156566,1.342761,0.1203825,0.04726148,0.06300814,21.35,0.0678821,0.8991709,0.003864385,0.4970767,0.1431561,0.7045555,0.09994523,20,15,70,0.7806122,0.7766497,0.778626,70,0,0,,,,327.9722,327.9722,0,50350,0,149800,327.9722,0,100,1,0,0.6219956,0.01019665,3.14341,200850.3,855074304,complete,,20,0.2,8000,197,14,2,12,37aac2bc456cff7c23a3d793dcd2c2d08874928d7e8d878ae98b63dcbcc92583,,,0.06803282,0.05986396,0.06385415,0.06679064,0.05881991,0.0588669
321002,heteroscedastic,sparse,100,400,primary,0.5,adjusted,random,0.0556159,1.244103,3.28943,0.09206844,0.07201456,0.2946618,0.2156566,1.342761,0.1203825,0.04726148,0.06300814,21.35,0.0678821,0.8991709,0.003864385,0.4970767,0.1431561,0.7045555,0.09994523,20,15,70,0.7806122,0.7766497,0.778626,70,0,0,0,1,True,2775.845,2417.04,0,88600,0,280150,2605.207,170.6379,175,72,0,0.6219956,0.01019665,3.14341,200850.3,855074304,complete,,20,0.2,8000,197,14,2,12,37aac2bc456cff7c23a3d793dcd2c2d08874928d7e8d878ae98b63dcbcc92583,,,0.06803282,0.05986396,0.06385415,0.06679064,0.05881991,0.0588669
321002,heteroscedastic,sparse,100,400,primary,0.5,fixed,M0,0.04348397,,3.287069,0.09206844,0.1016327,0.2946618,0.2156566,1.351898,0.2588475,0.04367809,0.06660645,21.35,0.09954233,0.8985011,0.009125173,0.4988511,0.3067713,0.7070979,0.1922967,20,15,197,0,0,0,70,196,0.02961818,,,,0.0007109698,0.0007109698,0,0,0,0,0.0007109698,0,0,0,0,0.1182328,0.001938242,1.742994,1056628,152697856,complete,,20,0.2,8000,197,14,2,12,cf194096effcc33a454ddbeb68f83f07ec21da43fe1ce80839edb1969acc882e,,,0.1002278,0.06651847,0.09460306,0.09152766,0.05869385,0.07988829
321002,heteroscedastic,sparse,100,400,primary,0.5,fixed,M1,0.05843061,1.260507,3.18094,0.09206844,0.07128695,0.2946618,0.2156566,1.306186,0.150846,0.04601266,0.06891827,21.35,0.06918336,0.8884677,0.003737094,0.4850014,0.1634056,0.7044627,0.09516964,20,15,70,0.7806122,0.7766497,0.778626,70,0,-0.0007276107,,,,2.658977,2.658977,0,0,0,0,2.658977,0,0,0,0,10.04954,0.1647466,3.148913,12431.22,151211008,complete,,20,0.2,8000,197,14,2,12,5ad57e48fc434d8a4cca712a5dff64f1bd0c65968c068fb3fa8a3f9ecb52f9be,,,0.06821042,0.06730898,0.06503524,0.06614458,0.06453564,0.05930803
321002,heteroscedastic,sparse,100,400,primary,0.5,fixed,M2,0.06598536,1.249179,3.282203,0.09206844,0.09104074,0.2946618,0.2156566,1.335004,0.1564495,0.05953116,0.07798289,21.35,0.08664091,0.8978942,0.007400021,0.4939453,0.1756486,0.7062563,0.1632214,20,15,210,0.3758865,0.5380711,0.4425887,70,247,0.01902618,,,,2035.301,214.871,1820.43,47200,60000,181600,2035.301,0,100,0,0,0.5846649,0.009584671,3.062261,213674.5,1453726720,valid_capped_prediction,4.560175e+33,20,0.2,8000,197,14,2,12,18f598f730e12a446e43c6e8dab3818f571ba8b3d0f22aa542bc57dec88ca0f4,,,0.08291684,0.07442317,0.0841467,0.08092139,0.06966044,0.07587632
321002,heteroscedastic,sparse,100,400,primary,0.5,fixed,M3,0.0556159,1.244103,3.28943,0.09206844,0.07201456,0.2946618,0.2156566,1.342761,0.1203825,0.04726148,0.06300814,21.35,0.0678821,0.8991709,0.003864385,0.4970767,0.1431561,0.7045555,0.09994523,20,15,70,0.7806122,0.7766497,0.778626,70,0,0,0,1,True,622.7124,563.8282,0,56150,0,165200,602.4606,20.25184,111,7,0,0.6219956,0.01019665,3.14341,200850.3,855074304,complete,,20,0.2,8000,197,14,2,12,37aac2bc456cff7c23a3d793dcd2c2d08874928d7e8d878ae98b63dcbcc92583,,,0.06803282,0.05986396,0.06385415,0.06679064,0.05881991,0.0588669
321002,heteroscedastic,sparse,100,400,primary,0.5,fixed,M4,0.0556159,1.244103,3.28943,0.09206844,0.07201456,0.2946618,0.2156566,1.342761,0.1203825,0.04726148,0.06300814,21.35,0.0678821,0.8991709,0.003864385,0.4970767,0.1431561,0.7045555,0.09994523,20,15,70,0.7806122,0.7766497,0.778626,70,0,0,0,1,True,622.7124,563.8282,0,56150,0,165200,602.4606,20.25181,111,7,0,0.6219956,0.01019665,3.14341,200850.3,855074304,complete,,20,0.2,8000,197,14,2,12,37aac2bc456cff7c23a3d793dcd2c2d08874928d7e8d878ae98b63dcbcc92583,,,0.06803282,0.05986396,0.06385415,0.06679064,0.05881991,0.0588669
321002,heteroscedastic,sparse,100,400,primary,0.5,fixed,M5,0.05560565,1.24407,3.289458,0.09206844,0.07197191,0.2946618,0.2156566,1.342815,0.1202833,0.04728137,0.06299129,21.35,0.06785807,0.8991768,0.003860872,0.4970957,0.1429801,0.7045522,0.09992956,20,15,,,,,70,,-4.264899e-05,0,0,True,643.8535,563.8282,0,56150,0,165200,602.4606,41.39293,111,7,0,20.85309,0.3418539,4.301867,5990.863,242229760,complete,,20,0.2,8000,197,14,2,12,cb0b3fef6d8a23744b09fd9bda05ed63f16e04d142dcd86c3cb37c690175a8f3,,,0.06800013,0.05984028,0.06383375,0.0667724,0.0587912,0.05887106
321002,heteroscedastic,sparse,100,400,primary,0.5,fixed,fixed,0.0556159,1.244103,3.28943,0.09206844,0.07201456,0.2946618,0.2156566,1.342761,0.1203825,0.04726148,0.06300814,21.35,0.0678821,0.8991709,0.003864385,0.4970767,0.1431561,0.7045555,0.09994523,20,15,70,0.7806122,0.7766497,0.778626,70,0,0,,,,327.9722,327.9722,0,50350,0,149800,327.9722,0,100,1,0,0.6219956,0.01019665,3.14341,200850.3,855074304,complete,,20,0.2,8000,197,14,2,12,37aac2bc456cff7c23a3d793dcd2c2d08874928d7e8d878ae98b63dcbcc92583,,,0.06803282,0.05986396,0.06385415,0.06679064,0.05881991,0.0588669
321002,heteroscedastic,sparse,100,400,primary,0.5,fixed,random,0.0556159,1.244103,3.28943,0.09206844,0.07201456,0.2946618,0.2156566,1.342761,0.1203825,0.04726148,0.06300814,21.35,0.0678821,0.8991709,0.003864385,0.4970767,0.1431561,0.7045555,0.09994523,20,15,70,0.7806122,0.7766497,0.778626,70,0,0,0,1,True,539.7879,502.5053,0,53550,0,161050,519.8119,19.97606,106,7,0,0.6219956,0.01019665,3.14341,200850.3,855074304,complete,,20,0.2,8000,197,14,2,12,37aac2bc456cff7c23a3d793dcd2c2d08874928d7e8d878ae98b63dcbcc92583,,,0.06803282,0.05986396,0.06385415,0.06679064,0.05881991,0.0588669
321003,heteroscedastic,sparse,100,400,primary,0.2,adjusted,M0,0.04370058,,3.278906,0.06720925,0.09238197,0.3299101,0.1287879,1.354905,0.2924247,0.04212601,0.05761011,12.75,0.07701951,0.8983892,0.006635026,0.4993401,0.339042,0.7053062,0.146539,20,11,197,0,0,0,39,197,0.02862504,,,,0.0006975215,0.0006975215,0,0,0,0,0.0006975215,0,0,0,0,0.1111972,0.001822905,1.660028,1123481,152697856,complete,,20,0.2,8000,197,11,2,10,1b71fe4f8d26f88efc09c25390272629b2a4e8b812d0ae118b45ef94aa21d1a4,,,0.09242277,0.05835135,0.07411927,0.09100151,0.05875207,0.07161509
321003,heteroscedastic,sparse,100,400,primary,0.2,adjusted,M1,0.06421993,1.226331,3.154112,0.06720925,0.06450595,0.3299101,0.1287879,1.294089,0.1067261,0.04149025,0.06847087,12.75,0.053636,0.8856371,0.002584816,0.4801065,0.1234291,0.7031704,0.1081782,20,11,39,0.8680203,0.8680203,0.8680203,39,0,0.000749021,,,,2.964182,2.964182,0,0,0,0,2.964182,0,0,0,0,9.914419,0.1625315,2.94445,12600.64,151212544,complete,,20,0.2,8000,197,11,2,10,dbff6af036838a95800303767dce0364c71b00136f3a6c62433f4a545760921b,,,0.06331597,0.06680558,0.05335015,0.06246485,0.06809422,0.05161431
321003,heteroscedastic,sparse,100,400,primary,0.2,adjusted,M2,0.05680185,1.234304,3.268459,0.06720925,0.07812952,0.3299101,0.1287879,1.332333,0.1968207,0.04534177,0.06672879,12.75,0.06945262,0.8969801,0.004744959,0.4920312,0.2172815,0.7043415,0.1308629,20,11,208,0.4035714,0.5736041,0.4737945,39,227,0.0143726,,,,2045.702,236.1876,1809.515,47600,60000,179100,2045.702,0,100,0,0,0.5863556,0.009612387,3.082093,213058.4,1739015168,valid_capped_prediction,6.552893e+33,20,0.2,8000,197,11,2,10,58183a2d59cc7f19ade63d62846205cca92795fa71d64494d2de1ecc888c5a21,,,0.07401291,0.06561484,0.06666666,0.07297762,0.06543962,0.06356866
321003,heteroscedastic,sparse,100,400,primary,0.2,adjusted,M3,0.05597736,1.205282,3.275404,0.06720925,0.06375693,0.3299101,0.1287879,1.338091,0.07299013,0.0430204,0.05867989,12.75,0.0522175,0.8982831,0.002653735,0.4945115,0.08770396,0.7031287,0.1056487,20,11,39,0.8680203,0.8680203,0.8680203,39,0,0,0,1,True,3770.203,3234.793,0,112450,0,335500,3621.304,148.899,214,69,0,0.6165674,0.01010766,2.986878,202618.6,1051177472,valid_capped_prediction,,20,0.2,8000,197,11,2,10,8f5405effdbcd2a307cf883ad1ef7258149f18432293572e369a18dc832059ee,,,0.06137391,0.05762596,0.05305891,0.06187444,0.05933547,0.05178525
321003,heteroscedastic,sparse,100,400,primary,0.2,adjusted,M4,0.05597736,1.205282,3.275404,0.06720925,0.06375693,0.3299101,0.1287879,1.338091,0.07299013,0.0430204,0.05867989,12.75,0.0522175,0.8982831,0.002653735,0.4945115,0.08770396,0.7031287,0.1056487,20,11,39,0.8680203,0.8680203,0.8680203,39,0,0,0,1,True,3770.203,3234.793,0,112450,0,335500,3621.304,148.8989,214,69,0,0.6165674,0.01010766,2.986878,202618.6,1051177472,valid_capped_prediction,,20,0.2,8000,197,11,2,10,8f5405effdbcd2a307cf883ad1ef7258149f18432293572e369a18dc832059ee,,,0.06137391,0.05762596,0.05305891,0.06187444,0.05933547,0.05178525
321003,heteroscedastic,sparse,100,400,primary,0.2,adjusted,M5,0.05595121,1.20522,3.275576,0.06720925,0.06368778,0.3299101,0.1287879,1.338145,0.07300103,0.04298802,0.05865113,12.75,0.05215216,0.8983036,0.002650016,0.4945337,0.08761113,0.7031231,0.1050594,20,11,,,,,39,,-6.914902e-05,0,0,True,3656.611,3234.793,0,112450,0,335500,3621.304,35.30739,214,69,0,18.53671,0.3038804,5.644604,6739.493,585678336,valid_capped_prediction,,20,0.2,8000,197,11,2,10,4e240fef6ab1132f45b95a486fa40f55e1528d12308080eabed33676dfce8b89,,,0.06131561,0.05759645,0.05300138,0.06184988,0.0593078,0.05179004
321003,heteroscedastic,sparse,100,400,primary,0.2,adjusted,fixed,0.05597736,1.205282,3.275404,0.06720925,0.06375693,0.3299101,0.1287879,1.338091,0.07299013,0.0430204,0.05867989,12.75,0.0522175,0.8982831,0.002653735,0.4945115,0.08770396,0.7031287,0.1056487,20,11,39,0.8680203,0.8680203,0.8680203,39,0,0,,,,234.3446,234.3446,0,52550,0,157000,234.3446,0,100,1,0,0.6165674,0.01010766,2.986878,202618.6,1051177472,complete,,20,0.2,8000,197,11,2,10,8f5405effdbcd2a307cf883ad1ef7258149f18432293572e369a18dc832059ee,,,0.06137391,0.05762596,0.05305891,0.06187444,0.05933547,0.05178525
321003,heteroscedastic,sparse,100,400,primary,0.2,adjusted,random,0.05597736,1.205282,3.275404,0.06720925,0.06375693,0.3299101,0.1287879,1.338091,0.07299013,0.0430204,0.05867989,12.75,0.0522175,0.8982831,0.002653735,0.4945115,0.08770396,0.7031287,0.1056487,20,11,39,0.8680203,0.8680203,0.8680203,39,0,0,0,1,True,2532.766,2174.961,0,89650,0,296100,2340.844,191.9226,171,72,0,0.6165674,0.01010766,2.986878,202618.6,1051177472,complete,,20,0.2,8000,197,11,2,10,8f5405effdbcd2a307cf883ad1ef7258149f18432293572e369a18dc832059ee,,,0.06137391,0.05762596,0.05305891,0.06187444,0.05933547,0.05178525
321003,heteroscedastic,sparse,100,400,primary,0.2,fixed,M0,0.04370058,,3.278906,0.06720925,0.09238197,0.3299101,0.1287879,1.354905,0.2924247,0.04212601,0.05761011,12.75,0.07701951,0.8983892,0.006635026,0.4993401,0.339042,0.7053062,0.146539,20,11,197,0,0,0,39,197,0.02862504,,,,0.0006975215,0.0006975215,0,0,0,0,0.0006975215,0,0,0,0,0.1111972,0.001822905,1.660028,1123481,152697856,complete,,20,0.2,8000,197,11,2,10,1b71fe4f8d26f88efc09c25390272629b2a4e8b812d0ae118b45ef94aa21d1a4,,,0.09242277,0.05835135,0.07411927,0.09100151,0.05875207,0.07161509
321003,heteroscedastic,sparse,100,400,primary,0.2,fixed,M1,0.06421993,1.226331,3.154112,0.06720925,0.06450595,0.3299101,0.1287879,1.294089,0.1067261,0.04149025,0.06847087,12.75,0.053636,0.8856371,0.002584816,0.4801065,0.1234291,0.7031704,0.1081782,20,11,39,0.8680203,0.8680203,0.8680203,39,0,0.000749021,,,,2.964182,2.964182,0,0,0,0,2.964182,0,0,0,0,9.914419,0.1625315,2.94445,12600.64,151212544,complete,,20,0.2,8000,197,11,2,10,dbff6af036838a95800303767dce0364c71b00136f3a6c62433f4a545760921b,,,0.06331597,0.06680558,0.05335015,0.06246485,0.06809422,0.05161431
321003,heteroscedastic,sparse,100,400,primary,0.2,fixed,M2,0.05680185,1.234304,3.268459,0.06720925,0.07812952,0.3299101,0.1287879,1.332333,0.1968207,0.04534177,0.06672879,12.75,0.06945262,0.8969801,0.004744959,0.4920312,0.2172815,0.7043415,0.1308629,20,11,208,0.4035714,0.5736041,0.4737945,39,227,0.0143726,,,,2045.702,236.1876,1809.515,47600,60000,179100,2045.702,0,100,0,0,0.5863556,0.009612387,3.082093,213058.4,1739015168,valid_capped_prediction,6.552893e+33,20,0.2,8000,197,11,2,10,58183a2d59cc7f19ade63d62846205cca92795fa71d64494d2de1ecc888c5a21,,,0.07401291,0.06561484,0.06666666,0.07297762,0.06543962,0.06356866
321003,heteroscedastic,sparse,100,400,primary,0.2,fixed,M3,0.05597736,1.205282,3.275404,0.06720925,0.06375693,0.3299101,0.1287879,1.338091,0.07299013,0.0430204,0.05867989,12.75,0.0522175,0.8982831,0.002653735,0.4945115,0.08770396,0.7031287,0.1056487,20,11,39,0.8680203,0.8680203,0.8680203,39,0,0,0,1,True,557.1217,505.9413,0,58350,0,173600,540.2263,16.89538,110,7,0,0.6165674,0.01010766,2.986878,202618.6,1051177472,valid_capped_prediction,,20,0.2,8000,197,11,2,10,8f5405effdbcd2a307cf883ad1ef7258149f18432293572e369a18dc832059ee,,,0.06137391,0.05762596,0.05305891,0.06187444,0.05933547,0.05178525
321003,heteroscedastic,sparse,100,400,primary,0.2,fixed,M4,0.05597736,1.205282,3.275404,0.06720925,0.06375693,0.3299101,0.1287879,1.338091,0.07299013,0.0430204,0.05867989,12.75,0.0522175,0.8982831,0.002653735,0.4945115,0.08770396,0.7031287,0.1056487,20,11,39,0.8680203,0.8680203,0.8680203,39,0,0,0,1,True,557.1217,505.9413,0,58350,0,173600,540.2263,16.89534,110,7,0,0.6165674,0.01010766,2.986878,202618.6,1051177472,valid_capped_prediction,,20,0.2,8000,197,11,2,10,8f5405effdbcd2a307cf883ad1ef7258149f18432293572e369a18dc832059ee,,,0.06137391,0.05762596,0.05305891,0.06187444,0.05933547,0.05178525
321003,heteroscedastic,sparse,100,400,primary,0.2,fixed,M5,0.05597391,1.205281,3.275378,0.06720925,0.06375831,0.3299101,0.1287879,1.338078,0.07300928,0.04303445,0.05867598,12.75,0.05222884,0.8982821,0.002652681,0.4945113,0.08770353,0.7031287,0.1056323,20,11,,,,,39,,1.387857e-06,0,0,True,574.6064,505.9413,0,58350,0,173600,540.2263,34.38005,110,7,0,20.01416,0.3281009,5.675135,6241.982,250930176,valid_capped_prediction,,20,0.2,8000,197,11,2,10,917471647b1d7aae5ec533ec734a33d87c639ae9556676223ffba7044f8a0146,,,0.06136713,0.05762278,0.05306426,0.06186909,0.05933116,0.05178317
321003,heteroscedastic,sparse,100,400,primary,0.2,fixed,fixed,0.05597736,1.205282,3.275404,0.06720925,0.06375693,0.3299101,0.1287879,1.338091,0.07299013,0.0430204,0.05867989,12.75,0.0522175,0.8982831,0.002653735,0.4945115,0.08770396,0.7031287,0.1056487,20,11,39,0.8680203,0.8680203,0.8680203,39,0,0,,,,234.3446,234.3446,0,52550,0,157000,234.3446,0,100,1,0,0.6165674,0.01010766,2.986878,202618.6,1051177472,complete,,20,0.2,8000,197,11,2,10,8f5405effdbcd2a307cf883ad1ef7258149f18432293572e369a18dc832059ee,,,0.06137391,0.05762596,0.05305891,0.06187444,0.05933547,0.05178525
321003,heteroscedastic,sparse,100,400,primary,0.2,fixed,random,0.05597736,1.205282,3.275404,0.06720925,0.06375693,0.3299101,0.1287879,1.338091,0.07299013,0.0430204,0.05867989,12.75,0.0522175,0.8982831,0.002653735,0.4945115,0.08770396,0.7031287,0.1056487,20,11,39,0.8680203,0.8680203,0.8680203,39,0,0,0,1,True,439.6846,406.7233,0,56100,0,170550,421.4296,18.25498,106,7,0,0.6165674,0.01010766,2.986878,202618.6,1051177472,complete,,20,0.2,8000,197,11,2,10,8f5405effdbcd2a307cf883ad1ef7258149f18432293572e369a18dc832059ee,,,0.06137391,0.05762596,0.05305891,0.06187444,0.05933547,0.05178525
321003,heteroscedastic,sparse,100,400,primary,0.5,adjusted,M0,0.04370058,,3.278906,0.06720925,0.09238197,0.3299101,0.1287879,1.354905,0.2924247,0.04212601,0.05761011,12.75,0.07701951,0.8983892,0.006635026,0.4993401,0.339042,0.7053062,0.146539,20,11,197,0,0,0,77,196,0.02058725,,,,0.0006975215,0.0006975215,0,0,0,0,0.0006975215,0,0,0,0,0.1111972,0.001822905,1.660028,1123481,152697856,complete,,20,0.2,8000,197,11,2,10,1b71fe4f8d26f88efc09c25390272629b2a4e8b812d0ae118b45ef94aa21d1a4,,,0.09242277,0.05835135,0.07411927,0.09100151,0.05875207,0.07161509
321003,heteroscedastic,sparse,100,400,primary,0.5,adjusted,M1,0.06405672,1.249905,3.168753,0.06720925,0.07179595,0.3299101,0.1287879,1.300435,0.1590625,0.04289909,0.07042821,12.75,0.06110407,0.8871708,0.003521897,0.4819089,0.18412,0.7036956,0.1228342,20,11,77,0.7602041,0.7563452,0.7582697,77,0,1.239777e-06,,,,3.383025,3.383025,0,0,0,0,3.383025,0,0,0,0,9.870462,0.1618109,3.054648,12656.75,151212544,complete,,20,0.2,8000,197,11,2,10,0adf94154ac4f4a0ba9854ef5ffb99d2612ee49127475523b592978dd0be318b,,,0.06844643,0.06815361,0.05803672,0.06812975,0.06964326,0.05661702
321003,heteroscedastic,sparse,100,400,primary,0.5,adjusted,M2,0.05680185,1.234304,3.268459,0.06720925,0.07812952,0.3299101,0.1287879,1.332333,0.1968207,0.04534177,0.06672879,12.75,0.06945262,0.8969801,0.004744959,0.4920312,0.2172815,0.7043415,0.1308629,20,11,208,0.4035714,0.5736041,0.4737945,77,256,0.006334809,,,,2045.702,236.1876,1809.515,47600,60000,179100,2045.702,0,100,0,0,0.5863556,0.009612387,3.082093,213058.4,1739015168,valid_capped_prediction,6.552893e+33,20,0.2,8000,197,11,2,10,58183a2d59cc7f19ade63d62846205cca92795fa71d64494d2de1ecc888c5a21,,,0.07401291,0.06561484,0.06666666,0.07297762,0.06543962,0.06356866
321003,heteroscedastic,sparse,100,400,primary,0.5,adjusted,M3,0.05519088,1.231979,3.286606,0.06720925,0.07179471,0.3299101,0.1287879,1.344363,0.1357469,0.04489566,0.06117693,12.75,0.06122086,0.8994548,0.003763021,0.4965389,0.1554485,0.7036721,0.1175632,20,11,77,0.7602041,0.7563452,0.7582697,77,0,0,0,1,True,3541.592,2957.902,0,105300,0,309650,3362.867,178.7245,217,72,0,0.626585,0.01027189,3.006104,199379.2,853199872,complete,,20,0.2,8000,197,11,2,10,4605f19f584d685652622199380622c322f25b5c03186a378e03c36340ac79f2,,,0.0680219,0.05869219,0.05797531,0.06870657,0.06045344,0.05606759
321003,heteroscedastic,sparse,100,400,primary,0.5,adjusted,M4,0.05519088,1.231979,3.286606,0.06720925,0.07179471,0.3299101,0.1287879,1.344363,0.1357469,0.04489566,0.06117693,12.75,0.06122086,0.8994548,0.003763021,0.4965389,0.1554485,0.7036721,0.1175632,20,11,77,0.7602041,0.7563452,0.7582697,77,0,0,0,1,True,3541.592,2957.902,0,105300,0,309650,3362.867,178.7244,217,72,0,0.626585,0.01027189,3.006104,199379.2,853199872,complete,,20,0.2,8000,197,11,2,10,4605f19f584d685652622199380622c322f25b5c03186a378e03c36340ac79f2,,,0.0680219,0.05869219,0.05797531,0.06870657,0.06045344,0.05606759
321003,heteroscedastic,sparse,100,400,primary,0.5,adjusted,M5,0.0551764,1.231931,3.286693,0.06720925,0.07173107,0.3299101,0.1287879,1.344376,0.1354635,0.04486627,0.06115518,12.75,0.06111818,0.8994649,0.003752904,0.4965468,0.1547291,0.7036667,0.1175737,20,11,,,,,77,,-6.364882e-05,0,0,True,3401.468,2957.902,0,105300,0,309650,3362.867,38.60068,217,72,0,23.01588,0.3773096,4.293055,5427.904,584538112,complete,,20,0.2,8000,197,11,2,10,0705abedbf5bb1463121fbd6f98ba086ef3655902c2f14d2052eab7000d5dbed,,,0.06796381,0.05865975,0.05790424,0.06867927,0.06043782,0.05604524
321003,heteroscedastic,sparse,100,400,primary,0.5,adjusted,fixed,0.05519088,1.231979,3.286606,0.06720925,0.07179471,0.3299101,0.1287879,1.344363,0.1357469,0.04489566,0.06117693,12.75,0.06122086,0.8994548,0.003763021,0.4965389,0.1554485,0.7036721,0.1175632,20,11,77,0.7602041,0.7563452,0.7582697,77,0,0,,,,444.4691,444.4691,0,51450,0,153100,444.4691,0,100,1,0,0.626585,0.01027189,3.006104,199379.2,853199872,complete,,20,0.2,8000,197,11,2,10,4605f19f584d685652622199380622c322f25b5c03186a378e03c36340ac79f2,,,0.0680219,0.05869219,0.05797531,0.06870657,0.06045344,0.05606759
321003,heteroscedastic,sparse,100,400,primary,0.5,adjusted,random,0.05519088,1.231979,3.286606,0.06720925,0.07179471,0.3299101,0.1287879,1.344363,0.1357469,0.04489566,0.06117693,12.75,0.06122086,0.8994548,0.003763021,0.4965389,0.1554485,0.7036721,0.1175632,20,11,77,0.7602041,0.7563452,0.7582697,77,0,0,0,1,True,2546.241,2209.616,0,85550,0,278600,2380.584,165.6579,171,72,0,0.626585,0.01027189,3.006104,199379.2,853199872,complete,,20,0.2,8000,197,11,2,10,4605f19f584d685652622199380622c322f25b5c03186a378e03c36340ac79f2,,,0.0680219,0.05869219,0.05797531,0.06870657,0.06045344,0.05606759
321003,heteroscedastic,sparse,100,400,primary,0.5,fixed,M0,0.04370058,,3.278906,0.06720925,0.09238197,0.3299101,0.1287879,1.354905,0.2924247,0.04212601,0.05761011,12.75,0.07701951,0.8983892,0.006635026,0.4993401,0.339042,0.7053062,0.146539,20,11,197,0,0,0,77,196,0.02058725,,,,0.0006975215,0.0006975215,0,0,0,0,0.0006975215,0,0,0,0,0.1111972,0.001822905,1.660028,1123481,152697856,complete,,20,0.2,8000,197,11,2,10,1b71fe4f8d26f88efc09c25390272629b2a4e8b812d0ae118b45ef94aa21d1a4,,,0.09242277,0.05835135,0.07411927,0.09100151,0.05875207,0.07161509
321003,heteroscedastic,sparse,100,400,primary,0.5,fixed,M1,0.06405672,1.249905,3.168753,0.06720925,0.07179595,0.3299101,0.1287879,1.300435,0.1590625,0.04289909,0.07042821,12.75,0.06110407,0.8871708,0.003521897,0.4819089,0.18412,0.7036956,0.1228342,20,11,77,0.7602041,0.7563452,0.7582697,77,0,1.239777e-06,,,,3.383025,3.383025,0,0,0,0,3.383025,0,0,0,0,9.870462,0.1618109,3.054648,12656.75,151212544,complete,,20,0.2,8000,197,11,2,10,0adf94154ac4f4a0ba9854ef5ffb99d2612ee49127475523b592978dd0be318b,,,0.06844643,0.06815361,0.05803672,0.06812975,0.06964326,0.05661702
321003,heteroscedastic,sparse,100,400,primary,0.5,fixed,M2,0.05680185,1.234304,3.268459,0.06720925,0.07812952,0.3299101,0.1287879,1.332333,0.1968207,0.04534177,0.06672879,12.75,0.06945262,0.8969801,0.004744959,0.4920312,0.2172815,0.7043415,0.1308629,20,11,208,0.4035714,0.5736041,0.4737945,77,256,0.006334809,,,,2045.702,236.1876,1809.515,47600,60000,179100,2045.702,0,100,0,0,0.5863556,0.009612387,3.082093,213058.4,1739015168,valid_capped_prediction,6.552893e+33,20,0.2,8000,197,11,2,10,58183a2d59cc7f19ade63d62846205cca92795fa71d64494d2de1ecc888c5a21,,,0.07401291,0.06561484,0.06666666,0.07297762,0.06543962,0.06356866
321003,heteroscedastic,sparse,100,400,primary,0.5,fixed,M3,0.05519088,1.231979,3.286606,0.06720925,0.07179471,0.3299101,0.1287879,1.344363,0.1357469,0.04489566,0.06117693,12.75,0.06122086,0.8994548,0.003763021,0.4965389,0.1554485,0.7036721,0.1175632,20,11,77,0.7602041,0.7563452,0.7582697,77,0,0,0,1,True,748.1269,690.9827,0,56250,0,167450,729.8469,18.27991,111,7,0,0.626585,0.01027189,3.006104,199379.2,853199872,complete,,20,0.2,8000,197,11,2,10,4605f19f584d685652622199380622c322f25b5c03186a378e03c36340ac79f2,,,0.0680219,0.05869219,0.05797531,0.06870657,0.06045344,0.05606759
321003,heteroscedastic,sparse,100,400,primary,0.5,fixed,M4,0.05519088,1.231979,3.286606,0.06720925,0.07179471,0.3299101,0.1287879,1.344363,0.1357469,0.04489566,0.06117693,12.75,0.06122086,0.8994548,0.003763021,0.4965389,0.1554485,0.7036721,0.1175632,20,11,77,0.7602041,0.7563452,0.7582697,77,0,0,0,1,True,748.1268,690.9827,0,56250,0,167450,729.8469,18.27991,111,7,0,0.626585,0.01027189,3.006104,199379.2,853199872,complete,,20,0.2,8000,197,11,2,10,4605f19f584d685652622199380622c322f25b5c03186a378e03c36340ac79f2,,,0.0680219,0.05869219,0.05797531,0.06870657,0.06045344,0.05606759
321003,heteroscedastic,sparse,100,400,primary,0.5,fixed,M5,0.05519223,1.231972,3.286579,0.06720925,0.07179329,0.3299101,0.1287879,1.344354,0.1357464,0.04488501,0.06117823,12.75,0.06121309,0.8994488,0.003763026,0.4965334,0.1554839,0.7036721,0.1175664,20,11,,,,,77,,-1.42809e-06,0,0,True,766.7185,690.9827,0,56250,0,167450,729.8469,36.87159,111,7,0,22.0764,0.3619081,5.644621,5658.895,235174912,complete,,20,0.2,8000,197,11,2,10,df7826fd80758cd5458de2a8060ad162973cd92c20c301c3593823edefe3271d,,,0.06801959,0.05868954,0.05797152,0.06870629,0.06045344,0.05606163
321003,heteroscedastic,sparse,100,400,primary,0.5,fixed,fixed,0.05519088,1.231979,3.286606,0.06720925,0.07179471,0.3299101,0.1287879,1.344363,0.1357469,0.04489566,0.06117693,12.75,0.06122086,0.8994548,0.003763021,0.4965389,0.1554485,0.7036721,0.1175632,20,11,77,0.7602041,0.7563452,0.7582697,77,0,0,,,,444.4691,444.4691,0,51450,0,153100,444.4691,0,100,1,0,0.626585,0.01027189,3.006104,199379.2,853199872,complete,,20,0.2,8000,197,11,2,10,4605f19f584d685652622199380622c322f25b5c03186a378e03c36340ac79f2,,,0.0680219,0.05869219,0.05797531,0.06870657,0.06045344,0.05606759
321003,heteroscedastic,sparse,100,400,primary,0.5,fixed,random,0.05519088,1.231979,3.286606,0.06720925,0.07179471,0.3299101,0.1287879,1.344363,0.1357469,0.04489566,0.06117693,12.75,0.06122086,0.8994548,0.003763021,0.4965389,0.1554485,0.7036721,0.1175632,20,11,77,0.7602041,0.7563452,0.7582697,77,0,0,0,1,True,607.8084,571.5126,0,54000,0,161250,587.3025,20.50589,106,7,0,0.626585,0.01027189,3.006104,199379.2,853199872,complete,,20,0.2,8000,197,11,2,10,4605f19f584d685652622199380622c322f25b5c03186a378e03c36340ac79f2,,,0.0680219,0.05869219,0.05797531,0.06870657,0.06045344,0.05606759
321004,heteroscedastic,sparse,100,400,primary,0.2,adjusted,M0,0.04447827,,3.287827,0.06968255,0.09320353,0.3345849,0.1106061,1.351275,0.3083517,0.04185266,0.05920837,10.95,0.0781085,0.8979061,0.007167562,0.4978715,0.3365541,0.7081143,0.1859742,20,13,197,0,0,0,35,197,0.02930889,,,,0.0003823284,0.0003823284,0,0,0,0,0.0003823284,0,0,0,0,0.1071138,0.001755964,1.692073,1166311,152697856,complete,,20,0.2,8000,197,11,2,11,8d5e6645990330a37a80c55361b9a3af8b110f09c4dc9a7f00835c3493f73308,,,0.09404753,0.05851921,0.08178153,0.1083812,0.07451995,0.104957
321004,heteroscedastic,sparse,100,400,primary,0.2,adjusted,M1,0.05975903,1.243002,3.171168,0.06968255,0.06239612,0.3345849,0.1106061,1.301062,0.1276824,0.04043654,0.06572112,10.95,0.05317843,0.8865831,0.002755732,0.4821346,0.116059,0.7057654,0.1020437,20,13,35,0.8781726,0.8781726,0.8781726,35,0,-0.001498516,,,,2.962617,2.962617,0,0,0,0,2.962617,0,0,0,0,9.816245,0.160922,2.879341,12726.66,151213056,complete,,20,0.2,8000,197,11,2,11,99d91812ffdcd3ec74444bb40dc3ef95082ff8c4a71e161c52d3e6a0ffd1f3e5,,,0.06375898,0.06634299,0.05597175,0.07338643,0.0728726,0.07041019
321004,heteroscedastic,sparse,100,400,primary,0.2,adjusted,M2,0.0610631,1.23703,3.279268,0.06968255,0.07679387,0.3345849,0.1106061,1.338111,0.2158603,0.05618786,0.06598026,10.95,0.06821148,0.897023,0.005475875,0.4937076,0.2279253,0.7068734,0.1275119,20,13,183,0.4494774,0.6548223,0.5330579,35,207,0.01289923,,,,2052.767,240.9731,1811.794,49700,60000,192200,2052.767,0,100,0,0,0.5852107,0.009593619,3.057588,213475.2,1452669440,valid_capped_prediction,4.497044e+33,20,0.2,8000,197,11,2,11,47475fe228d767f21295f594b98390fedfcc06251369136b292587f96c8f00c6,,,0.07459681,0.06423136,0.06916026,0.08646761,0.0753454,0.08313448
321004,heteroscedastic,sparse,100,400,primary,0.2,adjusted,M3,0.05697257,1.221839,3.303748,0.06968255,0.06389464,0.3345849,0.1106061,1.355968,0.09569918,0.04201883,0.06128293,10.95,0.05248212,0.9001924,0.00283415,0.5000086,0.09623907,0.7058811,0.09966251,20,13,35,0.8781726,0.8781726,0.8781726,35,0,0,0,1,True,3751.927,3247.491,0,113100,0,340600,3600.368,151.5593,212,66,0,0.6068723,0.009948726,2.944203,205855.5,1148726272,valid_capped_prediction,,20,0.2,8000,197,11,2,11,c6729ec32766304e2536d39e46f000070dfa26ca40a6db35a1fcac552b0f3686,,,0.06459786,0.0603705,0.05480089,0.07456811,0.06824659,0.07110362
321004,heteroscedastic,sparse,100,400,primary,0.2,adjusted,M4,0.05697257,1.221839,3.303748,0.06968255,0.06389464,0.3345849,0.1106061,1.355968,0.09569918,0.04201883,0.06128293,10.95,0.05248212,0.9001924,0.00283415,0.5000086,0.09623907,0.7058811,0.09966251,20,13,35,0.8781726,0.8781726,0.8781726,35,0,0,0,1,True,3751.927,3247.491,0,113100,0,340600,3600.368,151.5592,212,66,0,0.6068723,0.009948726,2.944203,205855.5,1148726272,valid_capped_prediction,,20,0.2,8000,197,11,2,11,c6729ec32766304e2536d39e46f000070dfa26ca40a6db35a1fcac552b0f3686,,,0.06459786,0.0603705,0.05480089,0.07456811,0.06824659,0.07110362
321004,heteroscedastic,sparse,100,400,primary,0.2,adjusted,M5,0.05695135,1.221812,3.303839,0.06968255,0.06385502,0.3345849,0.1106061,1.355998,0.09560468,0.0420058,0.061258,10.95,0.05242982,0.9002035,0.002823535,0.5000138,0.09591857,0.7058781,0.09963824,20,13,,,,,35,,-3.961846e-05,0,0,True,3633.923,3247.491,0,113100,0,340600,3600.368,33.55506,212,66,0,17.19201,0.2818362,4.388852,7266.632,575040512,valid_capped_prediction,,20,0.2,8000,197,11,2,11,a941c415b59e245b440617e7198dbb934a5ff48094822c363602558f7bf8dce6,,,0.06455616,0.06034772,0.054726,0.07454824,0.0682268,0.07109527
321004,heteroscedastic,sparse,100,400,primary,0.2,adjusted,fixed,0.05697257,1.221839,3.303748,0.06968255,0.06389464,0.3345849,0.1106061,1.355968,0.09569918,0.04201883,0.06128293,10.95,0.05248212,0.9001924,0.00283415,0.5000086,0.09623907,0.7058811,0.09966251,20,13,35,0.8781726,0.8781726,0.8781726,35,0,0,,,,215.5302,215.5302,0,51050,0,153650,215.5302,0,100,1,0,0.6068723,0.009948726,2.944203,205855.5,1148726272,complete,,20,0.2,8000,197,11,2,11,c6729ec32766304e2536d39e46f000070dfa26ca40a6db35a1fcac552b0f3686,,,0.06459786,0.0603705,0.05480089,0.07456811,0.06824659,0.07110362
321004,heteroscedastic,sparse,100,400,primary,0.2,adjusted,random,0.05697257,1.221839,3.303748,0.06968255,0.06389464,0.3345849,0.1106061,1.355968,0.09569918,0.04201883,0.06128293,10.95,0.05248212,0.9001924,0.00283415,0.5000086,0.09623907,0.7058811,0.09966251,20,13,35,0.8781726,0.8781726,0.8781726,35,0,0,0,1,True,2542.097,2210.199,0,86650,0,289750,2379.959,162.1388,171,72,0,0.6068723,0.009948726,2.944203,205855.5,1148726272,complete,,20,0.2,8000,197,11,2,11,c6729ec32766304e2536d39e46f000070dfa26ca40a6db35a1fcac552b0f3686,,,0.06459786,0.0603705,0.05480089,0.07456811,0.06824659,0.07110362
321004,heteroscedastic,sparse,100,400,primary,0.2,fixed,M0,0.04447827,,3.287827,0.06968255,0.09320353,0.3345849,0.1106061,1.351275,0.3083517,0.04185266,0.05920837,10.95,0.0781085,0.8979061,0.007167562,0.4978715,0.3365541,0.7081143,0.1859742,20,13,197,0,0,0,35,197,0.02930889,,,,0.0003823284,0.0003823284,0,0,0,0,0.0003823284,0,0,0,0,0.1071138,0.001755964,1.692073,1166311,152697856,complete,,20,0.2,8000,197,11,2,11,8d5e6645990330a37a80c55361b9a3af8b110f09c4dc9a7f00835c3493f73308,,,0.09404753,0.05851921,0.08178153,0.1083812,0.07451995,0.104957
321004,heteroscedastic,sparse,100,400,primary,0.2,fixed,M1,0.05975903,1.243002,3.171168,0.06968255,0.06239612,0.3345849,0.1106061,1.301062,0.1276824,0.04043654,0.06572112,10.95,0.05317843,0.8865831,0.002755732,0.4821346,0.116059,0.7057654,0.1020437,20,13,35,0.8781726,0.8781726,0.8781726,35,0,-0.001498516,,,,2.962617,2.962617,0,0,0,0,2.962617,0,0,0,0,9.816245,0.160922,2.879341,12726.66,151213056,complete,,20,0.2,8000,197,11,2,11,99d91812ffdcd3ec74444bb40dc3ef95082ff8c4a71e161c52d3e6a0ffd1f3e5,,,0.06375898,0.06634299,0.05597175,0.07338643,0.0728726,0.07041019
321004,heteroscedastic,sparse,100,400,primary,0.2,fixed,M2,0.0610631,1.23703,3.279268,0.06968255,0.07679387,0.3345849,0.1106061,1.338111,0.2158603,0.05618786,0.06598026,10.95,0.06821148,0.897023,0.005475875,0.4937076,0.2279253,0.7068734,0.1275119,20,13,183,0.4494774,0.6548223,0.5330579,35,207,0.01289923,,,,2052.767,240.9731,1811.794,49700,60000,192200,2052.767,0,100,0,0,0.5852107,0.009593619,3.057588,213475.2,1452669440,valid_capped_prediction,4.497044e+33,20,0.2,8000,197,11,2,11,47475fe228d767f21295f594b98390fedfcc06251369136b292587f96c8f00c6,,,0.07459681,0.06423136,0.06916026,0.08646761,0.0753454,0.08313448
321004,heteroscedastic,sparse,100,400,primary,0.2,fixed,M3,0.05697257,1.221839,3.303748,0.06968255,0.06389464,0.3345849,0.1106061,1.355968,0.09569918,0.04201883,0.06128293,10.95,0.05248212,0.9001924,0.00283415,0.5000086,0.09623907,0.7058811,0.09966251,20,13,35,0.8781726,0.8781726,0.8781726,35,0,0,0,1,True,607.2789,553.2545,0,57900,0,171300,589.3689,17.90999,111,7,0,0.6068723,0.009948726,2.944203,205855.5,1148726272,valid_capped_prediction,,20,0.2,8000,197,11,2,11,c6729ec32766304e2536d39e46f000070dfa26ca40a6db35a1fcac552b0f3686,,,0.06459786,0.0603705,0.05480089,0.07456811,0.06824659,0.07110362
321004,heteroscedastic,sparse,100,400,primary,0.2,fixed,M4,0.05697257,1.221839,3.303748,0.06968255,0.06389464,0.3345849,0.1106061,1.355968,0.09569918,0.04201883,0.06128293,10.95,0.05248212,0.9001924,0.00283415,0.5000086,0.09623907,0.7058811,0.09966251,20,13,35,0.8781726,0.8781726,0.8781726,35,0,0,0,1,True,607.2788,553.2545,0,57900,0,171300,589.3689,17.90991,111,7,0,0.6068723,0.009948726,2.944203,205855.5,1148726272,valid_capped_prediction,,20,0.2,8000,197,11,2,11,c6729ec32766304e2536d39e46f000070dfa26ca40a6db35a1fcac552b0f3686,,,0.06459786,0.0603705,0.05480089,0.07456811,0.06824659,0.07110362
321004,heteroscedastic,sparse,100,400,primary,0.2,fixed,M5,0.05697169,1.221839,3.303737,0.06968255,0.06389344,0.3345849,0.1106061,1.355968,0.09569882,0.04201996,0.06128194,10.95,0.05248296,0.9001909,0.00283277,0.5000091,0.09623827,0.7058811,0.09966592,20,13,,,,,35,,-1.192838e-06,0,0,True,617.5279,553.2545,0,57900,0,171300,589.3689,28.15893,111,7,0,16.85125,0.2762501,4.867694,7413.572,265208320,valid_capped_prediction,,20,0.2,8000,197,11,2,11,1badb19e742f5ad5bd55fb8303633291572aeae34c00e4dd3134e23383f8918a,,,0.06459796,0.06037059,0.05480316,0.07456739,0.06824534,0.07110377
321004,heteroscedastic,sparse,100,400,primary,0.2,fixed,fixed,0.05697257,1.221839,3.303748,0.06968255,0.06389464,0.3345849,0.1106061,1.355968,0.09569918,0.04201883,0.06128293,10.95,0.05248212,0.9001924,0.00283415,0.5000086,0.09623907,0.7058811,0.09966251,20,13,35,0.8781726,0.8781726,0.8781726,35,0,0,,,,215.5302,215.5302,0,51050,0,153650,215.5302,0,100,1,0,0.6068723,0.009948726,2.944203,205855.5,1148726272,complete,,20,0.2,8000,197,11,2,11,c6729ec32766304e2536d39e46f000070dfa26ca40a6db35a1fcac552b0f3686,,,0.06459786,0.0603705,0.05480089,0.07456811,0.06824659,0.07110362
321004,heteroscedastic,sparse,100,400,primary,0.2,fixed,random,0.05697257,1.221839,3.303748,0.06968255,0.06389464,0.3345849,0.1106061,1.355968,0.09569918,0.04201883,0.06128293,10.95,0.05248212,0.9001924,0.00283415,0.5000086,0.09623907,0.7058811,0.09966251,20,13,35,0.8781726,0.8781726,0.8781726,35,0,0,0,1,True,364.5352,332.3445,0,53350,0,161850,346.7198,17.81539,106,7,0,0.6068723,0.009948726,2.944203,205855.5,1148726272,complete,,20,0.2,8000,197,11,2,11,c6729ec32766304e2536d39e46f000070dfa26ca40a6db35a1fcac552b0f3686,,,0.06459786,0.0603705,0.05480089,0.07456811,0.06824659,0.07110362
321004,heteroscedastic,sparse,100,400,primary,0.5,adjusted,M0,0.04447827,,3.287827,0.06968255,0.09320353,0.3345849,0.1106061,1.351275,0.3083517,0.04185266,0.05920837,10.95,0.0781085,0.8979061,0.007167562,0.4978715,0.3365541,0.7081143,0.1859742,20,13,197,0,0,0,82,198,0.01282224,,,,0.0003823284,0.0003823284,0,0,0,0,0.0003823284,0,0,0,0,0.1071138,0.001755964,1.692073,1166311,152697856,complete,,20,0.2,8000,197,11,2,11,8d5e6645990330a37a80c55361b9a3af8b110f09c4dc9a7f00835c3493f73308,,,0.09404753,0.05851921,0.08178153,0.1083812,0.07451995,0.104957
321004,heteroscedastic,sparse,100,400,primary,0.5,adjusted,M1,0.06193407,1.261806,3.179017,0.06968255,0.07647068,0.3345849,0.1106061,1.304374,0.183369,0.04358902,0.07152247,10.95,0.06706314,0.8869232,0.004929255,0.4825449,0.1904964,0.7068264,0.1438371,20,13,82,0.7323232,0.7360406,0.7341772,82,0,-0.003910604,,,,2.809169,2.809169,0,0,0,0,2.809169,0,0,0,0,10.99434,0.1802352,3.464726,11362.93,151209984,complete,,20,0.2,8000,197,11,2,11,703a66372b8d37606eb15a380667f942aa79296f7f7e0921da18911e3860381b,,,0.07494515,0.07130654,0.07018649,0.07557384,0.07500109,0.07104736
321004,heteroscedastic,sparse,100,400,primary,0.5,adjusted,M2,0.0610631,1.23703,3.279268,0.06968255,0.07679387,0.3345849,0.1106061,1.338111,0.2158603,0.05618786,0.06598026,10.95,0.06821148,0.897023,0.005475875,0.4937076,0.2279253,0.7068734,0.1275119,20,13,183,0.4494774,0.6548223,0.5330579,82,230,-0.003587422,,,,2052.767,240.9731,1811.794,49700,60000,192200,2052.767,0,100,0,0,0.5852107,0.009593619,3.057588,213475.2,1452669440,valid_capped_prediction,4.497044e+33,20,0.2,8000,197,11,2,11,47475fe228d767f21295f594b98390fedfcc06251369136b292587f96c8f00c6,,,0.07459681,0.06423136,0.06916026,0.08646761,0.0753454,0.08313448
321004,heteroscedastic,sparse,100,400,primary,0.5,adjusted,M3,0.06010774,1.244605,3.298637,0.06968255,0.08038129,0.3345849,0.1106061,1.349105,0.1539893,0.04546132,0.06949053,10.95,0.06807598,0.8990774,0.00582677,0.4972651,0.1748406,0.7071349,0.1428662,20,13,82,0.7323232,0.7360406,0.7341772,82,0,0,0,1,True,3690.835,3149.249,0,111300,0,340750,3530.082,160.7525,214,72,0,0.6405384,0.01050063,3.35299,195035.9,1048902144,complete,,20,0.2,8000,197,11,2,11,6fc0872c51ce5c9409900de4663de2540e84fea5f9ee051c164928c4438b187a,,,0.07857082,0.06802037,0.0709052,0.07854823,0.07014254,0.06846219
321004,heteroscedastic,sparse,100,400,primary,0.5,adjusted,M4,0.06010774,1.244605,3.298637,0.06968255,0.08038129,0.3345849,0.1106061,1.349105,0.1539893,0.04546132,0.06949053,10.95,0.06807598,0.8990774,0.00582677,0.4972651,0.1748406,0.7071349,0.1428662,20,13,82,0.7323232,0.7360406,0.7341772,82,0,0,0,1,True,3690.835,3149.249,0,111300,0,340750,3530.082,160.7524,214,72,0,0.6405384,0.01050063,3.35299,195035.9,1048902144,complete,,20,0.2,8000,197,11,2,11,6fc0872c51ce5c9409900de4663de2540e84fea5f9ee051c164928c4438b187a,,,0.07857082,0.06802037,0.0709052,0.07854823,0.07014254,0.06846219
321004,heteroscedastic,sparse,100,400,primary,0.5,adjusted,M5,0.06010949,1.244535,3.298651,0.06968255,0.08035552,0.3345849,0.1106061,1.349107,0.1538281,0.04547485,0.06948718,10.95,0.06803975,0.8990774,0.005817913,0.4972634,0.1745466,0.707132,0.1428721,20,13,,,,,82,,-2.577268e-05,0,0,True,3562.494,3149.249,0,111300,0,340750,3530.082,32.41152,214,72,0,20.06771,0.3289789,4.313646,6225.324,586910720,complete,,20,0.2,8000,197,11,2,11,e140779726768f87996acd9ef3da29e3ec29d938fed120919ec21146cd1bf653,,,0.07854519,0.06801451,0.07090957,0.0785355,0.07012963,0.06845269
321004,heteroscedastic,sparse,100,400,primary,0.5,adjusted,fixed,0.06010774,1.244605,3.298637,0.06968255,0.08038129,0.3345849,0.1106061,1.349105,0.1539893,0.04546132,0.06949053,10.95,0.06807598,0.8990774,0.00582677,0.4972651,0.1748406,0.7071349,0.1428662,20,13,82,0.7323232,0.7360406,0.7341772,82,0,0,,,,399.9327,399.9327,0,51650,0,156350,399.9327,0,100,1,0,0.6405384,0.01050063,3.35299,195035.9,1048902144,complete,,20,0.2,8000,197,11,2,11,6fc0872c51ce5c9409900de4663de2540e84fea5f9ee051c164928c4438b187a,,,0.07857082,0.06802037,0.0709052,0.07854823,0.07014254,0.06846219
321004,heteroscedastic,sparse,100,400,primary,0.5,adjusted,random,0.06010774,1.244605,3.298637,0.06968255,0.08038129,0.3345849,0.1106061,1.349105,0.1539893,0.04546132,0.06949053,10.95,0.06807598,0.8990774,0.00582677,0.4972651,0.1748406,0.7071349,0.1428662,20,13,82,0.7323232,0.7360406,0.7341772,82,0,0,0,1,True,2862.018,2521.923,0,89700,0,289000,2694.88,167.1378,174,72,0,0.6405384,0.01050063,3.35299,195035.9,1048902144,complete,,20,0.2,8000,197,11,2,11,6fc0872c51ce5c9409900de4663de2540e84fea5f9ee051c164928c4438b187a,,,0.07857082,0.06802037,0.0709052,0.07854823,0.07014254,0.06846219
321004,heteroscedastic,sparse,100,400,primary,0.5,fixed,M0,0.04447827,,3.287827,0.06968255,0.09320353,0.3345849,0.1106061,1.351275,0.3083517,0.04185266,0.05920837,10.95,0.0781085,0.8979061,0.007167562,0.4978715,0.3365541,0.7081143,0.1859742,20,13,197,0,0,0,82,198,0.01282224,,,,0.0003823284,0.0003823284,0,0,0,0,0.0003823284,0,0,0,0,0.1071138,0.001755964,1.692073,1166311,152697856,complete,,20,0.2,8000,197,11,2,11,8d5e6645990330a37a80c55361b9a3af8b110f09c4dc9a7f00835c3493f73308,,,0.09404753,0.05851921,0.08178153,0.1083812,0.07451995,0.104957
321004,heteroscedastic,sparse,100,400,primary,0.5,fixed,M1,0.06193407,1.261806,3.179017,0.06968255,0.07647068,0.3345849,0.1106061,1.304374,0.183369,0.04358902,0.07152247,10.95,0.06706314,0.8869232,0.004929255,0.4825449,0.1904964,0.7068264,0.1438371,20,13,82,0.7323232,0.7360406,0.7341772,82,0,-0.003910604,,,,2.809169,2.809169,0,0,0,0,2.809169,0,0,0,0,10.99434,0.1802352,3.464726,11362.93,151209984,complete,,20,0.2,8000,197,11,2,11,703a66372b8d37606eb15a380667f942aa79296f7f7e0921da18911e3860381b,,,0.07494515,0.07130654,0.07018649,0.07557384,0.07500109,0.07104736
321004,heteroscedastic,sparse,100,400,primary,0.5,fixed,M2,0.0610631,1.23703,3.279268,0.06968255,0.07679387,0.3345849,0.1106061,1.338111,0.2158603,0.05618786,0.06598026,10.95,0.06821148,0.897023,0.005475875,0.4937076,0.2279253,0.7068734,0.1275119,20,13,183,0.4494774,0.6548223,0.5330579,82,230,-0.003587422,,,,2052.767,240.9731,1811.794,49700,60000,192200,2052.767,0,100,0,0,0.5852107,0.009593619,3.057588,213475.2,1452669440,valid_capped_prediction,4.497044e+33,20,0.2,8000,197,11,2,11,47475fe228d767f21295f594b98390fedfcc06251369136b292587f96c8f00c6,,,0.07459681,0.06423136,0.06916026,0.08646761,0.0753454,0.08313448
321004,heteroscedastic,sparse,100,400,primary,0.5,fixed,M3,0.06010774,1.244605,3.298637,0.06968255,0.08038129,0.3345849,0.1106061,1.349105,0.1539893,0.04546132,0.06949053,10.95,0.06807598,0.8990774,0.00582677,0.4972651,0.1748406,0.7071349,0.1428662,20,13,82,0.7323232,0.7360406,0.7341772,82,0,0,0,1,True,721.5784,665.0902,0,57050,0,171000,702.3131,19.26522,111,7,0,0.6405384,0.01050063,3.35299,195035.9,1048902144,complete,,20,0.2,8000,197,11,2,11,6fc0872c51ce5c9409900de4663de2540e84fea5f9ee051c164928c4438b187a,,,0.07857082,0.06802037,0.0709052,0.07854823,0.07014254,0.06846219
321004,heteroscedastic,sparse,100,400,primary,0.5,fixed,M4,0.06010774,1.244605,3.298637,0.06968255,0.08038129,0.3345849,0.1106061,1.349105,0.1539893,0.04546132,0.06949053,10.95,0.06807598,0.8990774,0.00582677,0.4972651,0.1748406,0.7071349,0.1428662,20,13,82,0.7323232,0.7360406,0.7341772,82,0,0,0,1,True,721.5783,665.0902,0,57050,0,171000,702.3131,19.26518,111,7,0,0.6405384,0.01050063,3.35299,195035.9,1048902144,complete,,20,0.2,8000,197,11,2,11,6fc0872c51ce5c9409900de4663de2540e84fea5f9ee051c164928c4438b187a,,,0.07857082,0.06802037,0.0709052,0.07854823,0.07014254,0.06846219
321004,heteroscedastic,sparse,100,400,primary,0.5,fixed,M5,0.06006446,1.244587,3.298709,0.06968255,0.08037451,0.3345849,0.1106061,1.349079,0.1540201,0.04550659,0.06947423,10.95,0.06810498,0.8990816,0.005836834,0.4972627,0.174918,0.7071344,0.1428571,20,13,,,,,82,,-6.778724e-06,0,0,True,741.2784,665.0902,0,57050,0,171000,702.3131,38.96529,111,7,0,19.42287,0.3184078,5.59722,6432.004,231128576,complete,,20,0.2,8000,197,11,2,11,ab711c55df355d7c1e72186ab8e9497b741554ca45b2ec9c26003419c1a7ae67,,,0.07853139,0.0679587,0.07086805,0.07853145,0.07012129,0.06845442
321004,heteroscedastic,sparse,100,400,primary,0.5,fixed,fixed,0.06010774,1.244605,3.298637,0.06968255,0.08038129,0.3345849,0.1106061,1.349105,0.1539893,0.04546132,0.06949053,10.95,0.06807598,0.8990774,0.00582677,0.4972651,0.1748406,0.7071349,0.1428662,20,13,82,0.7323232,0.7360406,0.7341772,82,0,0,,,,399.9327,399.9327,0,51650,0,156350,399.9327,0,100,1,0,0.6405384,0.01050063,3.35299,195035.9,1048902144,complete,,20,0.2,8000,197,11,2,11,6fc0872c51ce5c9409900de4663de2540e84fea5f9ee051c164928c4438b187a,,,0.07857082,0.06802037,0.0709052,0.07854823,0.07014254,0.06846219
321004,heteroscedastic,sparse,100,400,primary,0.5,fixed,random,0.06010774,1.244605,3.298637,0.06968255,0.08038129,0.3345849,0.1106061,1.349105,0.1539893,0.04546132,0.06949053,10.95,0.06807598,0.8990774,0.00582677,0.4972651,0.1748406,0.7071349,0.1428662,20,13,82,0.7323232,0.7360406,0.7341772,82,0,0,0,1,True,663.3966,628.4659,0,55700,0,169450,645.2659,18.13074,107,7,0,0.6405384,0.01050063,3.35299,195035.9,1048902144,complete,,20,0.2,8000,197,11,2,11,6fc0872c51ce5c9409900de4663de2540e84fea5f9ee051c164928c4438b187a,,,0.07857082,0.06802037,0.0709052,0.07854823,0.07014254,0.06846219
350000,heteroscedastic,dense,50,400,primary,0.2,adjusted,M0,0.04716409,,3.286804,0.1136547,0.1223302,0.1680451,0.4938776,1.344708,0.1435494,0.04180729,0.09451318,24.2,0.1202556,0.8990523,0.01450088,0.4985551,0.1709388,0.7038957,0.1939087,10,9,322,0,0,0,52,321,0.04922826,,,,0.0004513636,0.0004513636,0,0,0,0,0.0004513636,0,0,0,0,0.03118856,0.001006082,0.8407381,2035618,106751488,complete,,10,0.2,4000,322,26,7,26,92013d525add1a6682941483435c36a9af012765c9eb445a8076d0dcdfca841d,0.1240981,0.1291471,0.1224812,0.09274599,0.120975,0.1146175,0.08296443,0.1020365
350000,heteroscedastic,dense,50,400,primary,0.2,adjusted,M1,0.08781411,1.257247,3.190568,0.1136547,0.07225646,0.1680451,0.4938776,1.308636,0.08452076,0.08192465,0.06714312,24.2,0.06897591,0.890898,0.004305513,0.4897182,0.08448055,0.6985551,0.1017181,10,9,52,0.9034268,0.9006211,0.9020218,52,0,-0.0008454822,,,,0.7584883,0.7584883,0,0,0,0,0.7584883,0,0,0,0,1.421949,0.04586931,1.21658,44648.59,106009088,complete,,10,0.2,4000,322,26,7,26,8eb2d28e53469126d7d6d2f000d73ba687fa458c5488bea0f943abd35e933c1b,0.07199493,0.07065451,0.066983,0.06256182,0.06902215,0.06509715,0.06014381,0.06191199
350000,heteroscedastic,dense,50,400,primary,0.2,adjusted,M2,0.103706,1.289757,3.301736,0.1136547,0.1073283,0.1680451,0.4938776,1.335334,0.1203611,0.09360236,0.09642071,24.2,0.09898787,0.901137,0.01038572,0.4961545,0.1248142,0.701872,0.1645535,10,9,298,0.4513274,0.4751553,0.4629349,52,312,0.03422633,,,,1725.104,197.5917,1527.512,18250,60000,141250,1725.104,0,50,0,0,0.1874732,0.006047522,1.778006,338651.1,404043776,valid_capped_prediction,9.555449e+11,10,0.2,4000,322,26,7,26,f130e5812c974a29e78abea5a1ed85c137d0e6b128f5bc2ab14a098ebb7c9521,0.1061829,0.1084281,0.09089353,0.08158982,0.09550806,0.09119855,0.08245717,0.08422037
350000,heteroscedastic,dense,50,400,primary,0.2,adjusted,M3,0.1001419,1.252498,3.300275,0.1136547,0.07310194,0.1680451,0.4938776,1.334146,0.08203304,0.08783582,0.0700095,24.2,0.06846614,0.9023188,0.004319123,0.4978167,0.08420811,0.6986085,0.09551403,10,9,52,0.9034268,0.9006211,0.9020218,52,0,0,0,1,True,1376.063,1147.241,0,40550,0,292700,1295.544,80.5187,109,36,0,0.2376548,0.007666284,1.998352,267143.8,249582592,complete,,10,0.2,4000,322,26,7,26,959c86b0bd656b13a0eacad15026fca8f35eb07ab7d336ce2c85070416344ada,0.07307188,0.06988193,0.06817541,0.06539302,0.06767556,0.06448445,0.06172914,0.05968937
350000,heteroscedastic,dense,50,400,primary,0.2,adjusted,M4,0.1001419,1.252498,3.300275,0.1136547,0.07310194,0.1680451,0.4938776,1.334146,0.08203304,0.08783582,0.0700095,24.2,0.06846614,0.9023188,0.004319123,0.4978167,0.08420811,0.6986085,0.09551403,10,9,52,0.9034268,0.9006211,0.9020218,52,0,0,0,1,True,1376.063,1147.241,0,40550,0,292700,1295.544,80.51864,109,36,0,0.2376548,0.007666284,1.998352,267143.8,249582592,complete,,10,0.2,4000,322,26,7,26,959c86b0bd656b13a0eacad15026fca8f35eb07ab7d336ce2c85070416344ada,0.07307188,0.06988193,0.06817541,0.06539302,0.06767556,0.06448445,0.06172914,0.05968937
350000,heteroscedastic,dense,50,400,primary,0.2,adjusted,M5,0.09835459,1.252465,3.299918,0.1136547,0.07293724,0.1680451,0.4938776,1.334247,0.08193476,0.08622298,0.06984726,24.2,0.06834127,0.9022929,0.004259191,0.4978496,0.08415878,0.6985883,0.09531268,10,9,,,,,52,,-0.0001647014,0,0,True,1316.284,1147.241,0,40550,0,292700,1295.544,20.74048,109,36,0,9.554261,0.308202,3.178318,6644.993,205564416,complete,,10,0.2,4000,322,26,7,26,a1a0eed35799555faa8c452b8e9d5ea67c969cf32310947c4733ffd912ccbfa7,0.07288745,0.06974122,0.06797215,0.06522433,0.06742004,0.0644757,0.061678,0.05976708
350000,heteroscedastic,dense,50,400,primary,0.2,adjusted,fixed,0.1001419,1.252498,3.300275,0.1136547,0.07310194,0.1680451,0.4938776,1.334146,0.08203304,0.08783582,0.0700095,24.2,0.06846614,0.9023188,0.004319123,0.4978167,0.08420811,0.6986085,0.09551403,10,9,52,0.9034268,0.9006211,0.9020218,52,0,0,,,,234.4273,234.4273,0,18650,0,137350,234.4273,0,50,1,0,0.2376548,0.007666284,1.998352,267143.8,249582592,complete,,10,0.2,4000,322,26,7,26,959c86b0bd656b13a0eacad15026fca8f35eb07ab7d336ce2c85070416344ada,0.07307188,0.06988193,0.06817541,0.06539302,0.06767556,0.06448445,0.06172914,0.05968937
350000,heteroscedastic,dense,50,400,primary,0.2,adjusted,oracle,0.05325152,1.232326,3.313956,0.1136547,0.05661407,0.1680451,0.4938776,1.344549,0.06104475,0.04296978,0.05953348,24.2,0.05233155,0.9040547,0.002040264,0.5015067,0.05325588,0.6974423,0.06455877,10,9,0,1,1,1,52,52,-0.01648788,,,,187.5028,187.5028,0,18500,0,136900,187.5028,0,50,0,0,0.1978033,0.006380751,1.910077,320965.4,352639488,complete,,10,0.2,4000,322,26,7,26,2155cc3f01ec8e8932bbb300a34dfab66e014e44fa3da51859d3eee2a65d37a9,0.05615585,0.05619369,0.05591028,0.0584869,0.04966364,0.05311123,0.05605882,0.04575585
350000,heteroscedastic,dense,50,400,primary,0.2,adjusted,random,0.1001419,1.252498,3.300275,0.1136547,0.07310194,0.1680451,0.4938776,1.334146,0.08203304,0.08783582,0.0700095,24.2,0.06846614,0.9023188,0.004319123,0.4978167,0.08420811,0.6986085,0.09551403,10,9,52,0.9034268,0.9006211,0.9020218,52,0,0,0,1,True,1060.529,900.133,0,33050,0,246850,981.0498,79.47875,87,36,0,0.2376548,0.007666284,1.998352,267143.8,249582592,complete,,10,0.2,4000,322,26,7,26,959c86b0bd656b13a0eacad15026fca8f35eb07ab7d336ce2c85070416344ada,0.07307188,0.06988193,0.06817541,0.06539302,0.06767556,0.06448445,0.06172914,0.05968937
350000,heteroscedastic,dense,50,400,primary,0.2,fixed,M0,0.04716409,,3.286804,0.1136547,0.1223302,0.1680451,0.4938776,1.344708,0.1435494,0.04180729,0.09451318,24.2,0.1202556,0.8990523,0.01450088,0.4985551,0.1709388,0.7038957,0.1939087,10,9,322,0,0,0,52,321,0.04922826,,,,0.0004513636,0.0004513636,0,0,0,0,0.0004513636,0,0,0,0,0.03118856,0.001006082,0.8407381,2035618,106751488,complete,,10,0.2,4000,322,26,7,26,92013d525add1a6682941483435c36a9af012765c9eb445a8076d0dcdfca841d,0.1240981,0.1291471,0.1224812,0.09274599,0.120975,0.1146175,0.08296443,0.1020365
350000,heteroscedastic,dense,50,400,primary,0.2,fixed,M1,0.08781411,1.257247,3.190568,0.1136547,0.07225646,0.1680451,0.4938776,1.308636,0.08452076,0.08192465,0.06714312,24.2,0.06897591,0.890898,0.004305513,0.4897182,0.08448055,0.6985551,0.1017181,10,9,52,0.9034268,0.9006211,0.9020218,52,0,-0.0008454822,,,,0.7584883,0.7584883,0,0,0,0,0.7584883,0,0,0,0,1.421949,0.04586931,1.21658,44648.59,106009088,complete,,10,0.2,4000,322,26,7,26,8eb2d28e53469126d7d6d2f000d73ba687fa458c5488bea0f943abd35e933c1b,0.07199493,0.07065451,0.066983,0.06256182,0.06902215,0.06509715,0.06014381,0.06191199
350000,heteroscedastic,dense,50,400,primary,0.2,fixed,M2,0.103706,1.289757,3.301736,0.1136547,0.1073283,0.1680451,0.4938776,1.335334,0.1203611,0.09360236,0.09642071,24.2,0.09898787,0.901137,0.01038572,0.4961545,0.1248142,0.701872,0.1645535,10,9,298,0.4513274,0.4751553,0.4629349,52,312,0.03422633,,,,1725.104,197.5917,1527.512,18250,60000,141250,1725.104,0,50,0,0,0.1874732,0.006047522,1.778006,338651.1,404043776,valid_capped_prediction,9.555449e+11,10,0.2,4000,322,26,7,26,f130e5812c974a29e78abea5a1ed85c137d0e6b128f5bc2ab14a098ebb7c9521,0.1061829,0.1084281,0.09089353,0.08158982,0.09550806,0.09119855,0.08245717,0.08422037
350000,heteroscedastic,dense,50,400,primary,0.2,fixed,M3,0.1001419,1.252498,3.300275,0.1136547,0.07310194,0.1680451,0.4938776,1.334146,0.08203304,0.08783582,0.0700095,24.2,0.06846614,0.9023188,0.004319123,0.4978167,0.08420811,0.6986085,0.09551403,10,9,52,0.9034268,0.9006211,0.9020218,52,0,0,0,1,True,522.5715,477.653,0,23300,0,165350,504.9432,17.62832,61,7,0,0.2376548,0.007666284,1.998352,267143.8,249582592,complete,,10,0.2,4000,322,26,7,26,959c86b0bd656b13a0eacad15026fca8f35eb07ab7d336ce2c85070416344ada,0.07307188,0.06988193,0.06817541,0.06539302,0.06767556,0.06448445,0.06172914,0.05968937
350000,heteroscedastic,dense,50,400,primary,0.2,fixed,M4,0.1001419,1.252498,3.300275,0.1136547,0.07310194,0.1680451,0.4938776,1.334146,0.08203304,0.08783582,0.0700095,24.2,0.06846614,0.9023188,0.004319123,0.4978167,0.08420811,0.6986085,0.09551403,10,9,52,0.9034268,0.9006211,0.9020218,52,0,0,0,1,True,522.5715,477.653,0,23300,0,165350,504.9432,17.62829,61,7,0,0.2376548,0.007666284,1.998352,267143.8,249582592,complete,,10,0.2,4000,322,26,7,26,959c86b0bd656b13a0eacad15026fca8f35eb07ab7d336ce2c85070416344ada,0.07307188,0.06988193,0.06817541,0.06539302,0.06767556,0.06448445,0.06172914,0.05968937
350000,heteroscedastic,dense,50,400,primary,0.2,fixed,M5,0.1000286,1.252487,3.300106,0.1136547,0.07307763,0.1680451,0.4938776,1.334223,0.0820192,0.08774986,0.06998372,24.2,0.06843553,0.9023019,0.004312216,0.4978426,0.08419125,0.6986059,0.09554501,10,9,,,,,52,,-2.431162e-05,0,0,True,528.898,477.653,0,23300,0,165350,504.9432,23.95477,61,7,0,9.400563,0.303244,4.354988,6753.638,114956800,complete,,10,0.2,4000,322,26,7,26,d2bff71239f3e5b70968c9eb981ea291f06b40b33ec9e08d930ca92a2ead9b46,0.07304847,0.06986136,0.06814762,0.0653629,0.06762205,0.06444444,0.06169845,0.05965711
350000,heteroscedastic,dense,50,400,primary,0.2,fixed,fixed,0.1001419,1.252498,3.300275,0.1136547,0.07310194,0.1680451,0.4938776,1.334146,0.08203304,0.08783582,0.0700095,24.2,0.06846614,0.9023188,0.004319123,0.4978167,0.08420811,0.6986085,0.09551403,10,9,52,0.9034268,0.9006211,0.9020218,52,0,0,,,,234.4273,234.4273,0,18650,0,137350,234.4273,0,50,1,0,0.2376548,0.007666284,1.998352,267143.8,249582592,complete,,10,0.2,4000,322,26,7,26,959c86b0bd656b13a0eacad15026fca8f35eb07ab7d336ce2c85070416344ada,0.07307188,0.06988193,0.06817541,0.06539302,0.06767556,0.06448445,0.06172914,0.05968937
350000,heteroscedastic,dense,50,400,primary,0.2,fixed,oracle,0.05325152,1.232326,3.313956,0.1136547,0.05661407,0.1680451,0.4938776,1.344549,0.06104475,0.04296978,0.05953348,24.2,0.05233155,0.9040547,0.002040264,0.5015067,0.05325588,0.6974423,0.06455877,10,9,0,1,1,1,52,52,-0.01648788,,,,187.5028,187.5028,0,18500,0,136900,187.5028,0,50,0,0,0.1978033,0.006380751,1.910077,320965.4,352639488,complete,,10,0.2,4000,322,26,7,26,2155cc3f01ec8e8932bbb300a34dfab66e014e44fa3da51859d3eee2a65d37a9,0.05615585,0.05619369,0.05591028,0.0584869,0.04966364,0.05311123,0.05605882,0.04575585
350000,heteroscedastic,dense,50,400,primary,0.2,fixed,random,0.1001419,1.252498,3.300275,0.1136547,0.07310194,0.1680451,0.4938776,1.334146,0.08203304,0.08783582,0.0700095,24.2,0.06846614,0.9023188,0.004319123,0.4978167,0.08420811,0.6986085,0.09551403,10,9,52,0.9034268,0.9006211,0.9020218,52,0,0,0,1,True,375.7804,343.6849,0,20800,0,153000,359.1488,16.63156,56,7,0,0.2376548,0.007666284,1.998352,267143.8,249582592,complete,,10,0.2,4000,322,26,7,26,959c86b0bd656b13a0eacad15026fca8f35eb07ab7d336ce2c85070416344ada,0.07307188,0.06988193,0.06817541,0.06539302,0.06767556,0.06448445,0.06172914,0.05968937
350000,heteroscedastic,dense,50,400,primary,0.5,adjusted,M0,0.04716409,,3.286804,0.1136547,0.1223302,0.1680451,0.4938776,1.344708,0.1435494,0.04180729,0.09451318,24.2,0.1202556,0.8990523,0.01450088,0.4985551,0.1709388,0.7038957,0.1939087,10,9,322,0,0,0,124,321,0.02626132,,,,0.0004513636,0.0004513636,0,0,0,0,0.0004513636,0,0,0,0,0.03118856,0.001006082,0.8407381,2035618,106751488,complete,,10,0.2,4000,322,26,7,26,92013d525add1a6682941483435c36a9af012765c9eb445a8076d0dcdfca841d,0.1240981,0.1291471,0.1224812,0.09274599,0.120975,0.1146175,0.08296443,0.1020365
350000,heteroscedastic,dense,50,400,primary,0.5,adjusted,M1,0.05475372,1.272977,3.204791,0.1136547,0.09172394,0.1680451,0.4938776,1.316654,0.1079237,0.04853124,0.08202001,24.2,0.09039454,0.8912687,0.008813858,0.4910395,0.1182173,0.7007778,0.1794047,10,9,124,0.7694704,0.7670807,0.7682737,124,0,-0.004344948,,,,0.7280187,0.7280187,0,0,0,0,0.7280187,0,0,0,0,1.563632,0.05043974,1.199115,40602.91,106009088,complete,,10,0.2,4000,322,26,7,26,9053f2d09074b5a514a491b42e4f3bdd5581681dee8e956aa3c241ec6beda956,0.09258054,0.0931588,0.08367675,0.07459933,0.08864419,0.07885757,0.07139212,0.07392268
350000,heteroscedastic,dense,50,400,primary,0.5,adjusted,M2,0.103706,1.289757,3.301736,0.1136547,0.1073283,0.1680451,0.4938776,1.335334,0.1203611,0.09360236,0.09642071,24.2,0.09898787,0.901137,0.01038572,0.4961545,0.1248142,0.701872,0.1645535,10,9,298,0.4513274,0.4751553,0.4629349,124,333,0.01125939,,,,1725.104,197.5917,1527.512,18250,60000,141250,1725.104,0,50,0,0,0.1874732,0.006047522,1.778006,338651.1,404043776,valid_capped_prediction,9.555449e+11,10,0.2,4000,322,26,7,26,f130e5812c974a29e78abea5a1ed85c137d0e6b128f5bc2ab14a098ebb7c9521,0.1061829,0.1084281,0.09089353,0.08158982,0.09550806,0.09119855,0.08245717,0.08422037
350000,heteroscedastic,dense,50,400,primary,0.5,adjusted,M3,0.06007079,1.270641,3.313389,0.1136547,0.09606889,0.1680451,0.4938776,1.347507,0.1105442,0.04991925,0.0861381,24.2,0.09028544,0.9025331,0.00907477,0.5006806,0.1175775,0.700975,0.18575,10,9,124,0.7694704,0.7670807,0.7682737,124,0,0,0,1,True,1313.389,1089.64,0,38800,0,276350,1231.593,81.79613,105,36,0,0.2400102,0.007742263,1.923029,264522.1,249158656,complete,,10,0.2,4000,322,26,7,26,d347b08925dc8268a9d796596f3cb99a8a03dee5d2f2324cf31dab210357773f,0.0956526,0.09764978,0.08939686,0.08046762,0.08868909,0.08386647,0.07723633,0.07513678
350000,heteroscedastic,dense,50,400,primary,0.5,adjusted,M4,0.06007079,1.270641,3.313389,0.1136547,0.09606889,0.1680451,0.4938776,1.347507,0.1105442,0.04991925,0.0861381,24.2,0.09028544,0.9025331,0.00907477,0.5006806,0.1175775,0.700975,0.18575,10,9,124,0.7694704,0.7670807,0.7682737,124,0,0,0,1,True,1313.389,1089.64,0,38800,0,276350,1231.593,81.79606,105,36,0,0.2400102,0.007742263,1.923029,264522.1,249158656,complete,,10,0.2,4000,322,26,7,26,d347b08925dc8268a9d796596f3cb99a8a03dee5d2f2324cf31dab210357773f,0.0956526,0.09764978,0.08939686,0.08046762,0.08868909,0.08386647,0.07723633,0.07513678
350000,heteroscedastic,dense,50,400,primary,0.5,adjusted,M5,0.06006905,1.270632,3.313375,0.1136547,0.09606548,0.1680451,0.4938776,1.347522,0.1105313,0.04991283,0.08613297,24.2,0.09027628,0.9025281,0.009065805,0.5006896,0.1175696,0.7009747,0.1857516,10,9,,,,,124,,-3.40119e-06,0,0,True,1250.574,1089.64,0,38800,0,276350,1231.593,18.98116,105,36,0,8.373053,0.2700985,3.929817,7582.419,203500032,complete,,10,0.2,4000,322,26,7,26,d1a68d41745745b5a7f00da0421aa411f6fb181c552a5a1ad670729d057ed61f,0.09565053,0.09764843,0.08939874,0.08047265,0.08868167,0.08386436,0.07723273,0.07513074
350000,heteroscedastic,dense,50,400,primary,0.5,adjusted,fixed,0.06007079,1.270641,3.313389,0.1136547,0.09606889,0.1680451,0.4938776,1.347507,0.1105442,0.04991925,0.0861381,24.2,0.09028544,0.9025331,0.00907477,0.5006806,0.1175775,0.700975,0.18575,10,9,124,0.7694704,0.7670807,0.7682737,124,0,0,,,,154.4181,154.4181,0,18250,0,134250,154.4181,0,50,1,0,0.2400102,0.007742263,1.923029,264522.1,249158656,complete,,10,0.2,4000,322,26,7,26,d347b08925dc8268a9d796596f3cb99a8a03dee5d2f2324cf31dab210357773f,0.0956526,0.09764978,0.08939686,0.08046762,0.08868909,0.08386647,0.07723633,0.07513678
350000,heteroscedastic,dense,50,400,primary,0.5,adjusted,oracle,0.05325152,1.232326,3.313956,0.1136547,0.05661407,0.1680451,0.4938776,1.344549,0.06104475,0.04296978,0.05953348,24.2,0.05233155,0.9040547,0.002040264,0.5015067,0.05325588,0.6974423,0.06455877,10,9,0,1,1,1,124,124,-0.03945482,,,,187.5028,187.5028,0,18500,0,136900,187.5028,0,50,0,0,0.1978033,0.006380751,1.910077,320965.4,352639488,complete,,10,0.2,4000,322,26,7,26,2155cc3f01ec8e8932bbb300a34dfab66e014e44fa3da51859d3eee2a65d37a9,0.05615585,0.05619369,0.05591028,0.0584869,0.04966364,0.05311123,0.05605882,0.04575585
350000,heteroscedastic,dense,50,400,primary,0.5,adjusted,random,0.06007079,1.270641,3.313389,0.1136547,0.09606889,0.1680451,0.4938776,1.347507,0.1105442,0.04991925,0.0861381,24.2,0.09028544,0.9025331,0.00907477,0.5006806,0.1175775,0.700975,0.18575,10,9,124,0.7694704,0.7670807,0.7682737,124,0,0,0,1,True,907.0603,747.0456,0,30950,0,226250,822.2739,84.78645,86,36,0,0.2400102,0.007742263,1.923029,264522.1,249158656,complete,,10,0.2,4000,322,26,7,26,d347b08925dc8268a9d796596f3cb99a8a03dee5d2f2324cf31dab210357773f,0.0956526,0.09764978,0.08939686,0.08046762,0.08868909,0.08386647,0.07723633,0.07513678
350000,heteroscedastic,dense,50,400,primary,0.5,fixed,M0,0.04716409,,3.286804,0.1136547,0.1223302,0.1680451,0.4938776,1.344708,0.1435494,0.04180729,0.09451318,24.2,0.1202556,0.8990523,0.01450088,0.4985551,0.1709388,0.7038957,0.1939087,10,9,322,0,0,0,124,321,0.02626132,,,,0.0004513636,0.0004513636,0,0,0,0,0.0004513636,0,0,0,0,0.03118856,0.001006082,0.8407381,2035618,106751488,complete,,10,0.2,4000,322,26,7,26,92013d525add1a6682941483435c36a9af012765c9eb445a8076d0dcdfca841d,0.1240981,0.1291471,0.1224812,0.09274599,0.120975,0.1146175,0.08296443,0.1020365
350000,heteroscedastic,dense,50,400,primary,0.5,fixed,M1,0.05475372,1.272977,3.204791,0.1136547,0.09172394,0.1680451,0.4938776,1.316654,0.1079237,0.04853124,0.08202001,24.2,0.09039454,0.8912687,0.008813858,0.4910395,0.1182173,0.7007778,0.1794047,10,9,124,0.7694704,0.7670807,0.7682737,124,0,-0.004344948,,,,0.7280187,0.7280187,0,0,0,0,0.7280187,0,0,0,0,1.563632,0.05043974,1.199115,40602.91,106009088,complete,,10,0.2,4000,322,26,7,26,9053f2d09074b5a514a491b42e4f3bdd5581681dee8e956aa3c241ec6beda956,0.09258054,0.0931588,0.08367675,0.07459933,0.08864419,0.07885757,0.07139212,0.07392268
350000,heteroscedastic,dense,50,400,primary,0.5,fixed,M2,0.103706,1.289757,3.301736,0.1136547,0.1073283,0.1680451,0.4938776,1.335334,0.1203611,0.09360236,0.09642071,24.2,0.09898787,0.901137,0.01038572,0.4961545,0.1248142,0.701872,0.1645535,10,9,298,0.4513274,0.4751553,0.4629349,124,333,0.01125939,,,,1725.104,197.5917,1527.512,18250,60000,141250,1725.104,0,50,0,0,0.1874732,0.006047522,1.778006,338651.1,404043776,valid_capped_prediction,9.555449e+11,10,0.2,4000,322,26,7,26,f130e5812c974a29e78abea5a1ed85c137d0e6b128f5bc2ab14a098ebb7c9521,0.1061829,0.1084281,0.09089353,0.08158982,0.09550806,0.09119855,0.08245717,0.08422037
350000,heteroscedastic,dense,50,400,primary,0.5,fixed,M3,0.06007079,1.270641,3.313389,0.1136547,0.09606889,0.1680451,0.4938776,1.347507,0.1105442,0.04991925,0.0861381,24.2,0.09028544,0.9025331,0.00907477,0.5006806,0.1175775,0.700975,0.18575,10,9,124,0.7694704,0.7670807,0.7682737,124,0,0,0,1,True,343.1763,300.8477,0,21800,0,161150,326.5285,16.64775,60,7,0,0.2400102,0.007742263,1.923029,264522.1,249158656,complete,,10,0.2,4000,322,26,7,26,d347b08925dc8268a9d796596f3cb99a8a03dee5d2f2324cf31dab210357773f,0.0956526,0.09764978,0.08939686,0.08046762,0.08868909,0.08386647,0.07723633,0.07513678
350000,heteroscedastic,dense,50,400,primary,0.5,fixed,M4,0.06007079,1.270641,3.313389,0.1136547,0.09606889,0.1680451,0.4938776,1.347507,0.1105442,0.04991925,0.0861381,24.2,0.09028544,0.9025331,0.00907477,0.5006806,0.1175775,0.700975,0.18575,10,9,124,0.7694704,0.7670807,0.7682737,124,0,0,0,1,True,343.1763,300.8477,0,21800,0,161150,326.5285,16.64772,60,7,0,0.2400102,0.007742263,1.923029,264522.1,249158656,complete,,10,0.2,4000,322,26,7,26,d347b08925dc8268a9d796596f3cb99a8a03dee5d2f2324cf31dab210357773f,0.0956526,0.09764978,0.08939686,0.08046762,0.08868909,0.08386647,0.07723633,0.07513678
350000,heteroscedastic,dense,50,400,primary,0.5,fixed,M5,0.06006905,1.270632,3.313375,0.1136547,0.09606548,0.1680451,0.4938776,1.347522,0.1105313,0.04991283,0.08613297,24.2,0.09027628,0.9025281,0.009065805,0.5006896,0.1175696,0.7009747,0.1857516,10,9,,,,,124,,-3.40119e-06,0,0,True,344.0952,300.8477,0,21800,0,161150,326.5285,17.56666,60,7,0,8.373053,0.2700985,3.929817,7582.419,114775552,complete,,10,0.2,4000,322,26,7,26,d1a68d41745745b5a7f00da0421aa411f6fb181c552a5a1ad670729d057ed61f,0.09565053,0.09764843,0.08939874,0.08047265,0.08868167,0.08386436,0.07723273,0.07513074
350000,heteroscedastic,dense,50,400,primary,0.5,fixed,fixed,0.06007079,1.270641,3.313389,0.1136547,0.09606889,0.1680451,0.4938776,1.347507,0.1105442,0.04991925,0.0861381,24.2,0.09028544,0.9025331,0.00907477,0.5006806,0.1175775,0.700975,0.18575,10,9,124,0.7694704,0.7670807,0.7682737,124,0,0,,,,154.4181,154.4181,0,18250,0,134250,154.4181,0,50,1,0,0.2400102,0.007742263,1.923029,264522.1,249158656,complete,,10,0.2,4000,322,26,7,26,d347b08925dc8268a9d796596f3cb99a8a03dee5d2f2324cf31dab210357773f,0.0956526,0.09764978,0.08939686,0.08046762,0.08868909,0.08386647,0.07723633,0.07513678
350000,heteroscedastic,dense,50,400,primary,0.5,fixed,oracle,0.05325152,1.232326,3.313956,0.1136547,0.05661407,0.1680451,0.4938776,1.344549,0.06104475,0.04296978,0.05953348,24.2,0.05233155,0.9040547,0.002040264,0.5015067,0.05325588,0.6974423,0.06455877,10,9,0,1,1,1,124,124,-0.03945482,,,,187.5028,187.5028,0,18500,0,136900,187.5028,0,50,0,0,0.1978033,0.006380751,1.910077,320965.4,352639488,complete,,10,0.2,4000,322,26,7,26,2155cc3f01ec8e8932bbb300a34dfab66e014e44fa3da51859d3eee2a65d37a9,0.05615585,0.05619369,0.05591028,0.0584869,0.04966364,0.05311123,0.05605882,0.04575585
350000,heteroscedastic,dense,50,400,primary,0.5,fixed,random,0.06007079,1.270641,3.313389,0.1136547,0.09606889,0.1680451,0.4938776,1.347507,0.1105442,0.04991925,0.0861381,24.2,0.09028544,0.9025331,0.00907477,0.5006806,0.1175775,0.700975,0.18575,10,9,124,0.7694704,0.7670807,0.7682737,124,0,0,0,1,True,283.1305,252.5908,0,20600,0,152450,266.9804,16.15019,57,7,0,0.2400102,0.007742263,1.923029,264522.1,249158656,complete,,10,0.2,4000,322,26,7,26,d347b08925dc8268a9d796596f3cb99a8a03dee5d2f2324cf31dab210357773f,0.0956526,0.09764978,0.08939686,0.08046762,0.08868909,0.08386647,0.07723633,0.07513678
350001,heteroscedastic,dense,50,400,primary,0.2,adjusted,M0,0.04741684,,3.281017,0.1007458,0.1299384,0.1999488,0.3387755,1.356535,0.1762151,0.03739212,0.08627838,16.6,0.1060523,0.8980259,0.01748017,0.5009636,0.199724,0.703543,0.2692366,10,7,322,0,0,0,55,323,0.0638297,,,,0.0006241538,0.0006241538,0,0,0,0,0.0006241538,0,0,0,0,0.03374869,0.001088667,0.8439518,1881199,77237760,complete,,10,0.2,4000,322,22,7,22,11019e06ca91268529bac5dff4cc0137cb10fd2bfd9fcb1a2f3c7446730a7441,,,0.1306416,0.08957167,0.1106932,0.1189439,0.07352686,0.09347757
350001,heteroscedastic,dense,50,400,primary,0.2,adjusted,M1,0.05638758,1.225133,3.174878,0.1007458,0.06700707,0.1999488,0.3387755,1.304022,0.08651586,0.04059349,0.06363738,16.6,0.05836689,0.8891332,0.003833049,0.4871482,0.08312928,0.6967741,0.09712498,10,7,55,0.8947368,0.8975155,0.896124,55,0,0.0008983821,,,,0.8246191,0.8246191,0,0,0,0,0.8246191,0,0,0,0,1.491624,0.04811691,1.174888,42563,77058560,complete,,10,0.2,4000,322,22,7,22,8f9d34247b01b59044c84964fbadec13b0f766756ec3783eec0f38c92527f348,,,0.06531017,0.06271988,0.05935907,0.06602022,0.06295291,0.05622318
350001,heteroscedastic,dense,50,400,primary,0.2,adjusted,M2,0.08205968,1.277776,3.255795,0.1007458,0.1123117,0.1999488,0.3387755,1.321665,0.1513087,0.06302569,0.1010953,16.6,0.1004812,0.8950046,0.0132869,0.4898099,0.1570612,0.7016359,0.2229136,10,7,345,0.3608563,0.3664596,0.3636364,55,365,0.04620298,,,,1608.702,167.8653,1440.836,17200,60000,130400,1608.702,0,50,0,0,0.1939942,0.006257877,1.865374,327267.5,556905984,valid_capped_prediction,7.927307e+11,10,0.2,4000,322,22,7,22,ee53b9fc51d1fb0fd2182d50fcd3e536436647ab18028b34399d6edbedb3dab1,,,0.1063287,0.09772786,0.1087387,0.1025522,0.09184972,0.09536542
350001,heteroscedastic,dense,50,400,primary,0.2,adjusted,M3,0.05693106,1.218872,3.312351,0.1007458,0.06610869,0.1999488,0.3387755,1.343097,0.07604074,0.04125344,0.0641046,16.6,0.05711775,0.9032774,0.003690052,0.4998595,0.07689685,0.6967157,0.09480644,10,7,55,0.8947368,0.8975155,0.896124,55,0,0,0,1,True,1537.945,1304.653,0,42650,0,319900,1454.736,83.20893,108,36,0,0.2356097,0.007600313,1.975273,269462.6,199769088,complete,,10,0.2,4000,322,22,7,22,ac9db9a974f50b1a705dd9d94889665138d7b0a1474fdafcd803ca00339f9042,,,0.06350995,0.06316595,0.05490534,0.06811069,0.06573545,0.05653593
350001,heteroscedastic,dense,50,400,primary,0.2,adjusted,M4,0.05693106,1.218872,3.312351,0.1007458,0.06610869,0.1999488,0.3387755,1.343097,0.07604074,0.04125344,0.0641046,16.6,0.05711775,0.9032774,0.003690052,0.4998595,0.07689685,0.6967157,0.09480644,10,7,55,0.8947368,0.8975155,0.896124,55,0,0,0,1,True,1537.945,1304.653,0,42650,0,319900,1454.736,83.20889,108,36,0,0.2356097,0.007600313,1.975273,269462.6,199769088,complete,,10,0.2,4000,322,22,7,22,ac9db9a974f50b1a705dd9d94889665138d7b0a1474fdafcd803ca00339f9042,,,0.06350995,0.06316595,0.05490534,0.06811069,0.06573545,0.05653593
350001,heteroscedastic,dense,50,400,primary,0.2,adjusted,M5,0.05692578,1.218847,3.312367,0.1007458,0.06609607,0.1999488,0.3387755,1.343098,0.07601972,0.0412606,0.06409075,16.6,0.05713156,0.9032804,0.003684916,0.4998525,0.07692146,0.6967146,0.09478377,10,7,,,,,55,,-1.261979e-05,0,0,True,1476.637,1304.653,0,42650,0,319900,1454.736,21.90142,108,36,0,9.366224,0.3021363,4.334976,6778.399,199769088,complete,,10,0.2,4000,322,22,7,22,3673ff3daf2216f836aff5235271e10f570e64485842f230fc0a15a3f447b026,,,0.06350049,0.06316481,0.054952,0.06809051,0.0657215,0.05653417
350001,heteroscedastic,dense,50,400,primary,0.2,adjusted,fixed,0.05693106,1.218872,3.312351,0.1007458,0.06610869,0.1999488,0.3387755,1.343097,0.07604074,0.04125344,0.0641046,16.6,0.05711775,0.9032774,0.003690052,0.4998595,0.07689685,0.6967157,0.09480644,10,7,55,0.8947368,0.8975155,0.896124,55,0,0,,,,222.1052,222.1052,0,19350,0,142900,222.1052,0,50,1,0,0.2356097,0.007600313,1.975273,269462.6,198706176,complete,,10,0.2,4000,322,22,7,22,ac9db9a974f50b1a705dd9d94889665138d7b0a1474fdafcd803ca00339f9042,,,0.06350995,0.06316595,0.05490534,0.06811069,0.06573545,0.05653593
350001,heteroscedastic,dense,50,400,primary,0.2,adjusted,random,0.05693106,1.218872,3.312351,0.1007458,0.06610869,0.1999488,0.3387755,1.343097,0.07604074,0.04125344,0.0641046,16.6,0.05711775,0.9032774,0.003690052,0.4998595,0.07689685,0.6967157,0.09480644,10,7,55,0.8947368,0.8975155,0.896124,55,0,0,0,1,True,1131.144,968.6232,0,34750,0,263750,1052.769,78.37448,89,36,0,0.2356097,0.007600313,1.975273,269462.6,201409536,complete,,10,0.2,4000,322,22,7,22,ac9db9a974f50b1a705dd9d94889665138d7b0a1474fdafcd803ca00339f9042,,,0.06350995,0.06316595,0.05490534,0.06811069,0.06573545,0.05653593
350001,heteroscedastic,dense,50,400,primary,0.2,fixed,M0,0.04741684,,3.281017,0.1007458,0.1299384,0.1999488,0.3387755,1.356535,0.1762151,0.03739212,0.08627838,16.6,0.1060523,0.8980259,0.01748017,0.5009636,0.199724,0.703543,0.2692366,10,7,322,0,0,0,55,323,0.0638297,,,,0.0006241538,0.0006241538,0,0,0,0,0.0006241538,0,0,0,0,0.03374869,0.001088667,0.8439518,1881199,77237760,complete,,10,0.2,4000,322,22,7,22,11019e06ca91268529bac5dff4cc0137cb10fd2bfd9fcb1a2f3c7446730a7441,,,0.1306416,0.08957167,0.1106932,0.1189439,0.07352686,0.09347757
350001,heteroscedastic,dense,50,400,primary,0.2,fixed,M1,0.05638758,1.225133,3.174878,0.1007458,0.06700707,0.1999488,0.3387755,1.304022,0.08651586,0.04059349,0.06363738,16.6,0.05836689,0.8891332,0.003833049,0.4871482,0.08312928,0.6967741,0.09712498,10,7,55,0.8947368,0.8975155,0.896124,55,0,0.0008983821,,,,0.8246191,0.8246191,0,0,0,0,0.8246191,0,0,0,0,1.491624,0.04811691,1.174888,42563,77058560,complete,,10,0.2,4000,322,22,7,22,8f9d34247b01b59044c84964fbadec13b0f766756ec3783eec0f38c92527f348,,,0.06531017,0.06271988,0.05935907,0.06602022,0.06295291,0.05622318
350001,heteroscedastic,dense,50,400,primary,0.2,fixed,M2,0.08205968,1.277776,3.255795,0.1007458,0.1123117,0.1999488,0.3387755,1.321665,0.1513087,0.06302569,0.1010953,16.6,0.1004812,0.8950046,0.0132869,0.4898099,0.1570612,0.7016359,0.2229136,10,7,345,0.3608563,0.3664596,0.3636364,55,365,0.04620298,,,,1608.702,167.8653,1440.836,17200,60000,130400,1608.702,0,50,0,0,0.1939942,0.006257877,1.865374,327267.5,556905984,valid_capped_prediction,7.927307e+11,10,0.2,4000,322,22,7,22,ee53b9fc51d1fb0fd2182d50fcd3e536436647ab18028b34399d6edbedb3dab1,,,0.1063287,0.09772786,0.1087387,0.1025522,0.09184972,0.09536542
350001,heteroscedastic,dense,50,400,primary,0.2,fixed,M3,0.05693106,1.218872,3.312351,0.1007458,0.06610869,0.1999488,0.3387755,1.343097,0.07604074,0.04125344,0.0641046,16.6,0.05711775,0.9032774,0.003690052,0.4998595,0.07689685,0.6967157,0.09480644,10,7,55,0.8947368,0.8975155,0.896124,55,0,0,0,1,True,473.1968,426.4093,0,23600,0,174700,454.0329,19.16391,61,7,0,0.2356097,0.007600313,1.975273,269462.6,198706176,complete,,10,0.2,4000,322,22,7,22,ac9db9a974f50b1a705dd9d94889665138d7b0a1474fdafcd803ca00339f9042,,,0.06350995,0.06316595,0.05490534,0.06811069,0.06573545,0.05653593
350001,heteroscedastic,dense,50,400,primary,0.2,fixed,M4,0.05693106,1.218872,3.312351,0.1007458,0.06610869,0.1999488,0.3387755,1.343097,0.07604074,0.04125344,0.0641046,16.6,0.05711775,0.9032774,0.003690052,0.4998595,0.07689685,0.6967157,0.09480644,10,7,55,0.8947368,0.8975155,0.896124,55,0,0,0,1,True,473.1968,426.4093,0,23600,0,174700,454.0329,19.16388,61,7,0,0.2356097,0.007600313,1.975273,269462.6,198706176,complete,,10,0.2,4000,322,22,7,22,ac9db9a974f50b1a705dd9d94889665138d7b0a1474fdafcd803ca00339f9042,,,0.06350995,0.06316595,0.05490534,0.06811069,0.06573545,0.05653593
350001,heteroscedastic,dense,50,400,primary,0.2,fixed,M5,0.05687787,1.218863,3.312232,0.1007458,0.06608181,0.1999488,0.3387755,1.343129,0.07602939,0.04126899,0.06406636,16.6,0.05712721,0.9032635,0.003685338,0.4998535,0.07688996,0.6967141,0.09478795,10,7,,,,,55,,-2.688132e-05,0,0,True,474.613,426.4093,0,23600,0,174700,454.0329,20.58006,61,7,0,9.281772,0.299412,3.170147,6840.073,111600640,complete,,10,0.2,4000,322,22,7,22,1fd25b13092e7ebd688a03966ec355a42836ed80c1ea628bb74a7776f9c5bdf0,,,0.06347049,0.06312315,0.05490869,0.068082,0.06570433,0.05652397
350001,heteroscedastic,dense,50,400,primary,0.2,fixed,fixed,0.05693106,1.218872,3.312351,0.1007458,0.06610869,0.1999488,0.3387755,1.343097,0.07604074,0.04125344,0.0641046,16.6,0.05711775,0.9032774,0.003690052,0.4998595,0.07689685,0.6967157,0.09480644,10,7,55,0.8947368,0.8975155,0.896124,55,0,0,,,,222.1052,222.1052,0,19350,0,142900,222.1052,0,50,1,0,0.2356097,0.007600313,1.975273,269462.6,198706176,complete,,10,0.2,4000,322,22,7,22,ac9db9a974f50b1a705dd9d94889665138d7b0a1474fdafcd803ca00339f9042,,,0.06350995,0.06316595,0.05490534,0.06811069,0.06573545,0.05653593
350001,heteroscedastic,dense,50,400,primary,0.2,fixed,random,0.05693106,1.218872,3.312351,0.1007458,0.06610869,0.1999488,0.3387755,1.343097,0.07604074,0.04125344,0.0641046,16.6,0.05711775,0.9032774,0.003690052,0.4998595,0.07689685,0.6967157,0.09480644,10,7,55,0.8947368,0.8975155,0.896124,55,0,0,0,1,True,377.6309,340.1375,0,21750,0,162900,357.4097,20.22123,57,7,0,0.2356097,0.007600313,1.975273,269462.6,198706176,complete,,10,0.2,4000,322,22,7,22,ac9db9a974f50b1a705dd9d94889665138d7b0a1474fdafcd803ca00339f9042,,,0.06350995,0.06316595,0.05490534,0.06811069,0.06573545,0.05653593
350001,heteroscedastic,dense,50,400,primary,0.5,adjusted,M0,0.04741684,,3.281017,0.1007458,0.1299384,0.1999488,0.3387755,1.356535,0.1762151,0.03739212,0.08627838,16.6,0.1060523,0.8980259,0.01748017,0.5009636,0.199724,0.703543,0.2692366,10,7,322,0,0,0,111,323,0.05217871,,,,0.0006241538,0.0006241538,0,0,0,0,0.0006241538,0,0,0,0,0.03374869,0.001088667,0.8439518,1881199,77237760,complete,,10,0.2,4000,322,22,7,22,11019e06ca91268529bac5dff4cc0137cb10fd2bfd9fcb1a2f3c7446730a7441,,,0.1306416,0.08957167,0.1106932,0.1189439,0.07352686,0.09347757
350001,heteroscedastic,dense,50,400,primary,0.5,adjusted,M1,0.05738564,1.237267,3.193992,0.1007458,0.07387619,0.1999488,0.3387755,1.31068,0.1079079,0.04063536,0.06711446,16.6,0.06472576,0.8908492,0.00483645,0.4892279,0.1142938,0.6971798,0.09235546,10,7,111,0.7987616,0.8012422,0.8,111,0,-0.003883484,,,,0.714624,0.714624,0,0,0,0,0.714624,0,0,0,0,1.465245,0.04726596,1.227109,43329.28,72834048,complete,,10,0.2,4000,322,22,7,22,1207c8e12f84307c67de976f5f6ca1dbe6fb7ed3071c212907d1d48493c8a236,,,0.07242963,0.06705514,0.06655361,0.07406535,0.06765281,0.06285181
350001,heteroscedastic,dense,50,400,primary,0.5,adjusted,M2,0.08205968,1.277776,3.255795,0.1007458,0.1123117,0.1999488,0.3387755,1.321665,0.1513087,0.06302569,0.1010953,16.6,0.1004812,0.8950046,0.0132869,0.4898099,0.1570612,0.7016359,0.2229136,10,7,345,0.3608563,0.3664596,0.3636364,111,395,0.03455199,,,,1608.702,167.8653,1440.836,17200,60000,130400,1608.702,0,50,0,0,0.1939942,0.006257877,1.865374,327267.5,556905984,valid_capped_prediction,7.927307e+11,10,0.2,4000,322,22,7,22,ee53b9fc51d1fb0fd2182d50fcd3e536436647ab18028b34399d6edbedb3dab1,,,0.1063287,0.09772786,0.1087387,0.1025522,0.09184972,0.09536542
350001,heteroscedastic,dense,50,400,primary,0.5,adjusted,M3,0.06181033,1.232836,3.353079,0.1007458,0.07775967,0.1999488,0.3387755,1.360716,0.1081248,0.04133478,0.07183808,16.6,0.06386435,0.9065569,0.005775711,0.5054667,0.111899,0.6974062,0.09413271,10,7,111,0.7987616,0.8012422,0.8,111,0,0,0,1,True,1325.788,1116.037,0,38400,0,288950,1251.249,74.53978,102,36,0,0.2351378,0.00758509,1.79839,270003.4,249263616,complete,,10,0.2,4000,322,22,7,22,9b56e2b63fc425a7bc8995d02dcee39d8578f2d66f0759da2a53dcdd6fa91723,,,0.0748001,0.07025314,0.0643743,0.07945344,0.07270111,0.06248364
350001,heteroscedastic,dense,50,400,primary,0.5,adjusted,M4,0.06181033,1.232836,3.353079,0.1007458,0.07775967,0.1999488,0.3387755,1.360716,0.1081248,0.04133478,0.07183808,16.6,0.06386435,0.9065569,0.005775711,0.5054667,0.111899,0.6974062,0.09413271,10,7,111,0.7987616,0.8012422,0.8,111,0,0,0,1,True,1325.788,1116.037,0,38400,0,288950,1251.249,74.53972,102,36,0,0.2351378,0.00758509,1.79839,270003.4,249263616,complete,,10,0.2,4000,322,22,7,22,9b56e2b63fc425a7bc8995d02dcee39d8578f2d66f0759da2a53dcdd6fa91723,,,0.0748001,0.07025314,0.0643743,0.07945344,0.07270111,0.06248364
350001,heteroscedastic,dense,50,400,primary,0.5,adjusted,M5,0.06180086,1.232806,3.353185,0.1007458,0.07774459,0.1999488,0.3387755,1.360741,0.1080957,0.04131217,0.07182058,16.6,0.06384838,0.9065689,0.005771392,0.5054707,0.1118908,0.697405,0.094115,10,7,,,,,111,,-1.508407e-05,0,0,True,1270.854,1116.037,0,38400,0,288950,1251.249,19.60517,102,36,0,8.873522,0.2862426,3.481816,7154.769,211059712,complete,,10,0.2,4000,322,22,7,22,4a8cee5b5e1215e8df7c962772fd4c1ae1427c8a62bc795dc97c19e02388cb0b,,,0.07477313,0.07023423,0.06434016,0.07943784,0.07268547,0.06247534
350001,heteroscedastic,dense,50,400,primary,0.5,adjusted,fixed,0.06181033,1.232836,3.353079,0.1007458,0.07775967,0.1999488,0.3387755,1.360716,0.1081248,0.04133478,0.07183808,16.6,0.06386435,0.9065569,0.005775711,0.5054667,0.111899,0.6974062,0.09413271,10,7,111,0.7987616,0.8012422,0.8,111,0,0,,,,159.9809,159.9809,0,18550,0,136450,159.9809,0,50,1,0,0.2351378,0.00758509,1.79839,270003.4,249263616,complete,,10,0.2,4000,322,22,7,22,9b56e2b63fc425a7bc8995d02dcee39d8578f2d66f0759da2a53dcdd6fa91723,,,0.0748001,0.07025314,0.0643743,0.07945344,0.07270111,0.06248364
350001,heteroscedastic,dense,50,400,primary,0.5,adjusted,random,0.06181033,1.232836,3.353079,0.1007458,0.07775967,0.1999488,0.3387755,1.360716,0.1081248,0.04133478,0.07183808,16.6,0.06386435,0.9065569,0.005775711,0.5054667,0.111899,0.6974062,0.09413271,10,7,111,0.7987616,0.8012422,0.8,111,0,0,0,1,True,1015.494,865.6056,0,32150,0,242750,944.3963,71.098,87,36,0,0.2351378,0.00758509,1.79839,270003.4,249263616,complete,,10,0.2,4000,322,22,7,22,9b56e2b63fc425a7bc8995d02dcee39d8578f2d66f0759da2a53dcdd6fa91723,,,0.0748001,0.07025314,0.0643743,0.07945344,0.07270111,0.06248364
350001,heteroscedastic,dense,50,400,primary,0.5,fixed,M0,0.04741684,,3.281017,0.1007458,0.1299384,0.1999488,0.3387755,1.356535,0.1762151,0.03739212,0.08627838,16.6,0.1060523,0.8980259,0.01748017,0.5009636,0.199724,0.703543,0.2692366,10,7,322,0,0,0,111,323,0.05217871,,,,0.0006241538,0.0006241538,0,0,0,0,0.0006241538,0,0,0,0,0.03374869,0.001088667,0.8439518,1881199,77237760,complete,,10,0.2,4000,322,22,7,22,11019e06ca91268529bac5dff4cc0137cb10fd2bfd9fcb1a2f3c7446730a7441,,,0.1306416,0.08957167,0.1106932,0.1189439,0.07352686,0.09347757
350001,heteroscedastic,dense,50,400,primary,0.5,fixed,M1,0.05738564,1.237267,3.193992,0.1007458,0.07387619,0.1999488,0.3387755,1.31068,0.1079079,0.04063536,0.06711446,16.6,0.06472576,0.8908492,0.00483645,0.4892279,0.1142938,0.6971798,0.09235546,10,7,111,0.7987616,0.8012422,0.8,111,0,-0.003883484,,,,0.714624,0.714624,0,0,0,0,0.714624,0,0,0,0,1.465245,0.04726596,1.227109,43329.28,72834048,complete,,10,0.2,4000,322,22,7,22,1207c8e12f84307c67de976f5f6ca1dbe6fb7ed3071c212907d1d48493c8a236,,,0.07242963,0.06705514,0.06655361,0.07406535,0.06765281,0.06285181
350001,heteroscedastic,dense,50,400,primary,0.5,fixed,M2,0.08205968,1.277776,3.255795,0.1007458,0.1123117,0.1999488,0.3387755,1.321665,0.1513087,0.06302569,0.1010953,16.6,0.1004812,0.8950046,0.0132869,0.4898099,0.1570612,0.7016359,0.2229136,10,7,345,0.3608563,0.3664596,0.3636364,111,395,0.03455199,,,,1608.702,167.8653,1440.836,17200,60000,130400,1608.702,0,50,0,0,0.1939942,0.006257877,1.865374,327267.5,556905984,valid_capped_prediction,7.927307e+11,10,0.2,4000,322,22,7,22,ee53b9fc51d1fb0fd2182d50fcd3e536436647ab18028b34399d6edbedb3dab1,,,0.1063287,0.09772786,0.1087387,0.1025522,0.09184972,0.09536542
350001,heteroscedastic,dense,50,400,primary,0.5,fixed,M3,0.06181033,1.232836,3.353079,0.1007458,0.07775967,0.1999488,0.3387755,1.360716,0.1081248,0.04133478,0.07183808,16.6,0.06386435,0.9065569,0.005775711,0.5054667,0.111899,0.6974062,0.09413271,10,7,111,0.7987616,0.8012422,0.8,111,0,0,0,1,True,388.9756,349.0714,0,22850,0,170750,372.3175,16.65816,61,7,0,0.2351378,0.00758509,1.79839,270003.4,249263616,complete,,10,0.2,4000,322,22,7,22,9b56e2b63fc425a7bc8995d02dcee39d8578f2d66f0759da2a53dcdd6fa91723,,,0.0748001,0.07025314,0.0643743,0.07945344,0.07270111,0.06248364
350001,heteroscedastic,dense,50,400,primary,0.5,fixed,M4,0.06181033,1.232836,3.353079,0.1007458,0.07775967,0.1999488,0.3387755,1.360716,0.1081248,0.04133478,0.07183808,16.6,0.06386435,0.9065569,0.005775711,0.5054667,0.111899,0.6974062,0.09413271,10,7,111,0.7987616,0.8012422,0.8,111,0,0,0,1,True,388.9756,349.0714,0,22850,0,170750,372.3175,16.65813,61,7,0,0.2351378,0.00758509,1.79839,270003.4,249263616,complete,,10,0.2,4000,322,22,7,22,9b56e2b63fc425a7bc8995d02dcee39d8578f2d66f0759da2a53dcdd6fa91723,,,0.0748001,0.07025314,0.0643743,0.07945344,0.07270111,0.06248364
350001,heteroscedastic,dense,50,400,primary,0.5,fixed,M5,0.06180522,1.232823,3.353054,0.1007458,0.07775336,0.1999488,0.3387755,1.360726,0.1081166,0.04133275,0.07182847,16.6,0.06386175,0.9065649,0.005793449,0.5054687,0.1118989,0.6974056,0.09410343,10,7,,,,,111,,-6.31623e-06,0,0,True,394.5472,349.0714,0,22850,0,170750,372.3175,22.22976,61,7,0,8.528993,0.2751288,3.46862,7443.786,112571904,complete,,10,0.2,4000,322,22,7,22,6217f0cf17af807dc115f5e3c5803b7ad25c1c804fb8b11782d32ff37c9c619e,,,0.07478754,0.07023988,0.06436081,0.079462,0.07271006,0.06249524
350001,heteroscedastic,dense,50,400,primary,0.5,fixed,fixed,0.06181033,1.232836,3.353079,0.1007458,0.07775967,0.1999488,0.3387755,1.360716,0.1081248,0.04133478,0.07183808,16.6,0.06386435,0.9065569,0.005775711,0.5054667,0.111899,0.6974062,0.09413271,10,7,111,0.7987616,0.8012422,0.8,111,0,0,,,,159.9809,159.9809,0,18550,0,136450,159.9809,0,50,1,0,0.2351378,0.00758509,1.79839,270003.4,249263616,complete,,10,0.2,4000,322,22,7,22,9b56e2b63fc425a7bc8995d02dcee39d8578f2d66f0759da2a53dcdd6fa91723,,,0.0748001,0.07025314,0.0643743,0.07945344,0.07270111,0.06248364
350001,heteroscedastic,dense,50,400,primary,0.5,fixed,random,0.06181033,1.232836,3.353079,0.1007458,0.07775967,0.1999488,0.3387755,1.360716,0.1081248,0.04133478,0.07183808,16.6,0.06386435,0.9065569,0.005775711,0.5054667,0.111899,0.6974062,0.09413271,10,7,111,0.7987616,0.8012422,0.8,111,0,0,0,1,True,302.8385,271.2503,0,20700,0,154350,286.7458,16.0927,56,7,0,0.2351378,0.00758509,1.79839,270003.4,249263616,complete,,10,0.2,4000,322,22,7,22,9b56e2b63fc425a7bc8995d02dcee39d8578f2d66f0759da2a53dcdd6fa91723,,,0.0748001,0.07025314,0.0643743,0.07945344,0.07270111,0.06248364
350002,heteroscedastic,dense,50,400,primary,0.2,adjusted,M0,0.04528338,,3.275862,0.1081966,0.1316689,0.2003246,0.3959184,1.356227,0.1727429,0.05012255,0.08891881,19.4,0.1163622,0.8974689,0.01605887,0.499724,0.204302,0.7043874,0.1973876,10,9,322,0,0,0,52,322,0.06541573,,,,0.000328064,0.000328064,0,0,0,0,0.000328064,0,0,0,0,0.03077101,0.0009926132,0.8302728,2063241,77237760,complete,,10,0.2,4000,322,22,7,20,7bd6e3f3457eaa678bf19092e40c17233fd8d09c51bfbf28f8a1bd3c811c6523,,,0.1321057,0.0901867,0.1202129,0.143183,0.1051588,0.1340978
350002,heteroscedastic,dense,50,400,primary,0.2,adjusted,M1,0.05998868,1.222056,3.174158,0.1081966,0.07361882,0.2003246,0.3959184,1.30227,0.09827797,0.05910599,0.07204695,19.4,0.07428609,0.8884925,0.004766056,0.4841358,0.09245934,0.6985783,0.1107044,10,9,52,0.9006211,0.9006211,0.9006211,52,0,0.007365647,,,,0.7958072,0.7958072,0,0,0,0,0.7958072,0,0,0,0,1.403308,0.04526801,1.154577,45241.67,77064192,complete,,10,0.2,4000,322,22,7,20,2ed45e5905a4b6c406261a1c15d5502cde259fa10dde1f138f15a6b85de48dcc,,,0.06750066,0.06609705,0.07366628,0.07018414,0.06933603,0.07272554
350002,heteroscedastic,dense,50,400,primary,0.2,adjusted,M2,0.1343163,1.272546,3.253846,0.1081966,0.1227824,0.2003246,0.3959184,1.319721,0.127318,0.1204479,0.1141572,19.4,0.1176543,0.893189,0.01657926,0.4862753,0.1308052,0.7044094,0.1919309,10,9,355,0.3628319,0.3819876,0.3721634,52,375,0.05652921,,,,1651.408,194.1783,1457.23,18600,60000,140950,1651.408,0,50,0,0,0.1845876,0.005954439,1.805177,343945.1,354577920,valid_capped_prediction,3.423501e+11,10,0.2,4000,322,22,7,20,40249b69095aa76633bb577ce997fc12dffa5ea3d1f5ee46875449d2436052b3,,,0.1085298,0.09826352,0.1232158,0.1190448,0.1131988,0.1293493
350002,heteroscedastic,dense,50,400,primary,0.2,adjusted,M3,0.05184749,1.211931,3.309436,0.1081966,0.06625318,0.2003246,0.3959184,1.346691,0.08182041,0.06145725,0.06337968,19.4,0.07360924,0.9026965,0.003367588,0.4989975,0.09065628,0.6979728,0.09660672,10,9,52,0.9006211,0.9006211,0.9006211,52,0,0,0,1,True,1645.218,1379.592,0,43150,0,317850,1542.669,102.5494,109,36,0,0.2474438,0.00798206,1.980144,256575.4,199965696,complete,,10,0.2,4000,322,22,7,20,ad9c9d5f9292fe96931e3d8aebf4f36b240440f06fdaca09f5767d8980da97fd,,,0.06502024,0.06163901,0.07010869,0.06445599,0.0612051,0.06676899
350002,heteroscedastic,dense,50,400,primary,0.2,adjusted,M4,0.05184749,1.211931,3.309436,0.1081966,0.06625318,0.2003246,0.3959184,1.346691,0.08182041,0.06145725,0.06337968,19.4,0.07360924,0.9026965,0.003367588,0.4989975,0.09065628,0.6979728,0.09660672,10,9,52,0.9006211,0.9006211,0.9006211,52,0,0,0,1,True,1645.218,1379.592,0,43150,0,317850,1542.669,102.5494,109,36,0,0.2474438,0.00798206,1.980144,256575.4,199965696,complete,,10,0.2,4000,322,22,7,20,ad9c9d5f9292fe96931e3d8aebf4f36b240440f06fdaca09f5767d8980da97fd,,,0.06502024,0.06163901,0.07010869,0.06445599,0.0612051,0.06676899
350002,heteroscedastic,dense,50,400,primary,0.2,adjusted,M5,0.05184798,1.211914,3.309378,0.1081966,0.06624611,0.2003246,0.3959184,1.346682,0.08181871,0.06145966,0.06338184,19.4,0.07360033,0.9026925,0.003373446,0.4989876,0.09063162,0.6979725,0.09661028,10,9,,,,,52,,-7.067993e-06,0,0,True,1570.895,1379.592,0,43150,0,317850,1542.669,28.22612,109,36,0,9.782457,0.3155631,4.183336,6489.985,199965696,complete,,10,0.2,4000,322,22,7,20,7712c87217cfc36e0730080e876d27549db35e90b25bfa3470eb479110e96e1a,,,0.06501103,0.06163307,0.07011635,0.06446397,0.06121295,0.06678117
350002,heteroscedastic,dense,50,400,primary,0.2,adjusted,fixed,0.05184749,1.211931,3.309436,0.1081966,0.06625318,0.2003246,0.3959184,1.346691,0.08182041,0.06145725,0.06337968,19.4,0.07360924,0.9026965,0.003367588,0.4989975,0.09065628,0.6979728,0.09660672,10,9,52,0.9006211,0.9006211,0.9006211,52,0,0,,,,200.178,200.178,0,19650,0,143450,200.178,0,50,1,0,0.2474438,0.00798206,1.980144,256575.4,198431232,complete,,10,0.2,4000,322,22,7,20,ad9c9d5f9292fe96931e3d8aebf4f36b240440f06fdaca09f5767d8980da97fd,,,0.06502024,0.06163901,0.07010869,0.06445599,0.0612051,0.06676899
350002,heteroscedastic,dense,50,400,primary,0.2,adjusted,random,0.05184749,1.211931,3.309436,0.1081966,0.06625318,0.2003246,0.3959184,1.346691,0.08182041,0.06145725,0.06337968,19.4,0.07360924,0.9026965,0.003367588,0.4989975,0.09065628,0.6979728,0.09660672,10,9,52,0.9006211,0.9006211,0.9006211,52,0,0,0,1,True,1017.305,822.3663,0,32400,0,242050,910.9615,106.3434,85,36,0,0.2474438,0.00798206,1.980144,256575.4,198431232,complete,,10,0.2,4000,322,22,7,20,ad9c9d5f9292fe96931e3d8aebf4f36b240440f06fdaca09f5767d8980da97fd,,,0.06502024,0.06163901,0.07010869,0.06445599,0.0612051,0.06676899
350002,heteroscedastic,dense,50,400,primary,0.2,fixed,M0,0.04528338,,3.275862,0.1081966,0.1316689,0.2003246,0.3959184,1.356227,0.1727429,0.05012255,0.08891881,19.4,0.1163622,0.8974689,0.01605887,0.499724,0.204302,0.7043874,0.1973876,10,9,322,0,0,0,52,322,0.06541573,,,,0.000328064,0.000328064,0,0,0,0,0.000328064,0,0,0,0,0.03077101,0.0009926132,0.8302728,2063241,77237760,complete,,10,0.2,4000,322,22,7,20,7bd6e3f3457eaa678bf19092e40c17233fd8d09c51bfbf28f8a1bd3c811c6523,,,0.1321057,0.0901867,0.1202129,0.143183,0.1051588,0.1340978
350002,heteroscedastic,dense,50,400,primary,0.2,fixed,M1,0.05998868,1.222056,3.174158,0.1081966,0.07361882,0.2003246,0.3959184,1.30227,0.09827797,0.05910599,0.07204695,19.4,0.07428609,0.8884925,0.004766056,0.4841358,0.09245934,0.6985783,0.1107044,10,9,52,0.9006211,0.9006211,0.9006211,52,0,0.007365647,,,,0.7958072,0.7958072,0,0,0,0,0.7958072,0,0,0,0,1.403308,0.04526801,1.154577,45241.67,77064192,complete,,10,0.2,4000,322,22,7,20,2ed45e5905a4b6c406261a1c15d5502cde259fa10dde1f138f15a6b85de48dcc,,,0.06750066,0.06609705,0.07366628,0.07018414,0.06933603,0.07272554
350002,heteroscedastic,dense,50,400,primary,0.2,fixed,M2,0.1343163,1.272546,3.253846,0.1081966,0.1227824,0.2003246,0.3959184,1.319721,0.127318,0.1204479,0.1141572,19.4,0.1176543,0.893189,0.01657926,0.4862753,0.1308052,0.7044094,0.1919309,10,9,355,0.3628319,0.3819876,0.3721634,52,375,0.05652921,,,,1651.408,194.1783,1457.23,18600,60000,140950,1651.408,0,50,0,0,0.1845876,0.005954439,1.805177,343945.1,354577920,valid_capped_prediction,3.423501e+11,10,0.2,4000,322,22,7,20,40249b69095aa76633bb577ce997fc12dffa5ea3d1f5ee46875449d2436052b3,,,0.1085298,0.09826352,0.1232158,0.1190448,0.1131988,0.1293493
350002,heteroscedastic,dense,50,400,primary,0.2,fixed,M3,0.05184749,1.211931,3.309436,0.1081966,0.06625318,0.2003246,0.3959184,1.346691,0.08182041,0.06145725,0.06337968,19.4,0.07360924,0.9026965,0.003367588,0.4989975,0.09065628,0.6979728,0.09660672,10,9,52,0.9006211,0.9006211,0.9006211,52,0,0,0,1,True,452.8857,405.4308,0,23850,0,175450,433.2105,19.67524,61,7,0,0.2474438,0.00798206,1.980144,256575.4,198431232,complete,,10,0.2,4000,322,22,7,20,ad9c9d5f9292fe96931e3d8aebf4f36b240440f06fdaca09f5767d8980da97fd,,,0.06502024,0.06163901,0.07010869,0.06445599,0.0612051,0.06676899
350002,heteroscedastic,dense,50,400,primary,0.2,fixed,M4,0.05184749,1.211931,3.309436,0.1081966,0.06625318,0.2003246,0.3959184,1.346691,0.08182041,0.06145725,0.06337968,19.4,0.07360924,0.9026965,0.003367588,0.4989975,0.09065628,0.6979728,0.09660672,10,9,52,0.9006211,0.9006211,0.9006211,52,0,0,0,1,True,452.8857,405.4308,0,23850,0,175450,433.2105,19.67521,61,7,0,0.2474438,0.00798206,1.980144,256575.4,198431232,complete,,10,0.2,4000,322,22,7,20,ad9c9d5f9292fe96931e3d8aebf4f36b240440f06fdaca09f5767d8980da97fd,,,0.06502024,0.06163901,0.07010869,0.06445599,0.0612051,0.06676899
350002,heteroscedastic,dense,50,400,primary,0.2,fixed,M5,0.05186018,1.211871,3.30961,0.1081966,0.06610286,0.2003246,0.3959184,1.346637,0.08155481,0.06140115,0.0633332,19.4,0.07339714,0.9027224,0.003350149,0.4989696,0.0901302,0.6979604,0.09648478,10,9,,,,,52,,-0.0001503121,0,0,True,457.0232,405.4308,0,23850,0,175450,433.2105,23.8127,61,7,0,9.735679,0.3140541,4.472452,6521.168,108490240,complete,,10,0.2,4000,322,22,7,20,2cc74384e5ee0bd369299d8c996179283580700bccde7159c344ae36b8ae3350,,,0.06491818,0.06163438,0.06975325,0.06446894,0.06118377,0.06661472
350002,heteroscedastic,dense,50,400,primary,0.2,fixed,fixed,0.05184749,1.211931,3.309436,0.1081966,0.06625318,0.2003246,0.3959184,1.346691,0.08182041,0.06145725,0.06337968,19.4,0.07360924,0.9026965,0.003367588,0.4989975,0.09065628,0.6979728,0.09660672,10,9,52,0.9006211,0.9006211,0.9006211,52,0,0,,,,200.178,200.178,0,19650,0,143450,200.178,0,50,1,0,0.2474438,0.00798206,1.980144,256575.4,198431232,complete,,10,0.2,4000,322,22,7,20,ad9c9d5f9292fe96931e3d8aebf4f36b240440f06fdaca09f5767d8980da97fd,,,0.06502024,0.06163901,0.07010869,0.06445599,0.0612051,0.06676899
350002,heteroscedastic,dense,50,400,primary,0.2,fixed,random,0.05184749,1.211931,3.309436,0.1081966,0.06625318,0.2003246,0.3959184,1.346691,0.08182041,0.06145725,0.06337968,19.4,0.07360924,0.9026965,0.003367588,0.4989975,0.09065628,0.6979728,0.09660672,10,9,52,0.9006211,0.9006211,0.9006211,52,0,0,0,1,True,351.9492,309.8175,0,21850,0,160350,328.644,23.30522,56,7,0,0.2474438,0.00798206,1.980144,256575.4,198431232,complete,,10,0.2,4000,322,22,7,20,ad9c9d5f9292fe96931e3d8aebf4f36b240440f06fdaca09f5767d8980da97fd,,,0.06502024,0.06163901,0.07010869,0.06445599,0.0612051,0.06676899
350002,heteroscedastic,dense,50,400,primary,0.5,adjusted,M0,0.04528338,,3.275862,0.1081966,0.1316689,0.2003246,0.3959184,1.356227,0.1727429,0.05012255,0.08891881,19.4,0.1163622,0.8974689,0.01605887,0.499724,0.204302,0.7043874,0.1973876,10,9,322,0,0,0,111,323,0.03696909,,,,0.000328064,0.000328064,0,0,0,0,0.000328064,0,0,0,0,0.03077101,0.0009926132,0.8302728,2063241,77237760,complete,,10,0.2,4000,322,22,7,20,7bd6e3f3457eaa678bf19092e40c17233fd8d09c51bfbf28f8a1bd3c811c6523,,,0.1321057,0.0901867,0.1202129,0.143183,0.1051588,0.1340978
350002,heteroscedastic,dense,50,400,primary,0.5,adjusted,M1,0.07341928,1.241386,3.173295,0.1081966,0.09020831,0.2003246,0.3959184,1.302168,0.1607923,0.07150007,0.08276451,19.4,0.08703363,0.8874063,0.007400445,0.4832749,0.1502427,0.700106,0.143053,10,9,111,0.7956656,0.7981366,0.7968992,111,0,-0.004491501,,,,0.9320299,0.9320299,0,0,0,0,0.9320299,0,0,0,0,1.440889,0.04648029,1.117213,44061.69,72834048,complete,,10,0.2,4000,322,22,7,20,992add0a819ceb7b238d9b9c444046fb0c9de8afc1e8198e59f0ea09714c4ea9,,,0.0801575,0.0758754,0.09058309,0.08404457,0.08015923,0.08589113
350002,heteroscedastic,dense,50,400,primary,0.5,adjusted,M2,0.1343163,1.272546,3.253846,0.1081966,0.1227824,0.2003246,0.3959184,1.319721,0.127318,0.1204479,0.1141572,19.4,0.1176543,0.893189,0.01657926,0.4862753,0.1308052,0.7044094,0.1919309,10,9,355,0.3628319,0.3819876,0.3721634,111,408,0.02808258,,,,1651.408,194.1783,1457.23,18600,60000,140950,1651.408,0,50,0,0,0.1845876,0.005954439,1.805177,343945.1,354577920,valid_capped_prediction,3.423501e+11,10,0.2,4000,322,22,7,20,40249b69095aa76633bb577ce997fc12dffa5ea3d1f5ee46875449d2436052b3,,,0.1085298,0.09826352,0.1232158,0.1190448,0.1131988,0.1293493
350002,heteroscedastic,dense,50,400,primary,0.5,adjusted,M3,0.08225261,1.235135,3.319951,0.1081966,0.09469981,0.2003246,0.3959184,1.347945,0.1611245,0.07937227,0.08599425,19.4,0.08864152,0.9018604,0.007863276,0.497447,0.150302,0.7004968,0.1680778,10,9,111,0.7956656,0.7981366,0.7968992,111,0,0,0,1,True,1723.688,1486.459,0,45000,0,317050,1640.692,82.99634,112,36,0,0.2471815,0.007973598,2.038771,256847.7,202212352,complete,,10,0.2,4000,322,22,7,20,011c91da4ac97f2a4ba1ee72bd2e1d8b163093301f9677b01a17b092698be818,,,0.08328126,0.07945987,0.08473376,0.08140844,0.07824897,0.07834464
350002,heteroscedastic,dense,50,400,primary,0.5,adjusted,M4,0.08225261,1.235135,3.319951,0.1081966,0.09469981,0.2003246,0.3959184,1.347945,0.1611245,0.07937227,0.08599425,19.4,0.08864152,0.9018604,0.007863276,0.497447,0.150302,0.7004968,0.1680778,10,9,111,0.7956656,0.7981366,0.7968992,111,0,0,0,1,True,1723.688,1486.459,0,45000,0,317050,1640.692,82.99628,112,36,0,0.2471815,0.007973598,2.038771,256847.7,202212352,complete,,10,0.2,4000,322,22,7,20,011c91da4ac97f2a4ba1ee72bd2e1d8b163093301f9677b01a17b092698be818,,,0.08328126,0.07945987,0.08473376,0.08140844,0.07824897,0.07834464
350002,heteroscedastic,dense,50,400,primary,0.5,adjusted,M5,0.08221343,1.234966,3.319815,0.1081966,0.09447465,0.2003246,0.3959184,1.34812,0.1606604,0.07933263,0.0858355,19.4,0.08840142,0.9018684,0.007799857,0.4975088,0.1497688,0.7004672,0.1677639,10,9,,,,,111,,-0.000225161,0,0,True,1662.319,1486.459,0,45000,0,317050,1640.692,21.62684,112,36,0,10.13657,0.3269862,4.211324,6263.261,202212352,complete,,10,0.2,4000,322,22,7,20,d1fe1bc3a2878c361131af5d44ec559339943ba58a3ca815e577cb9a96513086,,,0.08309366,0.07932996,0.08430262,0.0813387,0.07817871,0.07823796
350002,heteroscedastic,dense,50,400,primary,0.5,adjusted,fixed,0.08225261,1.235135,3.319951,0.1081966,0.09469981,0.2003246,0.3959184,1.347945,0.1611245,0.07937227,0.08599425,19.4,0.08864152,0.9018604,0.007863276,0.497447,0.150302,0.7004968,0.1680778,10,9,111,0.7956656,0.7981366,0.7968992,111,0,0,,,,308.1916,308.1916,0,21200,0,153850,308.1916,0,50,1,0,0.2471815,0.007973598,2.038771,256847.7,198525952,complete,,10,0.2,4000,322,22,7,20,011c91da4ac97f2a4ba1ee72bd2e1d8b163093301f9677b01a17b092698be818,,,0.08328126,0.07945987,0.08473376,0.08140844,0.07824897,0.07834464
350002,heteroscedastic,dense,50,400,primary,0.5,adjusted,random,0.08225261,1.235135,3.319951,0.1081966,0.09469981,0.2003246,0.3959184,1.347945,0.1611245,0.07937227,0.08599425,19.4,0.08864152,0.9018604,0.007863276,0.497447,0.150302,0.7004968,0.1680778,10,9,111,0.7956656,0.7981366,0.7968992,111,0,0,0,1,True,1103.611,932.1885,0,34550,0,256000,1015.923,87.68825,86,36,0,0.2471815,0.007973598,2.038771,256847.7,198718976,complete,,10,0.2,4000,322,22,7,20,011c91da4ac97f2a4ba1ee72bd2e1d8b163093301f9677b01a17b092698be818,,,0.08328126,0.07945987,0.08473376,0.08140844,0.07824897,0.07834464
350002,heteroscedastic,dense,50,400,primary,0.5,fixed,M0,0.04528338,,3.275862,0.1081966,0.1316689,0.2003246,0.3959184,1.356227,0.1727429,0.05012255,0.08891881,19.4,0.1163622,0.8974689,0.01605887,0.499724,0.204302,0.7043874,0.1973876,10,9,322,0,0,0,111,323,0.03696909,,,,0.000328064,0.000328064,0,0,0,0,0.000328064,0,0,0,0,0.03077101,0.0009926132,0.8302728,2063241,77237760,complete,,10,0.2,4000,322,22,7,20,7bd6e3f3457eaa678bf19092e40c17233fd8d09c51bfbf28f8a1bd3c811c6523,,,0.1321057,0.0901867,0.1202129,0.143183,0.1051588,0.1340978
350002,heteroscedastic,dense,50,400,primary,0.5,fixed,M1,0.07341928,1.241386,3.173295,0.1081966,0.09020831,0.2003246,0.3959184,1.302168,0.1607923,0.07150007,0.08276451,19.4,0.08703363,0.8874063,0.007400445,0.4832749,0.1502427,0.700106,0.143053,10,9,111,0.7956656,0.7981366,0.7968992,111,0,-0.004491501,,,,0.9320299,0.9320299,0,0,0,0,0.9320299,0,0,0,0,1.440889,0.04648029,1.117213,44061.69,72834048,complete,,10,0.2,4000,322,22,7,20,992add0a819ceb7b238d9b9c444046fb0c9de8afc1e8198e59f0ea09714c4ea9,,,0.0801575,0.0758754,0.09058309,0.08404457,0.08015923,0.08589113
350002,heteroscedastic,dense,50,400,primary,0.5,fixed,M2,0.1343163,1.272546,3.253846,0.1081966,0.1227824,0.2003246,0.3959184,1.319721,0.127318,0.1204479,0.1141572,19.4,0.1176543,0.893189,0.01657926,0.4862753,0.1308052,0.7044094,0.1919309,10,9,355,0.3628319,0.3819876,0.3721634,111,408,0.02808258,,,,1651.408,194.1783,1457.23,18600,60000,140950,1651.408,0,50,0,0,0.1845876,0.005954439,1.805177,343945.1,354577920,valid_capped_prediction,3.423501e+11,10,0.2,4000,322,22,7,20,40249b69095aa76633bb577ce997fc12dffa5ea3d1f5ee46875449d2436052b3,,,0.1085298,0.09826352,0.1232158,0.1190448,0.1131988,0.1293493
350002,heteroscedastic,dense,50,400,primary,0.5,fixed,M3,0.08225261,1.235135,3.319951,0.1081966,0.09469981,0.2003246,0.3959184,1.347945,0.1611245,0.07937227,0.08599425,19.4,0.08864152,0.9018604,0.007863276,0.497447,0.150302,0.7004968,0.1680778,10,9,111,0.7956656,0.7981366,0.7968992,111,0,0,0,1,True,578.3667,530.5525,0,25300,0,185000,559.1767,19.18995,61,7,0,0.2471815,0.007973598,2.038771,256847.7,198525952,complete,,10,0.2,4000,322,22,7,20,011c91da4ac97f2a4ba1ee72bd2e1d8b163093301f9677b01a17b092698be818,,,0.08328126,0.07945987,0.08473376,0.08140844,0.07824897,0.07834464
350002,heteroscedastic,dense,50,400,primary,0.5,fixed,M4,0.08225261,1.235135,3.319951,0.1081966,0.09469981,0.2003246,0.3959184,1.347945,0.1611245,0.07937227,0.08599425,19.4,0.08864152,0.9018604,0.007863276,0.497447,0.150302,0.7004968,0.1680778,10,9,111,0.7956656,0.7981366,0.7968992,111,0,0,0,1,True,578.3666,530.5525,0,25300,0,185000,559.1767,19.1899,61,7,0,0.2471815,0.007973598,2.038771,256847.7,198525952,complete,,10,0.2,4000,322,22,7,20,011c91da4ac97f2a4ba1ee72bd2e1d8b163093301f9677b01a17b092698be818,,,0.08328126,0.07945987,0.08473376,0.08140844,0.07824897,0.07834464
350002,heteroscedastic,dense,50,400,primary,0.5,fixed,M5,0.08224094,1.235127,3.319949,0.1081966,0.09468647,0.2003246,0.3959184,1.347944,0.161098,0.07937496,0.08598258,19.4,0.08863508,0.9018754,0.007867786,0.49745,0.1502809,0.7004955,0.1680723,10,9,,,,,111,,-1.33425e-05,0,0,True,582.546,530.5525,0,25300,0,185000,559.1767,23.36925,61,7,0,9.713895,0.3133515,3.011385,6535.792,108981248,complete,,10,0.2,4000,322,22,7,20,7143df15970c646d3d398324748941472f71a9a52fbcf7bb5bb27e5881b416ff,,,0.08327045,0.07944238,0.08473127,0.08139723,0.07823445,0.07834649
350002,heteroscedastic,dense,50,400,primary,0.5,fixed,fixed,0.08225261,1.235135,3.319951,0.1081966,0.09469981,0.2003246,0.3959184,1.347945,0.1611245,0.07937227,0.08599425,19.4,0.08864152,0.9018604,0.007863276,0.497447,0.150302,0.7004968,0.1680778,10,9,111,0.7956656,0.7981366,0.7968992,111,0,0,,,,308.1916,308.1916,0,21200,0,153850,308.1916,0,50,1,0,0.2471815,0.007973598,2.038771,256847.7,198525952,complete,,10,0.2,4000,322,22,7,20,011c91da4ac97f2a4ba1ee72bd2e1d8b163093301f9677b01a17b092698be818,,,0.08328126,0.07945987,0.08473376,0.08140844,0.07824897,0.07834464
350002,heteroscedastic,dense,50,400,primary,0.5,fixed,random,0.08225261,1.235135,3.319951,0.1081966,0.09469981,0.2003246,0.3959184,1.347945,0.1611245,0.07937227,0.08599425,19.4,0.08864152,0.9018604,0.007863276,0.497447,0.150302,0.7004968,0.1680778,10,9,111,0.7956656,0.7981366,0.7968992,111,0,0,0,1,True,453.8724,418.2143,0,23600,0,174350,433.7088,20.1636,56,7,0,0.2471815,0.007973598,2.038771,256847.7,198525952,complete,,10,0.2,4000,322,22,7,20,011c91da4ac97f2a4ba1ee72bd2e1d8b163093301f9677b01a17b092698be818,,,0.08328126,0.07945987,0.08473376,0.08140844,0.07824897,0.07834464
350003,heteroscedastic,dense,50,400,primary,0.2,adjusted,M0,0.04469751,,3.284633,0.1311371,0.1495251,0.1970411,0.4755102,1.349493,0.1652333,0.03703078,0.1104273,23.3,0.1375642,0.8972716,0.02538607,0.4967474,0.2051494,0.7065287,0.2643133,10,9,322,0,0,0,51,322,0.07841699,,,,0.0007404927,0.0007404927,0,0,0,0,0.0007404927,0,0,0,0,0.0309454,0.0009982386,0.806466,2051614,77237760,complete,,10,0.2,4000,322,24,7,24,3bed571c474d65a4800318b4621f179385189ac62591a9825fa2d92a57671186,,,0.1447767,0.105687,0.13118,0.1228949,0.07723576,0.09951836
350003,heteroscedastic,dense,50,400,primary,0.2,adjusted,M1,0.05952413,1.226444,3.157297,0.1311371,0.07677587,0.1970411,0.4755102,1.294807,0.08526288,0.03830027,0.07618081,23.3,0.06734567,0.887219,0.007004765,0.4842963,0.09080967,0.6969479,0.1104191,10,9,51,0.9037267,0.9037267,0.9037267,51,0,0.005667722,,,,0.6887763,0.6887763,0,0,0,0,0.6887763,0,0,0,0,1.38471,0.04466806,1.114917,45849.32,77065728,complete,,10,0.2,4000,322,24,7,24,bfc98729f5c95bb964e75af99ca9247597286e74cf4291d58ca5d4b7b8a1c115,,,0.06692369,0.06694282,0.05891586,0.0642455,0.06452882,0.052544
350003,heteroscedastic,dense,50,400,primary,0.2,adjusted,M2,0.1154276,1.281137,3.270874,0.1311371,0.1490376,0.1970411,0.4755102,1.322065,0.1492224,0.1032037,0.1387405,23.3,0.1377517,0.8938217,0.02782786,0.4858687,0.16164,0.7077457,0.2837389,10,9,375,0.319403,0.3322981,0.325723,51,382,0.07792947,,,,1666.821,158.1285,1508.692,18900,60000,141850,1666.821,0,50,0,0,0.1705232,0.005500749,1.582233,372312.9,504196608,valid_capped_prediction,1.79554e+12,10,0.2,4000,322,24,7,24,bdd33f75e98aa8c0e17927339601a5186a8bc28b6cb0bde06ab38a5c7de71ad1,,,0.1254329,0.1157939,0.1287142,0.1054053,0.0946789,0.1016133
350003,heteroscedastic,dense,50,400,primary,0.2,adjusted,M3,0.05865192,1.215701,3.298273,0.1311371,0.07110814,0.1970411,0.4755102,1.339501,0.07529809,0.04143739,0.07066381,23.3,0.06152697,0.9023019,0.005947086,0.4988789,0.0789759,0.6964078,0.08475249,10,9,51,0.9037267,0.9037267,0.9037267,51,0,0,0,1,True,1593.213,1354.588,0,42400,0,309750,1507.965,85.24837,109,36,0,0.233021,0.007516808,1.907124,272456.1,249193984,complete,,10,0.2,4000,322,24,7,24,f15579fc1546a21a7a04e433cf611082c2200e312bd0c6c1839cef2a82d03c40,,,0.06619784,0.06497983,0.05398679,0.06576383,0.06566159,0.04984844
350003,heteroscedastic,dense,50,400,primary,0.2,adjusted,M4,0.05865192,1.215701,3.298273,0.1311371,0.07110814,0.1970411,0.4755102,1.339501,0.07529809,0.04143739,0.07066381,23.3,0.06152697,0.9023019,0.005947086,0.4988789,0.0789759,0.6964078,0.08475249,10,9,51,0.9037267,0.9037267,0.9037267,51,0,0,0,1,True,1593.213,1354.588,0,42400,0,309750,1507.965,85.24833,109,36,0,0.233021,0.007516808,1.907124,272456.1,249193984,complete,,10,0.2,4000,322,24,7,24,f15579fc1546a21a7a04e433cf611082c2200e312bd0c6c1839cef2a82d03c40,,,0.06619784,0.06497983,0.05398679,0.06576383,0.06566159,0.04984844
350003,heteroscedastic,dense,50,400,primary,0.2,adjusted,M5,0.05864159,1.215687,3.298316,0.1311371,0.07109535,0.1970411,0.4755102,1.339511,0.07528874,0.04143471,0.07064661,23.3,0.06153491,0.9023089,0.005954865,0.4988919,0.07898552,0.696407,0.0847495,10,9,,,,,51,,-1.279749e-05,0,0,True,1529.21,1354.588,0,42400,0,309750,1507.965,21.24474,109,36,0,8.864621,0.2859555,4.10922,7161.953,203955200,complete,,10,0.2,4000,322,24,7,24,bcab503d6518a9979ea3817257e4e356bfb34afd95cfb9037cf12598a9d962fd,,,0.06618978,0.06497003,0.05398871,0.06575827,0.06565506,0.04986712
350003,heteroscedastic,dense,50,400,primary,0.2,adjusted,fixed,0.05865192,1.215701,3.298273,0.1311371,0.07110814,0.1970411,0.4755102,1.339501,0.07529809,0.04143739,0.07066381,23.3,0.06152697,0.9023019,0.005947086,0.4988789,0.0789759,0.6964078,0.08475249,10,9,51,0.9037267,0.9037267,0.9037267,51,0,0,,,,220.0511,220.0511,0,19650,0,144150,220.0511,0,50,1,0,0.233021,0.007516808,1.907124,272456.1,249193984,complete,,10,0.2,4000,322,24,7,24,f15579fc1546a21a7a04e433cf611082c2200e312bd0c6c1839cef2a82d03c40,,,0.06619784,0.06497983,0.05398679,0.06576383,0.06566159,0.04984844
350003,heteroscedastic,dense,50,400,primary,0.2,adjusted,random,0.05865192,1.215701,3.298273,0.1311371,0.07110814,0.1970411,0.4755102,1.339501,0.07529809,0.04143739,0.07066381,23.3,0.06152697,0.9023019,0.005947086,0.4988789,0.0789759,0.6964078,0.08475249,10,9,51,0.9037267,0.9037267,0.9037267,51,0,0,0,1,True,1101.759,932.0429,0,34400,0,260200,1016.647,85.11248,87,36,0,0.233021,0.007516808,1.907124,272456.1,249193984,complete,,10,0.2,4000,322,24,7,24,f15579fc1546a21a7a04e433cf611082c2200e312bd0c6c1839cef2a82d03c40,,,0.06619784,0.06497983,0.05398679,0.06576383,0.06566159,0.04984844
350003,heteroscedastic,dense,50,400,primary,0.2,fixed,M0,0.04469751,,3.284633,0.1311371,0.1495251,0.1970411,0.4755102,1.349493,0.1652333,0.03703078,0.1104273,23.3,0.1375642,0.8972716,0.02538607,0.4967474,0.2051494,0.7065287,0.2643133,10,9,322,0,0,0,51,322,0.07841699,,,,0.0007404927,0.0007404927,0,0,0,0,0.0007404927,0,0,0,0,0.0309454,0.0009982386,0.806466,2051614,77237760,complete,,10,0.2,4000,322,24,7,24,3bed571c474d65a4800318b4621f179385189ac62591a9825fa2d92a57671186,,,0.1447767,0.105687,0.13118,0.1228949,0.07723576,0.09951836
350003,heteroscedastic,dense,50,400,primary,0.2,fixed,M1,0.05952413,1.226444,3.157297,0.1311371,0.07677587,0.1970411,0.4755102,1.294807,0.08526288,0.03830027,0.07618081,23.3,0.06734567,0.887219,0.007004765,0.4842963,0.09080967,0.6969479,0.1104191,10,9,51,0.9037267,0.9037267,0.9037267,51,0,0.005667722,,,,0.6887763,0.6887763,0,0,0,0,0.6887763,0,0,0,0,1.38471,0.04466806,1.114917,45849.32,77065728,complete,,10,0.2,4000,322,24,7,24,bfc98729f5c95bb964e75af99ca9247597286e74cf4291d58ca5d4b7b8a1c115,,,0.06692369,0.06694282,0.05891586,0.0642455,0.06452882,0.052544
350003,heteroscedastic,dense,50,400,primary,0.2,fixed,M2,0.1154276,1.281137,3.270874,0.1311371,0.1490376,0.1970411,0.4755102,1.322065,0.1492224,0.1032037,0.1387405,23.3,0.1377517,0.8938217,0.02782786,0.4858687,0.16164,0.7077457,0.2837389,10,9,375,0.319403,0.3322981,0.325723,51,382,0.07792947,,,,1666.821,158.1285,1508.692,18900,60000,141850,1666.821,0,50,0,0,0.1705232,0.005500749,1.582233,372312.9,504196608,valid_capped_prediction,1.79554e+12,10,0.2,4000,322,24,7,24,bdd33f75e98aa8c0e17927339601a5186a8bc28b6cb0bde06ab38a5c7de71ad1,,,0.1254329,0.1157939,0.1287142,0.1054053,0.0946789,0.1016133
350003,heteroscedastic,dense,50,400,primary,0.2,fixed,M3,0.05865192,1.215701,3.298273,0.1311371,0.07110814,0.1970411,0.4755102,1.339501,0.07529809,0.04143739,0.07066381,23.3,0.06152697,0.9023019,0.005947086,0.4988789,0.0789759,0.6964078,0.08475249,10,9,51,0.9037267,0.9037267,0.9037267,51,0,0,0,1,True,473.5868,428.5749,0,24000,0,177300,456.24,17.34679,61,7,0,0.233021,0.007516808,1.907124,272456.1,249193984,complete,,10,0.2,4000,322,24,7,24,f15579fc1546a21a7a04e433cf611082c2200e312bd0c6c1839cef2a82d03c40,,,0.06619784,0.06497983,0.05398679,0.06576383,0.06566159,0.04984844
350003,heteroscedastic,dense,50,400,primary,0.2,fixed,M4,0.05865192,1.215701,3.298273,0.1311371,0.07110814,0.1970411,0.4755102,1.339501,0.07529809,0.04143739,0.07066381,23.3,0.06152697,0.9023019,0.005947086,0.4988789,0.0789759,0.6964078,0.08475249,10,9,51,0.9037267,0.9037267,0.9037267,51,0,0,0,1,True,473.5868,428.5749,0,24000,0,177300,456.24,17.34676,61,7,0,0.233021,0.007516808,1.907124,272456.1,249193984,complete,,10,0.2,4000,322,24,7,24,f15579fc1546a21a7a04e433cf611082c2200e312bd0c6c1839cef2a82d03c40,,,0.06619784,0.06497983,0.05398679,0.06576383,0.06566159,0.04984844
350003,heteroscedastic,dense,50,400,primary,0.2,fixed,M5,0.05863984,1.215686,3.298208,0.1311371,0.07109491,0.1970411,0.4755102,1.339403,0.07529666,0.04139884,0.07065596,23.3,0.06148904,0.9022949,0.005942808,0.4988451,0.0789505,0.696407,0.08473091,10,9,,,,,51,,-1.32367e-05,0,0,True,476.1972,428.5749,0,24000,0,177300,456.24,19.95717,61,7,0,8.717537,0.2812109,3.02341,7282.791,112569856,complete,,10,0.2,4000,322,24,7,24,5d22489c3b9d929cd9e3b645507dfe796c692e228b44a02c13744d1916ac4dd4,,,0.0661926,0.06497823,0.05395328,0.06575389,0.0656524,0.04982682
350003,heteroscedastic,dense,50,400,primary,0.2,fixed,fixed,0.05865192,1.215701,3.298273,0.1311371,0.07110814,0.1970411,0.4755102,1.339501,0.07529809,0.04143739,0.07066381,23.3,0.06152697,0.9023019,0.005947086,0.4988789,0.0789759,0.6964078,0.08475249,10,9,51,0.9037267,0.9037267,0.9037267,51,0,0,,,,220.0511,220.0511,0,19650,0,144150,220.0511,0,50,1,0,0.233021,0.007516808,1.907124,272456.1,249193984,complete,,10,0.2,4000,322,24,7,24,f15579fc1546a21a7a04e433cf611082c2200e312bd0c6c1839cef2a82d03c40,,,0.06619784,0.06497983,0.05398679,0.06576383,0.06566159,0.04984844
350003,heteroscedastic,dense,50,400,primary,0.2,fixed,random,0.05865192,1.215701,3.298273,0.1311371,0.07110814,0.1970411,0.4755102,1.339501,0.07529809,0.04143739,0.07066381,23.3,0.06152697,0.9023019,0.005947086,0.4988789,0.0789759,0.6964078,0.08475249,10,9,51,0.9037267,0.9037267,0.9037267,51,0,0,0,1,True,367.3092,330.4862,0,21800,0,162100,348.6373,18.6719,56,7,0,0.233021,0.007516808,1.907124,272456.1,249193984,complete,,10,0.2,4000,322,24,7,24,f15579fc1546a21a7a04e433cf611082c2200e312bd0c6c1839cef2a82d03c40,,,0.06619784,0.06497983,0.05398679,0.06576383,0.06566159,0.04984844
350003,heteroscedastic,dense,50,400,primary,0.5,adjusted,M0,0.04469751,,3.284633,0.1311371,0.1495251,0.1970411,0.4755102,1.349493,0.1652333,0.03703078,0.1104273,23.3,0.1375642,0.8972716,0.02538607,0.4967474,0.2051494,0.7065287,0.2643133,10,9,322,0,0,0,123,321,0.06139619,,,,0.0007404927,0.0007404927,0,0,0,0,0.0007404927,0,0,0,0,0.0309454,0.0009982386,0.806466,2051614,77237760,complete,,10,0.2,4000,322,24,7,24,3bed571c474d65a4800318b4621f179385189ac62591a9825fa2d92a57671186,,,0.1447767,0.105687,0.13118,0.1228949,0.07723576,0.09951836
350003,heteroscedastic,dense,50,400,primary,0.5,adjusted,M1,0.06435246,1.240985,3.162176,0.1311371,0.0917628,0.1970411,0.4755102,1.295978,0.1083588,0.04330626,0.08680277,23.3,0.08303992,0.8869928,0.01055311,0.483247,0.1243909,0.6986496,0.1587165,10,9,123,0.7601246,0.757764,0.7589425,123,0,0.003633862,,,,1.08949,1.08949,0,0,0,0,1.08949,0,0,0,0,1.408462,0.04543426,1.171689,45076.12,72834048,complete,,10,0.2,4000,322,24,7,24,828d4209088f8b0b570d6edfcde55ca1f51f20f6ed4df64e7dd4a1f1bff9fd0f,,,0.08012985,0.07769617,0.07513842,0.08044242,0.07601804,0.07442531
350003,heteroscedastic,dense,50,400,primary,0.5,adjusted,M2,0.1154276,1.281137,3.270874,0.1311371,0.1490376,0.1970411,0.4755102,1.322065,0.1492224,0.1032037,0.1387405,23.3,0.1377517,0.8938217,0.02782786,0.4858687,0.16164,0.7077457,0.2837389,10,9,375,0.319403,0.3322981,0.325723,123,390,0.06090868,,,,1666.821,158.1285,1508.692,18900,60000,141850,1666.821,0,50,0,0,0.1705232,0.005500749,1.582233,372312.9,504196608,valid_capped_prediction,1.79554e+12,10,0.2,4000,322,24,7,24,bdd33f75e98aa8c0e17927339601a5186a8bc28b6cb0bde06ab38a5c7de71ad1,,,0.1254329,0.1157939,0.1287142,0.1054053,0.0946789,0.1016133
350003,heteroscedastic,dense,50,400,primary,0.5,adjusted,M3,0.0627778,1.234474,3.283282,0.1311371,0.08812894,0.1970411,0.4755102,1.331694,0.1037299,0.04470904,0.08155974,23.3,0.07833455,0.8998256,0.009156718,0.4951929,0.117963,0.6981183,0.1518846,10,9,123,0.7601246,0.757764,0.7589425,123,0,0,0,1,True,1596.308,1354.029,0,43000,0,308150,1503.2,93.10765,110,36,0,0.2184074,0.0070454,1.919913,290686.1,249821696,complete,,10,0.2,4000,322,24,7,24,12fc93ce3a87eb51431af06ecdac24093953dd99f94e526316abb22a281ffedb,,,0.077666,0.0750858,0.07173179,0.08151348,0.07562375,0.07522396
350003,heteroscedastic,dense,50,400,primary,0.5,adjusted,M4,0.0627778,1.234474,3.283282,0.1311371,0.08812894,0.1970411,0.4755102,1.331694,0.1037299,0.04470904,0.08155974,23.3,0.07833455,0.8998256,0.009156718,0.4951929,0.117963,0.6981183,0.1518846,10,9,123,0.7601246,0.757764,0.7589425,123,0,0,0,1,True,1596.308,1354.029,0,43000,0,308150,1503.2,93.10759,110,36,0,0.2184074,0.0070454,1.919913,290686.1,249821696,complete,,10,0.2,4000,322,24,7,24,12fc93ce3a87eb51431af06ecdac24093953dd99f94e526316abb22a281ffedb,,,0.077666,0.0750858,0.07173179,0.08151348,0.07562375,0.07522396
350003,heteroscedastic,dense,50,400,primary,0.5,adjusted,M5,0.06246229,1.234152,3.283264,0.1311371,0.0875441,0.1970411,0.4755102,1.331588,0.1032963,0.04476806,0.08097273,23.3,0.07770023,0.8999272,0.008960179,0.4951979,0.1170116,0.6980168,0.1471292,10,9,,,,,123,,-0.0005848337,0,0,True,1524.728,1354.029,0,43000,0,308150,1503.2,21.52806,110,36,0,7.794066,0.2514215,3.028056,8145.685,203478016,complete,,10,0.2,4000,322,24,7,24,579892acb59df8cc474a8c9709479e774756c28e350d4de438ded6780f1386a7,,,0.07711764,0.07445467,0.07110815,0.08149711,0.07552889,0.07513801
350003,heteroscedastic,dense,50,400,primary,0.5,adjusted,fixed,0.0627778,1.234474,3.283282,0.1311371,0.08812894,0.1970411,0.4755102,1.331694,0.1037299,0.04470904,0.08155974,23.3,0.07833455,0.8998256,0.009156718,0.4951929,0.117963,0.6981183,0.1518846,10,9,123,0.7601246,0.757764,0.7589425,123,0,0,,,,225.9519,225.9519,0,19900,0,145650,225.9519,0,50,1,0,0.2184074,0.0070454,1.919913,290686.1,249821696,complete,,10,0.2,4000,322,24,7,24,12fc93ce3a87eb51431af06ecdac24093953dd99f94e526316abb22a281ffedb,,,0.077666,0.0750858,0.07173179,0.08151348,0.07562375,0.07522396
350003,heteroscedastic,dense,50,400,primary,0.5,adjusted,random,0.0627778,1.234474,3.283282,0.1311371,0.08812894,0.1970411,0.4755102,1.331694,0.1037299,0.04470904,0.08155974,23.3,0.07833455,0.8998256,0.009156718,0.4951929,0.117963,0.6981183,0.1518846,10,9,123,0.7601246,0.757764,0.7589425,123,0,0,0,1,True,1081.901,901.3062,0,33550,0,253500,991.0016,90.89897,87,36,0,0.2184074,0.0070454,1.919913,290686.1,249821696,complete,,10,0.2,4000,322,24,7,24,12fc93ce3a87eb51431af06ecdac24093953dd99f94e526316abb22a281ffedb,,,0.077666,0.0750858,0.07173179,0.08151348,0.07562375,0.07522396
350003,heteroscedastic,dense,50,400,primary,0.5,fixed,M0,0.04469751,,3.284633,0.1311371,0.1495251,0.1970411,0.4755102,1.349493,0.1652333,0.03703078,0.1104273,23.3,0.1375642,0.8972716,0.02538607,0.4967474,0.2051494,0.7065287,0.2643133,10,9,322,0,0,0,123,321,0.06139619,,,,0.0007404927,0.0007404927,0,0,0,0,0.0007404927,0,0,0,0,0.0309454,0.0009982386,0.806466,2051614,77237760,complete,,10,0.2,4000,322,24,7,24,3bed571c474d65a4800318b4621f179385189ac62591a9825fa2d92a57671186,,,0.1447767,0.105687,0.13118,0.1228949,0.07723576,0.09951836
350003,heteroscedastic,dense,50,400,primary,0.5,fixed,M1,0.06435246,1.240985,3.162176,0.1311371,0.0917628,0.1970411,0.4755102,1.295978,0.1083588,0.04330626,0.08680277,23.3,0.08303992,0.8869928,0.01055311,0.483247,0.1243909,0.6986496,0.1587165,10,9,123,0.7601246,0.757764,0.7589425,123,0,0.003633862,,,,1.08949,1.08949,0,0,0,0,1.08949,0,0,0,0,1.408462,0.04543426,1.171689,45076.12,72834048,complete,,10,0.2,4000,322,24,7,24,828d4209088f8b0b570d6edfcde55ca1f51f20f6ed4df64e7dd4a1f1bff9fd0f,,,0.08012985,0.07769617,0.07513842,0.08044242,0.07601804,0.07442531
350003,heteroscedastic,dense,50,400,primary,0.5,fixed,M2,0.1154276,1.281137,3.270874,0.1311371,0.1490376,0.1970411,0.4755102,1.322065,0.1492224,0.1032037,0.1387405,23.3,0.1377517,0.8938217,0.02782786,0.4858687,0.16164,0.7077457,0.2837389,10,9,375,0.319403,0.3322981,0.325723,123,390,0.06090868,,,,1666.821,158.1285,1508.692,18900,60000,141850,1666.821,0,50,0,0,0.1705232,0.005500749,1.582233,372312.9,504196608,valid_capped_prediction,1.79554e+12,10,0.2,4000,322,24,7,24,bdd33f75e98aa8c0e17927339601a5186a8bc28b6cb0bde06ab38a5c7de71ad1,,,0.1254329,0.1157939,0.1287142,0.1054053,0.0946789,0.1016133
350003,heteroscedastic,dense,50,400,primary,0.5,fixed,M3,0.0627778,1.234474,3.283282,0.1311371,0.08812894,0.1970411,0.4755102,1.331694,0.1037299,0.04470904,0.08155974,23.3,0.07833455,0.8998256,0.009156718,0.4951929,0.117963,0.6981183,0.1518846,10,9,123,0.7601246,0.757764,0.7589425,123,0,0,0,1,True,449.3849,403.5489,0,24150,0,173950,429.9957,19.38921,61,7,0,0.2184074,0.0070454,1.919913,290686.1,249821696,complete,,10,0.2,4000,322,24,7,24,12fc93ce3a87eb51431af06ecdac24093953dd99f94e526316abb22a281ffedb,,,0.077666,0.0750858,0.07173179,0.08151348,0.07562375,0.07522396
350003,heteroscedastic,dense,50,400,primary,0.5,fixed,M4,0.0627778,1.234474,3.283282,0.1311371,0.08812894,0.1970411,0.4755102,1.331694,0.1037299,0.04470904,0.08155974,23.3,0.07833455,0.8998256,0.009156718,0.4951929,0.117963,0.6981183,0.1518846,10,9,123,0.7601246,0.757764,0.7589425,123,0,0,0,1,True,449.3849,403.5489,0,24150,0,173950,429.9957,19.38918,61,7,0,0.2184074,0.0070454,1.919913,290686.1,249821696,complete,,10,0.2,4000,322,24,7,24,12fc93ce3a87eb51431af06ecdac24093953dd99f94e526316abb22a281ffedb,,,0.077666,0.0750858,0.07173179,0.08151348,0.07562375,0.07522396
350003,heteroscedastic,dense,50,400,primary,0.5,fixed,M5,0.06281382,1.234464,3.283414,0.1311371,0.08804131,0.1970411,0.4755102,1.331563,0.1036651,0.04479747,0.0815209,23.3,0.07821492,0.8998645,0.009212344,0.495178,0.1178188,0.6981094,0.1518647,10,9,,,,,123,,-8.763112e-05,0,0,True,451.1703,403.5489,0,24150,0,173950,429.9957,21.17456,61,7,0,7.703488,0.2484996,3.066006,8241.461,112526336,complete,,10,0.2,4000,322,24,7,24,a912c1789194ac056d4afa8849572392c4859124a83351f9e349ce84da46dcc4,,,0.07760606,0.0750156,0.07162412,0.08151085,0.07565222,0.07519002
350003,heteroscedastic,dense,50,400,primary,0.5,fixed,fixed,0.0627778,1.234474,3.283282,0.1311371,0.08812894,0.1970411,0.4755102,1.331694,0.1037299,0.04470904,0.08155974,23.3,0.07833455,0.8998256,0.009156718,0.4951929,0.117963,0.6981183,0.1518846,10,9,123,0.7601246,0.757764,0.7589425,123,0,0,,,,225.9519,225.9519,0,19900,0,145650,225.9519,0,50,1,0,0.2184074,0.0070454,1.919913,290686.1,249821696,complete,,10,0.2,4000,322,24,7,24,12fc93ce3a87eb51431af06ecdac24093953dd99f94e526316abb22a281ffedb,,,0.077666,0.0750858,0.07173179,0.08151348,0.07562375,0.07522396
350003,heteroscedastic,dense,50,400,primary,0.5,fixed,random,0.0627778,1.234474,3.283282,0.1311371,0.08812894,0.1970411,0.4755102,1.331694,0.1037299,0.04470904,0.08155974,23.3,0.07833455,0.8998256,0.009156718,0.4951929,0.117963,0.6981183,0.1518846,10,9,123,0.7601246,0.757764,0.7589425,123,0,0,0,1,True,370.1735,330.4121,0,21900,0,162300,348.0951,22.07844,56,7,0,0.2184074,0.0070454,1.919913,290686.1,249821696,complete,,10,0.2,4000,322,24,7,24,12fc93ce3a87eb51431af06ecdac24093953dd99f94e526316abb22a281ffedb,,,0.077666,0.0750858,0.07173179,0.08151348,0.07562375,0.07522396
350004,heteroscedastic,dense,50,400,primary,0.2,adjusted,M0,0.04408002,,3.279517,0.09355973,0.1134529,0.1873315,0.3469388,1.353954,0.1650814,0.04443284,0.0805064,17,0.100119,0.8984534,0.01289798,0.5020448,0.1781238,0.7021703,0.1734417,10,9,322,0,0,0,54,323,0.04827556,,,,0.0007130615,0.0007130615,0,0,0,0,0.0007130615,0,0,0,0,0.03063359,0.0009881804,0.8009488,2072496,77270016,complete,,10,0.2,4000,322,21,7,22,a728886dfcf53641c016d2d5b9460292cd7efc994f86e4b00502010b7f6b2184,,,0.1157454,0.08368006,0.1038581,0.1200256,0.08644025,0.1125356
350004,heteroscedastic,dense,50,400,primary,0.2,adjusted,M1,0.05344916,1.24264,3.159665,0.09355973,0.06414046,0.1873315,0.3469388,1.299059,0.080198,0.04522337,0.06245094,17,0.06363071,0.8872798,0.003649412,0.4865553,0.07475305,0.6976186,0.09796204,10,9,54,0.8916409,0.8944099,0.8930233,54,0,-0.00103685,,,,0.7644887,0.7644887,0,0,0,0,0.7644887,0,0,0,0,1.408927,0.04544927,1.113949,45061.23,77094912,complete,,10,0.2,4000,322,21,7,22,e83ada10b720e36d59ab9a7420d0f691c17b26e3e99c2a3bde0ed32fc4822d4b,,,0.06504003,0.06258227,0.06040134,0.06555783,0.06370218,0.06526921
350004,heteroscedastic,dense,50,400,primary,0.2,adjusted,M2,0.08090368,1.289332,3.25635,0.09355973,0.1015549,0.1873315,0.3469388,1.32944,0.1665768,0.05930626,0.0945539,17,0.09110376,0.895747,0.01130187,0.4940609,0.1466166,0.7010235,0.1610503,10,9,336,0.4,0.4285714,0.4137931,54,343,0.03637759,,,,1647.068,213.6943,1433.373,18050,60000,140300,1647.068,0,50,0,0,0.1933186,0.006236085,1.928017,328411.2,403949056,valid_capped_prediction,2.613664e+12,10,0.2,4000,322,21,7,22,2256e6f18c79cabb5612eda478e2bbfcd197d8b99ff1e227f62562a83f18c44f,,,0.09486507,0.08929828,0.09082523,0.1004145,0.0904869,0.08794661
350004,heteroscedastic,dense,50,400,primary,0.2,adjusted,M3,0.05937612,1.236941,3.283922,0.09355973,0.06517731,0.1873315,0.3469388,1.337385,0.07834292,0.04589261,0.06644896,17,0.06335895,0.9000249,0.004096467,0.4988331,0.06967153,0.6976944,0.09786399,10,9,54,0.8916409,0.8944099,0.8930233,54,0,0,0,1,True,1415.827,1212.546,0,42600,0,310300,1361.417,54.40942,110,36,0,0.2386511,0.007698423,1.799285,266028.5,300437504,complete,,10,0.2,4000,322,21,7,22,f78a194261e90d83ab4b34c29059c5dc3f1cad75ff54daa3844445645bc8c415,,,0.06718574,0.06801531,0.05882482,0.07029991,0.06933696,0.06564108
350004,heteroscedastic,dense,50,400,primary,0.2,adjusted,M4,0.05937612,1.236941,3.283922,0.09355973,0.06517731,0.1873315,0.3469388,1.337385,0.07834292,0.04589261,0.06644896,17,0.06335895,0.9000249,0.004096467,0.4988331,0.06967153,0.6976944,0.09786399,10,9,54,0.8916409,0.8944099,0.8930233,54,0,0,0,1,True,1415.826,1212.546,0,42600,0,310300,1361.417,54.40934,110,36,0,0.2386511,0.007698423,1.799285,266028.5,300437504,complete,,10,0.2,4000,322,21,7,22,f78a194261e90d83ab4b34c29059c5dc3f1cad75ff54daa3844445645bc8c415,,,0.06718574,0.06801531,0.05882482,0.07029991,0.06933696,0.06564108
350004,heteroscedastic,dense,50,400,primary,0.2,adjusted,M5,0.05936414,1.236928,3.283906,0.09355973,0.06516108,0.1873315,0.3469388,1.337388,0.07835091,0.04589013,0.06642823,17,0.06335198,0.9000199,0.004104778,0.4988321,0.06968215,0.6976932,0.0978276,10,9,,,,,54,,-1.623072e-05,0,0,True,1375.23,1212.546,0,42600,0,310300,1361.417,13.81315,110,36,0,9.32153,0.3006945,4.089674,6810.899,208059392,complete,,10,0.2,4000,322,21,7,22,804a4d9e511996076f016b41d0df5df15bf28af7492ae675c48726e4510f5a47,,,0.06717239,0.06800148,0.05881821,0.07027994,0.06932033,0.06563955
350004,heteroscedastic,dense,50,400,primary,0.2,adjusted,fixed,0.05937612,1.236941,3.283922,0.09355973,0.06517731,0.1873315,0.3469388,1.337385,0.07834292,0.04589261,0.06644896,17,0.06335895,0.9000249,0.004096467,0.4988331,0.06967153,0.6976944,0.09786399,10,9,54,0.8916409,0.8944099,0.8930233,54,0,0,,,,183.5766,183.5766,0,19450,0,146750,183.5766,0,50,1,0,0.2386511,0.007698423,1.799285,266028.5,300437504,complete,,10,0.2,4000,322,21,7,22,f78a194261e90d83ab4b34c29059c5dc3f1cad75ff54daa3844445645bc8c415,,,0.06718574,0.06801531,0.05882482,0.07029991,0.06933696,0.06564108
350004,heteroscedastic,dense,50,400,primary,0.2,adjusted,random,0.05937612,1.236941,3.283922,0.09355973,0.06517731,0.1873315,0.3469388,1.337385,0.07834292,0.04589261,0.06644896,17,0.06335895,0.9000249,0.004096467,0.4988331,0.06967153,0.6976944,0.09786399,10,9,54,0.8916409,0.8944099,0.8930233,54,0,0,0,1,True,831.1735,713.2454,0,32500,0,250350,777.4349,53.73863,85,36,0,0.2386511,0.007698423,1.799285,266028.5,300437504,complete,,10,0.2,4000,322,21,7,22,f78a194261e90d83ab4b34c29059c5dc3f1cad75ff54daa3844445645bc8c415,,,0.06718574,0.06801531,0.05882482,0.07029991,0.06933696,0.06564108
350004,heteroscedastic,dense,50,400,primary,0.2,fixed,M0,0.04408002,,3.279517,0.09355973,0.1134529,0.1873315,0.3469388,1.353954,0.1650814,0.04443284,0.0805064,17,0.100119,0.8984534,0.01289798,0.5020448,0.1781238,0.7021703,0.1734417,10,9,322,0,0,0,54,323,0.04827556,,,,0.0007130615,0.0007130615,0,0,0,0,0.0007130615,0,0,0,0,0.03063359,0.0009881804,0.8009488,2072496,77270016,complete,,10,0.2,4000,322,21,7,22,a728886dfcf53641c016d2d5b9460292cd7efc994f86e4b00502010b7f6b2184,,,0.1157454,0.08368006,0.1038581,0.1200256,0.08644025,0.1125356
350004,heteroscedastic,dense,50,400,primary,0.2,fixed,M1,0.05344916,1.24264,3.159665,0.09355973,0.06414046,0.1873315,0.3469388,1.299059,0.080198,0.04522337,0.06245094,17,0.06363071,0.8872798,0.003649412,0.4865553,0.07475305,0.6976186,0.09796204,10,9,54,0.8916409,0.8944099,0.8930233,54,0,-0.00103685,,,,0.7644887,0.7644887,0,0,0,0,0.7644887,0,0,0,0,1.408927,0.04544927,1.113949,45061.23,77094912,complete,,10,0.2,4000,322,21,7,22,e83ada10b720e36d59ab9a7420d0f691c17b26e3e99c2a3bde0ed32fc4822d4b,,,0.06504003,0.06258227,0.06040134,0.06555783,0.06370218,0.06526921
350004,heteroscedastic,dense,50,400,primary,0.2,fixed,M2,0.08090368,1.289332,3.25635,0.09355973,0.1015549,0.1873315,0.3469388,1.32944,0.1665768,0.05930626,0.0945539,17,0.09110376,0.895747,0.01130187,0.4940609,0.1466166,0.7010235,0.1610503,10,9,336,0.4,0.4285714,0.4137931,54,343,0.03637759,,,,1647.068,213.6943,1433.373,18050,60000,140300,1647.068,0,50,0,0,0.1933186,0.006236085,1.928017,328411.2,403949056,valid_capped_prediction,2.613664e+12,10,0.2,4000,322,21,7,22,2256e6f18c79cabb5612eda478e2bbfcd197d8b99ff1e227f62562a83f18c44f,,,0.09486507,0.08929828,0.09082523,0.1004145,0.0904869,0.08794661
350004,heteroscedastic,dense,50,400,primary,0.2,fixed,M3,0.05937612,1.236941,3.283922,0.09355973,0.06517731,0.1873315,0.3469388,1.337385,0.07834292,0.04589261,0.06644896,17,0.06335895,0.9000249,0.004096467,0.4988331,0.06967153,0.6976944,0.09786399,10,9,54,0.8916409,0.8944099,0.8930233,54,0,0,0,1,True,408.9868,370.4661,0,24000,0,171250,397.2154,11.77138,61,7,0,0.2386511,0.007698423,1.799285,266028.5,300437504,complete,,10,0.2,4000,322,21,7,22,f78a194261e90d83ab4b34c29059c5dc3f1cad75ff54daa3844445645bc8c415,,,0.06718574,0.06801531,0.05882482,0.07029991,0.06933696,0.06564108
350004,heteroscedastic,dense,50,400,primary,0.2,fixed,M4,0.05937612,1.236941,3.283922,0.09355973,0.06517731,0.1873315,0.3469388,1.337385,0.07834292,0.04589261,0.06644896,17,0.06335895,0.9000249,0.004096467,0.4988331,0.06967153,0.6976944,0.09786399,10,9,54,0.8916409,0.8944099,0.8930233,54,0,0,0,1,True,408.9868,370.4661,0,24000,0,171250,397.2154,11.77135,61,7,0,0.2386511,0.007698423,1.799285,266028.5,300437504,complete,,10,0.2,4000,322,21,7,22,f78a194261e90d83ab4b34c29059c5dc3f1cad75ff54daa3844445645bc8c415,,,0.06718574,0.06801531,0.05882482,0.07029991,0.06933696,0.06564108
350004,heteroscedastic,dense,50,400,primary,0.2,fixed,M5,0.05930178,1.236933,3.283899,0.09355973,0.06514562,0.1873315,0.3469388,1.33748,0.07832792,0.04591011,0.06640919,17,0.06336374,0.9000129,0.004076794,0.498874,0.06964783,0.6976924,0.09787431,10,9,,,,,54,,-3.16862e-05,0,0,True,411.2458,370.4661,0,24000,0,171250,397.2154,14.03034,61,7,0,9.991185,0.3222963,3.00356,6354.402,116702208,complete,,10,0.2,4000,322,21,7,22,efc125b745be11e9239f266dd73f67aa57d34b49c7d9af00c6a34abccca63012,,,0.06714251,0.0679717,0.05881778,0.07025382,0.06928676,0.06564042
350004,heteroscedastic,dense,50,400,primary,0.2,fixed,fixed,0.05937612,1.236941,3.283922,0.09355973,0.06517731,0.1873315,0.3469388,1.337385,0.07834292,0.04589261,0.06644896,17,0.06335895,0.9000249,0.004096467,0.4988331,0.06967153,0.6976944,0.09786399,10,9,54,0.8916409,0.8944099,0.8930233,54,0,0,,,,183.5766,183.5766,0,19450,0,146750,183.5766,0,50,1,0,0.2386511,0.007698423,1.799285,266028.5,300437504,complete,,10,0.2,4000,322,21,7,22,f78a194261e90d83ab4b34c29059c5dc3f1cad75ff54daa3844445645bc8c415,,,0.06718574,0.06801531,0.05882482,0.07029991,0.06933696,0.06564108
350004,heteroscedastic,dense,50,400,primary,0.2,fixed,random,0.05937612,1.236941,3.283922,0.09355973,0.06517731,0.1873315,0.3469388,1.337385,0.07834292,0.04589261,0.06644896,17,0.06335895,0.9000249,0.004096467,0.4988331,0.06967153,0.6976944,0.09786399,10,9,54,0.8916409,0.8944099,0.8930233,54,0,0,0,1,True,323.8792,297.1165,0,21700,0,165850,312.605,11.27419,56,7,0,0.2386511,0.007698423,1.799285,266028.5,300437504,complete,,10,0.2,4000,322,21,7,22,f78a194261e90d83ab4b34c29059c5dc3f1cad75ff54daa3844445645bc8c415,,,0.06718574,0.06801531,0.05882482,0.07029991,0.06933696,0.06564108
350004,heteroscedastic,dense,50,400,primary,0.5,adjusted,M0,0.04408002,,3.279517,0.09355973,0.1134529,0.1873315,0.3469388,1.353954,0.1650814,0.04443284,0.0805064,17,0.100119,0.8984534,0.01289798,0.5020448,0.1781238,0.7021703,0.1734417,10,9,322,0,0,0,120,323,0.03826375,,,,0.0007130615,0.0007130615,0,0,0,0,0.0007130615,0,0,0,0,0.03063359,0.0009881804,0.8009488,2072496,77270016,complete,,10,0.2,4000,322,21,7,22,a728886dfcf53641c016d2d5b9460292cd7efc994f86e4b00502010b7f6b2184,,,0.1157454,0.08368006,0.1038581,0.1200256,0.08644025,0.1125356
350004,heteroscedastic,dense,50,400,primary,0.5,adjusted,M1,0.064452,1.257101,3.168281,0.09355973,0.07535762,0.1873315,0.3469388,1.302294,0.1178186,0.05853378,0.0691939,17,0.07108025,0.8876066,0.00575537,0.4870934,0.1068138,0.698414,0.1104552,10,9,120,0.7708978,0.7732919,0.772093,120,0,0.0001684949,,,,0.4969109,0.4969109,0,0,0,0,0.4969109,0,0,0,0,1.382844,0.04460786,1.178553,45911.19,72834048,complete,,10,0.2,4000,322,21,7,22,42e7b27804ee9eb2f4bcfcbd45fe11b20db9d7f2a97ebca0fd4e940524b8149c,,,0.07232521,0.06829645,0.06730729,0.07562039,0.07035102,0.0754255
350004,heteroscedastic,dense,50,400,primary,0.5,adjusted,M2,0.08090368,1.289332,3.25635,0.09355973,0.1015549,0.1873315,0.3469388,1.32944,0.1665768,0.05930626,0.0945539,17,0.09110376,0.895747,0.01130187,0.4940609,0.1466166,0.7010235,0.1610503,10,9,336,0.4,0.4285714,0.4137931,120,380,0.02636578,,,,1647.068,213.6943,1433.373,18050,60000,140300,1647.068,0,50,0,0,0.1933186,0.006236085,1.928017,328411.2,403949056,valid_capped_prediction,2.613664e+12,10,0.2,4000,322,21,7,22,2256e6f18c79cabb5612eda478e2bbfcd197d8b99ff1e227f62562a83f18c44f,,,0.09486507,0.08929828,0.09082523,0.1004145,0.0904869,0.08794661
350004,heteroscedastic,dense,50,400,primary,0.5,adjusted,M3,0.06776618,1.253139,3.282956,0.09355973,0.07518912,0.1873315,0.3469388,1.34017,0.1163195,0.06125757,0.06974602,17,0.06992732,0.8997678,0.006085409,0.4995526,0.1065663,0.6983791,0.1048683,10,9,120,0.7708978,0.7732919,0.772093,120,0,0,0,1,True,862.2424,696.0961,0,38500,0,269350,807.038,55.20443,102,36,0,0.2279834,0.007354304,2.001823,278476.4,201651200,complete,,10,0.2,4000,322,21,7,22,e3b1b53f20004c669a95510e31518bc8942fa33b31d42b9d4f17003d600d9540,,,0.07342629,0.0700796,0.06567624,0.07664566,0.07157423,0.0749917
350004,heteroscedastic,dense,50,400,primary,0.5,adjusted,M4,0.06776618,1.253139,3.282956,0.09355973,0.07518912,0.1873315,0.3469388,1.34017,0.1163195,0.06125757,0.06974602,17,0.06992732,0.8997678,0.006085409,0.4995526,0.1065663,0.6983791,0.1048683,10,9,120,0.7708978,0.7732919,0.772093,120,0,0,0,1,True,862.2423,696.0961,0,38500,0,269350,807.038,55.20438,102,36,0,0.2279834,0.007354304,2.001823,278476.4,201651200,complete,,10,0.2,4000,322,21,7,22,e3b1b53f20004c669a95510e31518bc8942fa33b31d42b9d4f17003d600d9540,,,0.07342629,0.0700796,0.06567624,0.07664566,0.07157423,0.0749917
350004,heteroscedastic,dense,50,400,primary,0.5,adjusted,M5,0.06763697,1.253098,3.283448,0.09355973,0.07511623,0.1873315,0.3469388,1.340264,0.1163118,0.06130654,0.06964248,17,0.0699257,0.8998465,0.006076595,0.4996173,0.1066079,0.6983726,0.1048543,10,9,,,,,120,,-7.288828e-05,0,0,True,821.5098,696.0961,0,38500,0,269350,807.038,14.47179,102,36,0,8.735848,0.2818016,4.21191,7267.525,201651200,complete,,10,0.2,4000,322,21,7,22,8d1be93ccb4a09f6542c108abf5045e8bbd8a7953f99f0e1e68b20498c9996fd,,,0.07327143,0.06993105,0.06567584,0.07658007,0.07148866,0.07503002
350004,heteroscedastic,dense,50,400,primary,0.5,adjusted,fixed,0.06776618,1.253139,3.282956,0.09355973,0.07518912,0.1873315,0.3469388,1.34017,0.1163195,0.06125757,0.06974602,17,0.06992732,0.8997678,0.006085409,0.4995526,0.1065663,0.6983791,0.1048683,10,9,120,0.7708978,0.7732919,0.772093,120,0,0,,,,140.5041,140.5041,0,18550,0,137650,140.5041,0,50,1,0,0.2279834,0.007354304,2.001823,278476.4,198827520,complete,,10,0.2,4000,322,21,7,22,e3b1b53f20004c669a95510e31518bc8942fa33b31d42b9d4f17003d600d9540,,,0.07342629,0.0700796,0.06567624,0.07664566,0.07157423,0.0749917
350004,heteroscedastic,dense,50,400,primary,0.5,adjusted,random,0.06776618,1.253139,3.282956,0.09355973,0.07518912,0.1873315,0.3469388,1.34017,0.1163195,0.06125757,0.06974602,17,0.06992732,0.8997678,0.006085409,0.4995526,0.1065663,0.6983791,0.1048683,10,9,120,0.7708978,0.7732919,0.772093,120,0,0,0,1,True,674.1178,562.6528,0,32100,0,237850,617.1554,56.96242,87,36,0,0.2279834,0.007354304,2.001823,278476.4,202454528,complete,,10,0.2,4000,322,21,7,22,e3b1b53f20004c669a95510e31518bc8942fa33b31d42b9d4f17003d600d9540,,,0.07342629,0.0700796,0.06567624,0.07664566,0.07157423,0.0749917
350004,heteroscedastic,dense,50,400,primary,0.5,fixed,M0,0.04408002,,3.279517,0.09355973,0.1134529,0.1873315,0.3469388,1.353954,0.1650814,0.04443284,0.0805064,17,0.100119,0.8984534,0.01289798,0.5020448,0.1781238,0.7021703,0.1734417,10,9,322,0,0,0,120,323,0.03826375,,,,0.0007130615,0.0007130615,0,0,0,0,0.0007130615,0,0,0,0,0.03063359,0.0009881804,0.8009488,2072496,77270016,complete,,10,0.2,4000,322,21,7,22,a728886dfcf53641c016d2d5b9460292cd7efc994f86e4b00502010b7f6b2184,,,0.1157454,0.08368006,0.1038581,0.1200256,0.08644025,0.1125356
350004,heteroscedastic,dense,50,400,primary,0.5,fixed,M1,0.064452,1.257101,3.168281,0.09355973,0.07535762,0.1873315,0.3469388,1.302294,0.1178186,0.05853378,0.0691939,17,0.07108025,0.8876066,0.00575537,0.4870934,0.1068138,0.698414,0.1104552,10,9,120,0.7708978,0.7732919,0.772093,120,0,0.0001684949,,,,0.4969109,0.4969109,0,0,0,0,0.4969109,0,0,0,0,1.382844,0.04460786,1.178553,45911.19,72834048,complete,,10,0.2,4000,322,21,7,22,42e7b27804ee9eb2f4bcfcbd45fe11b20db9d7f2a97ebca0fd4e940524b8149c,,,0.07232521,0.06829645,0.06730729,0.07562039,0.07035102,0.0754255
350004,heteroscedastic,dense,50,400,primary,0.5,fixed,M2,0.08090368,1.289332,3.25635,0.09355973,0.1015549,0.1873315,0.3469388,1.32944,0.1665768,0.05930626,0.0945539,17,0.09110376,0.895747,0.01130187,0.4940609,0.1466166,0.7010235,0.1610503,10,9,336,0.4,0.4285714,0.4137931,120,380,0.02636578,,,,1647.068,213.6943,1433.373,18050,60000,140300,1647.068,0,50,0,0,0.1933186,0.006236085,1.928017,328411.2,403949056,valid_capped_prediction,2.613664e+12,10,0.2,4000,322,21,7,22,2256e6f18c79cabb5612eda478e2bbfcd197d8b99ff1e227f62562a83f18c44f,,,0.09486507,0.08929828,0.09082523,0.1004145,0.0904869,0.08794661
350004,heteroscedastic,dense,50,400,primary,0.5,fixed,M3,0.06776618,1.253139,3.282956,0.09355973,0.07518912,0.1873315,0.3469388,1.34017,0.1163195,0.06125757,0.06974602,17,0.06992732,0.8997678,0.006085409,0.4995526,0.1065663,0.6983791,0.1048683,10,9,120,0.7708978,0.7732919,0.772093,120,0,0,0,1,True,276.055,243.9992,0,21700,0,152450,263.4954,12.55956,59,7,0,0.2279834,0.007354304,2.001823,278476.4,198827520,complete,,10,0.2,4000,322,21,7,22,e3b1b53f20004c669a95510e31518bc8942fa33b31d42b9d4f17003d600d9540,,,0.07342629,0.0700796,0.06567624,0.07664566,0.07157423,0.0749917
350004,heteroscedastic,dense,50,400,primary,0.5,fixed,M4,0.06776618,1.253139,3.282956,0.09355973,0.07518912,0.1873315,0.3469388,1.34017,0.1163195,0.06125757,0.06974602,17,0.06992732,0.8997678,0.006085409,0.4995526,0.1065663,0.6983791,0.1048683,10,9,120,0.7708978,0.7732919,0.772093,120,0,0,0,1,True,276.055,243.9992,0,21700,0,152450,263.4954,12.55953,59,7,0,0.2279834,0.007354304,2.001823,278476.4,198827520,complete,,10,0.2,4000,322,21,7,22,e3b1b53f20004c669a95510e31518bc8942fa33b31d42b9d4f17003d600d9540,,,0.07342629,0.0700796,0.06567624,0.07664566,0.07157423,0.0749917
350004,heteroscedastic,dense,50,400,primary,0.5,fixed,M5,0.06770511,1.253128,3.282969,0.09355973,0.07516239,0.1873315,0.3469388,1.340202,0.1163042,0.06119559,0.0697263,17,0.0699072,0.8997728,0.00606936,0.4995575,0.1065373,0.698377,0.104849,10,9,,,,,120,,-2.672747e-05,0,0,True,276.885,243.9992,0,21700,0,152450,263.4954,13.38961,59,7,0,8.443989,0.2723867,2.960773,7518.721,111393280,complete,,10,0.2,4000,322,21,7,22,274c48e944e63049bdb8f104ac327f46212da2537540d0ac3eecee4cb19d7e56,,,0.07343482,0.07008527,0.06568728,0.07662906,0.07155389,0.07497516
350004,heteroscedastic,dense,50,400,primary,0.5,fixed,fixed,0.06776618,1.253139,3.282956,0.09355973,0.07518912,0.1873315,0.3469388,1.34017,0.1163195,0.06125757,0.06974602,17,0.06992732,0.8997678,0.006085409,0.4995526,0.1065663,0.6983791,0.1048683,10,9,120,0.7708978,0.7732919,0.772093,120,0,0,,,,140.5041,140.5041,0,18550,0,137650,140.5041,0,50,1,0,0.2279834,0.007354304,2.001823,278476.4,198827520,complete,,10,0.2,4000,322,21,7,22,e3b1b53f20004c669a95510e31518bc8942fa33b31d42b9d4f17003d600d9540,,,0.07342629,0.0700796,0.06567624,0.07664566,0.07157423,0.0749917
350004,heteroscedastic,dense,50,400,primary,0.5,fixed,random,0.06776618,1.253139,3.282956,0.09355973,0.07518912,0.1873315,0.3469388,1.34017,0.1163195,0.06125757,0.06974602,17,0.06992732,0.8997678,0.006085409,0.4995526,0.1065663,0.6983791,0.1048683,10,9,120,0.7708978,0.7732919,0.772093,120,0,0,0,1,True,248.1104,225.7411,0,21250,0,157900,236.1659,11.94444,57,7,0,0.2279834,0.007354304,2.001823,278476.4,198827520,complete,,10,0.2,4000,322,21,7,22,e3b1b53f20004c669a95510e31518bc8942fa33b31d42b9d4f17003d600d9540,,,0.07342629,0.0700796,0.06567624,0.07664566,0.07157423,0.0749917
351000,heteroscedastic,hub,50,400,primary,0.2,adjusted,M0,0.04321438,,3.279506,0.100368,0.1469738,0.3604419,0.1346939,1.349751,0.3374298,0.04356256,0.09277783,6.6,0.1092794,0.8975506,0.02634892,0.4953743,0.3492081,0.7032164,0.4193944,10,4,97,0,0,0,14,98,0.0620836,,,,0.0004240461,0.0004240461,0,0,0,0,0.0004240461,0,0,0,0,0.03103914,0.001001263,0.8150016,2045417,106751488,complete,,10,0.2,4000,97,3,6,44,a7944c1f249ada28aabafd5c88930a8aabe8cb88d6e2d30e223188d84066d3a4,0.1449113,0.1457385,0.1466308,0.096225,0.1140148,0.1022076,0.04428887,0.04746907
351000,heteroscedastic,hub,50,400,primary,0.2,adjusted,M1,0.08099016,1.257555,3.15549,0.100368,0.08970527,0.3604419,0.1346939,1.295228,0.1365266,0.05762313,0.09184715,6.6,0.07281908,0.8880351,0.008377879,0.4830616,0.1510538,0.693818,0.189434,10,4,14,0.9081633,0.9175258,0.9128205,14,0,0.004815034,,,,1.115762,1.115762,0,0,0,0,1.115762,0,0,0,0,1.402552,0.04524361,1.164845,45266.06,106007552,complete,,10,0.2,4000,97,3,6,44,8fe1d5e85832074dc335d1fb9c8438733dc3863ff20b13505dcdaf405f201103,0.0895943,0.09026108,0.08615574,0.08862496,0.07642781,0.06748561,0.07124806,0.04493913
351000,heteroscedastic,hub,50,400,primary,0.2,adjusted,M2,0.09192819,1.272792,3.27342,0.100368,0.1174428,0.3604419,0.1346939,1.334846,0.185924,0.07672695,0.1133502,6.6,0.1041228,0.8979901,0.01677397,0.4929189,0.1928686,0.6982193,0.3089705,10,4,250,0.1915709,0.5154639,0.2793296,14,258,0.03255259,,,,1682.048,204.9032,1477.145,18150,60000,108600,1682.048,0,50,0,0,0.1736101,0.005600326,1.783063,365693,1308787200,valid_capped_prediction,1.546959e+12,10,0.2,4000,97,3,6,44,32f2a3920daba8110e950355e5501633e4df3641cf082c7d7e8cc82aa91668bc,0.1152656,0.1192928,0.1040024,0.09900808,0.09503644,0.07972528,0.07472925,0.05598835
351000,heteroscedastic,hub,50,400,primary,0.2,adjusted,M3,0.05898994,1.245574,3.251292,0.100368,0.06431532,0.3604419,0.1346939,1.334804,0.112095,0.04409362,0.06271108,6.6,0.05421823,0.8992795,0.002902808,0.4971211,0.1144776,0.6908907,0.09978741,10,4,14,0.9090909,0.9278351,0.9183673,14,2,-0.02057491,0,0,True,1479.039,1303.978,0,46800,0,144100,1412.829,66.20995,106,36,1,0.1725955,0.005567596,1.747757,367842.8,785526272,complete,,10,0.2,4000,97,3,6,44,b80b5baee3e19caf1bb60694211f6c266d108da5fc5d8ead0a753f2344e1c4ae,0.06408798,0.06489849,0.06250717,0.05884766,0.05402595,0.05790826,0.05788236,0.04760611
351000,heteroscedastic,hub,50,400,primary,0.2,adjusted,M4,0.07331916,1.249255,3.219883,0.100368,0.08489024,0.3604419,0.1346939,1.317957,0.147034,0.06201277,0.08127011,6.6,0.07618338,0.8945043,0.007531875,0.4905941,0.1554456,0.6934727,0.1752957,10,4,14,0.9081633,0.9175258,0.9128205,14,0,0,0,1,True,1477.712,1303.978,0,46800,0,144100,1412.829,64.88323,106,36,1,0.1710872,0.005518943,1.85073,371085.5,785619456,complete,,10,0.2,4000,97,3,6,44,c81e848cca19f54ec2978e97e554bfa242cbe939b6016ad5b95b54ab31ad0bc9,0.08393688,0.08597555,0.07980502,0.0753559,0.07477243,0.05894971,0.05812461,0.045454
351000,heteroscedastic,hub,50,400,primary,0.2,adjusted,M5,0.0697781,1.247786,3.226655,0.100368,0.07970865,0.3604419,0.1346939,1.320093,0.1389713,0.05829711,0.07689041,6.6,0.0707154,0.8955726,0.006278515,0.4917161,0.1449992,0.6926648,0.1545461,10,4,,,,,14,,-0.005181585,0,0,True,1424.381,1303.978,0,46800,0,144100,1412.829,11.55189,106,36,1,3.818175,0.123167,2.737795,16627.84,246991360,complete,,10,0.2,4000,97,3,6,44,12d5f88b0a1f79f084667494b43f13dab6bf81c46b43f8f297959a01153c355c,0.07880311,0.08057579,0.07533843,0.07147335,0.07008929,0.05788511,0.05739133,0.0454788
351000,heteroscedastic,hub,50,400,primary,0.2,adjusted,fixed,0.07331916,1.249255,3.219883,0.100368,0.08489024,0.3604419,0.1346939,1.317957,0.147034,0.06201277,0.08127011,6.6,0.07618338,0.8945043,0.007531875,0.4905941,0.1554456,0.6934727,0.1752957,10,4,14,0.9081633,0.9175258,0.9128205,14,0,0,,,,274.3083,274.3083,0,22200,0,63500,274.3083,0,50,1,0,0.1710872,0.005518943,1.85073,371085.5,785619456,complete,,10,0.2,4000,97,3,6,44,c81e848cca19f54ec2978e97e554bfa242cbe939b6016ad5b95b54ab31ad0bc9,0.08393688,0.08597555,0.07980502,0.0753559,0.07477243,0.05894971,0.05812461,0.045454
351000,heteroscedastic,hub,50,400,primary,0.2,adjusted,oracle,0.05693258,1.237024,3.260417,0.100368,0.05399289,0.3604419,0.1346939,1.341203,0.06837358,0.04437743,0.05868308,6.6,0.04815434,0.9004932,0.0007514272,0.4995705,0.05185836,0.6901532,0.06313315,10,4,0,1,1,1,14,14,-0.03089735,,,,172.2387,172.2387,0,21400,0,61000,172.2387,0,50,0,0,0.1653231,0.005333002,1.738118,384023.8,982215168,complete,,10,0.2,4000,97,3,6,44,80b8f180beff3db2f45c162710c84039d884cdf8d0499ab28df89bc4af28210e,0.0536229,0.05471955,0.05131607,0.05582916,0.04501685,0.05097853,0.05500669,0.04417618
351000,heteroscedastic,hub,50,400,primary,0.2,adjusted,random,0.07331916,1.249255,3.219883,0.100368,0.08489024,0.3604419,0.1346939,1.317957,0.147034,0.06201277,0.08127011,6.6,0.07618338,0.8945043,0.007531875,0.4905941,0.1554456,0.6934727,0.1752957,10,4,14,0.9081633,0.9175258,0.9128205,14,0,0,0,1,True,1259.257,1140.497,0,39500,0,124450,1201.81,57.44744,89,36,0,0.1710872,0.005518943,1.85073,371085.5,785619456,complete,,10,0.2,4000,97,3,6,44,c81e848cca19f54ec2978e97e554bfa242cbe939b6016ad5b95b54ab31ad0bc9,0.08393688,0.08597555,0.07980502,0.0753559,0.07477243,0.05894971,0.05812461,0.045454
351000,heteroscedastic,hub,50,400,primary,0.2,fixed,M0,0.04321438,,3.279506,0.100368,0.1469738,0.3604419,0.1346939,1.349751,0.3374298,0.04356256,0.09277783,6.6,0.1092794,0.8975506,0.02634892,0.4953743,0.3492081,0.7032164,0.4193944,10,4,97,0,0,0,14,98,0.0620836,,,,0.0004240461,0.0004240461,0,0,0,0,0.0004240461,0,0,0,0,0.03103914,0.001001263,0.8150016,2045417,106751488,complete,,10,0.2,4000,97,3,6,44,a7944c1f249ada28aabafd5c88930a8aabe8cb88d6e2d30e223188d84066d3a4,0.1449113,0.1457385,0.1466308,0.096225,0.1140148,0.1022076,0.04428887,0.04746907
351000,heteroscedastic,hub,50,400,primary,0.2,fixed,M1,0.08099016,1.257555,3.15549,0.100368,0.08970527,0.3604419,0.1346939,1.295228,0.1365266,0.05762313,0.09184715,6.6,0.07281908,0.8880351,0.008377879,0.4830616,0.1510538,0.693818,0.189434,10,4,14,0.9081633,0.9175258,0.9128205,14,0,0.004815034,,,,1.115762,1.115762,0,0,0,0,1.115762,0,0,0,0,1.402552,0.04524361,1.164845,45266.06,106007552,complete,,10,0.2,4000,97,3,6,44,8fe1d5e85832074dc335d1fb9c8438733dc3863ff20b13505dcdaf405f201103,0.0895943,0.09026108,0.08615574,0.08862496,0.07642781,0.06748561,0.07124806,0.04493913
351000,heteroscedastic,hub,50,400,primary,0.2,fixed,M2,0.09192819,1.272792,3.27342,0.100368,0.1174428,0.3604419,0.1346939,1.334846,0.185924,0.07672695,0.1133502,6.6,0.1041228,0.8979901,0.01677397,0.4929189,0.1928686,0.6982193,0.3089705,10,4,250,0.1915709,0.5154639,0.2793296,14,258,0.03255259,,,,1682.048,204.9032,1477.145,18150,60000,108600,1682.048,0,50,0,0,0.1736101,0.005600326,1.783063,365693,1308787200,valid_capped_prediction,1.546959e+12,10,0.2,4000,97,3,6,44,32f2a3920daba8110e950355e5501633e4df3641cf082c7d7e8cc82aa91668bc,0.1152656,0.1192928,0.1040024,0.09900808,0.09503644,0.07972528,0.07472925,0.05598835
351000,heteroscedastic,hub,50,400,primary,0.2,fixed,M3,0.07331916,1.249255,3.219883,0.100368,0.08489024,0.3604419,0.1346939,1.317957,0.147034,0.06201277,0.08127011,6.6,0.07618338,0.8945043,0.007531875,0.4905941,0.1554456,0.6934727,0.1752957,10,4,14,0.9081633,0.9175258,0.9128205,14,0,0,0,1,True,486.9126,453.5417,0,26800,0,79350,473.6776,13.23498,61,7,0,0.1710872,0.005518943,1.85073,371085.5,785619456,complete,,10,0.2,4000,97,3,6,44,c81e848cca19f54ec2978e97e554bfa242cbe939b6016ad5b95b54ab31ad0bc9,0.08393688,0.08597555,0.07980502,0.0753559,0.07477243,0.05894971,0.05812461,0.045454
351000,heteroscedastic,hub,50,400,primary,0.2,fixed,M4,0.07331916,1.249255,3.219883,0.100368,0.08489024,0.3604419,0.1346939,1.317957,0.147034,0.06201277,0.08127011,6.6,0.07618338,0.8945043,0.007531875,0.4905941,0.1554456,0.6934727,0.1752957,10,4,14,0.9081633,0.9175258,0.9128205,14,0,0,0,1,True,486.9126,453.5417,0,26800,0,79350,473.6776,13.23495,61,7,0,0.1710872,0.005518943,1.85073,371085.5,785619456,complete,,10,0.2,4000,97,3,6,44,c81e848cca19f54ec2978e97e554bfa242cbe939b6016ad5b95b54ab31ad0bc9,0.08393688,0.08597555,0.07980502,0.0753559,0.07477243,0.05894971,0.05812461,0.045454
351000,heteroscedastic,hub,50,400,primary,0.2,fixed,M5,0.07331194,1.249248,3.219941,0.100368,0.08488307,0.3604419,0.1346939,1.317957,0.1469686,0.06201158,0.08125941,6.6,0.07617773,0.8945183,0.007533278,0.4905851,0.1554147,0.6934718,0.1752903,10,4,,,,,14,,-7.166341e-06,0,0,True,485.3789,453.5417,0,26800,0,79350,473.6776,11.70131,61,7,0,3.584641,0.1156336,3.501916,17711.12,153933824,complete,,10,0.2,4000,97,3,6,44,c5c0cea1342c70227f23f1518e15c3b9a1194472b94012b429834baf33601b8e,0.08393327,0.08596702,0.07980684,0.07535765,0.07479041,0.05894623,0.05811824,0.04546081
351000,heteroscedastic,hub,50,400,primary,0.2,fixed,fixed,0.07331916,1.249255,3.219883,0.100368,0.08489024,0.3604419,0.1346939,1.317957,0.147034,0.06201277,0.08127011,6.6,0.07618338,0.8945043,0.007531875,0.4905941,0.1554456,0.6934727,0.1752957,10,4,14,0.9081633,0.9175258,0.9128205,14,0,0,,,,274.3083,274.3083,0,22200,0,63500,274.3083,0,50,1,0,0.1710872,0.005518943,1.85073,371085.5,785619456,complete,,10,0.2,4000,97,3,6,44,c81e848cca19f54ec2978e97e554bfa242cbe939b6016ad5b95b54ab31ad0bc9,0.08393688,0.08597555,0.07980502,0.0753559,0.07477243,0.05894971,0.05812461,0.045454
351000,heteroscedastic,hub,50,400,primary,0.2,fixed,oracle,0.05693258,1.237024,3.260417,0.100368,0.05399289,0.3604419,0.1346939,1.341203,0.06837358,0.04437743,0.05868308,6.6,0.04815434,0.9004932,0.0007514272,0.4995705,0.05185836,0.6901532,0.06313315,10,4,0,1,1,1,14,14,-0.03089735,,,,172.2387,172.2387,0,21400,0,61000,172.2387,0,50,0,0,0.1653231,0.005333002,1.738118,384023.8,982215168,complete,,10,0.2,4000,97,3,6,44,80b8f180beff3db2f45c162710c84039d884cdf8d0499ab28df89bc4af28210e,0.0536229,0.05471955,0.05131607,0.05582916,0.04501685,0.05097853,0.05500669,0.04417618
351000,heteroscedastic,hub,50,400,primary,0.2,fixed,random,0.07331916,1.249255,3.219883,0.100368,0.08489024,0.3604419,0.1346939,1.317957,0.147034,0.06201277,0.08127011,6.6,0.07618338,0.8945043,0.007531875,0.4905941,0.1554456,0.6934727,0.1752957,10,4,14,0.9081633,0.9175258,0.9128205,14,0,0,0,1,True,483.3804,457.5849,0,26150,0,75450,470.5218,12.85858,59,7,0,0.1710872,0.005518943,1.85073,371085.5,785619456,complete,,10,0.2,4000,97,3,6,44,c81e848cca19f54ec2978e97e554bfa242cbe939b6016ad5b95b54ab31ad0bc9,0.08393688,0.08597555,0.07980502,0.0753559,0.07477243,0.05894971,0.05812461,0.045454
351000,heteroscedastic,hub,50,400,primary,0.5,adjusted,M0,0.04321438,,3.279506,0.100368,0.1469738,0.3604419,0.1346939,1.349751,0.3374298,0.04356256,0.09277783,6.6,0.1092794,0.8975506,0.02634892,0.4953743,0.3492081,0.7032164,0.4193944,10,4,97,0,0,0,45,97,0.03775188,,,,0.0004240461,0.0004240461,0,0,0,0,0.0004240461,0,0,0,0,0.03103914,0.001001263,0.8150016,2045417,106751488,complete,,10,0.2,4000,97,3,6,44,a7944c1f249ada28aabafd5c88930a8aabe8cb88d6e2d30e223188d84066d3a4,0.1449113,0.1457385,0.1466308,0.096225,0.1140148,0.1022076,0.04428887,0.04746907
351000,heteroscedastic,hub,50,400,primary,0.5,adjusted,M1,0.08457746,1.278989,3.166207,0.100368,0.1100067,0.3604419,0.1346939,1.297609,0.1565345,0.06409981,0.1020891,6.6,0.08886324,0.8879933,0.01369232,0.4818907,0.1752795,0.6967627,0.2758393,10,4,45,0.7010309,0.7010309,0.7010309,45,0,0.0007847562,,,,0.7253367,0.7253367,0,0,0,0,0.7253367,0,0,0,0,1.390379,0.04485094,1.202357,45662.37,106005504,complete,,10,0.2,4000,97,3,6,44,397ac8f6324f8aedac909e64f35915c0a029ef38ae5f271e1d4f799e82bb13f1,0.108577,0.1111771,0.1028501,0.09768241,0.0892748,0.08091656,0.07475311,0.04941289
351000,heteroscedastic,hub,50,400,primary,0.5,adjusted,M2,0.09192819,1.272792,3.27342,0.100368,0.1174428,0.3604419,0.1346939,1.334846,0.185924,0.07672695,0.1133502,6.6,0.1041228,0.8979901,0.01677397,0.4929189,0.1928686,0.6982193,0.3089705,10,4,250,0.1915709,0.5154639,0.2793296,45,260,0.008220869,,,,1682.048,204.9032,1477.145,18150,60000,108600,1682.048,0,50,0,0,0.1736101,0.005600326,1.783063,365693,1308787200,valid_capped_prediction,1.546959e+12,10,0.2,4000,97,3,6,44,32f2a3920daba8110e950355e5501633e4df3641cf082c7d7e8cc82aa91668bc,0.1152656,0.1192928,0.1040024,0.09900808,0.09503644,0.07972528,0.07472925,0.05598835
351000,heteroscedastic,hub,50,400,primary,0.5,adjusted,M3,0.06652141,1.26741,3.271981,0.100368,0.09312801,0.3604419,0.1346939,1.346869,0.1218138,0.05376612,0.07652143,6.6,0.07490299,0.9004883,0.008455685,0.4992118,0.1514751,0.6938707,0.2047526,10,4,43,0.7216495,0.7216495,0.7216495,45,2,-0.01609395,0,0,True,1455.258,1281.954,0,44050,0,142700,1392.727,62.53071,103,36,1,0.1923545,0.006204984,1.632172,330057.3,637024768,complete,,10,0.2,4000,97,3,6,44,4b83a7b07e16e50d4983690774318b843aad75b8037ecb4a113a9b4b14d0f66d,0.09344347,0.09430484,0.08655794,0.07349924,0.07265252,0.07599109,0.06337258,0.04928803
351000,heteroscedastic,hub,50,400,primary,0.5,adjusted,M4,0.07840719,1.27074,3.230471,0.100368,0.109222,0.3604419,0.1346939,1.322541,0.1501652,0.06836101,0.0927192,6.6,0.0921393,0.8947076,0.01370352,0.4901277,0.1730267,0.6967012,0.2725821,10,4,45,0.7010309,0.7010309,0.7010309,45,0,0,0,1,True,1453.716,1281.954,0,44050,0,142700,1392.727,60.98847,103,36,1,0.1888857,0.006093089,1.609405,336118.5,539510784,complete,,10,0.2,4000,97,3,6,44,b70d143d30d288a85e86e6ecf210a84a481f82218d80aaa045cb9b7fdc470c1a,0.1079644,0.1105946,0.099287,0.08592914,0.08905394,0.07915505,0.06555073,0.05074926
351000,heteroscedastic,hub,50,400,primary,0.5,adjusted,M5,0.0756076,1.269415,3.239277,0.100368,0.1050738,0.3604419,0.1346939,1.326416,0.1442317,0.06587309,0.08908542,6.6,0.08793012,0.8961266,0.012002,0.4918616,0.1657172,0.695857,0.2554238,10,4,,,,,45,,-0.004148148,0,0,True,1406.327,1281.954,0,44050,0,142700,1392.727,13.60008,103,36,1,5.332967,0.1720312,3.227164,11904.82,216051200,complete,,10,0.2,4000,97,3,6,44,5a11c5a2fbde7d1ee2101eb616a7f59b39b1e74ad3315998bc529fdda057b067,0.1040027,0.1065169,0.09580986,0.08273911,0.08490594,0.07785064,0.06436448,0.05049466
351000,heteroscedastic,hub,50,400,primary,0.5,adjusted,fixed,0.07840719,1.27074,3.230471,0.100368,0.109222,0.3604419,0.1346939,1.322541,0.1501652,0.06836101,0.0927192,6.6,0.0921393,0.8947076,0.01370352,0.4901277,0.1730267,0.6967012,0.2725821,10,4,45,0.7010309,0.7010309,0.7010309,45,0,0,,,,246.354,246.354,0,20100,0,59750,246.354,0,50,1,0,0.1888857,0.006093089,1.609405,336118.5,539510784,complete,,10,0.2,4000,97,3,6,44,b70d143d30d288a85e86e6ecf210a84a481f82218d80aaa045cb9b7fdc470c1a,0.1079644,0.1105946,0.099287,0.08592914,0.08905394,0.07915505,0.06555073,0.05074926
351000,heteroscedastic,hub,50,400,primary,0.5,adjusted,oracle,0.05693258,1.237024,3.260417,0.100368,0.05399289,0.3604419,0.1346939,1.341203,0.06837358,0.04437743,0.05868308,6.6,0.04815434,0.9004932,0.0007514272,0.4995705,0.05185836,0.6901532,0.06313315,10,4,0,1,1,1,45,45,-0.05522907,,,,172.2387,172.2387,0,21400,0,61000,172.2387,0,50,0,0,0.1653231,0.005333002,1.738118,384023.8,982215168,complete,,10,0.2,4000,97,3,6,44,80b8f180beff3db2f45c162710c84039d884cdf8d0499ab28df89bc4af28210e,0.0536229,0.05471955,0.05131607,0.05582916,0.04501685,0.05097853,0.05500669,0.04417618
351000,heteroscedastic,hub,50,400,primary,0.5,adjusted,random,0.07840719,1.27074,3.230471,0.100368,0.109222,0.3604419,0.1346939,1.322541,0.1501652,0.06836101,0.0927192,6.6,0.0921393,0.8947076,0.01370352,0.4901277,0.1730267,0.6967012,0.2725821,10,4,45,0.7010309,0.7010309,0.7010309,45,0,0,0,1,True,1168.35,1046.649,0,34850,0,118300,1111.027,57.32246,85,36,0,0.1888857,0.006093089,1.609405,336118.5,539510784,complete,,10,0.2,4000,97,3,6,44,b70d143d30d288a85e86e6ecf210a84a481f82218d80aaa045cb9b7fdc470c1a,0.1079644,0.1105946,0.099287,0.08592914,0.08905394,0.07915505,0.06555073,0.05074926
351000,heteroscedastic,hub,50,400,primary,0.5,fixed,M0,0.04321438,,3.279506,0.100368,0.1469738,0.3604419,0.1346939,1.349751,0.3374298,0.04356256,0.09277783,6.6,0.1092794,0.8975506,0.02634892,0.4953743,0.3492081,0.7032164,0.4193944,10,4,97,0,0,0,45,97,0.03775188,,,,0.0004240461,0.0004240461,0,0,0,0,0.0004240461,0,0,0,0,0.03103914,0.001001263,0.8150016,2045417,106751488,complete,,10,0.2,4000,97,3,6,44,a7944c1f249ada28aabafd5c88930a8aabe8cb88d6e2d30e223188d84066d3a4,0.1449113,0.1457385,0.1466308,0.096225,0.1140148,0.1022076,0.04428887,0.04746907
351000,heteroscedastic,hub,50,400,primary,0.5,fixed,M1,0.08457746,1.278989,3.166207,0.100368,0.1100067,0.3604419,0.1346939,1.297609,0.1565345,0.06409981,0.1020891,6.6,0.08886324,0.8879933,0.01369232,0.4818907,0.1752795,0.6967627,0.2758393,10,4,45,0.7010309,0.7010309,0.7010309,45,0,0.0007847562,,,,0.7253367,0.7253367,0,0,0,0,0.7253367,0,0,0,0,1.390379,0.04485094,1.202357,45662.37,106005504,complete,,10,0.2,4000,97,3,6,44,397ac8f6324f8aedac909e64f35915c0a029ef38ae5f271e1d4f799e82bb13f1,0.108577,0.1111771,0.1028501,0.09768241,0.0892748,0.08091656,0.07475311,0.04941289
351000,heteroscedastic,hub,50,400,primary,0.5,fixed,M2,0.09192819,1.272792,3.27342,0.100368,0.1174428,0.3604419,0.1346939,1.334846,0.185924,0.07672695,0.1133502,6.6,0.1041228,0.8979901,0.01677397,0.4929189,0.1928686,0.6982193,0.3089705,10,4,250,0.1915709,0.5154639,0.2793296,45,260,0.008220869,,,,1682.048,204.9032,1477.145,18150,60000,108600,1682.048,0,50,0,0,0.1736101,0.005600326,1.783063,365693,1308787200,valid_capped_prediction,1.546959e+12,10,0.2,4000,97,3,6,44,32f2a3920daba8110e950355e5501633e4df3641cf082c7d7e8cc82aa91668bc,0.1152656,0.1192928,0.1040024,0.09900808,0.09503644,0.07972528,0.07472925,0.05598835
351000,heteroscedastic,hub,50,400,primary,0.5,fixed,M3,0.07840719,1.27074,3.230471,0.100368,0.109222,0.3604419,0.1346939,1.322541,0.1501652,0.06836101,0.0927192,6.6,0.0921393,0.8947076,0.01370352,0.4901277,0.1730267,0.6967012,0.2725821,10,4,45,0.7010309,0.7010309,0.7010309,45,0,0,0,1,True,483.856,450.551,0,25250,0,80250,470.2901,13.56584,61,7,0,0.1888857,0.006093089,1.609405,336118.5,539510784,complete,,10,0.2,4000,97,3,6,44,b70d143d30d288a85e86e6ecf210a84a481f82218d80aaa045cb9b7fdc470c1a,0.1079644,0.1105946,0.099287,0.08592914,0.08905394,0.07915505,0.06555073,0.05074926
351000,heteroscedastic,hub,50,400,primary,0.5,fixed,M4,0.07840719,1.27074,3.230471,0.100368,0.109222,0.3604419,0.1346939,1.322541,0.1501652,0.06836101,0.0927192,6.6,0.0921393,0.8947076,0.01370352,0.4901277,0.1730267,0.6967012,0.2725821,10,4,45,0.7010309,0.7010309,0.7010309,45,0,0,0,1,True,483.8559,450.551,0,25250,0,80250,470.2901,13.56581,61,7,0,0.1888857,0.006093089,1.609405,336118.5,539510784,complete,,10,0.2,4000,97,3,6,44,b70d143d30d288a85e86e6ecf210a84a481f82218d80aaa045cb9b7fdc470c1a,0.1079644,0.1105946,0.099287,0.08592914,0.08905394,0.07915505,0.06555073,0.05074926
351000,heteroscedastic,hub,50,400,primary,0.5,fixed,M5,0.07837423,1.270661,3.230538,0.100368,0.1091413,0.3604419,0.1346939,1.32249,0.1501457,0.06834592,0.0926692,6.6,0.09209771,0.8947086,0.01365442,0.4900998,0.1729259,0.6966873,0.2720832,10,4,,,,,45,,-8.067414e-05,0,0,True,484.9108,450.551,0,25250,0,80250,470.2901,14.62071,61,7,0,5.340146,0.1722628,2.433988,11888.81,132168704,complete,,10,0.2,4000,97,3,6,44,216c525eac1c5ae02cb3ea25b55131dcb6006787af5e8c3cb43ef77fc55e4c53,0.107898,0.1104812,0.0991999,0.08585649,0.08900083,0.07913363,0.06553037,0.05073923
351000,heteroscedastic,hub,50,400,primary,0.5,fixed,fixed,0.07840719,1.27074,3.230471,0.100368,0.109222,0.3604419,0.1346939,1.322541,0.1501652,0.06836101,0.0927192,6.6,0.0921393,0.8947076,0.01370352,0.4901277,0.1730267,0.6967012,0.2725821,10,4,45,0.7010309,0.7010309,0.7010309,45,0,0,,,,246.354,246.354,0,20100,0,59750,246.354,0,50,1,0,0.1888857,0.006093089,1.609405,336118.5,539510784,complete,,10,0.2,4000,97,3,6,44,b70d143d30d288a85e86e6ecf210a84a481f82218d80aaa045cb9b7fdc470c1a,0.1079644,0.1105946,0.099287,0.08592914,0.08905394,0.07915505,0.06555073,0.05074926
351000,heteroscedastic,hub,50,400,primary,0.5,fixed,oracle,0.05693258,1.237024,3.260417,0.100368,0.05399289,0.3604419,0.1346939,1.341203,0.06837358,0.04437743,0.05868308,6.6,0.04815434,0.9004932,0.0007514272,0.4995705,0.05185836,0.6901532,0.06313315,10,4,0,1,1,1,45,45,-0.05522907,,,,172.2387,172.2387,0,21400,0,61000,172.2387,0,50,0,0,0.1653231,0.005333002,1.738118,384023.8,982215168,complete,,10,0.2,4000,97,3,6,44,80b8f180beff3db2f45c162710c84039d884cdf8d0499ab28df89bc4af28210e,0.0536229,0.05471955,0.05131607,0.05582916,0.04501685,0.05097853,0.05500669,0.04417618
351000,heteroscedastic,hub,50,400,primary,0.5,fixed,random,0.07840719,1.27074,3.230471,0.100368,0.109222,0.3604419,0.1346939,1.322541,0.1501652,0.06836101,0.0927192,6.6,0.0921393,0.8947076,0.01370352,0.4901277,0.1730267,0.6967012,0.2725821,10,4,45,0.7010309,0.7010309,0.7010309,45,0,0,0,1,True,396.092,371.18,0,22400,0,69100,383.053,13.03901,56,7,0,0.1888857,0.006093089,1.609405,336118.5,539510784,complete,,10,0.2,4000,97,3,6,44,b70d143d30d288a85e86e6ecf210a84a481f82218d80aaa045cb9b7fdc470c1a,0.1079644,0.1105946,0.099287,0.08592914,0.08905394,0.07915505,0.06555073,0.05074926
351001,heteroscedastic,hub,50,400,primary,0.2,adjusted,M0,0.04289195,,3.272696,0.1012389,0.1544287,0.4389819,0.1061224,1.360996,0.4220482,0.0437308,0.08530806,5.2,0.1091834,0.8972895,0.0271778,0.4972786,0.4188681,0.7040395,0.334671,10,4,97,0,0,0,17,97,0.06823555,,,,0.0007087123,0.0007087123,0,0,0,0,0.0007087123,0,0,0,0,0.03150821,0.001016394,0.8180221,2014967,81196544,complete,,10,0.2,4000,97,5,5,37,e7b7b965d15a3989ac8c989bb5b7350ff02af103c6bb68b0eb01fca693b6024d,,,0.156665,0.08395137,0.1068868,0.1132445,0.04163394,0.040798
351001,heteroscedastic,hub,50,400,primary,0.2,adjusted,M1,0.06588017,1.238319,3.170976,0.1012389,0.09014841,0.4389819,0.1061224,1.304255,0.1749654,0.04479052,0.0787545,5.2,0.06965431,0.8897062,0.009093516,0.4825674,0.1965556,0.6943307,0.1835013,10,4,17,0.8762887,0.8762887,0.8762887,17,0,0.003955222,,,,0.7078927,0.7078927,0,0,0,0,0.7078927,0,0,0,0,1.415292,0.04565459,1.183861,44858.58,80788480,complete,,10,0.2,4000,97,5,5,37,68e86cb234f331cff7fa38737762a3c937a5dbadbcace2760fec049b9f58691c,,,0.08273497,0.07325463,0.06526737,0.06819592,0.06270499,0.03800651
351001,heteroscedastic,hub,50,400,primary,0.2,adjusted,M2,0.08014217,1.239083,3.287333,0.1012389,0.108183,0.4389819,0.1061224,1.351935,0.2794608,0.06561505,0.09047681,5.2,0.08641707,0.9005431,0.01162469,0.4975147,0.2665087,0.695733,0.158028,10,4,220,0.2440945,0.6391753,0.3532764,17,228,0.02198977,,,,1683.772,226.268,1457.504,20300,60000,118850,1683.772,0,50,0,0,0.1768164,0.005703756,1.7872,359061.6,1056476160,valid_capped_prediction,1.715046e+12,10,0.2,4000,97,5,5,37,0f7ac10bd2e22890da391eb6782b4efa87e2afaa6557417f423c913c095e0442,,,0.09938562,0.08022728,0.07353366,0.08163926,0.06617083,0.04068944
351001,heteroscedastic,hub,50,400,primary,0.2,adjusted,M3,0.0592873,1.22763,3.282633,0.1012389,0.08619319,0.4389819,0.1061224,1.362228,0.1034968,0.04825547,0.06890031,5.2,0.0690236,0.9013074,0.008006368,0.50199,0.1407682,0.6938242,0.1699824,10,4,17,0.8762887,0.8762887,0.8762887,17,0,0,0,1,True,1561.592,1402.651,0,48550,0,149250,1510.13,51.46202,104,36,0,0.1711468,0.005520865,1.621406,370956.4,591023104,complete,,10,0.2,4000,97,5,5,37,c199c5385a40b339d1e08b09029a48ad2a8a36cc66badec1785b2673b5cc003d,,,0.07802605,0.06309757,0.06213453,0.06646567,0.05620568,0.03854268
351001,heteroscedastic,hub,50,400,primary,0.2,adjusted,M4,0.0592873,1.22763,3.282633,0.1012389,0.08619319,0.4389819,0.1061224,1.362228,0.1034968,0.04825547,0.06890031,5.2,0.0690236,0.9013074,0.008006368,0.50199,0.1407682,0.6938242,0.1699824,10,4,17,0.8762887,0.8762887,0.8762887,17,0,0,0,1,True,1561.592,1402.651,0,48550,0,149250,1510.13,51.46196,104,36,0,0.1711468,0.005520865,1.621406,370956.4,591023104,complete,,10,0.2,4000,97,5,5,37,c199c5385a40b339d1e08b09029a48ad2a8a36cc66badec1785b2673b5cc003d,,,0.07802605,0.06309757,0.06213453,0.06646567,0.05620568,0.03854268
351001,heteroscedastic,hub,50,400,primary,0.2,adjusted,M5,0.05925596,1.227368,3.281807,0.1012389,0.0859446,0.4389819,0.1061224,1.361854,0.1033208,0.04814743,0.06877682,5.2,0.06868055,0.9012456,0.007814625,0.5018983,0.1397387,0.6937811,0.1678093,10,4,,,,,17,,-0.0002485856,0,0,True,1519.989,1402.651,0,48550,0,149250,1510.13,9.859099,104,36,0,3.546246,0.114395,2.39482,17902.88,221103616,complete,,10,0.2,4000,97,5,5,37,ca72d9ed8c72e06857a977563bfe6bef90659e4eef44abad1faa3338979cb7fc,,,0.07781506,0.06299686,0.06186621,0.06638002,0.05614461,0.03849908
351001,heteroscedastic,hub,50,400,primary,0.2,adjusted,fixed,0.0592873,1.22763,3.282633,0.1012389,0.08619319,0.4389819,0.1061224,1.362228,0.1034968,0.04825547,0.06890031,5.2,0.0690236,0.9013074,0.008006368,0.50199,0.1407682,0.6938242,0.1699824,10,4,17,0.8762887,0.8762887,0.8762887,17,0,0,,,,192.4346,192.4346,0,23250,0,67800,192.4346,0,50,1,0,0.1711468,0.005520865,1.621406,370956.4,591023104,complete,,10,0.2,4000,97,5,5,37,c199c5385a40b339d1e08b09029a48ad2a8a36cc66badec1785b2673b5cc003d,,,0.07802605,0.06309757,0.06213453,0.06646567,0.05620568,0.03854268
351001,heteroscedastic,hub,50,400,primary,0.2,adjusted,random,0.0592873,1.22763,3.282633,0.1012389,0.08619319,0.4389819,0.1061224,1.362228,0.1034968,0.04825547,0.06890031,5.2,0.0690236,0.9013074,0.008006368,0.50199,0.1407682,0.6938242,0.1699824,10,4,17,0.8762887,0.8762887,0.8762887,17,0,0,0,1,True,1092.839,992.5129,0,40700,0,131650,1039.852,52.9864,86,36,0,0.1711468,0.005520865,1.621406,370956.4,591023104,complete,,10,0.2,4000,97,5,5,37,c199c5385a40b339d1e08b09029a48ad2a8a36cc66badec1785b2673b5cc003d,,,0.07802605,0.06309757,0.06213453,0.06646567,0.05620568,0.03854268
351001,heteroscedastic,hub,50,400,primary,0.2,fixed,M0,0.04289195,,3.272696,0.1012389,0.1544287,0.4389819,0.1061224,1.360996,0.4220482,0.0437308,0.08530806,5.2,0.1091834,0.8972895,0.0271778,0.4972786,0.4188681,0.7040395,0.334671,10,4,97,0,0,0,17,97,0.06823555,,,,0.0007087123,0.0007087123,0,0,0,0,0.0007087123,0,0,0,0,0.03150821,0.001016394,0.8180221,2014967,81196544,complete,,10,0.2,4000,97,5,5,37,e7b7b965d15a3989ac8c989bb5b7350ff02af103c6bb68b0eb01fca693b6024d,,,0.156665,0.08395137,0.1068868,0.1132445,0.04163394,0.040798
351001,heteroscedastic,hub,50,400,primary,0.2,fixed,M1,0.06588017,1.238319,3.170976,0.1012389,0.09014841,0.4389819,0.1061224,1.304255,0.1749654,0.04479052,0.0787545,5.2,0.06965431,0.8897062,0.009093516,0.4825674,0.1965556,0.6943307,0.1835013,10,4,17,0.8762887,0.8762887,0.8762887,17,0,0.003955222,,,,0.7078927,0.7078927,0,0,0,0,0.7078927,0,0,0,0,1.415292,0.04565459,1.183861,44858.58,80788480,complete,,10,0.2,4000,97,5,5,37,68e86cb234f331cff7fa38737762a3c937a5dbadbcace2760fec049b9f58691c,,,0.08273497,0.07325463,0.06526737,0.06819592,0.06270499,0.03800651
351001,heteroscedastic,hub,50,400,primary,0.2,fixed,M2,0.08014217,1.239083,3.287333,0.1012389,0.108183,0.4389819,0.1061224,1.351935,0.2794608,0.06561505,0.09047681,5.2,0.08641707,0.9005431,0.01162469,0.4975147,0.2665087,0.695733,0.158028,10,4,220,0.2440945,0.6391753,0.3532764,17,228,0.02198977,,,,1683.772,226.268,1457.504,20300,60000,118850,1683.772,0,50,0,0,0.1768164,0.005703756,1.7872,359061.6,1056476160,valid_capped_prediction,1.715046e+12,10,0.2,4000,97,5,5,37,0f7ac10bd2e22890da391eb6782b4efa87e2afaa6557417f423c913c095e0442,,,0.09938562,0.08022728,0.07353366,0.08163926,0.06617083,0.04068944
351001,heteroscedastic,hub,50,400,primary,0.2,fixed,M3,0.0592873,1.22763,3.282633,0.1012389,0.08619319,0.4389819,0.1061224,1.362228,0.1034968,0.04825547,0.06890031,5.2,0.0690236,0.9013074,0.008006368,0.50199,0.1407682,0.6938242,0.1699824,10,4,17,0.8762887,0.8762887,0.8762887,17,0,0,0,1,True,479.505,449.4618,0,28650,0,82000,468.7565,10.74852,61,7,0,0.1711468,0.005520865,1.621406,370956.4,591023104,complete,,10,0.2,4000,97,5,5,37,c199c5385a40b339d1e08b09029a48ad2a8a36cc66badec1785b2673b5cc003d,,,0.07802605,0.06309757,0.06213453,0.06646567,0.05620568,0.03854268
351001,heteroscedastic,hub,50,400,primary,0.2,fixed,M4,0.0592873,1.22763,3.282633,0.1012389,0.08619319,0.4389819,0.1061224,1.362228,0.1034968,0.04825547,0.06890031,5.2,0.0690236,0.9013074,0.008006368,0.50199,0.1407682,0.6938242,0.1699824,10,4,17,0.8762887,0.8762887,0.8762887,17,0,0,0,1,True,479.505,449.4618,0,28650,0,82000,468.7565,10.74849,61,7,0,0.1711468,0.005520865,1.621406,370956.4,591023104,complete,,10,0.2,4000,97,5,5,37,c199c5385a40b339d1e08b09029a48ad2a8a36cc66badec1785b2673b5cc003d,,,0.07802605,0.06309757,0.06213453,0.06646567,0.05620568,0.03854268
351001,heteroscedastic,hub,50,400,primary,0.2,fixed,M5,0.05928411,1.227629,3.282621,0.1012389,0.08619134,0.4389819,0.1061224,1.362227,0.103495,0.04825352,0.06889725,5.2,0.06902167,0.9013074,0.008005088,0.501992,0.1407679,0.6938241,0.1699836,10,4,,,,,17,,-1.848862e-06,0,0,True,478.1555,449.4618,0,28650,0,82000,468.7565,9.399007,61,7,0,3.682113,0.1187778,2.478854,17242.28,137928192,complete,,10,0.2,4000,97,5,5,37,d285678de872468a7f22319d6638f12adfc09b17169b3c403ee4f4a516cc66a3,,,0.07802365,0.06309429,0.06213325,0.06646121,0.0562012,0.03854069
351001,heteroscedastic,hub,50,400,primary,0.2,fixed,fixed,0.0592873,1.22763,3.282633,0.1012389,0.08619319,0.4389819,0.1061224,1.362228,0.1034968,0.04825547,0.06890031,5.2,0.0690236,0.9013074,0.008006368,0.50199,0.1407682,0.6938242,0.1699824,10,4,17,0.8762887,0.8762887,0.8762887,17,0,0,,,,192.4346,192.4346,0,23250,0,67800,192.4346,0,50,1,0,0.1711468,0.005520865,1.621406,370956.4,591023104,complete,,10,0.2,4000,97,5,5,37,c199c5385a40b339d1e08b09029a48ad2a8a36cc66badec1785b2673b5cc003d,,,0.07802605,0.06309757,0.06213453,0.06646567,0.05620568,0.03854268
351001,heteroscedastic,hub,50,400,primary,0.2,fixed,random,0.0592873,1.22763,3.282633,0.1012389,0.08619319,0.4389819,0.1061224,1.362228,0.1034968,0.04825547,0.06890031,5.2,0.0690236,0.9013074,0.008006368,0.50199,0.1407682,0.6938242,0.1699824,10,4,17,0.8762887,0.8762887,0.8762887,17,0,0,0,1,True,331.7499,311.9012,0,25800,0,78000,321.1575,10.59237,56,7,0,0.1711468,0.005520865,1.621406,370956.4,591023104,complete,,10,0.2,4000,97,5,5,37,c199c5385a40b339d1e08b09029a48ad2a8a36cc66badec1785b2673b5cc003d,,,0.07802605,0.06309757,0.06213453,0.06646567,0.05620568,0.03854268
351001,heteroscedastic,hub,50,400,primary,0.5,adjusted,M0,0.04289195,,3.272696,0.1012389,0.1544287,0.4389819,0.1061224,1.360996,0.4220482,0.0437308,0.08530806,5.2,0.1091834,0.8972895,0.0271778,0.4972786,0.4188681,0.7040395,0.334671,10,4,97,0,0,0,41,97,0.04321293,,,,0.0007087123,0.0007087123,0,0,0,0,0.0007087123,0,0,0,0,0.03150821,0.001016394,0.8180221,2014967,81196544,complete,,10,0.2,4000,97,5,5,37,e7b7b965d15a3989ac8c989bb5b7350ff02af103c6bb68b0eb01fca693b6024d,,,0.156665,0.08395137,0.1068868,0.1132445,0.04163394,0.040798
351001,heteroscedastic,hub,50,400,primary,0.5,adjusted,M1,0.07718185,1.257273,3.14135,0.1012389,0.1100027,0.4389819,0.1061224,1.291957,0.3254339,0.04969569,0.09080262,5.2,0.07730559,0.8850167,0.01324448,0.4778818,0.3196175,0.696573,0.1921772,10,4,41,0.7319588,0.7319588,0.7319588,41,0,-0.001213104,,,,0.9876724,0.9876724,0,0,0,0,0.9876724,0,0,0,0,1.497901,0.04831939,1.176619,42384.64,72831488,complete,,10,0.2,4000,97,5,5,37,b5fc3600a98e9c24d48ca2552c33813c102243a3076380953f0dbb7e4730d59f,,,0.1055417,0.08577145,0.07266065,0.08845017,0.07317813,0.04204067
351001,heteroscedastic,hub,50,400,primary,0.5,adjusted,M2,0.08014217,1.239083,3.287333,0.1012389,0.108183,0.4389819,0.1061224,1.351935,0.2794608,0.06561505,0.09047681,5.2,0.08641707,0.9005431,0.01162469,0.4975147,0.2665087,0.695733,0.158028,10,4,220,0.2440945,0.6391753,0.3532764,41,241,-0.003032849,,,,1683.772,226.268,1457.504,20300,60000,118850,1683.772,0,50,0,0,0.1768164,0.005703756,1.7872,359061.6,1056476160,valid_capped_prediction,1.715046e+12,10,0.2,4000,97,5,5,37,0f7ac10bd2e22890da391eb6782b4efa87e2afaa6557417f423c913c095e0442,,,0.09938562,0.08022728,0.07353366,0.08163926,0.06617083,0.04068944
351001,heteroscedastic,hub,50,400,primary,0.5,adjusted,M3,0.07220804,1.247215,3.253455,0.1012389,0.1112158,0.4389819,0.1061224,1.340767,0.2910896,0.05285943,0.082509,5.2,0.0768771,0.8969956,0.01341991,0.4938596,0.3161763,0.6963315,0.1876907,10,4,41,0.7319588,0.7319588,0.7319588,41,0,0,0,1,True,1498.542,1326.977,0,46550,0,147500,1442.285,56.25641,107,36,0,0.1732163,0.005587623,1.64101,366524.3,491652096,complete,,10,0.2,4000,97,5,5,37,6845055d7e6edc163799d5f155893402a6812625674e63813dba9887dcb87d14,,,0.1050584,0.07658725,0.07054119,0.08995822,0.06548219,0.04327815
351001,heteroscedastic,hub,50,400,primary,0.5,adjusted,M4,0.07220804,1.247215,3.253455,0.1012389,0.1112158,0.4389819,0.1061224,1.340767,0.2910896,0.05285943,0.082509,5.2,0.0768771,0.8969956,0.01341991,0.4938596,0.3161763,0.6963315,0.1876907,10,4,41,0.7319588,0.7319588,0.7319588,41,0,0,0,1,True,1498.542,1326.977,0,46550,0,147500,1442.285,56.25637,107,36,0,0.1732163,0.005587623,1.64101,366524.3,491652096,complete,,10,0.2,4000,97,5,5,37,6845055d7e6edc163799d5f155893402a6812625674e63813dba9887dcb87d14,,,0.1050584,0.07658725,0.07054119,0.08995822,0.06548219,0.04327815
351001,heteroscedastic,hub,50,400,primary,0.5,adjusted,M5,0.07220673,1.247187,3.253621,0.1012389,0.1111917,0.4389819,0.1061224,1.340659,0.2910525,0.05290771,0.08249762,5.2,0.07689609,0.8970215,0.01345252,0.4938207,0.3162234,0.6963297,0.1876953,10,4,,,,,41,,-2.413541e-05,0,0,True,1454.176,1326.977,0,46550,0,147500,1442.285,11.89098,107,36,0,4.241724,0.1368298,3.23593,14967.5,207087616,complete,,10,0.2,4000,97,5,5,37,92c93aa9e32c06961cc1b70953af62977324fed981f94ab7a4a5d34ce84bbeaf,,,0.10501,0.0765658,0.07054524,0.08990732,0.06545336,0.04326721
351001,heteroscedastic,hub,50,400,primary,0.5,adjusted,fixed,0.07220804,1.247215,3.253455,0.1012389,0.1112158,0.4389819,0.1061224,1.340767,0.2910896,0.05285943,0.082509,5.2,0.0768771,0.8969956,0.01341991,0.4938596,0.3161763,0.6963315,0.1876907,10,4,41,0.7319588,0.7319588,0.7319588,41,0,0,,,,220.9273,220.9273,0,22850,0,66250,220.9273,0,50,1,0,0.1732163,0.005587623,1.64101,366524.3,491652096,complete,,10,0.2,4000,97,5,5,37,6845055d7e6edc163799d5f155893402a6812625674e63813dba9887dcb87d14,,,0.1050584,0.07658725,0.07054119,0.08995822,0.06548219,0.04327815
351001,heteroscedastic,hub,50,400,primary,0.5,adjusted,random,0.07220804,1.247215,3.253455,0.1012389,0.1112158,0.4389819,0.1061224,1.340767,0.2910896,0.05285943,0.082509,5.2,0.0768771,0.8969956,0.01341991,0.4938596,0.3161763,0.6963315,0.1876907,10,4,41,0.7319588,0.7319588,0.7319588,41,0,0,0,1,True,1080.846,968.8752,0,38150,0,125650,1023.44,57.40597,86,36,0,0.1732163,0.005587623,1.64101,366524.3,491652096,complete,,10,0.2,4000,97,5,5,37,6845055d7e6edc163799d5f155893402a6812625674e63813dba9887dcb87d14,,,0.1050584,0.07658725,0.07054119,0.08995822,0.06548219,0.04327815
351001,heteroscedastic,hub,50,400,primary,0.5,fixed,M0,0.04289195,,3.272696,0.1012389,0.1544287,0.4389819,0.1061224,1.360996,0.4220482,0.0437308,0.08530806,5.2,0.1091834,0.8972895,0.0271778,0.4972786,0.4188681,0.7040395,0.334671,10,4,97,0,0,0,41,97,0.04321293,,,,0.0007087123,0.0007087123,0,0,0,0,0.0007087123,0,0,0,0,0.03150821,0.001016394,0.8180221,2014967,81196544,complete,,10,0.2,4000,97,5,5,37,e7b7b965d15a3989ac8c989bb5b7350ff02af103c6bb68b0eb01fca693b6024d,,,0.156665,0.08395137,0.1068868,0.1132445,0.04163394,0.040798
351001,heteroscedastic,hub,50,400,primary,0.5,fixed,M1,0.07718185,1.257273,3.14135,0.1012389,0.1100027,0.4389819,0.1061224,1.291957,0.3254339,0.04969569,0.09080262,5.2,0.07730559,0.8850167,0.01324448,0.4778818,0.3196175,0.696573,0.1921772,10,4,41,0.7319588,0.7319588,0.7319588,41,0,-0.001213104,,,,0.9876724,0.9876724,0,0,0,0,0.9876724,0,0,0,0,1.497901,0.04831939,1.176619,42384.64,72831488,complete,,10,0.2,4000,97,5,5,37,b5fc3600a98e9c24d48ca2552c33813c102243a3076380953f0dbb7e4730d59f,,,0.1055417,0.08577145,0.07266065,0.08845017,0.07317813,0.04204067
351001,heteroscedastic,hub,50,400,primary,0.5,fixed,M2,0.08014217,1.239083,3.287333,0.1012389,0.108183,0.4389819,0.1061224,1.351935,0.2794608,0.06561505,0.09047681,5.2,0.08641707,0.9005431,0.01162469,0.4975147,0.2665087,0.695733,0.158028,10,4,220,0.2440945,0.6391753,0.3532764,41,241,-0.003032849,,,,1683.772,226.268,1457.504,20300,60000,118850,1683.772,0,50,0,0,0.1768164,0.005703756,1.7872,359061.6,1056476160,valid_capped_prediction,1.715046e+12,10,0.2,4000,97,5,5,37,0f7ac10bd2e22890da391eb6782b4efa87e2afaa6557417f423c913c095e0442,,,0.09938562,0.08022728,0.07353366,0.08163926,0.06617083,0.04068944
351001,heteroscedastic,hub,50,400,primary,0.5,fixed,M3,0.07220804,1.247215,3.253455,0.1012389,0.1112158,0.4389819,0.1061224,1.340767,0.2910896,0.05285943,0.082509,5.2,0.0768771,0.8969956,0.01341991,0.4938596,0.3161763,0.6963315,0.1876907,10,4,41,0.7319588,0.7319588,0.7319588,41,0,0,0,1,True,420.8623,389.2198,0,27100,0,82200,409.0116,11.8507,61,7,0,0.1732163,0.005587623,1.64101,366524.3,491652096,complete,,10,0.2,4000,97,5,5,37,6845055d7e6edc163799d5f155893402a6812625674e63813dba9887dcb87d14,,,0.1050584,0.07658725,0.07054119,0.08995822,0.06548219,0.04327815
351001,heteroscedastic,hub,50,400,primary,0.5,fixed,M4,0.07220804,1.247215,3.253455,0.1012389,0.1112158,0.4389819,0.1061224,1.340767,0.2910896,0.05285943,0.082509,5.2,0.0768771,0.8969956,0.01341991,0.4938596,0.3161763,0.6963315,0.1876907,10,4,41,0.7319588,0.7319588,0.7319588,41,0,0,0,1,True,420.8623,389.2198,0,27100,0,82200,409.0116,11.85067,61,7,0,0.1732163,0.005587623,1.64101,366524.3,491652096,complete,,10,0.2,4000,97,5,5,37,6845055d7e6edc163799d5f155893402a6812625674e63813dba9887dcb87d14,,,0.1050584,0.07658725,0.07054119,0.08995822,0.06548219,0.04327815
351001,heteroscedastic,hub,50,400,primary,0.5,fixed,M5,0.07220479,1.247203,3.253591,0.1012389,0.1112106,0.4389819,0.1061224,1.340729,0.2911611,0.05286565,0.08250433,5.2,0.07686584,0.8970125,0.01343143,0.4938486,0.3162503,0.6963314,0.1877264,10,4,,,,,41,,-5.239248e-06,0,0,True,420.3135,389.2198,0,27100,0,82200,409.0116,11.30187,61,7,0,3.977101,0.1282936,2.48704,15963.39,129054208,complete,,10,0.2,4000,97,5,5,37,e167fcd8644740cde893886bb5da381f5740e6fcaabbc6a54e952d85110b6ca8,,,0.1050364,0.07657013,0.07048929,0.08993838,0.0654645,0.0432357
351001,heteroscedastic,hub,50,400,primary,0.5,fixed,fixed,0.07220804,1.247215,3.253455,0.1012389,0.1112158,0.4389819,0.1061224,1.340767,0.2910896,0.05285943,0.082509,5.2,0.0768771,0.8969956,0.01341991,0.4938596,0.3161763,0.6963315,0.1876907,10,4,41,0.7319588,0.7319588,0.7319588,41,0,0,,,,220.9273,220.9273,0,22850,0,66250,220.9273,0,50,1,0,0.1732163,0.005587623,1.64101,366524.3,491652096,complete,,10,0.2,4000,97,5,5,37,6845055d7e6edc163799d5f155893402a6812625674e63813dba9887dcb87d14,,,0.1050584,0.07658725,0.07054119,0.08995822,0.06548219,0.04327815
351001,heteroscedastic,hub,50,400,primary,0.5,fixed,random,0.07220804,1.247215,3.253455,0.1012389,0.1112158,0.4389819,0.1061224,1.340767,0.2910896,0.05285943,0.082509,5.2,0.0768771,0.8969956,0.01341991,0.4938596,0.3161763,0.6963315,0.1876907,10,4,41,0.7319588,0.7319588,0.7319588,41,0,0,0,1,True,372.6593,350.0992,0,25350,0,76850,360.8221,11.83712,56,7,0,0.1732163,0.005587623,1.64101,366524.3,491652096,complete,,10,0.2,4000,97,5,5,37,6845055d7e6edc163799d5f155893402a6812625674e63813dba9887dcb87d14,,,0.1050584,0.07658725,0.07054119,0.08995822,0.06548219,0.04327815
351002,heteroscedastic,hub,50,400,primary,0.2,adjusted,M0,0.04492472,,3.282516,0.08051249,0.1340446,0.4060418,0.1061224,1.367419,0.3986002,0.04139873,0.08123996,5.2,0.08958054,0.8992626,0.0249129,0.4999831,0.4255429,0.7024593,0.393429,10,3,97,0,0,0,18,98,0.05398913,,,,0.000491336,0.000491336,0,0,0,0,0.000491336,0,0,0,0,0.03164354,0.001020759,0.8655269,2006350,81196544,complete,,10,0.2,4000,97,4,6,29,3a11c4244335ba19b791f630b75435576c810d02636d5215d624c047a88685bf,,,0.1303557,0.07880248,0.08786423,0.102927,0.04522515,0.04113777
351002,heteroscedastic,hub,50,400,primary,0.2,adjusted,M1,0.06905581,1.241422,3.127108,0.08051249,0.08468549,0.4060418,0.1061224,1.282797,0.2784438,0.0382317,0.08153328,5.2,0.05905277,0.8845633,0.01067779,0.4767488,0.3047311,0.6948152,0.1900997,10,3,18,0.877551,0.8865979,0.8820513,18,0,0.004630054,,,,0.7441777,0.7441777,0,0,0,0,0.7441777,0,0,0,0,1.499788,0.04838026,1.240548,42331.31,80885760,complete,,10,0.2,4000,97,4,6,29,40b93a68a9813958bb92af03db830f40bd0a5324d9aa430f2a8618495ae77170,,,0.07997703,0.0743993,0.05971689,0.07024618,0.06923091,0.04188049
351002,heteroscedastic,hub,50,400,primary,0.2,adjusted,M2,0.0819916,1.243072,3.267984,0.08051249,0.1049741,0.4060418,0.1061224,1.340521,0.2270338,0.07065001,0.09844698,5.2,0.09156588,0.8969039,0.0173613,0.4923828,0.2346821,0.6987311,0.2624752,10,3,215,0.2588235,0.6804124,0.375,18,225,0.02491865,,,,1627.533,183.5902,1443.943,19350,60000,116800,1627.533,0,50,0,0,0.1819923,0.005870719,1.97624,348850,1056196096,valid_capped_prediction,3.503579e+11,10,0.2,4000,97,4,6,29,2381262412d0c0f9d2b7e8209bc8acbc83acc3c601f5e2a60d3af10545e9f6f6,,,0.09330933,0.08950147,0.08335635,0.06788873,0.06419323,0.04269836
351002,heteroscedastic,hub,50,400,primary,0.2,adjusted,M3,0.06165097,1.232797,3.253664,0.08051249,0.08005543,0.4060418,0.1061224,1.344712,0.267624,0.03939211,0.07056377,5.2,0.05926205,0.8982422,0.008743381,0.4969039,0.3020785,0.6941699,0.1660958,10,3,18,0.877551,0.8865979,0.8820513,18,0,0,0,1,True,1807.9,1614.97,0,51650,0,159950,1739.728,68.17153,111,36,0,0.1747644,0.005637561,1.786607,363277.7,492303360,complete,,10,0.2,4000,97,4,6,29,9867a96da01ea81db6f6751bdace8fcfcda0f4231bc560c3f3b31c330e6ea5cd,,,0.07646544,0.06559367,0.05754995,0.06922172,0.06293707,0.04468947
351002,heteroscedastic,hub,50,400,primary,0.2,adjusted,M4,0.06165097,1.232797,3.253664,0.08051249,0.08005543,0.4060418,0.1061224,1.344712,0.267624,0.03939211,0.07056377,5.2,0.05926205,0.8982422,0.008743381,0.4969039,0.3020785,0.6941699,0.1660958,10,3,18,0.877551,0.8865979,0.8820513,18,0,0,0,1,True,1807.9,1614.97,0,51650,0,159950,1739.728,68.17146,111,36,0,0.1747644,0.005637561,1.786607,363277.7,492303360,complete,,10,0.2,4000,97,4,6,29,9867a96da01ea81db6f6751bdace8fcfcda0f4231bc560c3f3b31c330e6ea5cd,,,0.07646544,0.06559367,0.05754995,0.06922172,0.06293707,0.04468947
351002,heteroscedastic,hub,50,400,primary,0.2,adjusted,M5,0.06161576,1.232735,3.253915,0.08051249,0.07999621,0.4060418,0.1061224,1.344685,0.2676427,0.03943006,0.07053782,5.2,0.05930475,0.8982721,0.008777155,0.496872,0.3021324,0.6941664,0.1660977,10,3,,,,,18,,-5.921945e-05,0,0,True,1754.66,1614.97,0,51650,0,159950,1739.728,14.93224,111,36,0,4.419678,0.1425702,3.589997,14364.85,211409920,complete,,10,0.2,4000,97,4,6,29,cb303a2a7f060052b7e7e459c00c2d364b764ec84d8174c25c2797a6c97a39c2,,,0.07640087,0.06557465,0.05755216,0.06915836,0.06292594,0.04473111
351002,heteroscedastic,hub,50,400,primary,0.2,adjusted,fixed,0.06165097,1.232797,3.253664,0.08051249,0.08005543,0.4060418,0.1061224,1.344712,0.267624,0.03939211,0.07056377,5.2,0.05926205,0.8982422,0.008743381,0.4969039,0.3020785,0.6941699,0.1660958,10,3,18,0.877551,0.8865979,0.8820513,18,0,0,,,,228.1338,228.1338,0,24050,0,69650,228.1338,0,50,1,0,0.1747644,0.005637561,1.786607,363277.7,492303360,complete,,10,0.2,4000,97,4,6,29,9867a96da01ea81db6f6751bdace8fcfcda0f4231bc560c3f3b31c330e6ea5cd,,,0.07646544,0.06559367,0.05754995,0.06922172,0.06293707,0.04468947
351002,heteroscedastic,hub,50,400,primary,0.2,adjusted,random,0.06165097,1.232797,3.253664,0.08051249,0.08005543,0.4060418,0.1061224,1.344712,0.267624,0.03939211,0.07056377,5.2,0.05926205,0.8982422,0.008743381,0.4969039,0.3020785,0.6941699,0.1660958,10,3,18,0.877551,0.8865979,0.8820513,18,0,0,0,1,True,1151.213,1023.494,0,39650,0,135350,1083.821,67.39275,86,36,0,0.1747644,0.005637561,1.786607,363277.7,492303360,complete,,10,0.2,4000,97,4,6,29,9867a96da01ea81db6f6751bdace8fcfcda0f4231bc560c3f3b31c330e6ea5cd,,,0.07646544,0.06559367,0.05754995,0.06922172,0.06293707,0.04468947
351002,heteroscedastic,hub,50,400,primary,0.2,fixed,M0,0.04492472,,3.282516,0.08051249,0.1340446,0.4060418,0.1061224,1.367419,0.3986002,0.04139873,0.08123996,5.2,0.08958054,0.8992626,0.0249129,0.4999831,0.4255429,0.7024593,0.393429,10,3,97,0,0,0,18,98,0.05398913,,,,0.000491336,0.000491336,0,0,0,0,0.000491336,0,0,0,0,0.03164354,0.001020759,0.8655269,2006350,81196544,complete,,10,0.2,4000,97,4,6,29,3a11c4244335ba19b791f630b75435576c810d02636d5215d624c047a88685bf,,,0.1303557,0.07880248,0.08786423,0.102927,0.04522515,0.04113777
351002,heteroscedastic,hub,50,400,primary,0.2,fixed,M1,0.06905581,1.241422,3.127108,0.08051249,0.08468549,0.4060418,0.1061224,1.282797,0.2784438,0.0382317,0.08153328,5.2,0.05905277,0.8845633,0.01067779,0.4767488,0.3047311,0.6948152,0.1900997,10,3,18,0.877551,0.8865979,0.8820513,18,0,0.004630054,,,,0.7441777,0.7441777,0,0,0,0,0.7441777,0,0,0,0,1.499788,0.04838026,1.240548,42331.31,80885760,complete,,10,0.2,4000,97,4,6,29,40b93a68a9813958bb92af03db830f40bd0a5324d9aa430f2a8618495ae77170,,,0.07997703,0.0743993,0.05971689,0.07024618,0.06923091,0.04188049
351002,heteroscedastic,hub,50,400,primary,0.2,fixed,M2,0.0819916,1.243072,3.267984,0.08051249,0.1049741,0.4060418,0.1061224,1.340521,0.2270338,0.07065001,0.09844698,5.2,0.09156588,0.8969039,0.0173613,0.4923828,0.2346821,0.6987311,0.2624752,10,3,215,0.2588235,0.6804124,0.375,18,225,0.02491865,,,,1627.533,183.5902,1443.943,19350,60000,116800,1627.533,0,50,0,0,0.1819923,0.005870719,1.97624,348850,1056196096,valid_capped_prediction,3.503579e+11,10,0.2,4000,97,4,6,29,2381262412d0c0f9d2b7e8209bc8acbc83acc3c601f5e2a60d3af10545e9f6f6,,,0.09330933,0.08950147,0.08335635,0.06788873,0.06419323,0.04269836
351002,heteroscedastic,hub,50,400,primary,0.2,fixed,M3,0.06165097,1.232797,3.253664,0.08051249,0.08005543,0.4060418,0.1061224,1.344712,0.267624,0.03939211,0.07056377,5.2,0.05926205,0.8982422,0.008743381,0.4969039,0.3020785,0.6941699,0.1660958,10,3,18,0.877551,0.8865979,0.8820513,18,0,0,0,1,True,516.1512,479.0477,0,28750,0,86050,501.6996,14.4516,61,7,0,0.1747644,0.005637561,1.786607,363277.7,492303360,complete,,10,0.2,4000,97,4,6,29,9867a96da01ea81db6f6751bdace8fcfcda0f4231bc560c3f3b31c330e6ea5cd,,,0.07646544,0.06559367,0.05754995,0.06922172,0.06293707,0.04468947
351002,heteroscedastic,hub,50,400,primary,0.2,fixed,M4,0.06165097,1.232797,3.253664,0.08051249,0.08005543,0.4060418,0.1061224,1.344712,0.267624,0.03939211,0.07056377,5.2,0.05926205,0.8982422,0.008743381,0.4969039,0.3020785,0.6941699,0.1660958,10,3,18,0.877551,0.8865979,0.8820513,18,0,0,0,1,True,516.1512,479.0477,0,28750,0,86050,501.6996,14.45157,61,7,0,0.1747644,0.005637561,1.786607,363277.7,492303360,complete,,10,0.2,4000,97,4,6,29,9867a96da01ea81db6f6751bdace8fcfcda0f4231bc560c3f3b31c330e6ea5cd,,,0.07646544,0.06559367,0.05754995,0.06922172,0.06293707,0.04468947
351002,heteroscedastic,hub,50,400,primary,0.2,fixed,M5,0.061653,1.232786,3.253613,0.08051249,0.08007732,0.4060418,0.1061224,1.344691,0.2677355,0.03940547,0.07056756,5.2,0.05926743,0.8982372,0.008769907,0.496868,0.30194,0.6941711,0.1661177,10,3,,,,,18,,2.188534e-05,0,0,True,514.5421,479.0477,0,28750,0,86050,501.6996,12.84246,61,7,0,3.901083,0.1258414,3.503964,16274.46,132758528,complete,,10,0.2,4000,97,4,6,29,e522a44da07165250657ce462c31f62d2ead96c92548c87c40838276932cccd4,,,0.07647363,0.06560509,0.05755135,0.06920122,0.06290778,0.0446655
351002,heteroscedastic,hub,50,400,primary,0.2,fixed,fixed,0.06165097,1.232797,3.253664,0.08051249,0.08005543,0.4060418,0.1061224,1.344712,0.267624,0.03939211,0.07056377,5.2,0.05926205,0.8982422,0.008743381,0.4969039,0.3020785,0.6941699,0.1660958,10,3,18,0.877551,0.8865979,0.8820513,18,0,0,,,,228.1338,228.1338,0,24050,0,69650,228.1338,0,50,1,0,0.1747644,0.005637561,1.786607,363277.7,492303360,complete,,10,0.2,4000,97,4,6,29,9867a96da01ea81db6f6751bdace8fcfcda0f4231bc560c3f3b31c330e6ea5cd,,,0.07646544,0.06559367,0.05754995,0.06922172,0.06293707,0.04468947
351002,heteroscedastic,hub,50,400,primary,0.2,fixed,random,0.06165097,1.232797,3.253664,0.08051249,0.08005543,0.4060418,0.1061224,1.344712,0.267624,0.03939211,0.07056377,5.2,0.05926205,0.8982422,0.008743381,0.4969039,0.3020785,0.6941699,0.1660958,10,3,18,0.877551,0.8865979,0.8820513,18,0,0,0,1,True,383.1467,358.0368,0,26800,0,80100,368.7637,14.38293,57,7,0,0.1747644,0.005637561,1.786607,363277.7,492303360,complete,,10,0.2,4000,97,4,6,29,9867a96da01ea81db6f6751bdace8fcfcda0f4231bc560c3f3b31c330e6ea5cd,,,0.07646544,0.06559367,0.05754995,0.06922172,0.06293707,0.04468947
351002,heteroscedastic,hub,50,400,primary,0.5,adjusted,M0,0.04492472,,3.282516,0.08051249,0.1340446,0.4060418,0.1061224,1.367419,0.3986002,0.04139873,0.08123996,5.2,0.08958054,0.8992626,0.0249129,0.4999831,0.4255429,0.7024593,0.393429,10,3,97,0,0,0,42,97,0.01696043,,,,0.000491336,0.000491336,0,0,0,0,0.000491336,0,0,0,0,0.03164354,0.001020759,0.8655269,2006350,81196544,complete,,10,0.2,4000,97,4,6,29,3a11c4244335ba19b791f630b75435576c810d02636d5215d624c047a88685bf,,,0.1303557,0.07880248,0.08786423,0.102927,0.04522515,0.04113777
351002,heteroscedastic,hub,50,400,primary,0.5,adjusted,M1,0.08652264,1.256106,3.111196,0.08051249,0.1099641,0.4060418,0.1061224,1.275636,0.2280011,0.04759327,0.1074775,5.2,0.07674586,0.8803282,0.01882695,0.472454,0.258999,0.6989738,0.2860637,10,3,42,0.7319588,0.7319588,0.7319588,42,0,-0.007120007,,,,0.8509308,0.8509308,0,0,0,0,0.8509308,0,0,0,0,1.472803,0.04750977,1.168818,43106.92,72832000,complete,,10,0.2,4000,97,4,6,29,65d1f6b244f92c236f4bfe2a40d4b24234c49c84b5b44781ae6eb2796faf9998,,,0.1002421,0.09555168,0.07820489,0.08541178,0.08106877,0.04384017
351002,heteroscedastic,hub,50,400,primary,0.5,adjusted,M2,0.0819916,1.243072,3.267984,0.08051249,0.1049741,0.4060418,0.1061224,1.340521,0.2270338,0.07065001,0.09844698,5.2,0.09156588,0.8969039,0.0173613,0.4923828,0.2346821,0.6987311,0.2624752,10,3,215,0.2588235,0.6804124,0.375,42,240,-0.01211005,,,,1627.533,183.5902,1443.943,19350,60000,116800,1627.533,0,50,0,0,0.1819923,0.005870719,1.97624,348850,1056196096,valid_capped_prediction,3.503579e+11,10,0.2,4000,97,4,6,29,2381262412d0c0f9d2b7e8209bc8acbc83acc3c601f5e2a60d3af10545e9f6f6,,,0.09330933,0.08950147,0.08335635,0.06788873,0.06419323,0.04269836
351002,heteroscedastic,hub,50,400,primary,0.5,adjusted,M3,0.07004783,1.247054,3.242679,0.08051249,0.09930155,0.4060418,0.1061224,1.331375,0.2005809,0.04061988,0.0898824,5.2,0.07019142,0.8956563,0.01455381,0.4908333,0.2261942,0.6971902,0.2764518,10,3,42,0.7319588,0.7319588,0.7319588,42,2,-0.01778258,0,0,True,1583.347,1399.777,0,44850,0,137750,1522.138,61.20921,103,36,1,0.1847111,0.005958424,1.82273,343715.1,489242624,complete,,10,0.2,4000,97,4,6,29,cbf4c4c356581ac89d1fcc9f3c78b707ca774d22d414c96cc8d292ad899dac11,,,0.09062032,0.08174482,0.06896688,0.07575014,0.06885337,0.04632557
351002,heteroscedastic,hub,50,400,primary,0.5,adjusted,M4,0.07010588,1.246503,3.25395,0.08051249,0.1019116,0.4060418,0.1061224,1.336262,0.198788,0.04117949,0.08955667,5.2,0.06993713,0.8968859,0.01414562,0.4926289,0.2231665,0.697096,0.2677823,10,3,42,0.7319588,0.7319588,0.7319588,42,2,-0.01517249,0,0,True,1583.315,1399.777,0,44850,0,137750,1522.138,61.17714,103,36,1,0.1842297,0.005942892,1.74193,344613.3,489242624,complete,,10,0.2,4000,97,4,6,29,e96e0c869681f8614153417b0adda46f61e53c4ad4677d5af15821253c39970a,,,0.09363238,0.0820252,0.0689269,0.08564159,0.07452523,0.0543669
351002,heteroscedastic,hub,50,400,primary,0.5,adjusted,M5,0.08534054,1.248326,3.24514,0.08051249,0.1145082,0.4060418,0.1061224,1.331505,0.2024942,0.04918243,0.1037649,5.2,0.0779084,0.8952477,0.017256,0.4902682,0.2196824,0.6985274,0.2709957,10,3,,,,,42,,-0.002575912,0,0,True,1534.635,1399.777,0,44850,0,137750,1522.138,12.49743,103,36,1,4.997521,0.1612104,3.569079,12703.9,210631168,complete,,10,0.2,4000,97,4,6,29,5d1cdda015c7f09d05704484d922bbd8634fdd785949c481ebd50cc5d0da3ccb,,,0.1019157,0.09038609,0.0773231,0.08523677,0.07590819,0.04566111
351002,heteroscedastic,hub,50,400,primary,0.5,adjusted,fixed,0.08744056,1.249134,3.246201,0.08051249,0.1170841,0.4060418,0.1061224,1.331624,0.2032147,0.05058715,0.1056807,5.2,0.07944094,0.895177,0.01817541,0.4901307,0.2203286,0.6988606,0.2729984,10,3,42,0.7319588,0.7319588,0.7319588,42,0,0,,,,470.9471,470.9471,0,24300,0,69450,470.9471,0,50,1,0,0.1831304,0.005907432,1.741411,346682,440105472,complete,,10,0.2,4000,97,4,6,29,8dbff7b1f55b70e4a7d88e67cb0e61255ade3e767a1af08762a004914bd8d669,,,0.1042801,0.09240355,0.07884464,0.08711283,0.07743681,0.04557068
351002,heteroscedastic,hub,50,400,primary,0.5,adjusted,random,0.08744056,1.249134,3.246201,0.08051249,0.1170841,0.4060418,0.1061224,1.331624,0.2032147,0.05058715,0.1056807,5.2,0.07944094,0.895177,0.01817541,0.4901307,0.2203286,0.6988606,0.2729984,10,3,42,0.7319588,0.7319588,0.7319588,42,0,0,0,1,True,1271.714,1153.759,0,39300,0,128950,1213.159,58.55484,86,36,0,0.1831304,0.005907432,1.741411,346682,440105472,complete,,10,0.2,4000,97,4,6,29,8dbff7b1f55b70e4a7d88e67cb0e61255ade3e767a1af08762a004914bd8d669,,,0.1042801,0.09240355,0.07884464,0.08711283,0.07743681,0.04557068
351002,heteroscedastic,hub,50,400,primary,0.5,fixed,M0,0.04492472,,3.282516,0.08051249,0.1340446,0.4060418,0.1061224,1.367419,0.3986002,0.04139873,0.08123996,5.2,0.08958054,0.8992626,0.0249129,0.4999831,0.4255429,0.7024593,0.393429,10,3,97,0,0,0,42,97,0.01696043,,,,0.000491336,0.000491336,0,0,0,0,0.000491336,0,0,0,0,0.03164354,0.001020759,0.8655269,2006350,81196544,complete,,10,0.2,4000,97,4,6,29,3a11c4244335ba19b791f630b75435576c810d02636d5215d624c047a88685bf,,,0.1303557,0.07880248,0.08786423,0.102927,0.04522515,0.04113777
351002,heteroscedastic,hub,50,400,primary,0.5,fixed,M1,0.08652264,1.256106,3.111196,0.08051249,0.1099641,0.4060418,0.1061224,1.275636,0.2280011,0.04759327,0.1074775,5.2,0.07674586,0.8803282,0.01882695,0.472454,0.258999,0.6989738,0.2860637,10,3,42,0.7319588,0.7319588,0.7319588,42,0,-0.007120007,,,,0.8509308,0.8509308,0,0,0,0,0.8509308,0,0,0,0,1.472803,0.04750977,1.168818,43106.92,72832000,complete,,10,0.2,4000,97,4,6,29,65d1f6b244f92c236f4bfe2a40d4b24234c49c84b5b44781ae6eb2796faf9998,,,0.1002421,0.09555168,0.07820489,0.08541178,0.08106877,0.04384017
351002,heteroscedastic,hub,50,400,primary,0.5,fixed,M2,0.0819916,1.243072,3.267984,0.08051249,0.1049741,0.4060418,0.1061224,1.340521,0.2270338,0.07065001,0.09844698,5.2,0.09156588,0.8969039,0.0173613,0.4923828,0.2346821,0.6987311,0.2624752,10,3,215,0.2588235,0.6804124,0.375,42,240,-0.01211005,,,,1627.533,183.5902,1443.943,19350,60000,116800,1627.533,0,50,0,0,0.1819923,0.005870719,1.97624,348850,1056196096,valid_capped_prediction,3.503579e+11,10,0.2,4000,97,4,6,29,2381262412d0c0f9d2b7e8209bc8acbc83acc3c601f5e2a60d3af10545e9f6f6,,,0.09330933,0.08950147,0.08335635,0.06788873,0.06419323,0.04269836
351002,heteroscedastic,hub,50,400,primary,0.5,fixed,M3,0.08744056,1.249134,3.246201,0.08051249,0.1170841,0.4060418,0.1061224,1.331624,0.2032147,0.05058715,0.1056807,5.2,0.07944094,0.895177,0.01817541,0.4901307,0.2203286,0.6988606,0.2729984,10,3,42,0.7319588,0.7319588,0.7319588,42,0,0,0,1,True,681.7423,642.4939,0,28400,0,83600,666.6109,15.13141,61,7,0,0.1831304,0.005907432,1.741411,346682,440105472,complete,,10,0.2,4000,97,4,6,29,8dbff7b1f55b70e4a7d88e67cb0e61255ade3e767a1af08762a004914bd8d669,,,0.1042801,0.09240355,0.07884464,0.08711283,0.07743681,0.04557068
351002,heteroscedastic,hub,50,400,primary,0.5,fixed,M4,0.08744056,1.249134,3.246201,0.08051249,0.1170841,0.4060418,0.1061224,1.331624,0.2032147,0.05058715,0.1056807,5.2,0.07944094,0.895177,0.01817541,0.4901307,0.2203286,0.6988606,0.2729984,10,3,42,0.7319588,0.7319588,0.7319588,42,0,0,0,1,True,681.7422,642.4939,0,28400,0,83600,666.6109,15.13138,61,7,0,0.1831304,0.005907432,1.741411,346682,440105472,complete,,10,0.2,4000,97,4,6,29,8dbff7b1f55b70e4a7d88e67cb0e61255ade3e767a1af08762a004914bd8d669,,,0.1042801,0.09240355,0.07884464,0.08711283,0.07743681,0.04557068
351002,heteroscedastic,hub,50,400,primary,0.5,fixed,M5,0.08730268,1.249092,3.245967,0.08051249,0.1169351,0.4060418,0.1061224,1.331496,0.2030715,0.05053016,0.1055305,5.2,0.07936621,0.8951401,0.01811758,0.4901048,0.220291,0.6988434,0.2728745,10,3,,,,,42,,-0.0001490496,0,0,True,679.3884,642.4939,0,28400,0,83600,666.6109,12.77749,61,7,0,5.015285,0.1617834,3.653383,12658.9,136204800,complete,,10,0.2,4000,97,4,6,29,66f9771a36f2e24f20e5f8637fd8cc2a475afb96a1835a87aef2c5ea9f64cd62,,,0.1041788,0.09230222,0.07880384,0.08704487,0.07737123,0.0455782
351002,heteroscedastic,hub,50,400,primary,0.5,fixed,fixed,0.08744056,1.249134,3.246201,0.08051249,0.1170841,0.4060418,0.1061224,1.331624,0.2032147,0.05058715,0.1056807,5.2,0.07944094,0.895177,0.01817541,0.4901307,0.2203286,0.6988606,0.2729984,10,3,42,0.7319588,0.7319588,0.7319588,42,0,0,,,,470.9471,470.9471,0,24300,0,69450,470.9471,0,50,1,0,0.1831304,0.005907432,1.741411,346682,440105472,complete,,10,0.2,4000,97,4,6,29,8dbff7b1f55b70e4a7d88e67cb0e61255ade3e767a1af08762a004914bd8d669,,,0.1042801,0.09240355,0.07884464,0.08711283,0.07743681,0.04557068
351002,heteroscedastic,hub,50,400,primary,0.5,fixed,random,0.08744056,1.249134,3.246201,0.08051249,0.1170841,0.4060418,0.1061224,1.331624,0.2032147,0.05058715,0.1056807,5.2,0.07944094,0.895177,0.01817541,0.4901307,0.2203286,0.6988606,0.2729984,10,3,42,0.7319588,0.7319588,0.7319588,42,0,0,0,1,True,600.5551,576.0396,0,26650,0,79850,587.9444,12.61077,56,7,0,0.1831304,0.005907432,1.741411,346682,440105472,complete,,10,0.2,4000,97,4,6,29,8dbff7b1f55b70e4a7d88e67cb0e61255ade3e767a1af08762a004914bd8d669,,,0.1042801,0.09240355,0.07884464,0.08711283,0.07743681,0.04557068
351003,heteroscedastic,hub,50,400,primary,0.2,adjusted,M0,0.04443846,,3.280167,0.04821971,0.1210167,0.3143234,0.0244898,1.36526,0.318914,0.04293511,0.05288074,1.2,0.06116763,0.8990095,0.01073017,0.4995316,0.3440116,0.7019837,0.2049954,10,2,97,0,0,0,16,98,0.05942391,,,,0.0004020855,0.0004020855,0,0,0,0,0.0004020855,0,0,0,0,0.03114614,0.001004714,0.8019903,2038391,81196544,complete,,10,0.2,4000,97,4,5,41,f6f23cb44a72743d6ce131313a14984baf04ca3c852291955301688c90bed9a6,,,0.1207132,0.05304618,0.06231438,0.1426045,0.08927599,0.100212
351003,heteroscedastic,hub,50,400,primary,0.2,adjusted,M1,0.05859722,1.235385,3.176098,0.04821971,0.06443254,0.3143234,0.0244898,1.304861,0.2029107,0.04004603,0.06105312,1.2,0.0450232,0.8888462,0.001932798,0.4807916,0.1868348,0.6971382,0.0939604,10,2,16,0.8877551,0.8969072,0.8923077,16,0,0.002839718,,,,0.8392215,0.8392215,0,0,0,0,0.8392215,0,0,0,0,1.421616,0.04585857,1.121542,44659.04,80729088,complete,,10,0.2,4000,97,4,5,41,794f33740888a09624bac623ad1df18e10b9ab27cd371309090c12b0380475b4,,,0.06422101,0.0615863,0.04860625,0.07195015,0.0698155,0.06356376
351003,heteroscedastic,hub,50,400,primary,0.2,adjusted,M2,0.07470884,1.237519,3.281788,0.04821971,0.07785095,0.3143234,0.0244898,1.338385,0.216484,0.06469535,0.07397109,1.2,0.06452074,0.8983986,0.004300485,0.4906599,0.198151,0.6987529,0.1688206,10,2,214,0.2570281,0.6597938,0.3699422,16,223,0.01625813,,,,1654.303,190.945,1463.358,20200,60000,121750,1654.303,0,50,0,0,0.1749237,0.005642699,1.757095,362946.9,703603712,valid_capped_prediction,1.985827e+12,10,0.2,4000,97,4,5,41,e4e5c4c3ebfb2fba00266774db3ab0af1ab45dd235bc9d727da62d4704a3c99a,,,0.07392778,0.06841862,0.06001162,0.09052149,0.08540034,0.08234745
351003,heteroscedastic,hub,50,400,primary,0.2,adjusted,M3,0.05349795,1.221272,3.303771,0.04821971,0.06159282,0.3143234,0.0244898,1.362274,0.1760435,0.04196389,0.05471665,1.2,0.04500782,0.9020338,0.001347637,0.4996911,0.1682985,0.6969566,0.06982277,10,2,16,0.8877551,0.8969072,0.8923077,16,0,0,0,1,True,1468.895,1318.376,0,48400,0,147150,1419.07,49.82572,112,36,0,0.1712315,0.005523598,1.550955,370772.8,637143040,complete,,10,0.2,4000,97,4,5,41,313bfda9754a74ad3a3101ede814c8feb38da2884109fae687c272d3bf7e60bd,,,0.06506686,0.05787133,0.04856115,0.06904942,0.06175827,0.06171138
351003,heteroscedastic,hub,50,400,primary,0.2,adjusted,M4,0.05349795,1.221272,3.303771,0.04821971,0.06159282,0.3143234,0.0244898,1.362274,0.1760435,0.04196389,0.05471665,1.2,0.04500782,0.9020338,0.001347637,0.4996911,0.1682985,0.6969566,0.06982277,10,2,16,0.8877551,0.8969072,0.8923077,16,0,0,0,1,True,1468.895,1318.376,0,48400,0,147150,1419.07,49.82566,112,36,0,0.1712315,0.005523598,1.550955,370772.8,637143040,complete,,10,0.2,4000,97,4,5,41,313bfda9754a74ad3a3101ede814c8feb38da2884109fae687c272d3bf7e60bd,,,0.06506686,0.05787133,0.04856115,0.06904942,0.06175827,0.06171138
351003,heteroscedastic,hub,50,400,primary,0.2,adjusted,M5,0.05342811,1.221257,3.303437,0.04821971,0.0615454,0.3143234,0.0244898,1.361386,0.1752084,0.0423417,0.05464252,1.2,0.04535586,0.901982,0.001309027,0.4993333,0.1676778,0.6969538,0.07003295,10,2,,,,,16,,-4.742146e-05,0,0,True,1429.539,1318.376,0,48400,0,147150,1419.07,10.46974,112,36,0,3.942795,0.1271869,3.007707,16102.28,226186752,complete,,10,0.2,4000,97,4,5,41,380c795d9983e7a8ba1bc2cb7dd8a0e5f098c2349714b0192edf15f175ef7aa1,,,0.06493099,0.05773383,0.04895536,0.06891945,0.06154539,0.06222778
351003,heteroscedastic,hub,50,400,primary,0.2,adjusted,fixed,0.05349795,1.221272,3.303771,0.04821971,0.06159282,0.3143234,0.0244898,1.362274,0.1760435,0.04196389,0.05471665,1.2,0.04500782,0.9020338,0.001347637,0.4996911,0.1682985,0.6969566,0.06982277,10,2,16,0.8877551,0.8969072,0.8923077,16,0,0,,,,165.2856,165.2856,0,23300,0,67350,165.2856,0,50,1,0,0.1712315,0.005523598,1.550955,370772.8,637143040,complete,,10,0.2,4000,97,4,5,41,313bfda9754a74ad3a3101ede814c8feb38da2884109fae687c272d3bf7e60bd,,,0.06506686,0.05787133,0.04856115,0.06904942,0.06175827,0.06171138
351003,heteroscedastic,hub,50,400,primary,0.2,adjusted,random,0.05349795,1.221272,3.303771,0.04821971,0.06159282,0.3143234,0.0244898,1.362274,0.1760435,0.04196389,0.05471665,1.2,0.04500782,0.9020338,0.001347637,0.4996911,0.1682985,0.6969566,0.06982277,10,2,16,0.8877551,0.8969072,0.8923077,16,0,0,0,1,True,1068.799,969.1956,0,38900,0,126200,1018.113,50.68595,85,36,0,0.1712315,0.005523598,1.550955,370772.8,637143040,complete,,10,0.2,4000,97,4,5,41,313bfda9754a74ad3a3101ede814c8feb38da2884109fae687c272d3bf7e60bd,,,0.06506686,0.05787133,0.04856115,0.06904942,0.06175827,0.06171138
351003,heteroscedastic,hub,50,400,primary,0.2,fixed,M0,0.04443846,,3.280167,0.04821971,0.1210167,0.3143234,0.0244898,1.36526,0.318914,0.04293511,0.05288074,1.2,0.06116763,0.8990095,0.01073017,0.4995316,0.3440116,0.7019837,0.2049954,10,2,97,0,0,0,16,98,0.05942391,,,,0.0004020855,0.0004020855,0,0,0,0,0.0004020855,0,0,0,0,0.03114614,0.001004714,0.8019903,2038391,81196544,complete,,10,0.2,4000,97,4,5,41,f6f23cb44a72743d6ce131313a14984baf04ca3c852291955301688c90bed9a6,,,0.1207132,0.05304618,0.06231438,0.1426045,0.08927599,0.100212
351003,heteroscedastic,hub,50,400,primary,0.2,fixed,M1,0.05859722,1.235385,3.176098,0.04821971,0.06443254,0.3143234,0.0244898,1.304861,0.2029107,0.04004603,0.06105312,1.2,0.0450232,0.8888462,0.001932798,0.4807916,0.1868348,0.6971382,0.0939604,10,2,16,0.8877551,0.8969072,0.8923077,16,0,0.002839718,,,,0.8392215,0.8392215,0,0,0,0,0.8392215,0,0,0,0,1.421616,0.04585857,1.121542,44659.04,80729088,complete,,10,0.2,4000,97,4,5,41,794f33740888a09624bac623ad1df18e10b9ab27cd371309090c12b0380475b4,,,0.06422101,0.0615863,0.04860625,0.07195015,0.0698155,0.06356376
351003,heteroscedastic,hub,50,400,primary,0.2,fixed,M2,0.07470884,1.237519,3.281788,0.04821971,0.07785095,0.3143234,0.0244898,1.338385,0.216484,0.06469535,0.07397109,1.2,0.06452074,0.8983986,0.004300485,0.4906599,0.198151,0.6987529,0.1688206,10,2,214,0.2570281,0.6597938,0.3699422,16,223,0.01625813,,,,1654.303,190.945,1463.358,20200,60000,121750,1654.303,0,50,0,0,0.1749237,0.005642699,1.757095,362946.9,703603712,valid_capped_prediction,1.985827e+12,10,0.2,4000,97,4,5,41,e4e5c4c3ebfb2fba00266774db3ab0af1ab45dd235bc9d727da62d4704a3c99a,,,0.07392778,0.06841862,0.06001162,0.09052149,0.08540034,0.08234745
351003,heteroscedastic,hub,50,400,primary,0.2,fixed,M3,0.05349795,1.221272,3.303771,0.04821971,0.06159282,0.3143234,0.0244898,1.362274,0.1760435,0.04196389,0.05471665,1.2,0.04500782,0.9020338,0.001347637,0.4996911,0.1682985,0.6969566,0.06982277,10,2,16,0.8877551,0.8969072,0.8923077,16,0,0,0,1,True,384.8247,356.2082,0,27400,0,79350,373.9815,10.84315,61,7,0,0.1712315,0.005523598,1.550955,370772.8,637143040,complete,,10,0.2,4000,97,4,5,41,313bfda9754a74ad3a3101ede814c8feb38da2884109fae687c272d3bf7e60bd,,,0.06506686,0.05787133,0.04856115,0.06904942,0.06175827,0.06171138
351003,heteroscedastic,hub,50,400,primary,0.2,fixed,M4,0.05349795,1.221272,3.303771,0.04821971,0.06159282,0.3143234,0.0244898,1.362274,0.1760435,0.04196389,0.05471665,1.2,0.04500782,0.9020338,0.001347637,0.4996911,0.1682985,0.6969566,0.06982277,10,2,16,0.8877551,0.8969072,0.8923077,16,0,0,0,1,True,384.8246,356.2082,0,27400,0,79350,373.9815,10.84308,61,7,0,0.1712315,0.005523598,1.550955,370772.8,637143040,complete,,10,0.2,4000,97,4,5,41,313bfda9754a74ad3a3101ede814c8feb38da2884109fae687c272d3bf7e60bd,,,0.06506686,0.05787133,0.04856115,0.06904942,0.06175827,0.06171138
351003,heteroscedastic,hub,50,400,primary,0.2,fixed,M5,0.05349687,1.221266,3.30384,0.04821971,0.06159188,0.3143234,0.0244898,1.362292,0.1758921,0.04196632,0.05471444,1.2,0.04500621,0.9020448,0.001347079,0.4996941,0.1679955,0.6969565,0.06982791,10,2,,,,,16,,-9.339303e-07,0,0,True,384.7291,356.2082,0,27400,0,79350,373.9815,10.74757,61,7,0,3.955189,0.1275868,2.821955,16051.82,142327808,complete,,10,0.2,4000,97,4,5,41,69bfbb6082486ed551c0c22ba9a2cdf26e5703cf6e62e06104b54c8fd1f68792,,,0.06506975,0.05787282,0.0485699,0.06905208,0.06175711,0.06171333
351003,heteroscedastic,hub,50,400,primary,0.2,fixed,fixed,0.05349795,1.221272,3.303771,0.04821971,0.06159282,0.3143234,0.0244898,1.362274,0.1760435,0.04196389,0.05471665,1.2,0.04500782,0.9020338,0.001347637,0.4996911,0.1682985,0.6969566,0.06982277,10,2,16,0.8877551,0.8969072,0.8923077,16,0,0,,,,165.2856,165.2856,0,23300,0,67350,165.2856,0,50,1,0,0.1712315,0.005523598,1.550955,370772.8,637143040,complete,,10,0.2,4000,97,4,5,41,313bfda9754a74ad3a3101ede814c8feb38da2884109fae687c272d3bf7e60bd,,,0.06506686,0.05787133,0.04856115,0.06904942,0.06175827,0.06171138
351003,heteroscedastic,hub,50,400,primary,0.2,fixed,random,0.05349795,1.221272,3.303771,0.04821971,0.06159282,0.3143234,0.0244898,1.362274,0.1760435,0.04196389,0.05471665,1.2,0.04500782,0.9020338,0.001347637,0.4996911,0.1682985,0.6969566,0.06982277,10,2,16,0.8877551,0.8969072,0.8923077,16,0,0,0,1,True,295.1774,275.276,0,25750,0,76800,283.1784,11.99892,56,7,0,0.1712315,0.005523598,1.550955,370772.8,637143040,complete,,10,0.2,4000,97,4,5,41,313bfda9754a74ad3a3101ede814c8feb38da2884109fae687c272d3bf7e60bd,,,0.06506686,0.05787133,0.04856115,0.06904942,0.06175827,0.06171138
351003,heteroscedastic,hub,50,400,primary,0.5,adjusted,M0,0.04443846,,3.280167,0.04821971,0.1210167,0.3143234,0.0244898,1.36526,0.318914,0.04293511,0.05288074,1.2,0.06116763,0.8990095,0.01073017,0.4995316,0.3440116,0.7019837,0.2049954,10,2,97,0,0,0,43,97,0.02354349,,,,0.0004020855,0.0004020855,0,0,0,0,0.0004020855,0,0,0,0,0.03114614,0.001004714,0.8019903,2038391,81196544,complete,,10,0.2,4000,97,4,5,41,f6f23cb44a72743d6ce131313a14984baf04ca3c852291955301688c90bed9a6,,,0.1207132,0.05304618,0.06231438,0.1426045,0.08927599,0.100212
351003,heteroscedastic,hub,50,400,primary,0.5,adjusted,M1,0.06685527,1.268585,3.188962,0.04821971,0.09234755,0.3143234,0.0244898,1.309753,0.1621105,0.05014762,0.07124591,1.2,0.06119178,0.8888682,0.005667441,0.4812759,0.1830358,0.6994535,0.1525864,10,2,43,0.7216495,0.7216495,0.7216495,43,0,-0.005125697,,,,0.8521161,0.8521161,0,0,0,0,0.8521161,0,0,0,0,1.392549,0.04492092,1.129876,45591.23,72830464,complete,,10,0.2,4000,97,4,5,41,2ba208bd1966c41af3254b9372d97ad056e058756043fa08c3fffeb248794194,,,0.09075298,0.07093965,0.06640267,0.09933192,0.08021504,0.07839507
351003,heteroscedastic,hub,50,400,primary,0.5,adjusted,M2,0.07470884,1.237519,3.281788,0.04821971,0.07785095,0.3143234,0.0244898,1.338385,0.216484,0.06469535,0.07397109,1.2,0.06452074,0.8983986,0.004300485,0.4906599,0.198151,0.6987529,0.1688206,10,2,214,0.2570281,0.6597938,0.3699422,43,243,-0.01962229,,,,1654.303,190.945,1463.358,20200,60000,121750,1654.303,0,50,0,0,0.1749237,0.005642699,1.757095,362946.9,703603712,valid_capped_prediction,1.985827e+12,10,0.2,4000,97,4,5,41,e4e5c4c3ebfb2fba00266774db3ab0af1ab45dd235bc9d727da62d4704a3c99a,,,0.07392778,0.06841862,0.06001162,0.09052149,0.08540034,0.08234745
351003,heteroscedastic,hub,50,400,primary,0.5,adjusted,M3,0.05699592,1.254081,3.308068,0.04821971,0.08412762,0.3143234,0.0244898,1.357212,0.1424053,0.04610128,0.05952545,1.2,0.05206986,0.9020657,0.00379576,0.4972756,0.1077708,0.6984596,0.1192817,10,2,41,0.742268,0.742268,0.742268,43,2,-0.01334562,0,0,True,1647.365,1482.898,0,46850,0,139500,1598.777,48.58805,108,36,1,0.1848141,0.005961746,1.618267,343523.5,443585024,complete,,10,0.2,4000,97,4,5,41,7aace1069aaafa97903c8eaf75073c59833b0beb848f4a9a9ea807e4de49f14b,,,0.08543361,0.06010926,0.05621337,0.09812557,0.07023991,0.07568748
351003,heteroscedastic,hub,50,400,primary,0.5,adjusted,M4,0.06482372,1.259328,3.288138,0.04821971,0.09747324,0.3143234,0.0244898,1.347845,0.1794834,0.05262251,0.06901483,1.2,0.0633173,0.8991281,0.006399863,0.4931601,0.1617193,0.6998732,0.1584471,10,2,43,0.7216495,0.7216495,0.7216495,43,0,0,0,1,True,1646.255,1482.898,0,46850,0,139500,1598.777,47.47796,108,36,1,0.1863838,0.00601238,1.664498,340630.5,492645888,complete,,10,0.2,4000,97,4,5,41,33f257e3f3e73c3acbee4583ef2e4f928f83962ad930e117a0afac719c776119,,,0.0962756,0.06846842,0.06898335,0.1028144,0.07438138,0.07717894
351003,heteroscedastic,hub,50,400,primary,0.5,adjusted,M5,0.06330917,1.258304,3.290322,0.04821971,0.09487972,0.3143234,0.0244898,1.348502,0.1734937,0.05193712,0.0672897,1.2,0.06168493,0.8995595,0.005730057,0.4935975,0.1513582,0.6995642,0.150747,10,2,,,,,43,,-0.002593528,0,0,True,1609.089,1482.898,0,46850,0,139500,1598.777,10.31164,108,36,1,4.91322,0.158491,2.390342,12921.87,208627200,complete,,10,0.2,4000,97,4,5,41,8112d3c4cd838087e6f9e1c7f85c076e79e083b5416d45cc67225aac8d654172,,,0.09407143,0.06679455,0.06700664,0.1012853,0.0729587,0.07662036
351003,heteroscedastic,hub,50,400,primary,0.5,adjusted,fixed,0.06482372,1.259328,3.288138,0.04821971,0.09747324,0.3143234,0.0244898,1.347845,0.1794834,0.05262251,0.06901483,1.2,0.0633173,0.8991281,0.006399863,0.4931601,0.1617193,0.6998732,0.1584471,10,2,43,0.7216495,0.7216495,0.7216495,43,0,0,,,,410.1515,410.1515,0,22350,0,64200,410.1515,0,50,1,0,0.1863838,0.00601238,1.664498,340630.5,492645888,complete,,10,0.2,4000,97,4,5,41,33f257e3f3e73c3acbee4583ef2e4f928f83962ad930e117a0afac719c776119,,,0.0962756,0.06846842,0.06898335,0.1028144,0.07438138,0.07717894
351003,heteroscedastic,hub,50,400,primary,0.5,adjusted,random,0.06482372,1.259328,3.288138,0.04821971,0.09747324,0.3143234,0.0244898,1.347845,0.1794834,0.05262251,0.06901483,1.2,0.0633173,0.8991281,0.006399863,0.4931601,0.1617193,0.6998732,0.1584471,10,2,43,0.7216495,0.7216495,0.7216495,43,0,0,0,1,True,1365.335,1257.836,0,38550,0,118600,1316.819,48.51626,88,36,0,0.1863838,0.00601238,1.664498,340630.5,492645888,complete,,10,0.2,4000,97,4,5,41,33f257e3f3e73c3acbee4583ef2e4f928f83962ad930e117a0afac719c776119,,,0.0962756,0.06846842,0.06898335,0.1028144,0.07438138,0.07717894
351003,heteroscedastic,hub,50,400,primary,0.5,fixed,M0,0.04443846,,3.280167,0.04821971,0.1210167,0.3143234,0.0244898,1.36526,0.318914,0.04293511,0.05288074,1.2,0.06116763,0.8990095,0.01073017,0.4995316,0.3440116,0.7019837,0.2049954,10,2,97,0,0,0,43,97,0.02354349,,,,0.0004020855,0.0004020855,0,0,0,0,0.0004020855,0,0,0,0,0.03114614,0.001004714,0.8019903,2038391,81196544,complete,,10,0.2,4000,97,4,5,41,f6f23cb44a72743d6ce131313a14984baf04ca3c852291955301688c90bed9a6,,,0.1207132,0.05304618,0.06231438,0.1426045,0.08927599,0.100212
351003,heteroscedastic,hub,50,400,primary,0.5,fixed,M1,0.06685527,1.268585,3.188962,0.04821971,0.09234755,0.3143234,0.0244898,1.309753,0.1621105,0.05014762,0.07124591,1.2,0.06119178,0.8888682,0.005667441,0.4812759,0.1830358,0.6994535,0.1525864,10,2,43,0.7216495,0.7216495,0.7216495,43,0,-0.005125697,,,,0.8521161,0.8521161,0,0,0,0,0.8521161,0,0,0,0,1.392549,0.04492092,1.129876,45591.23,72830464,complete,,10,0.2,4000,97,4,5,41,2ba208bd1966c41af3254b9372d97ad056e058756043fa08c3fffeb248794194,,,0.09075298,0.07093965,0.06640267,0.09933192,0.08021504,0.07839507
351003,heteroscedastic,hub,50,400,primary,0.5,fixed,M2,0.07470884,1.237519,3.281788,0.04821971,0.07785095,0.3143234,0.0244898,1.338385,0.216484,0.06469535,0.07397109,1.2,0.06452074,0.8983986,0.004300485,0.4906599,0.198151,0.6987529,0.1688206,10,2,214,0.2570281,0.6597938,0.3699422,43,243,-0.01962229,,,,1654.303,190.945,1463.358,20200,60000,121750,1654.303,0,50,0,0,0.1749237,0.005642699,1.757095,362946.9,703603712,valid_capped_prediction,1.985827e+12,10,0.2,4000,97,4,5,41,e4e5c4c3ebfb2fba00266774db3ab0af1ab45dd235bc9d727da62d4704a3c99a,,,0.07392778,0.06841862,0.06001162,0.09052149,0.08540034,0.08234745
351003,heteroscedastic,hub,50,400,primary,0.5,fixed,M3,0.05699592,1.254081,3.308068,0.04821971,0.08412762,0.3143234,0.0244898,1.357212,0.1424053,0.04610128,0.05952545,1.2,0.05206986,0.9020657,0.00379576,0.4972756,0.1077708,0.6984596,0.1192817,10,2,41,0.742268,0.742268,0.742268,43,2,-0.01334562,0,0,True,738.8192,689.6524,0,29500,0,83600,720.469,18.3502,66,10,1,0.1848141,0.005961746,1.618267,343523.5,443585024,complete,,10,0.2,4000,97,4,5,41,7aace1069aaafa97903c8eaf75073c59833b0beb848f4a9a9ea807e4de49f14b,,,0.08543361,0.06010926,0.05621337,0.09812557,0.07023991,0.07568748
351003,heteroscedastic,hub,50,400,primary,0.5,fixed,M4,0.06482372,1.259328,3.288138,0.04821971,0.09747324,0.3143234,0.0244898,1.347845,0.1794834,0.05262251,0.06901483,1.2,0.0633173,0.8991281,0.006399863,0.4931601,0.1617193,0.6998732,0.1584471,10,2,43,0.7216495,0.7216495,0.7216495,43,0,0,0,1,True,737.5608,689.6524,0,29500,0,83600,720.469,17.09177,66,10,1,0.1863838,0.00601238,1.664498,340630.5,492645888,complete,,10,0.2,4000,97,4,5,41,33f257e3f3e73c3acbee4583ef2e4f928f83962ad930e117a0afac719c776119,,,0.0962756,0.06846842,0.06898335,0.1028144,0.07438138,0.07717894
351003,heteroscedastic,hub,50,400,primary,0.5,fixed,M5,0.06345885,1.25809,3.291003,0.04821971,0.09503664,0.3143234,0.0244898,1.348652,0.175305,0.05167585,0.06746353,1.2,0.06155503,0.8996133,0.005758749,0.4936224,0.1526764,0.6995886,0.1518125,10,2,,,,,43,,-0.0024366,0,0,True,732.4585,689.6524,0,29500,0,83600,720.469,11.98955,66,10,1,5.397698,0.1741193,3.419638,11762.05,139596288,complete,,10,0.2,4000,97,4,5,41,68dcef053d2f8cd4685f26c7f5832ddd4b8414b12e192d7c1ee5102459864013,,,0.09434442,0.06712979,0.06692254,0.1017514,0.07349037,0.07689585
351003,heteroscedastic,hub,50,400,primary,0.5,fixed,fixed,0.06482372,1.259328,3.288138,0.04821971,0.09747324,0.3143234,0.0244898,1.347845,0.1794834,0.05262251,0.06901483,1.2,0.0633173,0.8991281,0.006399863,0.4931601,0.1617193,0.6998732,0.1584471,10,2,43,0.7216495,0.7216495,0.7216495,43,0,0,,,,410.1515,410.1515,0,22350,0,64200,410.1515,0,50,1,0,0.1863838,0.00601238,1.664498,340630.5,492645888,complete,,10,0.2,4000,97,4,5,41,33f257e3f3e73c3acbee4583ef2e4f928f83962ad930e117a0afac719c776119,,,0.0962756,0.06846842,0.06898335,0.1028144,0.07438138,0.07717894
351003,heteroscedastic,hub,50,400,primary,0.5,fixed,random,0.06482372,1.259328,3.288138,0.04821971,0.09747324,0.3143234,0.0244898,1.347845,0.1794834,0.05262251,0.06901483,1.2,0.0633173,0.8991281,0.006399863,0.4931601,0.1617193,0.6998732,0.1584471,10,2,43,0.7216495,0.7216495,0.7216495,43,0,0,0,1,True,641.1237,619.2223,0,26250,0,74750,631.0441,10.07964,58,7,0,0.1863838,0.00601238,1.664498,340630.5,492645888,complete,,10,0.2,4000,97,4,5,41,33f257e3f3e73c3acbee4583ef2e4f928f83962ad930e117a0afac719c776119,,,0.0962756,0.06846842,0.06898335,0.1028144,0.07438138,0.07717894
351004,heteroscedastic,hub,50,400,primary,0.2,adjusted,M0,0.04453202,,3.282261,0.03357272,0.1018176,0.4401818,0.002040816,1.345848,0.4515333,0.04387961,0.04535912,0.1,0.04737179,0.8986039,0.007267026,0.4939214,0.4440636,0.7032681,0.1107857,10,1,97,0,0,0,19,98,0.03624497,,,,0.0003434159,0.0003434159,0,0,0,0,0.0003434159,0,0,0,0,0.03115373,0.001004959,0.8028373,2037894,81196544,complete,,10,0.2,4000,97,3,6,40,4aa59578a34628b63a3629cb411ad3a8233983dc28c3dacb1a54a34918b9f5c0,,,0.1002873,0.04400547,0.04389494,0.1324714,0.0870962,0.1003365
351004,heteroscedastic,hub,50,400,primary,0.2,adjusted,M1,0.07324847,1.267199,3.111173,0.03357272,0.07082797,0.4401818,0.002040816,1.278021,0.03553541,0.04578014,0.07317218,0.1,0.04574391,0.8791384,0.00341989,0.4715521,0.009340392,0.7011573,0.08502109,10,1,19,0.8673469,0.8762887,0.8717949,19,0,0.005255336,,,,1.241254,1.241254,0,0,0,0,1.241254,0,0,0,0,1.413006,0.04558084,1.156638,44931.16,80874496,complete,,10,0.2,4000,97,3,6,40,2b450a1e00852fe49cb42d63bd13faec31e0b05fe2a65010b1ac5dfe097418ce,,,0.06457966,0.06686051,0.03751149,0.08239319,0.08312651,0.07126146
351004,heteroscedastic,hub,50,400,primary,0.2,adjusted,M2,0.07452983,1.27714,3.316769,0.03357272,0.08576835,0.4401818,0.002040816,1.356919,0.1802471,0.0649036,0.07447068,0.1,0.06477289,0.9000907,0.006541552,0.4963907,0.1603381,0.703078,0.2135047,10,1,243,0.2084942,0.556701,0.3033708,19,255,0.02019572,,,,1673.02,239.3291,1433.691,19700,60000,116450,1673.02,0,50,0,0,0.1714104,0.005529367,1.808305,370386,651429376,valid_capped_prediction,1.339076e+12,10,0.2,4000,97,3,6,40,1ee7f61bb14b59412d29af2ef38de10de086db2bab3685544e961380e2ff8553,,,0.08022645,0.06841859,0.05636235,0.09187847,0.08185337,0.07354943
351004,heteroscedastic,hub,50,400,primary,0.2,adjusted,M3,0.06402339,1.258025,3.232371,0.03357272,0.06557263,0.4401818,0.002040816,1.317228,0.05039099,0.04739938,0.06398207,0.1,0.04741524,0.8924894,0.002813489,0.4847008,0.04527055,0.7007593,0.07105081,10,1,19,0.8673469,0.8762887,0.8717949,19,0,0,0,1,True,1658.224,1497.125,0,49250,0,164300,1618.309,39.91432,110,36,0,0.1845779,0.005954127,1.722124,343963.1,736425984,complete,,10,0.2,4000,97,3,6,40,9251ec346d6040a292e32e20fbbde5f5d4d9daf2d047c34514456b7f6c379ef1,,,0.0656442,0.06447926,0.03814638,0.08413836,0.08018356,0.06957888
351004,heteroscedastic,hub,50,400,primary,0.2,adjusted,M4,0.06402339,1.258025,3.232371,0.03357272,0.06557263,0.4401818,0.002040816,1.317228,0.05039099,0.04739938,0.06398207,0.1,0.04741524,0.8924894,0.002813489,0.4847008,0.04527055,0.7007593,0.07105081,10,1,19,0.8673469,0.8762887,0.8717949,19,0,0,0,1,True,1658.224,1497.125,0,49250,0,164300,1618.309,39.91425,110,36,0,0.1845779,0.005954127,1.722124,343963.1,736425984,complete,,10,0.2,4000,97,3,6,40,9251ec346d6040a292e32e20fbbde5f5d4d9daf2d047c34514456b7f6c379ef1,,,0.0656442,0.06447926,0.03814638,0.08413836,0.08018356,0.06957888
351004,heteroscedastic,hub,50,400,primary,0.2,adjusted,M5,0.06396889,1.257991,3.232158,0.03357272,0.06551884,0.4401818,0.002040816,1.317397,0.05039099,0.04735639,0.06392757,0.1,0.04737231,0.8924735,0.002797113,0.4847337,0.04527055,0.7007564,0.07106118,10,1,,,,,19,,-5.378872e-05,0,0,True,1626.248,1497.125,0,49250,0,164300,1618.309,7.938187,110,36,0,3.994975,0.1288702,2.597586,15891.96,228168704,complete,,10,0.2,4000,97,3,6,40,24f7ac4d7b303866a2d78a6db8a1fc8ead13062fcf4b43f05f26800161d39f97,,,0.0655745,0.06441323,0.03809121,0.08412152,0.08016471,0.06957713
351004,heteroscedastic,hub,50,400,primary,0.2,adjusted,fixed,0.06402339,1.258025,3.232371,0.03357272,0.06557263,0.4401818,0.002040816,1.317228,0.05039099,0.04739938,0.06398207,0.1,0.04741524,0.8924894,0.002813489,0.4847008,0.04527055,0.7007593,0.07105081,10,1,19,0.8673469,0.8762887,0.8717949,19,0,0,,,,217.2163,217.2163,0,22450,0,63800,217.2163,0,50,1,0,0.1845779,0.005954127,1.722124,343963.1,736425984,complete,,10,0.2,4000,97,3,6,40,9251ec346d6040a292e32e20fbbde5f5d4d9daf2d047c34514456b7f6c379ef1,,,0.0656442,0.06447926,0.03814638,0.08413836,0.08018356,0.06957888
351004,heteroscedastic,hub,50,400,primary,0.2,adjusted,random,0.06402339,1.258025,3.232371,0.03357272,0.06557263,0.4401818,0.002040816,1.317228,0.05039099,0.04739938,0.06398207,0.1,0.04741524,0.8924894,0.002813489,0.4847008,0.04527055,0.7007593,0.07105081,10,1,19,0.8673469,0.8762887,0.8717949,19,0,0,0,1,True,791.8823,710.7707,0,37000,0,120350,750.7881,41.09419,85,36,0,0.1845779,0.005954127,1.722124,343963.1,736425984,complete,,10,0.2,4000,97,3,6,40,9251ec346d6040a292e32e20fbbde5f5d4d9daf2d047c34514456b7f6c379ef1,,,0.0656442,0.06447926,0.03814638,0.08413836,0.08018356,0.06957888
351004,heteroscedastic,hub,50,400,primary,0.2,fixed,M0,0.04453202,,3.282261,0.03357272,0.1018176,0.4401818,0.002040816,1.345848,0.4515333,0.04387961,0.04535912,0.1,0.04737179,0.8986039,0.007267026,0.4939214,0.4440636,0.7032681,0.1107857,10,1,97,0,0,0,19,98,0.03624497,,,,0.0003434159,0.0003434159,0,0,0,0,0.0003434159,0,0,0,0,0.03115373,0.001004959,0.8028373,2037894,81196544,complete,,10,0.2,4000,97,3,6,40,4aa59578a34628b63a3629cb411ad3a8233983dc28c3dacb1a54a34918b9f5c0,,,0.1002873,0.04400547,0.04389494,0.1324714,0.0870962,0.1003365
351004,heteroscedastic,hub,50,400,primary,0.2,fixed,M1,0.07324847,1.267199,3.111173,0.03357272,0.07082797,0.4401818,0.002040816,1.278021,0.03553541,0.04578014,0.07317218,0.1,0.04574391,0.8791384,0.00341989,0.4715521,0.009340392,0.7011573,0.08502109,10,1,19,0.8673469,0.8762887,0.8717949,19,0,0.005255336,,,,1.241254,1.241254,0,0,0,0,1.241254,0,0,0,0,1.413006,0.04558084,1.156638,44931.16,80874496,complete,,10,0.2,4000,97,3,6,40,2b450a1e00852fe49cb42d63bd13faec31e0b05fe2a65010b1ac5dfe097418ce,,,0.06457966,0.06686051,0.03751149,0.08239319,0.08312651,0.07126146
351004,heteroscedastic,hub,50,400,primary,0.2,fixed,M2,0.07452983,1.27714,3.316769,0.03357272,0.08576835,0.4401818,0.002040816,1.356919,0.1802471,0.0649036,0.07447068,0.1,0.06477289,0.9000907,0.006541552,0.4963907,0.1603381,0.703078,0.2135047,10,1,243,0.2084942,0.556701,0.3033708,19,255,0.02019572,,,,1673.02,239.3291,1433.691,19700,60000,116450,1673.02,0,50,0,0,0.1714104,0.005529367,1.808305,370386,651429376,valid_capped_prediction,1.339076e+12,10,0.2,4000,97,3,6,40,1ee7f61bb14b59412d29af2ef38de10de086db2bab3685544e961380e2ff8553,,,0.08022645,0.06841859,0.05636235,0.09187847,0.08185337,0.07354943
351004,heteroscedastic,hub,50,400,primary,0.2,fixed,M3,0.06402339,1.258025,3.232371,0.03357272,0.06557263,0.4401818,0.002040816,1.317228,0.05039099,0.04739938,0.06398207,0.1,0.04741524,0.8924894,0.002813489,0.4847008,0.04527055,0.7007593,0.07105081,10,1,19,0.8673469,0.8762887,0.8717949,19,0,0,0,1,True,482.011,450.047,0,27300,0,80950,473.2095,8.801539,60,7,0,0.1845779,0.005954127,1.722124,343963.1,736425984,complete,,10,0.2,4000,97,3,6,40,9251ec346d6040a292e32e20fbbde5f5d4d9daf2d047c34514456b7f6c379ef1,,,0.0656442,0.06447926,0.03814638,0.08413836,0.08018356,0.06957888
351004,heteroscedastic,hub,50,400,primary,0.2,fixed,M4,0.06402339,1.258025,3.232371,0.03357272,0.06557263,0.4401818,0.002040816,1.317228,0.05039099,0.04739938,0.06398207,0.1,0.04741524,0.8924894,0.002813489,0.4847008,0.04527055,0.7007593,0.07105081,10,1,19,0.8673469,0.8762887,0.8717949,19,0,0,0,1,True,482.011,450.047,0,27300,0,80950,473.2095,8.80151,60,7,0,0.1845779,0.005954127,1.722124,343963.1,736425984,complete,,10,0.2,4000,97,3,6,40,9251ec346d6040a292e32e20fbbde5f5d4d9daf2d047c34514456b7f6c379ef1,,,0.0656442,0.06447926,0.03814638,0.08413836,0.08018356,0.06957888
351004,heteroscedastic,hub,50,400,primary,0.2,fixed,M5,0.06386882,1.25799,3.231705,0.03357272,0.06543704,0.4401818,0.002040816,1.317314,0.05039099,0.04746651,0.06382804,0.1,0.04748223,0.8924067,0.002804552,0.4846819,0.04527055,0.7007495,0.07107569,10,1,,,,,19,,-0.0001355946,0,0,True,482.6285,450.047,0,27300,0,80950,473.2095,9.419026,60,7,0,4.423575,0.142696,3.573485,14352.19,151986688,complete,,10,0.2,4000,97,3,6,40,e91a354d5a8919ea0a5c56a8149517e4a7b3b8583965245f0c28a060c982d28e,,,0.06538133,0.06423907,0.03817159,0.08382275,0.07986329,0.0696108
351004,heteroscedastic,hub,50,400,primary,0.2,fixed,fixed,0.06402339,1.258025,3.232371,0.03357272,0.06557263,0.4401818,0.002040816,1.317228,0.05039099,0.04739938,0.06398207,0.1,0.04741524,0.8924894,0.002813489,0.4847008,0.04527055,0.7007593,0.07105081,10,1,19,0.8673469,0.8762887,0.8717949,19,0,0,,,,217.2163,217.2163,0,22450,0,63800,217.2163,0,50,1,0,0.1845779,0.005954127,1.722124,343963.1,736425984,complete,,10,0.2,4000,97,3,6,40,9251ec346d6040a292e32e20fbbde5f5d4d9daf2d047c34514456b7f6c379ef1,,,0.0656442,0.06447926,0.03814638,0.08413836,0.08018356,0.06957888
351004,heteroscedastic,hub,50,400,primary,0.2,fixed,random,0.06402339,1.258025,3.232371,0.03357272,0.06557263,0.4401818,0.002040816,1.317228,0.05039099,0.04739938,0.06398207,0.1,0.04741524,0.8924894,0.002813489,0.4847008,0.04527055,0.7007593,0.07105081,10,1,19,0.8673469,0.8762887,0.8717949,19,0,0,0,1,True,324.1875,306.4759,0,24700,0,73000,315.6457,8.541857,56,7,0,0.1845779,0.005954127,1.722124,343963.1,736425984,complete,,10,0.2,4000,97,3,6,40,9251ec346d6040a292e32e20fbbde5f5d4d9daf2d047c34514456b7f6c379ef1,,,0.0656442,0.06447926,0.03814638,0.08413836,0.08018356,0.06957888
351004,heteroscedastic,hub,50,400,primary,0.5,adjusted,M0,0.04453202,,3.282261,0.03357272,0.1018176,0.4401818,0.002040816,1.345848,0.4515333,0.04387961,0.04535912,0.1,0.04737179,0.8986039,0.007267026,0.4939214,0.4440636,0.7032681,0.1107857,10,1,97,0,0,0,41,97,0.02316842,,,,0.0003434159,0.0003434159,0,0,0,0,0.0003434159,0,0,0,0,0.03115373,0.001004959,0.8028373,2037894,81196544,complete,,10,0.2,4000,97,3,6,40,4aa59578a34628b63a3629cb411ad3a8233983dc28c3dacb1a54a34918b9f5c0,,,0.1002873,0.04400547,0.04389494,0.1324714,0.0870962,0.1003365
351004,heteroscedastic,hub,50,400,primary,0.5,adjusted,M1,0.06897313,1.28607,3.144667,0.03357272,0.07863022,0.4401818,0.002040816,1.290771,0.4800974,0.04507749,0.06981487,0.1,0.04853794,0.8831114,0.004303523,0.4756756,0.4273679,0.7016805,0.09036063,10,1,41,0.7216495,0.7216495,0.7216495,41,0,-1.896173e-05,,,,0.4754088,0.4754088,0,0,0,0,0.4754088,0,0,0,0,1.401456,0.04520825,1.127967,45301.47,72830976,complete,,10,0.2,4000,97,3,6,40,96292d5220237a81b9b46153e013e9625c355ee17e55a8b6eb550af8c38a26f1,,,0.0738032,0.06627278,0.04241394,0.09598207,0.08631095,0.0822716
351004,heteroscedastic,hub,50,400,primary,0.5,adjusted,M2,0.07452983,1.27714,3.316769,0.03357272,0.08576835,0.4401818,0.002040816,1.356919,0.1802471,0.0649036,0.07447068,0.1,0.06477289,0.9000907,0.006541552,0.4963907,0.1603381,0.703078,0.2135047,10,1,243,0.2084942,0.556701,0.3033708,41,263,0.007119165,,,,1673.02,239.3291,1433.691,19700,60000,116450,1673.02,0,50,0,0,0.1714104,0.005529367,1.808305,370386,651429376,valid_capped_prediction,1.339076e+12,10,0.2,4000,97,3,6,40,1ee7f61bb14b59412d29af2ef38de10de086db2bab3685544e961380e2ff8553,,,0.08022645,0.06841859,0.05636235,0.09187847,0.08185337,0.07354943
351004,heteroscedastic,hub,50,400,primary,0.5,adjusted,M3,0.06119039,1.27803,3.258726,0.03357272,0.07864918,0.4401818,0.002040816,1.331536,0.5111413,0.04641635,0.06210161,0.1,0.04985193,0.8954201,0.003732109,0.4894591,0.4243057,0.7014998,0.09644788,10,1,41,0.7216495,0.7216495,0.7216495,41,0,0,0,1,True,1185.203,1069.414,0,46450,0,144750,1156.627,28.5753,105,36,1,0.203761,0.006572937,1.78003,311580.7,395189760,complete,,10,0.2,4000,97,3,6,40,9f7d53bbcb2ec6b891aa8c1ce3f6a127797eef9724ac75dda5ac0ee159e38a8f,,,0.07473155,0.06108003,0.0431825,0.09812759,0.0820879,0.08660256
351004,heteroscedastic,hub,50,400,primary,0.5,adjusted,M4,0.06119039,1.27803,3.258726,0.03357272,0.07864918,0.4401818,0.002040816,1.331536,0.5111413,0.04641635,0.06210161,0.1,0.04985193,0.8954201,0.003732109,0.4894591,0.4243057,0.7014998,0.09644788,10,1,41,0.7216495,0.7216495,0.7216495,41,0,0,0,1,True,1185.202,1069.414,0,46450,0,144750,1156.627,28.57516,105,36,1,0.203761,0.006572937,1.78003,311580.7,395189760,complete,,10,0.2,4000,97,3,6,40,9f7d53bbcb2ec6b891aa8c1ce3f6a127797eef9724ac75dda5ac0ee159e38a8f,,,0.07473155,0.06108003,0.0431825,0.09812759,0.0820879,0.08660256
351004,heteroscedastic,hub,50,400,primary,0.5,adjusted,M5,0.06065966,1.277662,3.259149,0.03357272,0.07799101,0.4401818,0.002040816,1.331756,0.5101407,0.04582296,0.06156963,0.1,0.04927304,0.8954709,0.003659139,0.489489,0.4266166,0.7014527,0.0957513,10,1,,,,,41,,-0.0006581746,0,0,True,1163.843,1069.414,0,46450,0,144750,1156.627,7.215318,105,36,1,5.387416,0.1737876,2.484184,11784.5,198723584,complete,,10,0.2,4000,97,3,6,40,3de0b0810eb6daeac1884f9c1af54f218176eb2104761c4cb060d7f5cb8896f7,,,0.07393491,0.0603966,0.04260301,0.09758078,0.08155189,0.08622904
351004,heteroscedastic,hub,50,400,primary,0.5,adjusted,fixed,0.06119039,1.27803,3.258726,0.03357272,0.07864918,0.4401818,0.002040816,1.331536,0.5111413,0.04641635,0.06210161,0.1,0.04985193,0.8954201,0.003732109,0.4894591,0.4243057,0.7014998,0.09644788,10,1,41,0.7216495,0.7216495,0.7216495,41,0,0,,,,300.3551,300.3551,0,21450,0,61000,300.3551,0,50,1,0,0.203761,0.006572937,1.78003,311580.7,395189760,complete,,10,0.2,4000,97,3,6,40,9f7d53bbcb2ec6b891aa8c1ce3f6a127797eef9724ac75dda5ac0ee159e38a8f,,,0.07473155,0.06108003,0.0431825,0.09812759,0.0820879,0.08660256
351004,heteroscedastic,hub,50,400,primary,0.5,adjusted,random,0.06119039,1.27803,3.258726,0.03357272,0.07864918,0.4401818,0.002040816,1.331536,0.5111413,0.04641635,0.06210161,0.1,0.04985193,0.8954201,0.003732109,0.4894591,0.4243057,0.7014998,0.09644788,10,1,41,0.7216495,0.7216495,0.7216495,41,0,0,0,1,True,861.5426,800.0552,0,37350,0,120850,833.5498,27.99284,86,36,0,0.203761,0.006572937,1.78003,311580.7,395189760,complete,,10,0.2,4000,97,3,6,40,9f7d53bbcb2ec6b891aa8c1ce3f6a127797eef9724ac75dda5ac0ee159e38a8f,,,0.07473155,0.06108003,0.0431825,0.09812759,0.0820879,0.08660256
351004,heteroscedastic,hub,50,400,primary,0.5,fixed,M0,0.04453202,,3.282261,0.03357272,0.1018176,0.4401818,0.002040816,1.345848,0.4515333,0.04387961,0.04535912,0.1,0.04737179,0.8986039,0.007267026,0.4939214,0.4440636,0.7032681,0.1107857,10,1,97,0,0,0,41,97,0.02316842,,,,0.0003434159,0.0003434159,0,0,0,0,0.0003434159,0,0,0,0,0.03115373,0.001004959,0.8028373,2037894,81196544,complete,,10,0.2,4000,97,3,6,40,4aa59578a34628b63a3629cb411ad3a8233983dc28c3dacb1a54a34918b9f5c0,,,0.1002873,0.04400547,0.04389494,0.1324714,0.0870962,0.1003365
351004,heteroscedastic,hub,50,400,primary,0.5,fixed,M1,0.06897313,1.28607,3.144667,0.03357272,0.07863022,0.4401818,0.002040816,1.290771,0.4800974,0.04507749,0.06981487,0.1,0.04853794,0.8831114,0.004303523,0.4756756,0.4273679,0.7016805,0.09036063,10,1,41,0.7216495,0.7216495,0.7216495,41,0,-1.896173e-05,,,,0.4754088,0.4754088,0,0,0,0,0.4754088,0,0,0,0,1.401456,0.04520825,1.127967,45301.47,72830976,complete,,10,0.2,4000,97,3,6,40,96292d5220237a81b9b46153e013e9625c355ee17e55a8b6eb550af8c38a26f1,,,0.0738032,0.06627278,0.04241394,0.09598207,0.08631095,0.0822716
351004,heteroscedastic,hub,50,400,primary,0.5,fixed,M2,0.07452983,1.27714,3.316769,0.03357272,0.08576835,0.4401818,0.002040816,1.356919,0.1802471,0.0649036,0.07447068,0.1,0.06477289,0.9000907,0.006541552,0.4963907,0.1603381,0.703078,0.2135047,10,1,243,0.2084942,0.556701,0.3033708,41,263,0.007119165,,,,1673.02,239.3291,1433.691,19700,60000,116450,1673.02,0,50,0,0,0.1714104,0.005529367,1.808305,370386,651429376,valid_capped_prediction,1.339076e+12,10,0.2,4000,97,3,6,40,1ee7f61bb14b59412d29af2ef38de10de086db2bab3685544e961380e2ff8553,,,0.08022645,0.06841859,0.05636235,0.09187847,0.08185337,0.07354943
351004,heteroscedastic,hub,50,400,primary,0.5,fixed,M3,0.06119039,1.27803,3.258726,0.03357272,0.07864918,0.4401818,0.002040816,1.331536,0.5111413,0.04641635,0.06210161,0.1,0.04985193,0.8954201,0.003732109,0.4894591,0.4243057,0.7014998,0.09644788,10,1,41,0.7216495,0.7216495,0.7216495,41,0,0,0,1,True,494.4657,472.5673,0,27300,0,79200,488.5405,5.925202,61,7,0,0.203761,0.006572937,1.78003,311580.7,395189760,complete,,10,0.2,4000,97,3,6,40,9f7d53bbcb2ec6b891aa8c1ce3f6a127797eef9724ac75dda5ac0ee159e38a8f,,,0.07473155,0.06108003,0.0431825,0.09812759,0.0820879,0.08660256
351004,heteroscedastic,hub,50,400,primary,0.5,fixed,M4,0.06119039,1.27803,3.258726,0.03357272,0.07864918,0.4401818,0.002040816,1.331536,0.5111413,0.04641635,0.06210161,0.1,0.04985193,0.8954201,0.003732109,0.4894591,0.4243057,0.7014998,0.09644788,10,1,41,0.7216495,0.7216495,0.7216495,41,0,0,0,1,True,494.4657,472.5673,0,27300,0,79200,488.5405,5.925172,61,7,0,0.203761,0.006572937,1.78003,311580.7,395189760,complete,,10,0.2,4000,97,3,6,40,9f7d53bbcb2ec6b891aa8c1ce3f6a127797eef9724ac75dda5ac0ee159e38a8f,,,0.07473155,0.06108003,0.0431825,0.09812759,0.0820879,0.08660256
351004,heteroscedastic,hub,50,400,primary,0.5,fixed,M5,0.06113073,1.278005,3.258812,0.03357272,0.0786141,0.4401818,0.002040816,1.331553,0.5106536,0.04659802,0.0620413,0.1,0.050021,0.8954351,0.003707954,0.489474,0.4233801,0.7014969,0.09632097,10,1,,,,,41,,-3.508776e-05,0,0,True,494.8569,472.5673,0,27300,0,79200,488.5405,6.3164,61,7,0,4.847238,0.1563625,2.356421,13097.77,128510976,complete,,10,0.2,4000,97,3,6,40,6c125f58b6d9de90cb7088067cecea2f70ee09381ea01c13171b10ac026f0394,,,0.07469297,0.06102907,0.04335275,0.09803007,0.08196075,0.08661696
351004,heteroscedastic,hub,50,400,primary,0.5,fixed,fixed,0.06119039,1.27803,3.258726,0.03357272,0.07864918,0.4401818,0.002040816,1.331536,0.5111413,0.04641635,0.06210161,0.1,0.04985193,0.8954201,0.003732109,0.4894591,0.4243057,0.7014998,0.09644788,10,1,41,0.7216495,0.7216495,0.7216495,41,0,0,,,,300.3551,300.3551,0,21450,0,61000,300.3551,0,50,1,0,0.203761,0.006572937,1.78003,311580.7,395189760,complete,,10,0.2,4000,97,3,6,40,9f7d53bbcb2ec6b891aa8c1ce3f6a127797eef9724ac75dda5ac0ee159e38a8f,,,0.07473155,0.06108003,0.0431825,0.09812759,0.0820879,0.08660256
351004,heteroscedastic,hub,50,400,primary,0.5,fixed,random,0.06119039,1.27803,3.258726,0.03357272,0.07864918,0.4401818,0.002040816,1.331536,0.5111413,0.04641635,0.06210161,0.1,0.04985193,0.8954201,0.003732109,0.4894591,0.4243057,0.7014998,0.09644788,10,1,41,0.7216495,0.7216495,0.7216495,41,0,0,0,1,True,409.3715,396.2391,0,24400,0,71400,402.6598,6.711733,56,7,0,0.203761,0.006572937,1.78003,311580.7,395189760,complete,,10,0.2,4000,97,3,6,40,9f7d53bbcb2ec6b891aa8c1ce3f6a127797eef9724ac75dda5ac0ee159e38a8f,,,0.07473155,0.06108003,0.0431825,0.09812759,0.0820879,0.08660256
352000,heteroscedastic,deep,50,400,primary,0.2,adjusted,M0,0.04341016,,3.286397,0.1161823,0.1227923,0.1742657,0.5346939,1.36146,0.11643,0.04611522,0.07208558,26.2,0.122799,0.8973354,0.01158521,0.497428,0.1800651,0.7075195,0.1733916,10,10,97,0,0,0,15,96,0.05699049,,,,0.0006694328,0.0006694328,0,0,0,0,0.0006694328,0,0,0,0,0.08043589,0.002594706,1.265071,789299.5,106751488,complete,,10,0.2,4000,97,49,2,2,478de8e3c79c8d5af4a67f73b91378bffb09c6a1fea9357dcd76818de68661a8,0.1230854,0.1262916,0.1245813,0.07399879,0.1227863,0.1243228,0.07271231,0.1201724
352000,heteroscedastic,deep,50,400,primary,0.2,adjusted,M1,0.06038577,1.2343,3.178203,0.1161823,0.07073935,0.1742657,0.5346939,1.305194,0.09041728,0.04425626,0.07293024,26.2,0.06554546,0.8873087,0.002062416,0.480976,0.09099383,0.7026915,0.0937475,10,10,15,0.8958333,0.8865979,0.8911917,15,0,0.004937519,,,,0.6768455,0.6768455,0,0,0,0,0.6768455,0,0,0,0,1.435599,0.04630963,1.155422,44224.06,106008576,complete,,10,0.2,4000,97,49,2,2,6538c3b4111578e219ce8567534530129e90456378ca22d622a9e8195efc578d,0.07096655,0.06933038,0.06852434,0.07320218,0.06859839,0.06887173,0.07338644,0.06760252
352000,heteroscedastic,deep,50,400,primary,0.2,adjusted,M2,0.106384,1.285856,3.267153,0.1161823,0.1236783,0.1742657,0.5346939,1.344635,0.1192864,0.09623964,0.09665126,26.2,0.1166251,0.8944246,0.01266249,0.4912319,0.1507162,0.7079793,0.1592737,10,10,149,0.2132353,0.2989691,0.248927,15,154,0.05787649,,,,1565.147,140.1177,1425.029,21800,60000,81850,1565.147,0,50,0,0,0.2633113,0.008493914,1.416018,241113.8,893019648,valid_capped_prediction,2.004726e+12,10,0.2,4000,97,49,2,2,08c6f5dd9d8cc6e8a75df692376f8429bb47399aa266d390417cd1d9f48529cf,0.122333,0.1256421,0.1136076,0.09059373,0.1239265,0.1196257,0.09341254,0.1191493
352000,heteroscedastic,deep,50,400,primary,0.2,adjusted,M3,0.06022106,1.216197,3.283037,0.1161823,0.06580183,0.1742657,0.5346939,1.350605,0.07578965,0.04472485,0.06373003,26.2,0.05835428,0.8981903,0.001634748,0.4959572,0.07782385,0.702352,0.09843197,10,10,15,0.8958333,0.8865979,0.8911917,15,0,0,0,1,True,1680.81,1498.682,0,51800,0,156350,1619.834,60.97597,107,36,0,0.2592845,0.008364015,1.3903,244858.5,204078592,complete,,10,0.2,4000,97,49,2,2,14754d1f6d9313771af9e87c51ebd7d14a9792f6fd0be5295e5c3fe086e80e3d,0.0653644,0.06240073,0.06445094,0.0640998,0.06264399,0.06491794,0.06416567,0.06034146
352000,heteroscedastic,deep,50,400,primary,0.2,adjusted,M4,0.06022106,1.216197,3.283037,0.1161823,0.06580183,0.1742657,0.5346939,1.350605,0.07578965,0.04472485,0.06373003,26.2,0.05835428,0.8981903,0.001634748,0.4959572,0.07782385,0.702352,0.09843197,10,10,15,0.8958333,0.8865979,0.8911917,15,0,0,0,1,True,1680.809,1498.682,0,51800,0,156350,1619.834,60.9759,107,36,0,0.2592845,0.008364015,1.3903,244858.5,204078592,complete,,10,0.2,4000,97,49,2,2,14754d1f6d9313771af9e87c51ebd7d14a9792f6fd0be5295e5c3fe086e80e3d,0.0653644,0.06240073,0.06445094,0.0640998,0.06264399,0.06491794,0.06416567,0.06034146
352000,heteroscedastic,deep,50,400,primary,0.2,adjusted,M5,0.06022106,1.216115,3.283424,0.1161823,0.06575118,0.1742657,0.5346939,1.350649,0.07570149,0.04472485,0.06371187,26.2,0.05832608,0.8982332,0.001701954,0.4959672,0.07773003,0.7023482,0.09808561,10,10,,,,,15,,-5.065501e-05,0,0,True,1641.033,1498.682,0,51800,0,156350,1619.834,21.19898,107,36,0,10.6418,0.343284,2.515135,5965.906,204078592,complete,,10,0.2,4000,97,49,2,2,89980908c1c8cb9a6ff1f2f64b143bf6641a287be804e8343e5d6da5c16b792f,0.06531981,0.0623479,0.06446964,0.06408951,0.06265373,0.06491821,0.06419146,0.06036912
352000,heteroscedastic,deep,50,400,primary,0.2,adjusted,fixed,0.06022106,1.216197,3.283037,0.1161823,0.06580183,0.1742657,0.5346939,1.350605,0.07578965,0.04472485,0.06373003,26.2,0.05835428,0.8981903,0.001634748,0.4959572,0.07782385,0.702352,0.09843197,10,10,15,0.8958333,0.8865979,0.8911917,15,0,0,,,,195.1789,195.1789,0,24050,0,70750,195.1789,0,50,1,0,0.2592845,0.008364015,1.3903,244858.5,177168896,complete,,10,0.2,4000,97,49,2,2,14754d1f6d9313771af9e87c51ebd7d14a9792f6fd0be5295e5c3fe086e80e3d,0.0653644,0.06240073,0.06445094,0.0640998,0.06264399,0.06491794,0.06416567,0.06034146
352000,heteroscedastic,deep,50,400,primary,0.2,adjusted,oracle,0.06049263,1.200032,3.282095,0.1161823,0.0559084,0.1742657,0.5346939,1.34746,0.06086317,0.04327798,0.06034259,26.2,0.0454641,0.8986189,0.001246275,0.4955526,0.04915643,0.701718,0.06224068,10,10,0,1,1,1,15,15,-0.009893434,,,,128.3616,128.3616,0,25700,0,75650,128.3616,0,50,0,0,0.2538139,0.008187544,1.264353,250136.1,145924608,complete,,10,0.2,4000,97,49,2,2,3cd295a8b1f588d25be8ff34be877141b8ce43c0833d9378fc022d4c163fc6bc,0.05507306,0.05518953,0.0553165,0.06011613,0.04958205,0.05221027,0.05853422,0.04505912
352000,heteroscedastic,deep,50,400,primary,0.2,adjusted,random,0.06022106,1.216197,3.283037,0.1161823,0.06580183,0.1742657,0.5346939,1.350605,0.07578965,0.04472485,0.06373003,26.2,0.05835428,0.8981903,0.001634748,0.4959572,0.07782385,0.702352,0.09843197,10,10,15,0.8958333,0.8865979,0.8911917,15,0,0,0,1,True,1167.459,1051.084,0,41400,0,133000,1107.811,59.64806,86,36,0,0.2592845,0.008364015,1.3903,244858.5,202552832,complete,,10,0.2,4000,97,49,2,2,14754d1f6d9313771af9e87c51ebd7d14a9792f6fd0be5295e5c3fe086e80e3d,0.0653644,0.06240073,0.06445094,0.0640998,0.06264399,0.06491794,0.06416567,0.06034146
352000,heteroscedastic,deep,50,400,primary,0.2,fixed,M0,0.04341016,,3.286397,0.1161823,0.1227923,0.1742657,0.5346939,1.36146,0.11643,0.04611522,0.07208558,26.2,0.122799,0.8973354,0.01158521,0.497428,0.1800651,0.7075195,0.1733916,10,10,97,0,0,0,15,96,0.05699049,,,,0.0006694328,0.0006694328,0,0,0,0,0.0006694328,0,0,0,0,0.08043589,0.002594706,1.265071,789299.5,106751488,complete,,10,0.2,4000,97,49,2,2,478de8e3c79c8d5af4a67f73b91378bffb09c6a1fea9357dcd76818de68661a8,0.1230854,0.1262916,0.1245813,0.07399879,0.1227863,0.1243228,0.07271231,0.1201724
352000,heteroscedastic,deep,50,400,primary,0.2,fixed,M1,0.06038577,1.2343,3.178203,0.1161823,0.07073935,0.1742657,0.5346939,1.305194,0.09041728,0.04425626,0.07293024,26.2,0.06554546,0.8873087,0.002062416,0.480976,0.09099383,0.7026915,0.0937475,10,10,15,0.8958333,0.8865979,0.8911917,15,0,0.004937519,,,,0.6768455,0.6768455,0,0,0,0,0.6768455,0,0,0,0,1.435599,0.04630963,1.155422,44224.06,106008576,complete,,10,0.2,4000,97,49,2,2,6538c3b4111578e219ce8567534530129e90456378ca22d622a9e8195efc578d,0.07096655,0.06933038,0.06852434,0.07320218,0.06859839,0.06887173,0.07338644,0.06760252
352000,heteroscedastic,deep,50,400,primary,0.2,fixed,M2,0.106384,1.285856,3.267153,0.1161823,0.1236783,0.1742657,0.5346939,1.344635,0.1192864,0.09623964,0.09665126,26.2,0.1166251,0.8944246,0.01266249,0.4912319,0.1507162,0.7079793,0.1592737,10,10,149,0.2132353,0.2989691,0.248927,15,154,0.05787649,,,,1565.147,140.1177,1425.029,21800,60000,81850,1565.147,0,50,0,0,0.2633113,0.008493914,1.416018,241113.8,893019648,valid_capped_prediction,2.004726e+12,10,0.2,4000,97,49,2,2,08c6f5dd9d8cc6e8a75df692376f8429bb47399aa266d390417cd1d9f48529cf,0.122333,0.1256421,0.1136076,0.09059373,0.1239265,0.1196257,0.09341254,0.1191493
352000,heteroscedastic,deep,50,400,primary,0.2,fixed,M3,0.06022106,1.216197,3.283037,0.1161823,0.06580183,0.1742657,0.5346939,1.350605,0.07578965,0.04472485,0.06373003,26.2,0.05835428,0.8981903,0.001634748,0.4959572,0.07782385,0.702352,0.09843197,10,10,15,0.8958333,0.8865979,0.8911917,15,0,0,0,1,True,533.376,499.575,0,30100,0,87200,520.3416,13.03443,61,7,0,0.2592845,0.008364015,1.3903,244858.5,177168896,complete,,10,0.2,4000,97,49,2,2,14754d1f6d9313771af9e87c51ebd7d14a9792f6fd0be5295e5c3fe086e80e3d,0.0653644,0.06240073,0.06445094,0.0640998,0.06264399,0.06491794,0.06416567,0.06034146
352000,heteroscedastic,deep,50,400,primary,0.2,fixed,M4,0.06022106,1.216197,3.283037,0.1161823,0.06580183,0.1742657,0.5346939,1.350605,0.07578965,0.04472485,0.06373003,26.2,0.05835428,0.8981903,0.001634748,0.4959572,0.07782385,0.702352,0.09843197,10,10,15,0.8958333,0.8865979,0.8911917,15,0,0,0,1,True,533.376,499.575,0,30100,0,87200,520.3416,13.0344,61,7,0,0.2592845,0.008364015,1.3903,244858.5,177168896,complete,,10,0.2,4000,97,49,2,2,14754d1f6d9313771af9e87c51ebd7d14a9792f6fd0be5295e5c3fe086e80e3d,0.0653644,0.06240073,0.06445094,0.0640998,0.06264399,0.06491794,0.06416567,0.06034146
352000,heteroscedastic,deep,50,400,primary,0.2,fixed,M5,0.06022512,1.21619,3.2831,0.1161823,0.06578802,0.1742657,0.5346939,1.350722,0.07576957,0.04477781,0.06372066,26.2,0.05838433,0.8982123,0.001616928,0.4959941,0.07781082,0.7023512,0.09841282,10,10,,,,,15,,-1.3813e-05,0,0,True,542.0957,499.575,0,30100,0,87200,520.3416,21.75409,61,7,0,10.35643,0.3340783,2.513029,6130.3,121048064,complete,,10,0.2,4000,97,49,2,2,0a4ed82d61be36c651cc74a8b2ad19ed6484979ad39c02ba2025d8e24da8bfc2,0.06535372,0.06239075,0.06444737,0.06409978,0.06267796,0.06489211,0.06414507,0.06036049
352000,heteroscedastic,deep,50,400,primary,0.2,fixed,fixed,0.06022106,1.216197,3.283037,0.1161823,0.06580183,0.1742657,0.5346939,1.350605,0.07578965,0.04472485,0.06373003,26.2,0.05835428,0.8981903,0.001634748,0.4959572,0.07782385,0.702352,0.09843197,10,10,15,0.8958333,0.8865979,0.8911917,15,0,0,,,,195.1789,195.1789,0,24050,0,70750,195.1789,0,50,1,0,0.2592845,0.008364015,1.3903,244858.5,177168896,complete,,10,0.2,4000,97,49,2,2,14754d1f6d9313771af9e87c51ebd7d14a9792f6fd0be5295e5c3fe086e80e3d,0.0653644,0.06240073,0.06445094,0.0640998,0.06264399,0.06491794,0.06416567,0.06034146
352000,heteroscedastic,deep,50,400,primary,0.2,fixed,oracle,0.06049263,1.200032,3.282095,0.1161823,0.0559084,0.1742657,0.5346939,1.34746,0.06086317,0.04327798,0.06034259,26.2,0.0454641,0.8986189,0.001246275,0.4955526,0.04915643,0.701718,0.06224068,10,10,0,1,1,1,15,15,-0.009893434,,,,128.3616,128.3616,0,25700,0,75650,128.3616,0,50,0,0,0.2538139,0.008187544,1.264353,250136.1,145924608,complete,,10,0.2,4000,97,49,2,2,3cd295a8b1f588d25be8ff34be877141b8ce43c0833d9378fc022d4c163fc6bc,0.05507306,0.05518953,0.0553165,0.06011613,0.04958205,0.05221027,0.05853422,0.04505912
352000,heteroscedastic,deep,50,400,primary,0.2,fixed,random,0.06022106,1.216197,3.283037,0.1161823,0.06580183,0.1742657,0.5346939,1.350605,0.07578965,0.04472485,0.06373003,26.2,0.05835428,0.8981903,0.001634748,0.4959572,0.07782385,0.702352,0.09843197,10,10,15,0.8958333,0.8865979,0.8911917,15,0,0,0,1,True,365.1468,342.3439,0,27050,0,81200,353.6527,11.49412,57,7,0,0.2592845,0.008364015,1.3903,244858.5,177168896,complete,,10,0.2,4000,97,49,2,2,14754d1f6d9313771af9e87c51ebd7d14a9792f6fd0be5295e5c3fe086e80e3d,0.0653644,0.06240073,0.06445094,0.0640998,0.06264399,0.06491794,0.06416567,0.06034146
352000,heteroscedastic,deep,50,400,primary,0.5,adjusted,M0,0.04341016,,3.286397,0.1161823,0.1227923,0.1742657,0.5346939,1.36146,0.11643,0.04611522,0.07208558,26.2,0.122799,0.8973354,0.01158521,0.497428,0.1800651,0.7075195,0.1733916,10,10,97,0,0,0,39,97,0.04018649,,,,0.0006694328,0.0006694328,0,0,0,0,0.0006694328,0,0,0,0,0.08043589,0.002594706,1.265071,789299.5,106751488,complete,,10,0.2,4000,97,49,2,2,478de8e3c79c8d5af4a67f73b91378bffb09c6a1fea9357dcd76818de68661a8,0.1230854,0.1262916,0.1245813,0.07399879,0.1227863,0.1243228,0.07271231,0.1201724
352000,heteroscedastic,deep,50,400,primary,0.5,adjusted,M1,0.06721054,1.258085,3.183145,0.1161823,0.08361491,0.1742657,0.5346939,1.30761,0.08934016,0.05551406,0.07876591,26.2,0.07335053,0.8869908,0.004552187,0.4813158,0.09248239,0.7039495,0.1509617,10,10,39,0.7525773,0.7525773,0.7525773,39,0,0.001009071,,,,0.8701425,0.8701425,0,0,0,0,0.8701425,0,0,0,0,1.477494,0.0476611,1.175779,42970.06,106008064,complete,,10,0.2,4000,97,49,2,2,4ac99554f22e7359aab7fdd9bd3f9f4ba05feedd87bc9dba2d428d97ab0d97a6,0.08403173,0.08263427,0.08035844,0.07690185,0.07834408,0.08912126,0.08361661,0.08905106
352000,heteroscedastic,deep,50,400,primary,0.5,adjusted,M2,0.106384,1.285856,3.267153,0.1161823,0.1236783,0.1742657,0.5346939,1.344635,0.1192864,0.09623964,0.09665126,26.2,0.1166251,0.8944246,0.01266249,0.4912319,0.1507162,0.7079793,0.1592737,10,10,149,0.2132353,0.2989691,0.248927,39,167,0.04107248,,,,1565.147,140.1177,1425.029,21800,60000,81850,1565.147,0,50,0,0,0.2633113,0.008493914,1.416018,241113.8,893019648,valid_capped_prediction,2.004726e+12,10,0.2,4000,97,49,2,2,08c6f5dd9d8cc6e8a75df692376f8429bb47399aa266d390417cd1d9f48529cf,0.122333,0.1256421,0.1136076,0.09059373,0.1239265,0.1196257,0.09341254,0.1191493
352000,heteroscedastic,deep,50,400,primary,0.5,adjusted,M3,0.07137414,1.243204,3.290753,0.1161823,0.08260584,0.1742657,0.5346939,1.35599,0.07832715,0.0632511,0.07214259,26.2,0.07030613,0.8986248,0.004333551,0.4972766,0.08281887,0.7038328,0.1378942,10,10,39,0.7525773,0.7525773,0.7525773,39,0,0,0,1,True,1598.206,1435.52,0,50750,0,148400,1542.541,55.6651,106,36,0,0.2391174,0.007713465,1.331421,265509.7,243727872,complete,,10,0.2,4000,97,49,2,2,4c47cc92912c26bad6f9951c513669a6ae260d94880e5c7f9c04b219b2536e4c,0.08265559,0.08272931,0.07900163,0.06991412,0.07493375,0.08871026,0.07799926,0.08771701
352000,heteroscedastic,deep,50,400,primary,0.5,adjusted,M4,0.07137414,1.243204,3.290753,0.1161823,0.08260584,0.1742657,0.5346939,1.35599,0.07832715,0.0632511,0.07214259,26.2,0.07030613,0.8986248,0.004333551,0.4972766,0.08281887,0.7038328,0.1378942,10,10,39,0.7525773,0.7525773,0.7525773,39,0,0,0,1,True,1598.206,1435.52,0,50750,0,148400,1542.541,55.66504,106,36,0,0.2391174,0.007713465,1.331421,265509.7,243727872,complete,,10,0.2,4000,97,49,2,2,4c47cc92912c26bad6f9951c513669a6ae260d94880e5c7f9c04b219b2536e4c,0.08265559,0.08272931,0.07900163,0.06991412,0.07493375,0.08871026,0.07799926,0.08771701
352000,heteroscedastic,deep,50,400,primary,0.5,adjusted,M5,0.07144929,1.242977,3.291328,0.1161823,0.08254465,0.1742657,0.5346939,1.356099,0.07830583,0.06313779,0.07215129,26.2,0.07008214,0.8987016,0.004302842,0.4973095,0.08257243,0.7038245,0.1373853,10,10,,,,,39,,-6.118678e-05,0,0,True,1561.496,1435.52,0,50750,0,148400,1542.541,18.95526,106,36,0,9.10935,0.29385,2.408365,6969.543,194300416,complete,,10,0.2,4000,97,49,2,2,7dbed045852fdb3353bbcc4410d8d9adc42d7fb3dd4888148649c36dfb848df2,0.08257995,0.08260625,0.07882728,0.06982134,0.07481227,0.08866145,0.07793711,0.08772735
352000,heteroscedastic,deep,50,400,primary,0.5,adjusted,fixed,0.07137414,1.243204,3.290753,0.1161823,0.08260584,0.1742657,0.5346939,1.35599,0.07832715,0.0632511,0.07214259,26.2,0.07030613,0.8986248,0.004333551,0.4972766,0.08281887,0.7038328,0.1378942,10,10,39,0.7525773,0.7525773,0.7525773,39,0,0,,,,317.0896,317.0896,0,23700,0,71550,317.0896,0,50,1,0,0.2391174,0.007713465,1.331421,265509.7,243727872,complete,,10,0.2,4000,97,49,2,2,4c47cc92912c26bad6f9951c513669a6ae260d94880e5c7f9c04b219b2536e4c,0.08265559,0.08272931,0.07900163,0.06991412,0.07493375,0.08871026,0.07799926,0.08771701
352000,heteroscedastic,deep,50,400,primary,0.5,adjusted,oracle,0.06049263,1.200032,3.282095,0.1161823,0.0559084,0.1742657,0.5346939,1.34746,0.06086317,0.04327798,0.06034259,26.2,0.0454641,0.8986189,0.001246275,0.4955526,0.04915643,0.701718,0.06224068,10,10,0,1,1,1,39,39,-0.02669744,,,,128.3616,128.3616,0,25700,0,75650,128.3616,0,50,0,0,0.2538139,0.008187544,1.264353,250136.1,145924608,complete,,10,0.2,4000,97,49,2,2,3cd295a8b1f588d25be8ff34be877141b8ce43c0833d9378fc022d4c163fc6bc,0.05507306,0.05518953,0.0553165,0.06011613,0.04958205,0.05221027,0.05853422,0.04505912
352000,heteroscedastic,deep,50,400,primary,0.5,adjusted,random,0.07137414,1.243204,3.290753,0.1161823,0.08260584,0.1742657,0.5346939,1.35599,0.07832715,0.0632511,0.07214259,26.2,0.07030613,0.8986248,0.004333551,0.4972766,0.08281887,0.7038328,0.1378942,10,10,39,0.7525773,0.7525773,0.7525773,39,0,0,0,1,True,1141.692,1033.025,0,39300,0,124750,1081.852,59.83981,86,36,0,0.2391174,0.007713465,1.331421,265509.7,243727872,complete,,10,0.2,4000,97,49,2,2,4c47cc92912c26bad6f9951c513669a6ae260d94880e5c7f9c04b219b2536e4c,0.08265559,0.08272931,0.07900163,0.06991412,0.07493375,0.08871026,0.07799926,0.08771701
352000,heteroscedastic,deep,50,400,primary,0.5,fixed,M0,0.04341016,,3.286397,0.1161823,0.1227923,0.1742657,0.5346939,1.36146,0.11643,0.04611522,0.07208558,26.2,0.122799,0.8973354,0.01158521,0.497428,0.1800651,0.7075195,0.1733916,10,10,97,0,0,0,39,97,0.04018649,,,,0.0006694328,0.0006694328,0,0,0,0,0.0006694328,0,0,0,0,0.08043589,0.002594706,1.265071,789299.5,106751488,complete,,10,0.2,4000,97,49,2,2,478de8e3c79c8d5af4a67f73b91378bffb09c6a1fea9357dcd76818de68661a8,0.1230854,0.1262916,0.1245813,0.07399879,0.1227863,0.1243228,0.07271231,0.1201724
352000,heteroscedastic,deep,50,400,primary,0.5,fixed,M1,0.06721054,1.258085,3.183145,0.1161823,0.08361491,0.1742657,0.5346939,1.30761,0.08934016,0.05551406,0.07876591,26.2,0.07335053,0.8869908,0.004552187,0.4813158,0.09248239,0.7039495,0.1509617,10,10,39,0.7525773,0.7525773,0.7525773,39,0,0.001009071,,,,0.8701425,0.8701425,0,0,0,0,0.8701425,0,0,0,0,1.477494,0.0476611,1.175779,42970.06,106008064,complete,,10,0.2,4000,97,49,2,2,4ac99554f22e7359aab7fdd9bd3f9f4ba05feedd87bc9dba2d428d97ab0d97a6,0.08403173,0.08263427,0.08035844,0.07690185,0.07834408,0.08912126,0.08361661,0.08905106
352000,heteroscedastic,deep,50,400,primary,0.5,fixed,M2,0.106384,1.285856,3.267153,0.1161823,0.1236783,0.1742657,0.5346939,1.344635,0.1192864,0.09623964,0.09665126,26.2,0.1166251,0.8944246,0.01266249,0.4912319,0.1507162,0.7079793,0.1592737,10,10,149,0.2132353,0.2989691,0.248927,39,167,0.04107248,,,,1565.147,140.1177,1425.029,21800,60000,81850,1565.147,0,50,0,0,0.2633113,0.008493914,1.416018,241113.8,893019648,valid_capped_prediction,2.004726e+12,10,0.2,4000,97,49,2,2,08c6f5dd9d8cc6e8a75df692376f8429bb47399aa266d390417cd1d9f48529cf,0.122333,0.1256421,0.1136076,0.09059373,0.1239265,0.1196257,0.09341254,0.1191493
352000,heteroscedastic,deep,50,400,primary,0.5,fixed,M3,0.07137414,1.243204,3.290753,0.1161823,0.08260584,0.1742657,0.5346939,1.35599,0.07832715,0.0632511,0.07214259,26.2,0.07030613,0.8986248,0.004333551,0.4972766,0.08281887,0.7038328,0.1378942,10,10,39,0.7525773,0.7525773,0.7525773,39,0,0,0,1,True,620.8202,590.2212,0,29700,0,86950,609.8925,10.92772,62,7,0,0.2391174,0.007713465,1.331421,265509.7,243727872,complete,,10,0.2,4000,97,49,2,2,4c47cc92912c26bad6f9951c513669a6ae260d94880e5c7f9c04b219b2536e4c,0.08265559,0.08272931,0.07900163,0.06991412,0.07493375,0.08871026,0.07799926,0.08771701
352000,heteroscedastic,deep,50,400,primary,0.5,fixed,M4,0.07137414,1.243204,3.290753,0.1161823,0.08260584,0.1742657,0.5346939,1.35599,0.07832715,0.0632511,0.07214259,26.2,0.07030613,0.8986248,0.004333551,0.4972766,0.08281887,0.7038328,0.1378942,10,10,39,0.7525773,0.7525773,0.7525773,39,0,0,0,1,True,620.8202,590.2212,0,29700,0,86950,609.8925,10.92769,62,7,0,0.2391174,0.007713465,1.331421,265509.7,243727872,complete,,10,0.2,4000,97,49,2,2,4c47cc92912c26bad6f9951c513669a6ae260d94880e5c7f9c04b219b2536e4c,0.08265559,0.08272931,0.07900163,0.06991412,0.07493375,0.08871026,0.07799926,0.08771701
352000,heteroscedastic,deep,50,400,primary,0.5,fixed,M5,0.07144929,1.242977,3.291328,0.1161823,0.08254465,0.1742657,0.5346939,1.356099,0.07830583,0.06313779,0.07215129,26.2,0.07008214,0.8987016,0.004302842,0.4973095,0.08257243,0.7038245,0.1373853,10,10,,,,,39,,-6.118678e-05,0,0,True,627.4152,590.2212,0,29700,0,86950,609.8925,17.52271,62,7,0,8.887536,0.2866947,1.893338,7143.487,112362496,complete,,10,0.2,4000,97,49,2,2,d115abaa1b50a2fc55f965d458cdea2db92089cdfcd9345da8a1a546d17c1995,0.08257995,0.08260625,0.07882728,0.06982134,0.07481227,0.08866145,0.07793711,0.08772735
352000,heteroscedastic,deep,50,400,primary,0.5,fixed,fixed,0.07137414,1.243204,3.290753,0.1161823,0.08260584,0.1742657,0.5346939,1.35599,0.07832715,0.0632511,0.07214259,26.2,0.07030613,0.8986248,0.004333551,0.4972766,0.08281887,0.7038328,0.1378942,10,10,39,0.7525773,0.7525773,0.7525773,39,0,0,,,,317.0896,317.0896,0,23700,0,71550,317.0896,0,50,1,0,0.2391174,0.007713465,1.331421,265509.7,243727872,complete,,10,0.2,4000,97,49,2,2,4c47cc92912c26bad6f9951c513669a6ae260d94880e5c7f9c04b219b2536e4c,0.08265559,0.08272931,0.07900163,0.06991412,0.07493375,0.08871026,0.07799926,0.08771701
352000,heteroscedastic,deep,50,400,primary,0.5,fixed,oracle,0.06049263,1.200032,3.282095,0.1161823,0.0559084,0.1742657,0.5346939,1.34746,0.06086317,0.04327798,0.06034259,26.2,0.0454641,0.8986189,0.001246275,0.4955526,0.04915643,0.701718,0.06224068,10,10,0,1,1,1,39,39,-0.02669744,,,,128.3616,128.3616,0,25700,0,75650,128.3616,0,50,0,0,0.2538139,0.008187544,1.264353,250136.1,145924608,complete,,10,0.2,4000,97,49,2,2,3cd295a8b1f588d25be8ff34be877141b8ce43c0833d9378fc022d4c163fc6bc,0.05507306,0.05518953,0.0553165,0.06011613,0.04958205,0.05221027,0.05853422,0.04505912
352000,heteroscedastic,deep,50,400,primary,0.5,fixed,random,0.07137414,1.243204,3.290753,0.1161823,0.08260584,0.1742657,0.5346939,1.35599,0.07832715,0.0632511,0.07214259,26.2,0.07030613,0.8986248,0.004333551,0.4972766,0.08281887,0.7038328,0.1378942,10,10,39,0.7525773,0.7525773,0.7525773,39,0,0,0,1,True,439.981,419.9367,0,26000,0,79200,429.0247,10.95624,56,7,0,0.2391174,0.007713465,1.331421,265509.7,243727872,complete,,10,0.2,4000,97,49,2,2,4c47cc92912c26bad6f9951c513669a6ae260d94880e5c7f9c04b219b2536e4c,0.08265559,0.08272931,0.07900163,0.06991412,0.07493375,0.08871026,0.07799926,0.08771701
352001,heteroscedastic,deep,50,400,primary,0.2,adjusted,M0,0.04545163,,3.290829,0.1302281,0.1357372,0.1790421,0.6306122,1.351961,0.1189995,0.03752449,0.07865054,30.9,0.1341765,0.897718,0.01977016,0.49345,0.1835206,0.7080134,0.173588,10,10,97,0,0,0,19,98,0.06824737,,,,0.0003350358,0.0003350358,0,0,0,0,0.0003350358,0,0,0,0,0.03087491,0.0009959649,0.783641,2056297,77237760,complete,,10,0.2,4000,97,49,2,2,3d80d6137c9fccc7f8368f9037616f701deb4b6ea8fb4eda6a102cb4e86d6cdc,,,0.1267468,0.07457936,0.1291661,0.1127259,0.06604965,0.106116
352001,heteroscedastic,deep,50,400,primary,0.2,adjusted,M1,0.06268166,1.232837,3.164437,0.1302281,0.07130624,0.1790421,0.6306122,1.301991,0.08232924,0.03648656,0.07370388,30.9,0.06339586,0.8862703,0.007156781,0.4814443,0.07775731,0.7016779,0.09640682,10,10,19,0.8673469,0.8762887,0.8717949,19,0,0.003816367,,,,0.7011347,0.7011347,0,0,0,0,0.7011347,0,0,0,0,1.365014,0.04403271,1.121684,46510.88,76726272,complete,,10,0.2,4000,97,49,2,2,fcec0a8afb4f64a4d5b561cde5c5a1a3b52d14e757e166e995dd66f763e8f623,,,0.06272812,0.0664195,0.06006526,0.07254034,0.07148216,0.07275668
352001,heteroscedastic,deep,50,400,primary,0.2,adjusted,M2,0.09754217,1.261633,3.260226,0.1302281,0.1218335,0.1790421,0.6306122,1.338843,0.1139064,0.09016584,0.09692498,30.9,0.1174248,0.8940838,0.01775574,0.4896903,0.142703,0.7072357,0.1812801,10,10,120,0.3015873,0.3917526,0.3408072,19,124,0.05434365,,,,1577.228,148.0342,1429.193,21450,60000,74850,1577.228,0,50,0,0,0.1809086,0.005835763,1.355305,350939.6,497359872,valid_capped_prediction,1.681386e+12,10,0.2,4000,97,49,2,2,d0cbe4339ce242fb19d1b9d29a280b1c395fa276a668331158fdca35ed1004e4,,,0.1038328,0.08744616,0.1157738,0.1016156,0.0842049,0.1039122
352001,heteroscedastic,deep,50,400,primary,0.2,adjusted,M3,0.05902063,1.216787,3.302337,0.1302281,0.06748988,0.1790421,0.6306122,1.360558,0.07050723,0.03732855,0.06898717,30.9,0.05540153,0.9011848,0.005864034,0.5003488,0.05995742,0.7014687,0.07817958,10,10,19,0.8673469,0.8762887,0.8717949,19,0,0,0,1,True,1444.56,1275.707,0,52100,0,155100,1382.416,62.14476,111,36,0,0.2481423,0.008004589,1.363309,255853.2,200295936,complete,,10,0.2,4000,97,49,2,2,3cc449f7f6820026f43847a53fa4cb65207099f814e19a2e0cff8275ac1fb5f7,,,0.06467918,0.06454369,0.05846314,0.07701932,0.07030771,0.07454508
352001,heteroscedastic,deep,50,400,primary,0.2,adjusted,M4,0.05902063,1.216787,3.302337,0.1302281,0.06748988,0.1790421,0.6306122,1.360558,0.07050723,0.03732855,0.06898717,30.9,0.05540153,0.9011848,0.005864034,0.5003488,0.05995742,0.7014687,0.07817958,10,10,19,0.8673469,0.8762887,0.8717949,19,0,0,0,1,True,1444.56,1275.707,0,52100,0,155100,1382.416,62.1447,111,36,0,0.2481423,0.008004589,1.363309,255853.2,200295936,complete,,10,0.2,4000,97,49,2,2,3cc449f7f6820026f43847a53fa4cb65207099f814e19a2e0cff8275ac1fb5f7,,,0.06467918,0.06454369,0.05846314,0.07701932,0.07030771,0.07454508
352001,heteroscedastic,deep,50,400,primary,0.2,adjusted,M5,0.0588806,1.216762,3.301939,0.1302281,0.06717574,0.1790421,0.6306122,1.360229,0.07030561,0.03734803,0.06872325,30.9,0.05552237,0.9011679,0.005818367,0.5002601,0.06009913,0.7014462,0.0779717,10,10,,,,,19,,-0.0003141344,0,0,True,1403.083,1275.707,0,52100,0,155100,1382.416,20.66752,111,36,0,9.469416,0.305465,2.454128,6704.532,200295936,complete,,10,0.2,4000,97,49,2,2,d1b789f0307f35e6306e8fd4c85a20f069b44843149398cb73b56d1ebaca611e,,,0.06420168,0.06422217,0.05859151,0.07674031,0.07006117,0.07459563
352001,heteroscedastic,deep,50,400,primary,0.2,adjusted,fixed,0.05902063,1.216787,3.302337,0.1302281,0.06748988,0.1790421,0.6306122,1.360558,0.07050723,0.03732855,0.06898717,30.9,0.05540153,0.9011848,0.005864034,0.5003488,0.05995742,0.7014687,0.07817958,10,10,19,0.8673469,0.8762887,0.8717949,19,0,0,,,,142.4678,142.4678,0,24600,0,73800,142.4678,0,50,1,0,0.2481423,0.008004589,1.363309,255853.2,194920960,complete,,10,0.2,4000,97,49,2,2,3cc449f7f6820026f43847a53fa4cb65207099f814e19a2e0cff8275ac1fb5f7,,,0.06467918,0.06454369,0.05846314,0.07701932,0.07030771,0.07454508
352001,heteroscedastic,deep,50,400,primary,0.2,adjusted,random,0.05902063,1.216787,3.302337,0.1302281,0.06748988,0.1790421,0.6306122,1.360558,0.07050723,0.03732855,0.06898717,30.9,0.05540153,0.9011848,0.005864034,0.5003488,0.05995742,0.7014687,0.07817958,10,10,19,0.8673469,0.8762887,0.8717949,19,0,0,0,1,True,1068.928,943.4702,0,39500,0,125550,1006.481,62.44788,85,36,0,0.2481423,0.008004589,1.363309,255853.2,201160192,complete,,10,0.2,4000,97,49,2,2,3cc449f7f6820026f43847a53fa4cb65207099f814e19a2e0cff8275ac1fb5f7,,,0.06467918,0.06454369,0.05846314,0.07701932,0.07030771,0.07454508
352001,heteroscedastic,deep,50,400,primary,0.2,fixed,M0,0.04545163,,3.290829,0.1302281,0.1357372,0.1790421,0.6306122,1.351961,0.1189995,0.03752449,0.07865054,30.9,0.1341765,0.897718,0.01977016,0.49345,0.1835206,0.7080134,0.173588,10,10,97,0,0,0,19,98,0.06824737,,,,0.0003350358,0.0003350358,0,0,0,0,0.0003350358,0,0,0,0,0.03087491,0.0009959649,0.783641,2056297,77237760,complete,,10,0.2,4000,97,49,2,2,3d80d6137c9fccc7f8368f9037616f701deb4b6ea8fb4eda6a102cb4e86d6cdc,,,0.1267468,0.07457936,0.1291661,0.1127259,0.06604965,0.106116
352001,heteroscedastic,deep,50,400,primary,0.2,fixed,M1,0.06268166,1.232837,3.164437,0.1302281,0.07130624,0.1790421,0.6306122,1.301991,0.08232924,0.03648656,0.07370388,30.9,0.06339586,0.8862703,0.007156781,0.4814443,0.07775731,0.7016779,0.09640682,10,10,19,0.8673469,0.8762887,0.8717949,19,0,0.003816367,,,,0.7011347,0.7011347,0,0,0,0,0.7011347,0,0,0,0,1.365014,0.04403271,1.121684,46510.88,76726272,complete,,10,0.2,4000,97,49,2,2,fcec0a8afb4f64a4d5b561cde5c5a1a3b52d14e757e166e995dd66f763e8f623,,,0.06272812,0.0664195,0.06006526,0.07254034,0.07148216,0.07275668
352001,heteroscedastic,deep,50,400,primary,0.2,fixed,M2,0.09754217,1.261633,3.260226,0.1302281,0.1218335,0.1790421,0.6306122,1.338843,0.1139064,0.09016584,0.09692498,30.9,0.1174248,0.8940838,0.01775574,0.4896903,0.142703,0.7072357,0.1812801,10,10,120,0.3015873,0.3917526,0.3408072,19,124,0.05434365,,,,1577.228,148.0342,1429.193,21450,60000,74850,1577.228,0,50,0,0,0.1809086,0.005835763,1.355305,350939.6,497359872,valid_capped_prediction,1.681386e+12,10,0.2,4000,97,49,2,2,d0cbe4339ce242fb19d1b9d29a280b1c395fa276a668331158fdca35ed1004e4,,,0.1038328,0.08744616,0.1157738,0.1016156,0.0842049,0.1039122
352001,heteroscedastic,deep,50,400,primary,0.2,fixed,M3,0.05902063,1.216787,3.302337,0.1302281,0.06748988,0.1790421,0.6306122,1.360558,0.07050723,0.03732855,0.06898717,30.9,0.05540153,0.9011848,0.005864034,0.5003488,0.05995742,0.7014687,0.07817958,10,10,19,0.8673469,0.8762887,0.8717949,19,0,0,0,1,True,366.4896,333.2482,0,29100,0,86650,352.9753,13.51435,61,7,0,0.2481423,0.008004589,1.363309,255853.2,194920960,complete,,10,0.2,4000,97,49,2,2,3cc449f7f6820026f43847a53fa4cb65207099f814e19a2e0cff8275ac1fb5f7,,,0.06467918,0.06454369,0.05846314,0.07701932,0.07030771,0.07454508
352001,heteroscedastic,deep,50,400,primary,0.2,fixed,M4,0.05902063,1.216787,3.302337,0.1302281,0.06748988,0.1790421,0.6306122,1.360558,0.07050723,0.03732855,0.06898717,30.9,0.05540153,0.9011848,0.005864034,0.5003488,0.05995742,0.7014687,0.07817958,10,10,19,0.8673469,0.8762887,0.8717949,19,0,0,0,1,True,366.4896,333.2482,0,29100,0,86650,352.9753,13.51431,61,7,0,0.2481423,0.008004589,1.363309,255853.2,194920960,complete,,10,0.2,4000,97,49,2,2,3cc449f7f6820026f43847a53fa4cb65207099f814e19a2e0cff8275ac1fb5f7,,,0.06467918,0.06454369,0.05846314,0.07701932,0.07030771,0.07454508
352001,heteroscedastic,deep,50,400,primary,0.2,fixed,M5,0.05898176,1.216772,3.30223,0.1302281,0.06748268,0.1790421,0.6306122,1.360635,0.07050759,0.03733897,0.06897695,30.9,0.05539977,0.9011808,0.00585665,0.5003807,0.0599589,0.7014684,0.0781534,10,10,,,,,19,,-7.201731e-06,0,0,True,375.4638,333.2482,0,29100,0,86650,352.9753,22.48854,61,7,0,10.07317,0.3249408,1.931587,6302.686,118330368,complete,,10,0.2,4000,97,49,2,2,bc202112a014ec83bc9482d6ba6eb29de98b84fb50f66b9840a967f802535e3b,,,0.06467288,0.06455125,0.05847557,0.0770059,0.07029419,0.07453226
352001,heteroscedastic,deep,50,400,primary,0.2,fixed,fixed,0.05902063,1.216787,3.302337,0.1302281,0.06748988,0.1790421,0.6306122,1.360558,0.07050723,0.03732855,0.06898717,30.9,0.05540153,0.9011848,0.005864034,0.5003488,0.05995742,0.7014687,0.07817958,10,10,19,0.8673469,0.8762887,0.8717949,19,0,0,,,,142.4678,142.4678,0,24600,0,73800,142.4678,0,50,1,0,0.2481423,0.008004589,1.363309,255853.2,194920960,complete,,10,0.2,4000,97,49,2,2,3cc449f7f6820026f43847a53fa4cb65207099f814e19a2e0cff8275ac1fb5f7,,,0.06467918,0.06454369,0.05846314,0.07701932,0.07030771,0.07454508
352001,heteroscedastic,deep,50,400,primary,0.2,fixed,random,0.05902063,1.216787,3.302337,0.1302281,0.06748988,0.1790421,0.6306122,1.360558,0.07050723,0.03732855,0.06898717,30.9,0.05540153,0.9011848,0.005864034,0.5003488,0.05995742,0.7014687,0.07817958,10,10,19,0.8673469,0.8762887,0.8717949,19,0,0,0,1,True,299.2714,273.0072,0,27200,0,82350,284.0545,15.21686,56,7,0,0.2481423,0.008004589,1.363309,255853.2,194920960,complete,,10,0.2,4000,97,49,2,2,3cc449f7f6820026f43847a53fa4cb65207099f814e19a2e0cff8275ac1fb5f7,,,0.06467918,0.06454369,0.05846314,0.07701932,0.07030771,0.07454508
352001,heteroscedastic,deep,50,400,primary,0.5,adjusted,M0,0.04545163,,3.290829,0.1302281,0.1357372,0.1790421,0.6306122,1.351961,0.1189995,0.03752449,0.07865054,30.9,0.1341765,0.897718,0.01977016,0.49345,0.1835206,0.7080134,0.173588,10,10,97,0,0,0,46,97,0.02733708,,,,0.0003350358,0.0003350358,0,0,0,0,0.0003350358,0,0,0,0,0.03087491,0.0009959649,0.783641,2056297,77237760,complete,,10,0.2,4000,97,49,2,2,3d80d6137c9fccc7f8368f9037616f701deb4b6ea8fb4eda6a102cb4e86d6cdc,,,0.1267468,0.07457936,0.1291661,0.1127259,0.06604965,0.106116
352001,heteroscedastic,deep,50,400,primary,0.5,adjusted,M1,0.08117962,1.253983,3.184175,0.1302281,0.1045385,0.1790421,0.6306122,1.307609,0.1003105,0.06365555,0.08832785,30.9,0.1003111,0.8865822,0.01415674,0.4808912,0.1175124,0.7051131,0.1634591,10,10,46,0.6804124,0.6804124,0.6804124,46,0,-0.00386167,,,,0.8609055,0.8609055,0,0,0,0,0.8609055,0,0,0,0,1.479358,0.04772124,1.206991,42915.9,72832512,complete,,10,0.2,4000,97,49,2,2,65ea64543400a9decf0b9e1b0fba3455386aede50c2b2fb2ba4e305b348293a9,,,0.09296149,0.08096016,0.09919545,0.08482765,0.07790582,0.08438357
352001,heteroscedastic,deep,50,400,primary,0.5,adjusted,M2,0.09754217,1.261633,3.260226,0.1302281,0.1218335,0.1790421,0.6306122,1.338843,0.1139064,0.09016584,0.09692498,30.9,0.1174248,0.8940838,0.01775574,0.4896903,0.142703,0.7072357,0.1812801,10,10,120,0.3015873,0.3917526,0.3408072,46,134,0.01343336,,,,1577.228,148.0342,1429.193,21450,60000,74850,1577.228,0,50,0,0,0.1809086,0.005835763,1.355305,350939.6,497359872,valid_capped_prediction,1.681386e+12,10,0.2,4000,97,49,2,2,d0cbe4339ce242fb19d1b9d29a280b1c395fa276a668331158fdca35ed1004e4,,,0.1038328,0.08744616,0.1157738,0.1016156,0.0842049,0.1039122
352001,heteroscedastic,deep,50,400,primary,0.5,adjusted,M3,0.09155455,1.240393,3.283928,0.1302281,0.1084002,0.1790421,0.6306122,1.352767,0.09091719,0.06915683,0.08705172,30.9,0.0985136,0.8976004,0.01500258,0.495732,0.113402,0.7055591,0.1690695,10,10,46,0.6804124,0.6804124,0.6804124,46,0,0,0,1,True,1631.957,1467.277,0,50500,0,144150,1576.317,55.64031,110,36,0,0.2312096,0.007458375,1.329662,274590.7,293501952,complete,,10,0.2,4000,97,49,2,2,9c093f1a741d5ccb24c569f6eccd2c21398bcc3e4bf21dd57f0bbda1a5a5eed3,,,0.1016339,0.08424168,0.1022708,0.09230215,0.0769618,0.08634553
352001,heteroscedastic,deep,50,400,primary,0.5,adjusted,M4,0.09155455,1.240393,3.283928,0.1302281,0.1084002,0.1790421,0.6306122,1.352767,0.09091719,0.06915683,0.08705172,30.9,0.0985136,0.8976004,0.01500258,0.495732,0.113402,0.7055591,0.1690695,10,10,46,0.6804124,0.6804124,0.6804124,46,0,0,0,1,True,1631.957,1467.277,0,50500,0,144150,1576.317,55.64023,110,36,0,0.2312096,0.007458375,1.329662,274590.7,293501952,complete,,10,0.2,4000,97,49,2,2,9c093f1a741d5ccb24c569f6eccd2c21398bcc3e4bf21dd57f0bbda1a5a5eed3,,,0.1016339,0.08424168,0.1022708,0.09230215,0.0769618,0.08634553
352001,heteroscedastic,deep,50,400,primary,0.5,adjusted,M5,0.09004853,1.240107,3.284371,0.1302281,0.1069642,0.1790421,0.6306122,1.353074,0.09044909,0.06768928,0.08626975,30.9,0.09682976,0.8977678,0.01454924,0.4959742,0.112163,0.7053531,0.1690221,10,10,,,,,46,,-0.001436017,0,0,True,1595.759,1467.277,0,50500,0,144150,1576.317,19.44226,110,36,0,9.118989,0.2941609,1.9253,6962.175,194904064,complete,,10,0.2,4000,97,49,2,2,b93998776d1135addc16f3b36e79fe7522dddb5ffe2bf6114c6c03ce06974819,,,0.1004648,0.08352604,0.1007083,0.09208392,0.07664898,0.08644314
352001,heteroscedastic,deep,50,400,primary,0.5,adjusted,fixed,0.09155455,1.240393,3.283928,0.1302281,0.1084002,0.1790421,0.6306122,1.352767,0.09091719,0.06915683,0.08705172,30.9,0.0985136,0.8976004,0.01500258,0.495732,0.113402,0.7055591,0.1690695,10,10,46,0.6804124,0.6804124,0.6804124,46,0,0,,,,243.515,243.515,0,22500,0,66650,243.515,0,50,1,0,0.2312096,0.007458375,1.329662,274590.7,293501952,complete,,10,0.2,4000,97,49,2,2,9c093f1a741d5ccb24c569f6eccd2c21398bcc3e4bf21dd57f0bbda1a5a5eed3,,,0.1016339,0.08424168,0.1022708,0.09230215,0.0769618,0.08634553
352001,heteroscedastic,deep,50,400,primary,0.5,adjusted,random,0.09155455,1.240393,3.283928,0.1302281,0.1084002,0.1790421,0.6306122,1.352767,0.09091719,0.06915683,0.08705172,30.9,0.0985136,0.8976004,0.01500258,0.495732,0.113402,0.7055591,0.1690695,10,10,46,0.6804124,0.6804124,0.6804124,46,0,0,0,1,True,1156.965,1050.669,0,37850,0,120350,1107.61,49.35483,87,36,0,0.2312096,0.007458375,1.329662,274590.7,293501952,complete,,10,0.2,4000,97,49,2,2,9c093f1a741d5ccb24c569f6eccd2c21398bcc3e4bf21dd57f0bbda1a5a5eed3,,,0.1016339,0.08424168,0.1022708,0.09230215,0.0769618,0.08634553
352001,heteroscedastic,deep,50,400,primary,0.5,fixed,M0,0.04545163,,3.290829,0.1302281,0.1357372,0.1790421,0.6306122,1.351961,0.1189995,0.03752449,0.07865054,30.9,0.1341765,0.897718,0.01977016,0.49345,0.1835206,0.7080134,0.173588,10,10,97,0,0,0,46,97,0.02733708,,,,0.0003350358,0.0003350358,0,0,0,0,0.0003350358,0,0,0,0,0.03087491,0.0009959649,0.783641,2056297,77237760,complete,,10,0.2,4000,97,49,2,2,3d80d6137c9fccc7f8368f9037616f701deb4b6ea8fb4eda6a102cb4e86d6cdc,,,0.1267468,0.07457936,0.1291661,0.1127259,0.06604965,0.106116
352001,heteroscedastic,deep,50,400,primary,0.5,fixed,M1,0.08117962,1.253983,3.184175,0.1302281,0.1045385,0.1790421,0.6306122,1.307609,0.1003105,0.06365555,0.08832785,30.9,0.1003111,0.8865822,0.01415674,0.4808912,0.1175124,0.7051131,0.1634591,10,10,46,0.6804124,0.6804124,0.6804124,46,0,-0.00386167,,,,0.8609055,0.8609055,0,0,0,0,0.8609055,0,0,0,0,1.479358,0.04772124,1.206991,42915.9,72832512,complete,,10,0.2,4000,97,49,2,2,65ea64543400a9decf0b9e1b0fba3455386aede50c2b2fb2ba4e305b348293a9,,,0.09296149,0.08096016,0.09919545,0.08482765,0.07790582,0.08438357
352001,heteroscedastic,deep,50,400,primary,0.5,fixed,M2,0.09754217,1.261633,3.260226,0.1302281,0.1218335,0.1790421,0.6306122,1.338843,0.1139064,0.09016584,0.09692498,30.9,0.1174248,0.8940838,0.01775574,0.4896903,0.142703,0.7072357,0.1812801,10,10,120,0.3015873,0.3917526,0.3408072,46,134,0.01343336,,,,1577.228,148.0342,1429.193,21450,60000,74850,1577.228,0,50,0,0,0.1809086,0.005835763,1.355305,350939.6,497359872,valid_capped_prediction,1.681386e+12,10,0.2,4000,97,49,2,2,d0cbe4339ce242fb19d1b9d29a280b1c395fa276a668331158fdca35ed1004e4,,,0.1038328,0.08744616,0.1157738,0.1016156,0.0842049,0.1039122
352001,heteroscedastic,deep,50,400,primary,0.5,fixed,M3,0.09155455,1.240393,3.283928,0.1302281,0.1084002,0.1790421,0.6306122,1.352767,0.09091719,0.06915683,0.08705172,30.9,0.0985136,0.8976004,0.01500258,0.495732,0.113402,0.7055591,0.1690695,10,10,46,0.6804124,0.6804124,0.6804124,46,0,0,0,1,True,462.2473,431.7732,0,27350,0,78950,451.7473,10.50006,61,7,0,0.2312096,0.007458375,1.329662,274590.7,293501952,complete,,10,0.2,4000,97,49,2,2,9c093f1a741d5ccb24c569f6eccd2c21398bcc3e4bf21dd57f0bbda1a5a5eed3,,,0.1016339,0.08424168,0.1022708,0.09230215,0.0769618,0.08634553
352001,heteroscedastic,deep,50,400,primary,0.5,fixed,M4,0.09155455,1.240393,3.283928,0.1302281,0.1084002,0.1790421,0.6306122,1.352767,0.09091719,0.06915683,0.08705172,30.9,0.0985136,0.8976004,0.01500258,0.495732,0.113402,0.7055591,0.1690695,10,10,46,0.6804124,0.6804124,0.6804124,46,0,0,0,1,True,462.2473,431.7732,0,27350,0,78950,451.7473,10.49997,61,7,0,0.2312096,0.007458375,1.329662,274590.7,293501952,complete,,10,0.2,4000,97,49,2,2,9c093f1a741d5ccb24c569f6eccd2c21398bcc3e4bf21dd57f0bbda1a5a5eed3,,,0.1016339,0.08424168,0.1022708,0.09230215,0.0769618,0.08634553
352001,heteroscedastic,deep,50,400,primary,0.5,fixed,M5,0.09004853,1.240107,3.284371,0.1302281,0.1069642,0.1790421,0.6306122,1.353074,0.09044909,0.06768928,0.08626975,30.9,0.09682976,0.8977678,0.01454924,0.4959742,0.112163,0.7053531,0.1690221,10,10,,,,,46,,-0.001436017,0,0,True,468.2816,431.7732,0,27350,0,78950,451.7473,16.53434,61,7,0,9.478954,0.3057727,2.579916,6697.785,114268160,complete,,10,0.2,4000,97,49,2,2,ecd91c1878d9c6a6a9f39dfe8d50c669337166a7e36921c751361f5d49c05f40,,,0.1004648,0.08352604,0.1007083,0.09208392,0.07664898,0.08644314
352001,heteroscedastic,deep,50,400,primary,0.5,fixed,fixed,0.09155455,1.240393,3.283928,0.1302281,0.1084002,0.1790421,0.6306122,1.352767,0.09091719,0.06915683,0.08705172,30.9,0.0985136,0.8976004,0.01500258,0.495732,0.113402,0.7055591,0.1690695,10,10,46,0.6804124,0.6804124,0.6804124,46,0,0,,,,243.515,243.515,0,22500,0,66650,243.515,0,50,1,0,0.2312096,0.007458375,1.329662,274590.7,293501952,complete,,10,0.2,4000,97,49,2,2,9c093f1a741d5ccb24c569f6eccd2c21398bcc3e4bf21dd57f0bbda1a5a5eed3,,,0.1016339,0.08424168,0.1022708,0.09230215,0.0769618,0.08634553
352001,heteroscedastic,deep,50,400,primary,0.5,fixed,random,0.09155455,1.240393,3.283928,0.1302281,0.1084002,0.1790421,0.6306122,1.352767,0.09091719,0.06915683,0.08705172,30.9,0.0985136,0.8976004,0.01500258,0.495732,0.113402,0.7055591,0.1690695,10,10,46,0.6804124,0.6804124,0.6804124,46,0,0,0,1,True,435.2568,412.5979,0,25650,0,78400,423.5288,11.72807,57,7,0,0.2312096,0.007458375,1.329662,274590.7,293501952,complete,,10,0.2,4000,97,49,2,2,9c093f1a741d5ccb24c569f6eccd2c21398bcc3e4bf21dd57f0bbda1a5a5eed3,,,0.1016339,0.08424168,0.1022708,0.09230215,0.0769618,0.08634553
352002,heteroscedastic,deep,50,400,primary,0.2,adjusted,M0,0.04499109,,3.280902,0.1260709,0.1290896,0.2058468,0.4142857,1.356787,0.1394407,0.04810171,0.07765499,20.3,0.1298802,0.8981515,0.0132646,0.4997917,0.2044462,0.7036835,0.1778329,10,10,97,0,0,0,15,98,0.06703647,,,,0.0006741714,0.0006741714,0,0,0,0,0.0006741714,0,0,0,0,0.03078295,0.0009929983,0.8098109,2062441,76849664,complete,,10,0.2,4000,97,49,2,2,22d332249f3811b1a743636afcfbabdbbf226bc81c1c672348a62bb4b5e1f788,,,0.1273781,0.07712576,0.1276846,0.1242745,0.07350065,0.1270626
352002,heteroscedastic,deep,50,400,primary,0.2,adjusted,M1,0.05805376,1.224517,3.155328,0.1260709,0.06754518,0.2058468,0.4142857,1.294291,0.08851391,0.04622013,0.0707824,20.3,0.06654035,0.8871512,0.001667336,0.4823202,0.08644655,0.6978211,0.09068255,10,10,15,0.8979592,0.9072165,0.9025641,15,0,0.005492003,,,,0.6683485,0.6683485,0,0,0,0,0.6683485,0,0,0,0,1.402045,0.04522726,1.121239,45282.42,76337152,complete,,10,0.2,4000,97,49,2,2,9deb5e2113ff63b6d22bc66ff909f2863b7cbb33082140343a8f89ba142628da,,,0.06042273,0.06759028,0.06168352,0.06653515,0.07001831,0.07116434
352002,heteroscedastic,deep,50,400,primary,0.2,adjusted,M2,0.07453929,1.281447,3.267198,0.1260709,0.1328256,0.2058468,0.4142857,1.33837,0.1590224,0.09088263,0.1016357,20.3,0.1372576,0.8947883,0.01548371,0.4921157,0.1854468,0.7049946,0.1645719,10,10,148,0.2406015,0.3298969,0.2782609,15,153,0.07077242,,,,1613.652,143.0706,1470.581,21250,60000,77700,1613.652,0,50,0,0,0.1698854,0.005480175,1.373666,373710.7,600105472,valid_capped_prediction,1.71158e+12,10,0.2,4000,97,49,2,2,bbadcab43cbb42774afec1281782a1f558288e4980bf14fe898677f8d9abe276,,,0.1169062,0.09438858,0.1390017,0.1042147,0.08387472,0.1143002
352002,heteroscedastic,deep,50,400,primary,0.2,adjusted,M3,0.05356238,1.208097,3.27231,0.1260709,0.06205317,0.2058468,0.4142857,1.344091,0.07148808,0.04680818,0.06112671,20.3,0.06135365,0.8996103,0.001193673,0.4988082,0.07379772,0.697517,0.08715951,10,10,15,0.8979592,0.9072165,0.9025641,15,0,0,0,1,True,1651.698,1477.059,0,49500,0,147700,1595.894,55.80349,110,36,0,0.255906,0.008255031,1.341328,248091.1,206906368,complete,,10,0.2,4000,97,49,2,2,d08eb5dfe56b402f0e085c0c9f13c3cf4f55efad4193fa1f7f7f518fccf3f1f5,,,0.0570833,0.05808325,0.05565231,0.06218553,0.06179184,0.06514581
352002,heteroscedastic,deep,50,400,primary,0.2,adjusted,M4,0.05356238,1.208097,3.27231,0.1260709,0.06205317,0.2058468,0.4142857,1.344091,0.07148808,0.04680818,0.06112671,20.3,0.06135365,0.8996103,0.001193673,0.4988082,0.07379772,0.697517,0.08715951,10,10,15,0.8979592,0.9072165,0.9025641,15,0,0,0,1,True,1651.698,1477.059,0,49500,0,147700,1595.894,55.80366,110,36,0,0.255906,0.008255031,1.341328,248091.1,206906368,complete,,10,0.2,4000,97,49,2,2,d08eb5dfe56b402f0e085c0c9f13c3cf4f55efad4193fa1f7f7f518fccf3f1f5,,,0.0570833,0.05808325,0.05565231,0.06218553,0.06179184,0.06514581
352002,heteroscedastic,deep,50,400,primary,0.2,adjusted,M5,0.05356688,1.208071,3.272249,0.1260709,0.06204856,0.2058468,0.4142857,1.344077,0.07148836,0.04669072,0.06113154,20.3,0.06130473,0.8995964,0.001197597,0.4987972,0.07379809,0.6975172,0.08714572,10,10,,,,,15,,-4.615262e-06,0,0,True,1616.572,1477.059,0,49500,0,147700,1595.894,20.67721,110,36,0,9.980763,0.3219601,1.893744,6361.036,206906368,complete,,10,0.2,4000,97,49,2,2,36e7c08651b1f28dafe2b1716326797b2779f4890641c645ababe4dc2be99fa2,,,0.05707719,0.05807933,0.05559984,0.06218409,0.06178785,0.06509836
352002,heteroscedastic,deep,50,400,primary,0.2,adjusted,fixed,0.05356238,1.208097,3.27231,0.1260709,0.06205317,0.2058468,0.4142857,1.344091,0.07148808,0.04680818,0.06112671,20.3,0.06135365,0.8996103,0.001193673,0.4988082,0.07379772,0.697517,0.08715951,10,10,15,0.8979592,0.9072165,0.9025641,15,0,0,,,,143.1133,143.1133,0,23150,0,69500,143.1133,0,50,1,0,0.255906,0.008255031,1.341328,248091.1,146647552,complete,,10,0.2,4000,97,49,2,2,d08eb5dfe56b402f0e085c0c9f13c3cf4f55efad4193fa1f7f7f518fccf3f1f5,,,0.0570833,0.05808325,0.05565231,0.06218553,0.06179184,0.06514581
352002,heteroscedastic,deep,50,400,primary,0.2,adjusted,random,0.05356238,1.208097,3.27231,0.1260709,0.06205317,0.2058468,0.4142857,1.344091,0.07148808,0.04680818,0.06112671,20.3,0.06135365,0.8996103,0.001193673,0.4988082,0.07379772,0.697517,0.08715951,10,10,15,0.8979592,0.9072165,0.9025641,15,0,0,0,1,True,1103.31,989.9108,0,40200,0,130550,1049.947,53.3626,87,36,0,0.255906,0.008255031,1.341328,248091.1,207222272,complete,,10,0.2,4000,97,49,2,2,d08eb5dfe56b402f0e085c0c9f13c3cf4f55efad4193fa1f7f7f518fccf3f1f5,,,0.0570833,0.05808325,0.05565231,0.06218553,0.06179184,0.06514581
352002,heteroscedastic,deep,50,400,primary,0.2,fixed,M0,0.04499109,,3.280902,0.1260709,0.1290896,0.2058468,0.4142857,1.356787,0.1394407,0.04810171,0.07765499,20.3,0.1298802,0.8981515,0.0132646,0.4997917,0.2044462,0.7036835,0.1778329,10,10,97,0,0,0,15,98,0.06703647,,,,0.0006741714,0.0006741714,0,0,0,0,0.0006741714,0,0,0,0,0.03078295,0.0009929983,0.8098109,2062441,76849664,complete,,10,0.2,4000,97,49,2,2,22d332249f3811b1a743636afcfbabdbbf226bc81c1c672348a62bb4b5e1f788,,,0.1273781,0.07712576,0.1276846,0.1242745,0.07350065,0.1270626
352002,heteroscedastic,deep,50,400,primary,0.2,fixed,M1,0.05805376,1.224517,3.155328,0.1260709,0.06754518,0.2058468,0.4142857,1.294291,0.08851391,0.04622013,0.0707824,20.3,0.06654035,0.8871512,0.001667336,0.4823202,0.08644655,0.6978211,0.09068255,10,10,15,0.8979592,0.9072165,0.9025641,15,0,0.005492003,,,,0.6683485,0.6683485,0,0,0,0,0.6683485,0,0,0,0,1.402045,0.04522726,1.121239,45282.42,76337152,complete,,10,0.2,4000,97,49,2,2,9deb5e2113ff63b6d22bc66ff909f2863b7cbb33082140343a8f89ba142628da,,,0.06042273,0.06759028,0.06168352,0.06653515,0.07001831,0.07116434
352002,heteroscedastic,deep,50,400,primary,0.2,fixed,M2,0.07453929,1.281447,3.267198,0.1260709,0.1328256,0.2058468,0.4142857,1.33837,0.1590224,0.09088263,0.1016357,20.3,0.1372576,0.8947883,0.01548371,0.4921157,0.1854468,0.7049946,0.1645719,10,10,148,0.2406015,0.3298969,0.2782609,15,153,0.07077242,,,,1613.652,143.0706,1470.581,21250,60000,77700,1613.652,0,50,0,0,0.1698854,0.005480175,1.373666,373710.7,600105472,valid_capped_prediction,1.71158e+12,10,0.2,4000,97,49,2,2,bbadcab43cbb42774afec1281782a1f558288e4980bf14fe898677f8d9abe276,,,0.1169062,0.09438858,0.1390017,0.1042147,0.08387472,0.1143002
352002,heteroscedastic,deep,50,400,primary,0.2,fixed,M3,0.05356238,1.208097,3.27231,0.1260709,0.06205317,0.2058468,0.4142857,1.344091,0.07148808,0.04680818,0.06112671,20.3,0.06135365,0.8996103,0.001193673,0.4988082,0.07379772,0.697517,0.08715951,10,10,15,0.8979592,0.9072165,0.9025641,15,0,0,0,1,True,392.4515,359.1537,0,27900,0,83100,379.3868,13.0647,61,7,0,0.255906,0.008255031,1.341328,248091.1,146647552,complete,,10,0.2,4000,97,49,2,2,d08eb5dfe56b402f0e085c0c9f13c3cf4f55efad4193fa1f7f7f518fccf3f1f5,,,0.0570833,0.05808325,0.05565231,0.06218553,0.06179184,0.06514581
352002,heteroscedastic,deep,50,400,primary,0.2,fixed,M4,0.05356238,1.208097,3.27231,0.1260709,0.06205317,0.2058468,0.4142857,1.344091,0.07148808,0.04680818,0.06112671,20.3,0.06135365,0.8996103,0.001193673,0.4988082,0.07379772,0.697517,0.08715951,10,10,15,0.8979592,0.9072165,0.9025641,15,0,0,0,1,True,392.4515,359.1537,0,27900,0,83100,379.3868,13.06467,61,7,0,0.255906,0.008255031,1.341328,248091.1,146647552,complete,,10,0.2,4000,97,49,2,2,d08eb5dfe56b402f0e085c0c9f13c3cf4f55efad4193fa1f7f7f518fccf3f1f5,,,0.0570833,0.05808325,0.05565231,0.06218553,0.06179184,0.06514581
352002,heteroscedastic,deep,50,400,primary,0.2,fixed,M5,0.05356654,1.208076,3.272386,0.1260709,0.06205587,0.2058468,0.4142857,1.344103,0.07148338,0.04681008,0.06112692,20.3,0.06134138,0.8996223,0.001196562,0.4988052,0.07377692,0.6975168,0.08717513,10,10,,,,,15,,2.693757e-06,0,0,True,398.5912,359.1537,0,27900,0,83100,379.3868,19.20437,61,7,0,10.05598,0.3243864,1.918144,6313.459,124398592,complete,,10,0.2,4000,97,49,2,2,cb1dd5aed48e9a93e9ab584ebee71b3964f4eff73061a2d7255a9c5d700c3797,,,0.0570546,0.05806416,0.05563612,0.06217823,0.06178882,0.06514602
352002,heteroscedastic,deep,50,400,primary,0.2,fixed,fixed,0.05356238,1.208097,3.27231,0.1260709,0.06205317,0.2058468,0.4142857,1.344091,0.07148808,0.04680818,0.06112671,20.3,0.06135365,0.8996103,0.001193673,0.4988082,0.07379772,0.697517,0.08715951,10,10,15,0.8979592,0.9072165,0.9025641,15,0,0,,,,143.1133,143.1133,0,23150,0,69500,143.1133,0,50,1,0,0.255906,0.008255031,1.341328,248091.1,146647552,complete,,10,0.2,4000,97,49,2,2,d08eb5dfe56b402f0e085c0c9f13c3cf4f55efad4193fa1f7f7f518fccf3f1f5,,,0.0570833,0.05808325,0.05565231,0.06218553,0.06179184,0.06514581
352002,heteroscedastic,deep,50,400,primary,0.2,fixed,random,0.05356238,1.208097,3.27231,0.1260709,0.06205317,0.2058468,0.4142857,1.344091,0.07148808,0.04680818,0.06112671,20.3,0.06135365,0.8996103,0.001193673,0.4988082,0.07379772,0.697517,0.08715951,10,10,15,0.8979592,0.9072165,0.9025641,15,0,0,0,1,True,314.1955,288.6991,0,25950,0,78800,301.1942,13.00125,57,7,0,0.255906,0.008255031,1.341328,248091.1,146647552,complete,,10,0.2,4000,97,49,2,2,d08eb5dfe56b402f0e085c0c9f13c3cf4f55efad4193fa1f7f7f518fccf3f1f5,,,0.0570833,0.05808325,0.05565231,0.06218553,0.06179184,0.06514581
352002,heteroscedastic,deep,50,400,primary,0.5,adjusted,M0,0.04499109,,3.280902,0.1260709,0.1290896,0.2058468,0.4142857,1.356787,0.1394407,0.04810171,0.07765499,20.3,0.1298802,0.8981515,0.0132646,0.4997917,0.2044462,0.7036835,0.1778329,10,10,97,0,0,0,36,97,0.04266818,,,,0.0006741714,0.0006741714,0,0,0,0,0.0006741714,0,0,0,0,0.03078295,0.0009929983,0.8098109,2062441,76849664,complete,,10,0.2,4000,97,49,2,2,22d332249f3811b1a743636afcfbabdbbf226bc81c1c672348a62bb4b5e1f788,,,0.1273781,0.07712576,0.1276846,0.1242745,0.07350065,0.1270626
352002,heteroscedastic,deep,50,400,primary,0.5,adjusted,M1,0.06020415,1.246489,3.173674,0.1260709,0.081729,0.2058468,0.4142857,1.303223,0.1064502,0.05157889,0.07657059,20.3,0.08246934,0.88805,0.005128738,0.4843541,0.1153975,0.6993998,0.1499314,10,10,36,0.7628866,0.7628866,0.7628866,36,0,-0.004692464,,,,0.7346937,0.7346937,0,0,0,0,0.7346937,0,0,0,0,1.384354,0.04465658,1.098577,45861.11,72832512,complete,,10,0.2,4000,97,49,2,2,e4a8f79dc3a72a6801a3b4833c20f1e3053d9e4f518a593563e3f4f1301786c1,,,0.07491258,0.07396725,0.08115036,0.08063543,0.07434741,0.08835057
352002,heteroscedastic,deep,50,400,primary,0.5,adjusted,M2,0.07453929,1.281447,3.267198,0.1260709,0.1328256,0.2058468,0.4142857,1.33837,0.1590224,0.09088263,0.1016357,20.3,0.1372576,0.8947883,0.01548371,0.4921157,0.1854468,0.7049946,0.1645719,10,10,148,0.2406015,0.3298969,0.2782609,36,156,0.04640413,,,,1613.652,143.0706,1470.581,21250,60000,77700,1613.652,0,50,0,0,0.1698854,0.005480175,1.373666,373710.7,600105472,valid_capped_prediction,1.71158e+12,10,0.2,4000,97,49,2,2,bbadcab43cbb42774afec1281782a1f558288e4980bf14fe898677f8d9abe276,,,0.1169062,0.09438858,0.1390017,0.1042147,0.08387472,0.1143002
352002,heteroscedastic,deep,50,400,primary,0.5,adjusted,M3,0.05388531,1.227861,3.270944,0.1260709,0.07456452,0.2058468,0.4142857,1.345111,0.09634676,0.04761201,0.0674971,20.3,0.06888416,0.8987205,0.00330068,0.4988062,0.09526954,0.6986765,0.1506196,10,10,34,0.7835052,0.7835052,0.7835052,36,2,-0.01185694,0,0,True,1381.732,1212.813,0,45500,0,131650,1321.88,59.85256,99,36,1,0.2345514,0.007566176,1.342972,270678.4,257976320,complete,,10,0.2,4000,97,49,2,2,74574fdda2ae551f362d691359afd454290845a922975c8194508ea81405a677,,,0.06658822,0.06327745,0.06678676,0.0773681,0.06931932,0.08439842
352002,heteroscedastic,deep,50,400,primary,0.5,adjusted,M4,0.05814805,1.233439,3.268516,0.1260709,0.08642146,0.2058468,0.4142857,1.339741,0.1050206,0.05735572,0.07374438,20.3,0.08451298,0.897719,0.0056877,0.4960469,0.1145973,0.6998711,0.1504946,10,10,36,0.7628866,0.7628866,0.7628866,36,0,0,0,1,True,1380.121,1212.813,0,45500,0,131650,1321.88,58.24185,99,36,1,0.2247936,0.007251407,1.328193,282428,257977344,complete,,10,0.2,4000,97,49,2,2,7f4b54ae40252b3d508b78afcd7bdfee80154644a229f9538893a1425019df18,,,0.07392215,0.06807298,0.07820116,0.07783961,0.06950234,0.08511856
352002,heteroscedastic,deep,50,400,primary,0.5,adjusted,M5,0.05762805,1.232271,3.26915,0.1260709,0.08510899,0.2058468,0.4142857,1.340058,0.1041913,0.05644453,0.07305392,20.3,0.08288205,0.8979362,0.005259555,0.4961964,0.1125946,0.6997065,0.1504761,10,10,,,,,36,,-0.001312478,0,0,True,1343.394,1212.813,0,45500,0,131650,1321.88,21.51426,99,36,1,9.080757,0.2929277,2.041721,6991.487,193984512,complete,,10,0.2,4000,97,49,2,2,b5eca992a73c2a48e0b6bfa1b033a8e6c66f4cc4dd2aeb0e387d7fad9671622d,,,0.07306817,0.06753259,0.0771547,0.0776721,0.06929068,0.08509888
352002,heteroscedastic,deep,50,400,primary,0.5,adjusted,fixed,0.05814805,1.233439,3.268516,0.1260709,0.08642146,0.2058468,0.4142857,1.339741,0.1050206,0.05735572,0.07374438,20.3,0.08451298,0.897719,0.0056877,0.4960469,0.1145973,0.6998711,0.1504946,10,10,36,0.7628866,0.7628866,0.7628866,36,0,0,,,,301.5643,301.5643,0,22700,0,65300,301.5643,0,50,1,0,0.2247936,0.007251407,1.328193,282428,257977344,complete,,10,0.2,4000,97,49,2,2,7f4b54ae40252b3d508b78afcd7bdfee80154644a229f9538893a1425019df18,,,0.07392215,0.06807298,0.07820116,0.07783961,0.06950234,0.08511856
352002,heteroscedastic,deep,50,400,primary,0.5,adjusted,random,0.05814805,1.233439,3.268516,0.1260709,0.08642146,0.2058468,0.4142857,1.339741,0.1050206,0.05735572,0.07374438,20.3,0.08451298,0.897719,0.0056877,0.4960469,0.1145973,0.6998711,0.1504946,10,10,36,0.7628866,0.7628866,0.7628866,36,0,0,0,1,True,1231.654,1118.793,0,38300,0,115250,1174.441,57.21264,85,36,0,0.2247936,0.007251407,1.328193,282428,257977344,complete,,10,0.2,4000,97,49,2,2,7f4b54ae40252b3d508b78afcd7bdfee80154644a229f9538893a1425019df18,,,0.07392215,0.06807298,0.07820116,0.07783961,0.06950234,0.08511856
352002,heteroscedastic,deep,50,400,primary,0.5,fixed,M0,0.04499109,,3.280902,0.1260709,0.1290896,0.2058468,0.4142857,1.356787,0.1394407,0.04810171,0.07765499,20.3,0.1298802,0.8981515,0.0132646,0.4997917,0.2044462,0.7036835,0.1778329,10,10,97,0,0,0,36,97,0.04266818,,,,0.0006741714,0.0006741714,0,0,0,0,0.0006741714,0,0,0,0,0.03078295,0.0009929983,0.8098109,2062441,76849664,complete,,10,0.2,4000,97,49,2,2,22d332249f3811b1a743636afcfbabdbbf226bc81c1c672348a62bb4b5e1f788,,,0.1273781,0.07712576,0.1276846,0.1242745,0.07350065,0.1270626
352002,heteroscedastic,deep,50,400,primary,0.5,fixed,M1,0.06020415,1.246489,3.173674,0.1260709,0.081729,0.2058468,0.4142857,1.303223,0.1064502,0.05157889,0.07657059,20.3,0.08246934,0.88805,0.005128738,0.4843541,0.1153975,0.6993998,0.1499314,10,10,36,0.7628866,0.7628866,0.7628866,36,0,-0.004692464,,,,0.7346937,0.7346937,0,0,0,0,0.7346937,0,0,0,0,1.384354,0.04465658,1.098577,45861.11,72832512,complete,,10,0.2,4000,97,49,2,2,e4a8f79dc3a72a6801a3b4833c20f1e3053d9e4f518a593563e3f4f1301786c1,,,0.07491258,0.07396725,0.08115036,0.08063543,0.07434741,0.08835057
352002,heteroscedastic,deep,50,400,primary,0.5,fixed,M2,0.07453929,1.281447,3.267198,0.1260709,0.1328256,0.2058468,0.4142857,1.33837,0.1590224,0.09088263,0.1016357,20.3,0.1372576,0.8947883,0.01548371,0.4921157,0.1854468,0.7049946,0.1645719,10,10,148,0.2406015,0.3298969,0.2782609,36,156,0.04640413,,,,1613.652,143.0706,1470.581,21250,60000,77700,1613.652,0,50,0,0,0.1698854,0.005480175,1.373666,373710.7,600105472,valid_capped_prediction,1.71158e+12,10,0.2,4000,97,49,2,2,bbadcab43cbb42774afec1281782a1f558288e4980bf14fe898677f8d9abe276,,,0.1169062,0.09438858,0.1390017,0.1042147,0.08387472,0.1143002
352002,heteroscedastic,deep,50,400,primary,0.5,fixed,M3,0.05814805,1.233439,3.268516,0.1260709,0.08642146,0.2058468,0.4142857,1.339741,0.1050206,0.05735572,0.07374438,20.3,0.08451298,0.897719,0.0056877,0.4960469,0.1145973,0.6998711,0.1504946,10,10,36,0.7628866,0.7628866,0.7628866,36,0,0,0,1,True,482.7167,452.3769,0,27800,0,79600,470.2161,12.50057,61,7,0,0.2247936,0.007251407,1.328193,282428,257977344,complete,,10,0.2,4000,97,49,2,2,7f4b54ae40252b3d508b78afcd7bdfee80154644a229f9538893a1425019df18,,,0.07392215,0.06807298,0.07820116,0.07783961,0.06950234,0.08511856
352002,heteroscedastic,deep,50,400,primary,0.5,fixed,M4,0.05814805,1.233439,3.268516,0.1260709,0.08642146,0.2058468,0.4142857,1.339741,0.1050206,0.05735572,0.07374438,20.3,0.08451298,0.897719,0.0056877,0.4960469,0.1145973,0.6998711,0.1504946,10,10,36,0.7628866,0.7628866,0.7628866,36,0,0,0,1,True,482.7166,452.3769,0,27800,0,79600,470.2161,12.50051,61,7,0,0.2247936,0.007251407,1.328193,282428,257977344,complete,,10,0.2,4000,97,49,2,2,7f4b54ae40252b3d508b78afcd7bdfee80154644a229f9538893a1425019df18,,,0.07392215,0.06807298,0.07820116,0.07783961,0.06950234,0.08511856
352002,heteroscedastic,deep,50,400,primary,0.5,fixed,M5,0.05814805,1.233434,3.26848,0.1260709,0.08639889,0.2058468,0.4142857,1.339769,0.1049641,0.05735572,0.07373206,20.3,0.0845085,0.897719,0.005684934,0.4960579,0.1145871,0.69987,0.1504463,10,10,,,,,36,,-2.257526e-05,0,0,True,489.9388,452.3769,0,27800,0,79600,470.2161,19.72269,61,7,0,8.026965,0.2589343,2.388032,7909.341,111124992,complete,,10,0.2,4000,97,49,2,2,ec52df534006199a5c0b10ba3f116b922c3bb165d70b287180a75ef00ddec14d,,,0.07391862,0.06806937,0.07820512,0.07782985,0.06949391,0.08510774
352002,heteroscedastic,deep,50,400,primary,0.5,fixed,fixed,0.05814805,1.233439,3.268516,0.1260709,0.08642146,0.2058468,0.4142857,1.339741,0.1050206,0.05735572,0.07374438,20.3,0.08451298,0.897719,0.0056877,0.4960469,0.1145973,0.6998711,0.1504946,10,10,36,0.7628866,0.7628866,0.7628866,36,0,0,,,,301.5643,301.5643,0,22700,0,65300,301.5643,0,50,1,0,0.2247936,0.007251407,1.328193,282428,257977344,complete,,10,0.2,4000,97,49,2,2,7f4b54ae40252b3d508b78afcd7bdfee80154644a229f9538893a1425019df18,,,0.07392215,0.06807298,0.07820116,0.07783961,0.06950234,0.08511856
352002,heteroscedastic,deep,50,400,primary,0.5,fixed,random,0.05814805,1.233439,3.268516,0.1260709,0.08642146,0.2058468,0.4142857,1.339741,0.1050206,0.05735572,0.07374438,20.3,0.08451298,0.897719,0.0056877,0.4960469,0.1145973,0.6998711,0.1504946,10,10,36,0.7628866,0.7628866,0.7628866,36,0,0,0,1,True,483.8179,458.7359,0,25650,0,74750,469.8428,13.97514,56,7,0,0.2247936,0.007251407,1.328193,282428,257977344,complete,,10,0.2,4000,97,49,2,2,7f4b54ae40252b3d508b78afcd7bdfee80154644a229f9538893a1425019df18,,,0.07392215,0.06807298,0.07820116,0.07783961,0.06950234,0.08511856
352003,heteroscedastic,deep,50,400,primary,0.2,adjusted,M0,0.04217904,,3.276313,0.1055104,0.1199261,0.1466515,0.5265306,1.372275,0.09894084,0.0459503,0.06882539,25.8,0.1109264,0.8997628,0.01145804,0.5032745,0.1506315,0.7002922,0.1446403,10,10,97,0,0,0,17,97,0.06263753,,,,0.0003596973,0.0003596973,0,0,0,0,0.0003596973,0,0,0,0,0.03158344,0.001018821,0.8302905,2010167,78929408,complete,,10,0.2,4000,97,49,2,2,8f676ffd6886c0ae17076127d751415726dec741529bfffaf45729f663366505,,,0.1219259,0.0685526,0.1106817,0.1376887,0.07650816,0.1332753
352003,heteroscedastic,deep,50,400,primary,0.2,adjusted,M1,0.06413838,1.211955,3.158921,0.1055104,0.06257555,0.1466515,0.5265306,1.295515,0.07505494,0.04972651,0.06898742,25.8,0.05769844,0.8887944,0.00246954,0.4807896,0.06490977,0.6953957,0.07902772,10,10,17,0.8865979,0.8865979,0.8865979,17,0,0.00528702,,,,0.7588363,0.7588363,0,0,0,0,0.7588363,0,0,0,0,1.403848,0.04528542,1.18163,45224.27,78409216,complete,,10,0.2,4000,97,49,2,2,f46b1d211cbb1f1ce1b05da73583e0cc0c3a7135cd0afbd63a3a0382733d9df9,,,0.0597747,0.06843128,0.05657973,0.07469564,0.07416478,0.07034381
352003,heteroscedastic,deep,50,400,primary,0.2,adjusted,M2,0.08952373,1.267605,3.270801,0.1055104,0.1245037,0.1466515,0.5265306,1.344386,0.1087571,0.09852099,0.09404229,25.8,0.1159137,0.8983946,0.01574542,0.4941566,0.1306611,0.7015548,0.1522668,10,10,157,0.2112676,0.3092784,0.251046,17,164,0.06721515,,,,1563.937,99.47444,1464.462,20150,60000,78050,1563.937,0,50,0,0,0.1805625,0.005824596,1.251821,351612.4,643306496,valid_capped_prediction,1.109712e+12,10,0.2,4000,97,49,2,2,307fbefef3c4ce8de22d1f48217f870e162fd84448ff183b1ba3c3796718c42f,,,0.1085883,0.08762506,0.1182605,0.1124188,0.08727499,0.1071824
352003,heteroscedastic,deep,50,400,primary,0.2,adjusted,M3,0.05921477,1.195262,3.282399,0.1055104,0.05728853,0.1466515,0.5265306,1.347583,0.05976882,0.05276658,0.05867436,25.8,0.0550096,0.9019421,0.002302796,0.4977001,0.05854621,0.6950896,0.07125595,10,10,17,0.8865979,0.8865979,0.8865979,17,0,0,0,1,True,1236.725,1062.337,0,43400,0,132300,1174.096,62.62878,98,36,1,0.2489681,0.008031229,1.348818,255004.5,204661248,complete,,10,0.2,4000,97,49,2,2,93255fd88458f1b9f0bf5b0942494318807ed79bed8d3712e19637a602d7432d,,,0.05460802,0.05738964,0.05414176,0.06688615,0.06271489,0.0659028
352003,heteroscedastic,deep,50,400,primary,0.2,adjusted,M4,0.05921477,1.195262,3.282399,0.1055104,0.05728853,0.1466515,0.5265306,1.347583,0.05976882,0.05276658,0.05867436,25.8,0.0550096,0.9019421,0.002302796,0.4977001,0.05854621,0.6950896,0.07125595,10,10,17,0.8865979,0.8865979,0.8865979,17,0,0,0,1,True,1236.725,1062.337,0,43400,0,132300,1174.096,62.62866,98,36,1,0.2489681,0.008031229,1.348818,255004.5,204661248,complete,,10,0.2,4000,97,49,2,2,93255fd88458f1b9f0bf5b0942494318807ed79bed8d3712e19637a602d7432d,,,0.05460802,0.05738964,0.05414176,0.06688615,0.06271489,0.0659028
352003,heteroscedastic,deep,50,400,primary,0.2,adjusted,M5,0.05921417,1.195058,3.282392,0.1055104,0.05703468,0.1466515,0.5265306,1.347883,0.05962173,0.05254211,0.05857144,25.8,0.05479363,0.9019521,0.00234093,0.4978356,0.05840148,0.6950723,0.07018031,10,10,,,,,17,,-0.0002538558,0,0,True,1197.339,1062.337,0,43400,0,132300,1174.096,23.24303,98,36,1,9.99208,0.3223252,1.901768,6353.832,204661248,complete,,10,0.2,4000,97,49,2,2,49bf09bb811883e1a531e3df853e2bb10136c777ab80167d2f0d1873decf5336,,,0.05439902,0.05720382,0.05370446,0.06671725,0.06259652,0.06581008
352003,heteroscedastic,deep,50,400,primary,0.2,adjusted,fixed,0.05921477,1.195262,3.282399,0.1055104,0.05728853,0.1466515,0.5265306,1.347583,0.05976882,0.05276658,0.05867436,25.8,0.0550096,0.9019421,0.002302796,0.4977001,0.05854621,0.6950896,0.07125595,10,10,17,0.8865979,0.8865979,0.8865979,17,0,0,,,,115.1421,115.1421,0,22600,0,67200,115.1421,0,50,1,0,0.2489681,0.008031229,1.348818,255004.5,194187776,complete,,10,0.2,4000,97,49,2,2,93255fd88458f1b9f0bf5b0942494318807ed79bed8d3712e19637a602d7432d,,,0.05460802,0.05738964,0.05414176,0.06688615,0.06271489,0.0659028
352003,heteroscedastic,deep,50,400,primary,0.2,adjusted,random,0.05921477,1.195262,3.282399,0.1055104,0.05728853,0.1466515,0.5265306,1.347583,0.05976882,0.05276658,0.05867436,25.8,0.0550096,0.9019421,0.002302796,0.4977001,0.05854621,0.6950896,0.07125595,10,10,17,0.8865979,0.8865979,0.8865979,17,0,0,0,1,True,1155.223,1030.811,0,40300,0,129650,1090.668,64.55506,86,36,0,0.2489681,0.008031229,1.348818,255004.5,206186496,complete,,10,0.2,4000,97,49,2,2,93255fd88458f1b9f0bf5b0942494318807ed79bed8d3712e19637a602d7432d,,,0.05460802,0.05738964,0.05414176,0.06688615,0.06271489,0.0659028
352003,heteroscedastic,deep,50,400,primary,0.2,fixed,M0,0.04217904,,3.276313,0.1055104,0.1199261,0.1466515,0.5265306,1.372275,0.09894084,0.0459503,0.06882539,25.8,0.1109264,0.8997628,0.01145804,0.5032745,0.1506315,0.7002922,0.1446403,10,10,97,0,0,0,17,97,0.06263753,,,,0.0003596973,0.0003596973,0,0,0,0,0.0003596973,0,0,0,0,0.03158344,0.001018821,0.8302905,2010167,78929408,complete,,10,0.2,4000,97,49,2,2,8f676ffd6886c0ae17076127d751415726dec741529bfffaf45729f663366505,,,0.1219259,0.0685526,0.1106817,0.1376887,0.07650816,0.1332753
352003,heteroscedastic,deep,50,400,primary,0.2,fixed,M1,0.06413838,1.211955,3.158921,0.1055104,0.06257555,0.1466515,0.5265306,1.295515,0.07505494,0.04972651,0.06898742,25.8,0.05769844,0.8887944,0.00246954,0.4807896,0.06490977,0.6953957,0.07902772,10,10,17,0.8865979,0.8865979,0.8865979,17,0,0.00528702,,,,0.7588363,0.7588363,0,0,0,0,0.7588363,0,0,0,0,1.403848,0.04528542,1.18163,45224.27,78409216,complete,,10,0.2,4000,97,49,2,2,f46b1d211cbb1f1ce1b05da73583e0cc0c3a7135cd0afbd63a3a0382733d9df9,,,0.0597747,0.06843128,0.05657973,0.07469564,0.07416478,0.07034381
352003,heteroscedastic,deep,50,400,primary,0.2,fixed,M2,0.08952373,1.267605,3.270801,0.1055104,0.1245037,0.1466515,0.5265306,1.344386,0.1087571,0.09852099,0.09404229,25.8,0.1159137,0.8983946,0.01574542,0.4941566,0.1306611,0.7015548,0.1522668,10,10,157,0.2112676,0.3092784,0.251046,17,164,0.06721515,,,,1563.937,99.47444,1464.462,20150,60000,78050,1563.937,0,50,0,0,0.1805625,0.005824596,1.251821,351612.4,643306496,valid_capped_prediction,1.109712e+12,10,0.2,4000,97,49,2,2,307fbefef3c4ce8de22d1f48217f870e162fd84448ff183b1ba3c3796718c42f,,,0.1085883,0.08762506,0.1182605,0.1124188,0.08727499,0.1071824
352003,heteroscedastic,deep,50,400,primary,0.2,fixed,M3,0.05921477,1.195262,3.282399,0.1055104,0.05728853,0.1466515,0.5265306,1.347583,0.05976882,0.05276658,0.05867436,25.8,0.0550096,0.9019421,0.002302796,0.4977001,0.05854621,0.6950896,0.07125595,10,10,17,0.8865979,0.8865979,0.8865979,17,0,0,0,1,True,351.0147,316.9312,0,27200,0,80650,336.5269,14.48784,61,7,0,0.2489681,0.008031229,1.348818,255004.5,194187776,complete,,10,0.2,4000,97,49,2,2,93255fd88458f1b9f0bf5b0942494318807ed79bed8d3712e19637a602d7432d,,,0.05460802,0.05738964,0.05414176,0.06688615,0.06271489,0.0659028
352003,heteroscedastic,deep,50,400,primary,0.2,fixed,M4,0.05921477,1.195262,3.282399,0.1055104,0.05728853,0.1466515,0.5265306,1.347583,0.05976882,0.05276658,0.05867436,25.8,0.0550096,0.9019421,0.002302796,0.4977001,0.05854621,0.6950896,0.07125595,10,10,17,0.8865979,0.8865979,0.8865979,17,0,0,0,1,True,351.0147,316.9312,0,27200,0,80650,336.5269,14.48781,61,7,0,0.2489681,0.008031229,1.348818,255004.5,194187776,complete,,10,0.2,4000,97,49,2,2,93255fd88458f1b9f0bf5b0942494318807ed79bed8d3712e19637a602d7432d,,,0.05460802,0.05738964,0.05414176,0.06688615,0.06271489,0.0659028
352003,heteroscedastic,deep,50,400,primary,0.2,fixed,M5,0.05917488,1.195202,3.282407,0.1055104,0.05720773,0.1466515,0.5265306,1.347646,0.05974058,0.05262935,0.05863427,25.8,0.05494236,0.9019401,0.002304554,0.497724,0.05854577,0.6950835,0.07066249,10,10,,,,,17,,-8.080639e-05,0,0,True,357.8474,316.9312,0,27200,0,80650,336.5269,21.32048,61,7,0,9.760289,0.314848,2.415601,6504.726,124310016,complete,,10,0.2,4000,97,49,2,2,9ed62cdd1307680963842c8fa83d322af0382ebd3f48b9da81b2869c0bed339d,,,0.05455753,0.05733115,0.0539603,0.06682138,0.06267433,0.06583413
352003,heteroscedastic,deep,50,400,primary,0.2,fixed,fixed,0.05921477,1.195262,3.282399,0.1055104,0.05728853,0.1466515,0.5265306,1.347583,0.05976882,0.05276658,0.05867436,25.8,0.0550096,0.9019421,0.002302796,0.4977001,0.05854621,0.6950896,0.07125595,10,10,17,0.8865979,0.8865979,0.8865979,17,0,0,,,,115.1421,115.1421,0,22600,0,67200,115.1421,0,50,1,0,0.2489681,0.008031229,1.348818,255004.5,194187776,complete,,10,0.2,4000,97,49,2,2,93255fd88458f1b9f0bf5b0942494318807ed79bed8d3712e19637a602d7432d,,,0.05460802,0.05738964,0.05414176,0.06688615,0.06271489,0.0659028
352003,heteroscedastic,deep,50,400,primary,0.2,fixed,random,0.05921477,1.195262,3.282399,0.1055104,0.05728853,0.1466515,0.5265306,1.347583,0.05976882,0.05276658,0.05867436,25.8,0.0550096,0.9019421,0.002302796,0.4977001,0.05854621,0.6950896,0.07125595,10,10,17,0.8865979,0.8865979,0.8865979,17,0,0,0,1,True,319.0413,295.2815,0,26500,0,81800,305.6477,13.39359,57,7,0,0.2489681,0.008031229,1.348818,255004.5,194187776,complete,,10,0.2,4000,97,49,2,2,93255fd88458f1b9f0bf5b0942494318807ed79bed8d3712e19637a602d7432d,,,0.05460802,0.05738964,0.05414176,0.06688615,0.06271489,0.0659028
352003,heteroscedastic,deep,50,400,primary,0.5,adjusted,M0,0.04217904,,3.276313,0.1055104,0.1199261,0.1466515,0.5265306,1.372275,0.09894084,0.0459503,0.06882539,25.8,0.1109264,0.8997628,0.01145804,0.5032745,0.1506315,0.7002922,0.1446403,10,10,97,0,0,0,40,97,0.0432442,,,,0.0003596973,0.0003596973,0,0,0,0,0.0003596973,0,0,0,0,0.03158344,0.001018821,0.8302905,2010167,78929408,complete,,10,0.2,4000,97,49,2,2,8f676ffd6886c0ae17076127d751415726dec741529bfffaf45729f663366505,,,0.1219259,0.0685526,0.1106817,0.1376887,0.07650816,0.1332753
352003,heteroscedastic,deep,50,400,primary,0.5,adjusted,M1,0.06479343,1.237059,3.173866,0.1055104,0.07551577,0.1466515,0.5265306,1.302527,0.08574462,0.05430976,0.07469114,25.8,0.07167663,0.889759,0.003794071,0.4825584,0.08247595,0.6963478,0.1024015,10,10,40,0.742268,0.742268,0.742268,40,0,-0.001166088,,,,0.9168318,0.9168318,0,0,0,0,0.9168318,0,0,0,0,1.374882,0.04435103,1.144583,46177.05,72833536,complete,,10,0.2,4000,97,49,2,2,e72eedcb49131388a058d3315c6cc48569ffc7b74a4e94d213498e30b005033c,,,0.07157563,0.07319688,0.06853122,0.08522369,0.080852,0.08043118
352003,heteroscedastic,deep,50,400,primary,0.5,adjusted,M2,0.08952373,1.267605,3.270801,0.1055104,0.1245037,0.1466515,0.5265306,1.344386,0.1087571,0.09852099,0.09404229,25.8,0.1159137,0.8983946,0.01574542,0.4941566,0.1306611,0.7015548,0.1522668,10,10,157,0.2112676,0.3092784,0.251046,40,170,0.04782182,,,,1563.937,99.47444,1464.462,20150,60000,78050,1563.937,0,50,0,0,0.1805625,0.005824596,1.251821,351612.4,643306496,valid_capped_prediction,1.109712e+12,10,0.2,4000,97,49,2,2,307fbefef3c4ce8de22d1f48217f870e162fd84448ff183b1ba3c3796718c42f,,,0.1085883,0.08762506,0.1182605,0.1124188,0.08727499,0.1071824
352003,heteroscedastic,deep,50,400,primary,0.5,adjusted,M3,0.05993093,1.218422,3.309937,0.1055104,0.06741667,0.1466515,0.5265306,1.358451,0.07043454,0.05658028,0.06467289,25.8,0.06522493,0.9043935,0.00234469,0.5015645,0.0751784,0.6957957,0.09924545,10,10,38,0.755102,0.7628866,0.7589744,40,2,-0.00926519,0,0,True,1341.847,1167.708,0,43300,0,126850,1282.332,59.51514,97,36,1,0.2985718,0.009631349,1.358519,212639,196173312,complete,,10,0.2,4000,97,49,2,2,2381a27c14ff5616b7cc6d5d8ad8114c6563be67d38e6909e318801bb249d989,,,0.07033551,0.06427289,0.05714371,0.08177934,0.07057646,0.07856322
352003,heteroscedastic,deep,50,400,primary,0.5,adjusted,M4,0.06079163,1.217416,3.304683,0.1055104,0.07200544,0.1466515,0.5265306,1.356311,0.07333604,0.05662508,0.06718499,25.8,0.06923008,0.9038514,0.003006649,0.5008321,0.08126162,0.6961215,0.09794722,10,10,38,0.755102,0.7628866,0.7589744,40,2,-0.00467642,0,0,True,1341.841,1167.708,0,43300,0,126850,1282.332,59.50862,97,36,1,0.2496302,0.008052586,1.374339,254328.2,196173312,complete,,10,0.2,4000,97,49,2,2,1e651ee2b1cf7fb864e0f1b35ab4ff421c99d428e9634d22763d32158c11ee5d,,,0.07325579,0.06632107,0.0628194,0.08288501,0.07222942,0.07858804
352003,heteroscedastic,deep,50,400,primary,0.5,adjusted,M5,0.06165455,1.223564,3.298676,0.1055104,0.07573211,0.1466515,0.5265306,1.352266,0.07759007,0.05883077,0.07004385,25.8,0.07045518,0.9027872,0.003628772,0.4993652,0.07829364,0.6963724,0.1010231,10,10,,,,,40,,-0.0009497531,0,0,True,1303.293,1167.708,0,43300,0,126850,1282.332,20.96053,97,36,1,9.82466,0.3169245,1.904447,6462.107,194522112,complete,,10,0.2,4000,97,49,2,2,300608fe7f44915a3836700d852b40497104dff456258c360b6679eb03460756,,,0.07566878,0.0685473,0.06547027,0.08485216,0.07454588,0.07877137
352003,heteroscedastic,deep,50,400,primary,0.5,adjusted,fixed,0.06182138,1.224505,3.297512,0.1055104,0.07668186,0.1466515,0.5265306,1.35189,0.07838339,0.05906207,0.07062067,25.8,0.07110346,0.902559,0.003842899,0.4992716,0.07881458,0.6964527,0.1011866,10,10,40,0.742268,0.742268,0.742268,40,0,0,,,,279.9243,279.9243,0,22050,0,65250,279.9243,0,50,1,0,0.2446286,0.007891246,1.330369,259528.1,196712448,complete,,10,0.2,4000,97,49,2,2,54c6bb9be1eeedd6238546ffb0b5ec06926a821f13a29a3497190b41a2fd7332,,,0.07640307,0.06905563,0.06636911,0.08530004,0.07507923,0.07882283
352003,heteroscedastic,deep,50,400,primary,0.5,adjusted,random,0.06182138,1.224505,3.297512,0.1055104,0.07668186,0.1466515,0.5265306,1.35189,0.07838339,0.05906207,0.07062067,25.8,0.07110346,0.902559,0.003842899,0.4992716,0.07881458,0.6964527,0.1011866,10,10,40,0.742268,0.742268,0.742268,40,0,0,0,1,True,1188.958,1069.458,0,38500,0,122000,1130.88,58.07878,86,36,0,0.2446286,0.007891246,1.330369,259528.1,196712448,complete,,10,0.2,4000,97,49,2,2,54c6bb9be1eeedd6238546ffb0b5ec06926a821f13a29a3497190b41a2fd7332,,,0.07640307,0.06905563,0.06636911,0.08530004,0.07507923,0.07882283
352003,heteroscedastic,deep,50,400,primary,0.5,fixed,M0,0.04217904,,3.276313,0.1055104,0.1199261,0.1466515,0.5265306,1.372275,0.09894084,0.0459503,0.06882539,25.8,0.1109264,0.8997628,0.01145804,0.5032745,0.1506315,0.7002922,0.1446403,10,10,97,0,0,0,40,97,0.0432442,,,,0.0003596973,0.0003596973,0,0,0,0,0.0003596973,0,0,0,0,0.03158344,0.001018821,0.8302905,2010167,78929408,complete,,10,0.2,4000,97,49,2,2,8f676ffd6886c0ae17076127d751415726dec741529bfffaf45729f663366505,,,0.1219259,0.0685526,0.1106817,0.1376887,0.07650816,0.1332753
352003,heteroscedastic,deep,50,400,primary,0.5,fixed,M1,0.06479343,1.237059,3.173866,0.1055104,0.07551577,0.1466515,0.5265306,1.302527,0.08574462,0.05430976,0.07469114,25.8,0.07167663,0.889759,0.003794071,0.4825584,0.08247595,0.6963478,0.1024015,10,10,40,0.742268,0.742268,0.742268,40,0,-0.001166088,,,,0.9168318,0.9168318,0,0,0,0,0.9168318,0,0,0,0,1.374882,0.04435103,1.144583,46177.05,72833536,complete,,10,0.2,4000,97,49,2,2,e72eedcb49131388a058d3315c6cc48569ffc7b74a4e94d213498e30b005033c,,,0.07157563,0.07319688,0.06853122,0.08522369,0.080852,0.08043118
352003,heteroscedastic,deep,50,400,primary,0.5,fixed,M2,0.08952373,1.267605,3.270801,0.1055104,0.1245037,0.1466515,0.5265306,1.344386,0.1087571,0.09852099,0.09404229,25.8,0.1159137,0.8983946,0.01574542,0.4941566,0.1306611,0.7015548,0.1522668,10,10,157,0.2112676,0.3092784,0.251046,40,170,0.04782182,,,,1563.937,99.47444,1464.462,20150,60000,78050,1563.937,0,50,0,0,0.1805625,0.005824596,1.251821,351612.4,643306496,valid_capped_prediction,1.109712e+12,10,0.2,4000,97,49,2,2,307fbefef3c4ce8de22d1f48217f870e162fd84448ff183b1ba3c3796718c42f,,,0.1085883,0.08762506,0.1182605,0.1124188,0.08727499,0.1071824
352003,heteroscedastic,deep,50,400,primary,0.5,fixed,M3,0.06182138,1.224505,3.297512,0.1055104,0.07668186,0.1466515,0.5265306,1.35189,0.07838339,0.05906207,0.07062067,25.8,0.07110346,0.902559,0.003842899,0.4992716,0.07881458,0.6964527,0.1011866,10,10,40,0.742268,0.742268,0.742268,40,0,0,0,1,True,494.8607,460.0262,0,26450,0,76250,480.7223,14.1384,61,7,0,0.2446286,0.007891246,1.330369,259528.1,196712448,complete,,10,0.2,4000,97,49,2,2,54c6bb9be1eeedd6238546ffb0b5ec06926a821f13a29a3497190b41a2fd7332,,,0.07640307,0.06905563,0.06636911,0.08530004,0.07507923,0.07882283
352003,heteroscedastic,deep,50,400,primary,0.5,fixed,M4,0.06182138,1.224505,3.297512,0.1055104,0.07668186,0.1466515,0.5265306,1.35189,0.07838339,0.05906207,0.07062067,25.8,0.07110346,0.902559,0.003842899,0.4992716,0.07881458,0.6964527,0.1011866,10,10,40,0.742268,0.742268,0.742268,40,0,0,0,1,True,494.8607,460.0262,0,26450,0,76250,480.7223,14.13837,61,7,0,0.2446286,0.007891246,1.330369,259528.1,196712448,complete,,10,0.2,4000,97,49,2,2,54c6bb9be1eeedd6238546ffb0b5ec06926a821f13a29a3497190b41a2fd7332,,,0.07640307,0.06905563,0.06636911,0.08530004,0.07507923,0.07882283
352003,heteroscedastic,deep,50,400,primary,0.5,fixed,M5,0.06180811,1.224471,3.297436,0.1055104,0.07668135,0.1466515,0.5265306,1.351878,0.07840599,0.05905434,0.07062183,25.8,0.07112484,0.902549,0.003822109,0.4992556,0.0788661,0.6964532,0.1013387,10,10,,,,,40,,-5.096197e-07,0,0,True,501.2324,460.0262,0,26450,0,76250,480.7223,20.51006,61,7,0,9.554185,0.3081995,1.892707,6645.046,106949632,complete,,10,0.2,4000,97,49,2,2,90ebec14ebc11caecbee9bb4db1653d1b7c104c4d6dc9200545f43532ef64704,,,0.07640081,0.06907469,0.06637038,0.08516848,0.07501451,0.07869998
352003,heteroscedastic,deep,50,400,primary,0.5,fixed,fixed,0.06182138,1.224505,3.297512,0.1055104,0.07668186,0.1466515,0.5265306,1.35189,0.07838339,0.05906207,0.07062067,25.8,0.07110346,0.902559,0.003842899,0.4992716,0.07881458,0.6964527,0.1011866,10,10,40,0.742268,0.742268,0.742268,40,0,0,,,,279.9243,279.9243,0,22050,0,65250,279.9243,0,50,1,0,0.2446286,0.007891246,1.330369,259528.1,196712448,complete,,10,0.2,4000,97,49,2,2,54c6bb9be1eeedd6238546ffb0b5ec06926a821f13a29a3497190b41a2fd7332,,,0.07640307,0.06905563,0.06636911,0.08530004,0.07507923,0.07882283
352003,heteroscedastic,deep,50,400,primary,0.5,fixed,random,0.06182138,1.224505,3.297512,0.1055104,0.07668186,0.1466515,0.5265306,1.35189,0.07838339,0.05906207,0.07062067,25.8,0.07110346,0.902559,0.003842899,0.4992716,0.07881458,0.6964527,0.1011866,10,10,40,0.742268,0.742268,0.742268,40,0,0,0,1,True,404.2385,380.1146,0,24150,0,71950,391.6911,12.54743,56,7,0,0.2446286,0.007891246,1.330369,259528.1,196712448,complete,,10,0.2,4000,97,49,2,2,54c6bb9be1eeedd6238546ffb0b5ec06926a821f13a29a3497190b41a2fd7332,,,0.07640307,0.06905563,0.06636911,0.08530004,0.07507923,0.07882283
352004,heteroscedastic,deep,50,400,primary,0.2,adjusted,M0,0.04624085,,3.284498,0.1164472,0.1242122,0.1799046,0.4979592,1.353437,0.124016,0.04341982,0.07512056,24.4,0.1187903,0.8981784,0.01374897,0.4976383,0.1785879,0.7053595,0.156672,10,10,97,0,0,0,17,97,0.06303788,,,,0.0004703943,0.0004703943,0,0,0,0,0.0004703943,0,0,0,0,0.03079881,0.0009935099,0.8110166,2061378,81098240,complete,,10,0.2,4000,97,49,2,2,bb44d282c316aadfadeecd04bbae8bc87a77bf106e4af4db20ba9b8f5bf59995,,,0.117431,0.07367029,0.1186383,0.1191387,0.07080634,0.1159295
352004,heteroscedastic,deep,50,400,primary,0.2,adjusted,M1,0.06432774,1.239791,3.156847,0.1164472,0.06396214,0.1799046,0.4979592,1.296786,0.08093003,0.0440891,0.07145636,24.4,0.05209032,0.8864905,0.002920682,0.4821299,0.06226086,0.7000344,0.07738024,10,10,17,0.8865979,0.8865979,0.8865979,17,0,0.002787797,,,,0.7407649,0.7407649,0,0,0,0,0.7407649,0,0,0,0,1.425211,0.04597456,1.184349,44546.38,80586752,complete,,10,0.2,4000,97,49,2,2,5d989632ea244515180f8200405f4bd756fc36b48669133c0fa8d44f9bc19147,,,0.06436631,0.07186036,0.05554031,0.07531991,0.07551857,0.07023893
352004,heteroscedastic,deep,50,400,primary,0.2,adjusted,M2,0.07017458,1.26823,3.242722,0.1164472,0.1161321,0.1799046,0.4979592,1.327919,0.1319119,0.06459581,0.09342584,24.4,0.1065612,0.8930136,0.0134426,0.4885184,0.1471878,0.7052504,0.1687097,10,10,125,0.2954545,0.4020619,0.3406114,17,130,0.05495776,,,,1596.035,174.1765,1421.858,21700,60000,77000,1596.035,0,50,0,0,0.1685987,0.005438666,1.393345,376562.9,543718400,valid_capped_prediction,2.330182e+12,10,0.2,4000,97,49,2,2,c0b223564bb8d4d5164bb62e6fc777f470158cac0191fe548069e59bebd6fe4a,,,0.09630387,0.08569107,0.1045714,0.09701027,0.08165692,0.09051898
352004,heteroscedastic,deep,50,400,primary,0.2,adjusted,M3,0.06501348,1.221814,3.267357,0.1164472,0.06117435,0.1799046,0.4979592,1.34698,0.06630856,0.04632113,0.06564068,24.4,0.04995936,0.898287,0.002047035,0.4988929,0.05543392,0.6999561,0.07295763,10,10,17,0.8865979,0.8865979,0.8865979,17,0,0,0,1,True,1065.311,939.5394,0,48250,0,144750,1029.171,36.13987,105,36,0,0.2496583,0.008053494,1.380461,254299.6,203243008,complete,,10,0.2,4000,97,49,2,2,4639bb004c96c6de02c342e929b8a9b3e173b85f5b81cf5e8ddfbb52ccf885f1,,,0.0666649,0.06937284,0.05098914,0.07836653,0.0743424,0.06746794
352004,heteroscedastic,deep,50,400,primary,0.2,adjusted,M4,0.06501348,1.221814,3.267357,0.1164472,0.06117435,0.1799046,0.4979592,1.34698,0.06630856,0.04632113,0.06564068,24.4,0.04995936,0.898287,0.002047035,0.4988929,0.05543392,0.6999561,0.07295763,10,10,17,0.8865979,0.8865979,0.8865979,17,0,0,0,1,True,1065.311,939.5394,0,48250,0,144750,1029.171,36.13983,105,36,0,0.2496583,0.008053494,1.380461,254299.6,203243008,complete,,10,0.2,4000,97,49,2,2,4639bb004c96c6de02c342e929b8a9b3e173b85f5b81cf5e8ddfbb52ccf885f1,,,0.0666649,0.06937284,0.05098914,0.07836653,0.0743424,0.06746794
352004,heteroscedastic,deep,50,400,primary,0.2,adjusted,M5,0.06494168,1.221759,3.267194,0.1164472,0.06104879,0.1799046,0.4979592,1.346891,0.06621988,0.04635353,0.06553529,24.4,0.04996845,0.8982382,0.001974801,0.4988779,0.05541255,0.6999492,0.07259315,10,10,,,,,17,,-0.0001255549,0,0,True,1041.974,939.5394,0,48250,0,144750,1029.171,12.80308,105,36,0,10.51777,0.339283,2.101847,6036.259,203243008,complete,,10,0.2,4000,97,49,2,2,9661f363ddb67e00c11636711bf53b662643012677f94fad465f8a8add188ee5,,,0.06647936,0.06923029,0.05084812,0.07829601,0.07425692,0.06751272
352004,heteroscedastic,deep,50,400,primary,0.2,adjusted,fixed,0.06501348,1.221814,3.267357,0.1164472,0.06117435,0.1799046,0.4979592,1.34698,0.06630856,0.04632113,0.06564068,24.4,0.04995936,0.898287,0.002047035,0.4988929,0.05543392,0.6999561,0.07295763,10,10,17,0.8865979,0.8865979,0.8865979,17,0,0,,,,137.6542,137.6542,0,23050,0,68250,137.6542,0,50,1,0,0.2496583,0.008053494,1.380461,254299.6,194457088,complete,,10,0.2,4000,97,49,2,2,4639bb004c96c6de02c342e929b8a9b3e173b85f5b81cf5e8ddfbb52ccf885f1,,,0.0666649,0.06937284,0.05098914,0.07836653,0.0743424,0.06746794
352004,heteroscedastic,deep,50,400,primary,0.2,adjusted,random,0.06501348,1.221814,3.267357,0.1164472,0.06117435,0.1799046,0.4979592,1.34698,0.06630856,0.04632113,0.06564068,24.4,0.04995936,0.898287,0.002047035,0.4988929,0.05543392,0.6999561,0.07295763,10,10,17,0.8865979,0.8865979,0.8865979,17,0,0,0,1,True,755.3005,680.6238,0,40000,0,131450,719.5988,35.70166,85,36,0,0.2496583,0.008053494,1.380461,254299.6,203487232,complete,,10,0.2,4000,97,49,2,2,4639bb004c96c6de02c342e929b8a9b3e173b85f5b81cf5e8ddfbb52ccf885f1,,,0.0666649,0.06937284,0.05098914,0.07836653,0.0743424,0.06746794
352004,heteroscedastic,deep,50,400,primary,0.2,fixed,M0,0.04624085,,3.284498,0.1164472,0.1242122,0.1799046,0.4979592,1.353437,0.124016,0.04341982,0.07512056,24.4,0.1187903,0.8981784,0.01374897,0.4976383,0.1785879,0.7053595,0.156672,10,10,97,0,0,0,17,97,0.06303788,,,,0.0004703943,0.0004703943,0,0,0,0,0.0004703943,0,0,0,0,0.03079881,0.0009935099,0.8110166,2061378,81098240,complete,,10,0.2,4000,97,49,2,2,bb44d282c316aadfadeecd04bbae8bc87a77bf106e4af4db20ba9b8f5bf59995,,,0.117431,0.07367029,0.1186383,0.1191387,0.07080634,0.1159295
352004,heteroscedastic,deep,50,400,primary,0.2,fixed,M1,0.06432774,1.239791,3.156847,0.1164472,0.06396214,0.1799046,0.4979592,1.296786,0.08093003,0.0440891,0.07145636,24.4,0.05209032,0.8864905,0.002920682,0.4821299,0.06226086,0.7000344,0.07738024,10,10,17,0.8865979,0.8865979,0.8865979,17,0,0.002787797,,,,0.7407649,0.7407649,0,0,0,0,0.7407649,0,0,0,0,1.425211,0.04597456,1.184349,44546.38,80586752,complete,,10,0.2,4000,97,49,2,2,5d989632ea244515180f8200405f4bd756fc36b48669133c0fa8d44f9bc19147,,,0.06436631,0.07186036,0.05554031,0.07531991,0.07551857,0.07023893
352004,heteroscedastic,deep,50,400,primary,0.2,fixed,M2,0.07017458,1.26823,3.242722,0.1164472,0.1161321,0.1799046,0.4979592,1.327919,0.1319119,0.06459581,0.09342584,24.4,0.1065612,0.8930136,0.0134426,0.4885184,0.1471878,0.7052504,0.1687097,10,10,125,0.2954545,0.4020619,0.3406114,17,130,0.05495776,,,,1596.035,174.1765,1421.858,21700,60000,77000,1596.035,0,50,0,0,0.1685987,0.005438666,1.393345,376562.9,543718400,valid_capped_prediction,2.330182e+12,10,0.2,4000,97,49,2,2,c0b223564bb8d4d5164bb62e6fc777f470158cac0191fe548069e59bebd6fe4a,,,0.09630387,0.08569107,0.1045714,0.09701027,0.08165692,0.09051898
352004,heteroscedastic,deep,50,400,primary,0.2,fixed,M3,0.06501348,1.221814,3.267357,0.1164472,0.06117435,0.1799046,0.4979592,1.34698,0.06630856,0.04632113,0.06564068,24.4,0.04995936,0.898287,0.002047035,0.4988929,0.05543392,0.6999561,0.07295763,10,10,17,0.8865979,0.8865979,0.8865979,17,0,0,0,1,True,372.1301,346.1588,0,28800,0,84300,363.9225,8.207624,61,7,0,0.2496583,0.008053494,1.380461,254299.6,194457088,complete,,10,0.2,4000,97,49,2,2,4639bb004c96c6de02c342e929b8a9b3e173b85f5b81cf5e8ddfbb52ccf885f1,,,0.0666649,0.06937284,0.05098914,0.07836653,0.0743424,0.06746794
352004,heteroscedastic,deep,50,400,primary,0.2,fixed,M4,0.06501348,1.221814,3.267357,0.1164472,0.06117435,0.1799046,0.4979592,1.34698,0.06630856,0.04632113,0.06564068,24.4,0.04995936,0.898287,0.002047035,0.4988929,0.05543392,0.6999561,0.07295763,10,10,17,0.8865979,0.8865979,0.8865979,17,0,0,0,1,True,372.1301,346.1588,0,28800,0,84300,363.9225,8.207592,61,7,0,0.2496583,0.008053494,1.380461,254299.6,194457088,complete,,10,0.2,4000,97,49,2,2,4639bb004c96c6de02c342e929b8a9b3e173b85f5b81cf5e8ddfbb52ccf885f1,,,0.0666649,0.06937284,0.05098914,0.07836653,0.0743424,0.06746794
352004,heteroscedastic,deep,50,400,primary,0.2,fixed,M5,0.06500996,1.221752,3.26743,0.1164472,0.06109217,0.1799046,0.4979592,1.346997,0.06617912,0.04631763,0.06558555,24.4,0.04988179,0.8983029,0.002025332,0.4989327,0.05526265,0.6999512,0.07276256,10,10,,,,,17,,-8.217283e-05,0,0,True,378.433,346.1588,0,28800,0,84300,363.9225,14.51047,61,7,0,10.44019,0.3367804,2.063129,6081.114,121033216,complete,,10,0.2,4000,97,49,2,2,4354559ab78f6ae44f88f90893cbba6d25c88a5a93f4c992755cebd74ca8c30d,,,0.06665241,0.06935672,0.05092761,0.07834799,0.07434991,0.06748729
352004,heteroscedastic,deep,50,400,primary,0.2,fixed,fixed,0.06501348,1.221814,3.267357,0.1164472,0.06117435,0.1799046,0.4979592,1.34698,0.06630856,0.04632113,0.06564068,24.4,0.04995936,0.898287,0.002047035,0.4988929,0.05543392,0.6999561,0.07295763,10,10,17,0.8865979,0.8865979,0.8865979,17,0,0,,,,137.6542,137.6542,0,23050,0,68250,137.6542,0,50,1,0,0.2496583,0.008053494,1.380461,254299.6,194457088,complete,,10,0.2,4000,97,49,2,2,4639bb004c96c6de02c342e929b8a9b3e173b85f5b81cf5e8ddfbb52ccf885f1,,,0.0666649,0.06937284,0.05098914,0.07836653,0.0743424,0.06746794
352004,heteroscedastic,deep,50,400,primary,0.2,fixed,random,0.06501348,1.221814,3.267357,0.1164472,0.06117435,0.1799046,0.4979592,1.34698,0.06630856,0.04632113,0.06564068,24.4,0.04995936,0.898287,0.002047035,0.4988929,0.05543392,0.6999561,0.07295763,10,10,17,0.8865979,0.8865979,0.8865979,17,0,0,0,1,True,248.9663,234.2241,0,25900,0,78300,241.1796,7.786713,56,7,0,0.2496583,0.008053494,1.380461,254299.6,194457088,complete,,10,0.2,4000,97,49,2,2,4639bb004c96c6de02c342e929b8a9b3e173b85f5b81cf5e8ddfbb52ccf885f1,,,0.0666649,0.06937284,0.05098914,0.07836653,0.0743424,0.06746794
352004,heteroscedastic,deep,50,400,primary,0.5,adjusted,M0,0.04624085,,3.284498,0.1164472,0.1242122,0.1799046,0.4979592,1.353437,0.124016,0.04341982,0.07512056,24.4,0.1187903,0.8981784,0.01374897,0.4976383,0.1785879,0.7053595,0.156672,10,10,97,0,0,0,41,97,0.03877083,,,,0.0004703943,0.0004703943,0,0,0,0,0.0004703943,0,0,0,0,0.03079881,0.0009935099,0.8110166,2061378,81098240,complete,,10,0.2,4000,97,49,2,2,bb44d282c316aadfadeecd04bbae8bc87a77bf106e4af4db20ba9b8f5bf59995,,,0.117431,0.07367029,0.1186383,0.1191387,0.07080634,0.1159295
352004,heteroscedastic,deep,50,400,primary,0.5,adjusted,M1,0.06547027,1.26078,3.170432,0.1164472,0.08461624,0.1799046,0.4979592,1.303094,0.101454,0.04300473,0.08125982,24.4,0.06875385,0.8872499,0.006381321,0.4833456,0.09167529,0.7015695,0.11149,10,10,41,0.7319588,0.7319588,0.7319588,41,0,-0.0008251555,,,,0.4754507,0.4754507,0,0,0,0,0.4754507,0,0,0,0,1.453409,0.04688416,1.236005,43682.14,72831488,complete,,10,0.2,4000,97,49,2,2,299e0394444bec9db4af82dc729dcbff7e385febf6617397b5c89b0863f469f9,,,0.07466105,0.07630794,0.06934984,0.08005921,0.07824196,0.07375567
352004,heteroscedastic,deep,50,400,primary,0.5,adjusted,M2,0.07017458,1.26823,3.242722,0.1164472,0.1161321,0.1799046,0.4979592,1.327919,0.1319119,0.06459581,0.09342584,24.4,0.1065612,0.8930136,0.0134426,0.4885184,0.1471878,0.7052504,0.1687097,10,10,125,0.2954545,0.4020619,0.3406114,41,137,0.03069071,,,,1596.035,174.1765,1421.858,21700,60000,77000,1596.035,0,50,0,0,0.1685987,0.005438666,1.393345,376562.9,543718400,valid_capped_prediction,2.330182e+12,10,0.2,4000,97,49,2,2,c0b223564bb8d4d5164bb62e6fc777f470158cac0191fe548069e59bebd6fe4a,,,0.09630387,0.08569107,0.1045714,0.09701027,0.08165692,0.09051898
352004,heteroscedastic,deep,50,400,primary,0.5,adjusted,M3,0.06771462,1.245479,3.259382,0.1164472,0.08544139,0.1799046,0.4979592,1.341532,0.08832842,0.04641786,0.07651192,24.4,0.06632572,0.896296,0.005796255,0.4962701,0.08303875,0.701555,0.106331,10,10,41,0.7319588,0.7319588,0.7319588,41,0,0,0,1,True,949.2569,850.7793,0,48550,0,143300,931.1385,18.11847,106,36,0,0.244539,0.007888355,1.461683,259623.2,339795968,complete,,10,0.2,4000,97,49,2,2,4fb16d9af16983895202926816ad20c82e4aa5da9082deacbdbb05841afa9487,,,0.07468059,0.07205268,0.06502225,0.08421936,0.07667299,0.07269555
352004,heteroscedastic,deep,50,400,primary,0.5,adjusted,M4,0.06771462,1.245479,3.259382,0.1164472,0.08544139,0.1799046,0.4979592,1.341532,0.08832842,0.04641786,0.07651192,24.4,0.06632572,0.896296,0.005796255,0.4962701,0.08303875,0.701555,0.106331,10,10,41,0.7319588,0.7319588,0.7319588,41,0,0,0,1,True,949.2569,850.7793,0,48550,0,143300,931.1385,18.11841,106,36,0,0.244539,0.007888355,1.461683,259623.2,339795968,complete,,10,0.2,4000,97,49,2,2,4fb16d9af16983895202926816ad20c82e4aa5da9082deacbdbb05841afa9487,,,0.07468059,0.07205268,0.06502225,0.08421936,0.07667299,0.07269555
352004,heteroscedastic,deep,50,400,primary,0.5,adjusted,M5,0.06770703,1.245409,3.259501,0.1164472,0.08533157,0.1799046,0.4979592,1.341374,0.0882302,0.04644474,0.07644027,24.4,0.06631638,0.896299,0.005810956,0.4962332,0.08301603,0.7015466,0.1061007,10,10,,,,,41,,-0.0001098208,0,0,True,938.008,850.7793,0,48550,0,143300,931.1385,6.869511,106,36,0,10.09231,0.3255585,2.025362,6290.727,196480512,complete,,10,0.2,4000,97,49,2,2,3e3cdc53903cc8a071671d2c9b3ccfd296f4c79d0437d50fc264986e5c380844,,,0.07463573,0.07204724,0.06499488,0.08406309,0.0766219,0.07260701
352004,heteroscedastic,deep,50,400,primary,0.5,adjusted,fixed,0.06771462,1.245479,3.259382,0.1164472,0.08544139,0.1799046,0.4979592,1.341532,0.08832842,0.04641786,0.07651192,24.4,0.06632572,0.896296,0.005796255,0.4962701,0.08303875,0.701555,0.106331,10,10,41,0.7319588,0.7319588,0.7319588,41,0,0,,,,173.6644,173.6644,0,23400,0,68050,173.6644,0,50,1,0,0.244539,0.007888355,1.461683,259623.2,339795968,complete,,10,0.2,4000,97,49,2,2,4fb16d9af16983895202926816ad20c82e4aa5da9082deacbdbb05841afa9487,,,0.07468059,0.07205268,0.06502225,0.08421936,0.07667299,0.07269555
352004,heteroscedastic,deep,50,400,primary,0.5,adjusted,random,0.06771462,1.245479,3.259382,0.1164472,0.08544139,0.1799046,0.4979592,1.341532,0.08832842,0.04641786,0.07651192,24.4,0.06632572,0.896296,0.005796255,0.4962701,0.08303875,0.701555,0.106331,10,10,41,0.7319588,0.7319588,0.7319588,41,0,0,0,1,True,606.0133,567.3402,0,40050,0,125600,586.3881,19.62522,86,36,0,0.244539,0.007888355,1.461683,259623.2,339795968,complete,,10,0.2,4000,97,49,2,2,4fb16d9af16983895202926816ad20c82e4aa5da9082deacbdbb05841afa9487,,,0.07468059,0.07205268,0.06502225,0.08421936,0.07667299,0.07269555
352004,heteroscedastic,deep,50,400,primary,0.5,fixed,M0,0.04624085,,3.284498,0.1164472,0.1242122,0.1799046,0.4979592,1.353437,0.124016,0.04341982,0.07512056,24.4,0.1187903,0.8981784,0.01374897,0.4976383,0.1785879,0.7053595,0.156672,10,10,97,0,0,0,41,97,0.03877083,,,,0.0004703943,0.0004703943,0,0,0,0,0.0004703943,0,0,0,0,0.03079881,0.0009935099,0.8110166,2061378,81098240,complete,,10,0.2,4000,97,49,2,2,bb44d282c316aadfadeecd04bbae8bc87a77bf106e4af4db20ba9b8f5bf59995,,,0.117431,0.07367029,0.1186383,0.1191387,0.07080634,0.1159295
352004,heteroscedastic,deep,50,400,primary,0.5,fixed,M1,0.06547027,1.26078,3.170432,0.1164472,0.08461624,0.1799046,0.4979592,1.303094,0.101454,0.04300473,0.08125982,24.4,0.06875385,0.8872499,0.006381321,0.4833456,0.09167529,0.7015695,0.11149,10,10,41,0.7319588,0.7319588,0.7319588,41,0,-0.0008251555,,,,0.4754507,0.4754507,0,0,0,0,0.4754507,0,0,0,0,1.453409,0.04688416,1.236005,43682.14,72831488,complete,,10,0.2,4000,97,49,2,2,299e0394444bec9db4af82dc729dcbff7e385febf6617397b5c89b0863f469f9,,,0.07466105,0.07630794,0.06934984,0.08005921,0.07824196,0.07375567
352004,heteroscedastic,deep,50,400,primary,0.5,fixed,M2,0.07017458,1.26823,3.242722,0.1164472,0.1161321,0.1799046,0.4979592,1.327919,0.1319119,0.06459581,0.09342584,24.4,0.1065612,0.8930136,0.0134426,0.4885184,0.1471878,0.7052504,0.1687097,10,10,125,0.2954545,0.4020619,0.3406114,41,137,0.03069071,,,,1596.035,174.1765,1421.858,21700,60000,77000,1596.035,0,50,0,0,0.1685987,0.005438666,1.393345,376562.9,543718400,valid_capped_prediction,2.330182e+12,10,0.2,4000,97,49,2,2,c0b223564bb8d4d5164bb62e6fc777f470158cac0191fe548069e59bebd6fe4a,,,0.09630387,0.08569107,0.1045714,0.09701027,0.08165692,0.09051898
352004,heteroscedastic,deep,50,400,primary,0.5,fixed,M3,0.06771462,1.245479,3.259382,0.1164472,0.08544139,0.1799046,0.4979592,1.341532,0.08832842,0.04641786,0.07651192,24.4,0.06632572,0.896296,0.005796255,0.4962701,0.08303875,0.701555,0.106331,10,10,41,0.7319588,0.7319588,0.7319588,41,0,0,0,1,True,312.9546,293.7543,0,28100,0,81100,308.7616,4.192979,61,7,0,0.244539,0.007888355,1.461683,259623.2,339795968,complete,,10,0.2,4000,97,49,2,2,4fb16d9af16983895202926816ad20c82e4aa5da9082deacbdbb05841afa9487,,,0.07468059,0.07205268,0.06502225,0.08421936,0.07667299,0.07269555
352004,heteroscedastic,deep,50,400,primary,0.5,fixed,M4,0.06771462,1.245479,3.259382,0.1164472,0.08544139,0.1799046,0.4979592,1.341532,0.08832842,0.04641786,0.07651192,24.4,0.06632572,0.896296,0.005796255,0.4962701,0.08303875,0.701555,0.106331,10,10,41,0.7319588,0.7319588,0.7319588,41,0,0,0,1,True,312.9546,293.7543,0,28100,0,81100,308.7616,4.192944,61,7,0,0.244539,0.007888355,1.461683,259623.2,339795968,complete,,10,0.2,4000,97,49,2,2,4fb16d9af16983895202926816ad20c82e4aa5da9082deacbdbb05841afa9487,,,0.07468059,0.07205268,0.06502225,0.08421936,0.07667299,0.07269555
352004,heteroscedastic,deep,50,400,primary,0.5,fixed,M5,0.06767959,1.245379,3.259489,0.1164472,0.08535358,0.1799046,0.4979592,1.341571,0.08829644,0.04623767,0.0764755,24.4,0.06620355,0.896311,0.00579755,0.496296,0.0829977,0.7015449,0.1063535,10,10,,,,,41,,-8.78118e-05,0,0,True,315.2344,293.7543,0,28100,0,81100,308.7616,6.472722,61,7,0,9.975758,0.3217986,1.909502,6364.228,116840448,complete,,10,0.2,4000,97,49,2,2,dd932ecdc6c4b2c7772948363c38a2e3d4592518ce19a1bb31c3ea0c9c234ba4,,,0.07465762,0.07204426,0.06498817,0.08419372,0.07666186,0.07268599
352004,heteroscedastic,deep,50,400,primary,0.5,fixed,fixed,0.06771462,1.245479,3.259382,0.1164472,0.08544139,0.1799046,0.4979592,1.341532,0.08832842,0.04641786,0.07651192,24.4,0.06632572,0.896296,0.005796255,0.4962701,0.08303875,0.701555,0.106331,10,10,41,0.7319588,0.7319588,0.7319588,41,0,0,,,,173.6644,173.6644,0,23400,0,68050,173.6644,0,50,1,0,0.244539,0.007888355,1.461683,259623.2,339795968,complete,,10,0.2,4000,97,49,2,2,4fb16d9af16983895202926816ad20c82e4aa5da9082deacbdbb05841afa9487,,,0.07468059,0.07205268,0.06502225,0.08421936,0.07667299,0.07269555
352004,heteroscedastic,deep,50,400,primary,0.5,fixed,random,0.06771462,1.245479,3.259382,0.1164472,0.08544139,0.1799046,0.4979592,1.341532,0.08832842,0.04641786,0.07651192,24.4,0.06632572,0.896296,0.005796255,0.4962701,0.08303875,0.701555,0.106331,10,10,41,0.7319588,0.7319588,0.7319588,41,0,0,0,1,True,273.4889,265.3337,0,27100,0,79600,269.1566,4.332311,57,7,0,0.244539,0.007888355,1.461683,259623.2,339795968,complete,,10,0.2,4000,97,49,2,2,4fb16d9af16983895202926816ad20c82e4aa5da9082deacbdbb05841afa9487,,,0.07468059,0.07205268,0.06502225,0.08421936,0.07667299,0.07269555
