study,d,family,budget,corruption,metadata_variant,method,endpoint,independent_scms,sw1_mean,sw1_sd,energy_mean,mean_effect_rmse,coverage_90,width_90
controlled,5,heteroscedastic,100,-1.0,none,additive_oracle,T1,5,0.09128739982843395,0.006767384467230201,0.0060684204101562195,0.05464473429326764,0.9143717447916666,3.3085765520731614
controlled,5,heteroscedastic,100,-1.0,none,additive_oracle,T2,5,0.1030399307608604,0.008144164438852354,0.01110065778096514,0.06844323128742572,0.9086995442708334,3.3102645238240562
controlled,5,heteroscedastic,100,-1.0,none,additive_oracle,T3,5,0.09943989515304559,0.00859871585811376,0.02394418716430658,0.050853275439200776,0.91536865234375,3.331730508804321
controlled,5,heteroscedastic,100,-1.0,none,additive_oracle,observational,5,0.10198128223419185,0.02194762385829646,0.046934032440185534,2.5257425111429307e-08,0.9154687643051147,3.4368967056274413
controlled,5,heteroscedastic,100,-1.0,none,data_only,T1,5,0.08511629203955327,0.019884276024358938,0.004805771509806321,0.07471887723150716,0.8992919921875,3.1496031284332275
controlled,5,heteroscedastic,100,-1.0,none,data_only,T2,5,0.10925363798936202,0.03539483686195945,0.02885025342305498,0.0961635240347736,0.8950520833333334,3.1858773708343504
controlled,5,heteroscedastic,100,-1.0,none,data_only,T3,5,0.16525231078267094,0.08598271704622108,0.07393903732299797,0.18460900263954574,0.90037841796875,3.2374640464782716
controlled,5,heteroscedastic,100,-1.0,none,data_only,observational,5,0.09209726303815838,0.023242887999219197,0.036341571807861336,3.278051907609774e-08,0.9038671970367431,3.2990043640136717
controlled,5,heteroscedastic,100,-1.0,none,dcdi,T1,5,0.1955565104881922,0.05954977850622524,0.07024784088134764,0.2170962287657293,0.8976806640625,3.2156883875528974
controlled,5,heteroscedastic,100,-1.0,none,dcdi,T2,5,0.280084545413653,0.08210307130533163,0.18382115364074703,0.20474036732240827,0.8719807942708334,3.1710273583730064
controlled,5,heteroscedastic,100,-1.0,none,dcdi,T3,5,0.2557623371481895,0.07206659961548714,0.15073525905609125,0.2577998093586019,0.89461669921875,3.2669963598251344
controlled,5,heteroscedastic,100,-1.0,none,dcdi,observational,5,0.1634228944778442,0.04333561675239057,0.06531152725219722,6.21926305281662e-08,0.8994922041893005,3.2781193256378174
controlled,5,heteroscedastic,100,-1.0,none,oracle,T1,5,0.06989008113741868,0.0052371971693618,-7.882118225098004e-05,0.05765180791505996,0.9009684244791666,3.1688456535339355
controlled,5,heteroscedastic,100,-1.0,none,oracle,T2,5,0.08299223830302552,0.008778784219163874,0.01007061004638668,0.071916851877942,0.9020345052083334,3.220415004094442
controlled,5,heteroscedastic,100,-1.0,none,oracle,T3,5,0.083483213186264,0.01354733795762826,0.02190098762512204,0.05194716130392814,0.9057861328125,3.2261667013168336
controlled,5,heteroscedastic,100,-1.0,none,oracle,observational,5,0.08205096572637556,0.015310815588816633,0.03800578117370604,2.8876427733506558e-08,0.9059375047683715,3.324259328842163
controlled,5,heteroscedastic,100,0.0,none,additive_fixed,T1,5,0.09128739982843395,0.006767384467230201,0.0060684204101562195,0.05464473429326764,0.9143717447916666,3.3085765520731614
controlled,5,heteroscedastic,100,0.0,none,additive_fixed,T2,5,0.1030399307608604,0.008144164438852354,0.01110065778096514,0.06844323128742572,0.9086995442708334,3.3102645238240562
controlled,5,heteroscedastic,100,0.0,none,additive_fixed,T3,5,0.09943989515304559,0.00859871585811376,0.02394418716430658,0.050853275439200776,0.91536865234375,3.331730508804321
controlled,5,heteroscedastic,100,0.0,none,additive_fixed,observational,5,0.10198128223419185,0.02194762385829646,0.046934032440185534,2.5257425111429307e-08,0.9154687643051147,3.4368967056274413
controlled,5,heteroscedastic,100,0.0,none,diagnostic,T1,5,0.06974264979362482,0.005482476904847901,-6.34670257568401e-05,0.05798896965349892,0.9009684244791666,3.1690916856129965
controlled,5,heteroscedastic,100,0.0,none,diagnostic,T2,5,0.0827807560563087,0.009162202736224114,0.010004456837971961,0.07248745554601041,0.9019694010416666,3.2194162209828696
controlled,5,heteroscedastic,100,0.0,none,diagnostic,T3,5,0.0825260572135448,0.013519775588635062,0.0212774038314819,0.05128786702073074,0.90601806640625,3.2297627925872803
controlled,5,heteroscedastic,100,0.0,none,diagnostic,observational,5,0.08368409126996992,0.014576388764768676,0.038416337966918915,2.8898895442623806e-08,0.9059375047683715,3.324007177352905
controlled,5,heteroscedastic,100,0.0,none,fixed,T1,5,0.06989008113741868,0.0052371971693618,-7.882118225098004e-05,0.05765180791505996,0.9009684244791666,3.1688456535339355
controlled,5,heteroscedastic,100,0.0,none,fixed,T2,5,0.08299223830302552,0.008778784219163874,0.01007061004638668,0.071916851877942,0.9020345052083334,3.220415004094442
controlled,5,heteroscedastic,100,0.0,none,fixed,T3,5,0.083483213186264,0.01354733795762826,0.02190098762512204,0.05194716130392814,0.9057861328125,3.2261667013168336
controlled,5,heteroscedastic,100,0.0,none,fixed,observational,5,0.08205096572637556,0.015310815588816633,0.03800578117370604,2.8876427733506558e-08,0.9059375047683715,3.324259328842163
controlled,5,heteroscedastic,100,0.0,none,random,T1,5,0.06989008113741868,0.0052371971693618,-7.882118225098004e-05,0.05765180791505996,0.9009684244791666,3.1688456535339355
controlled,5,heteroscedastic,100,0.0,none,random,T2,5,0.08299223830302552,0.008778784219163874,0.01007061004638668,0.071916851877942,0.9020345052083334,3.220415004094442
controlled,5,heteroscedastic,100,0.0,none,random,T3,5,0.083483213186264,0.01354733795762826,0.02190098762512204,0.05194716130392814,0.9057861328125,3.2261667013168336
controlled,5,heteroscedastic,100,0.0,none,random,observational,5,0.08205096572637556,0.015310815588816633,0.03800578117370604,2.8876427733506558e-08,0.9059375047683715,3.324259328842163
controlled,5,heteroscedastic,100,0.2,none,additive_fixed,T1,5,0.0947722827394803,0.008057487176657425,0.00703682899475096,0.06268345329974738,0.9132405598958334,3.2941832065582277
controlled,5,heteroscedastic,100,0.2,none,additive_fixed,T2,5,0.11274283776680623,0.00839809196186493,0.01605383555094396,0.07541733020845004,0.9071370442708334,3.2954020341237387
controlled,5,heteroscedastic,100,0.2,none,additive_fixed,T3,5,0.10727718248963351,0.01621928962786732,0.028197455406188898,0.07535099128681219,0.91195068359375,3.3067519426345826
controlled,5,heteroscedastic,100,0.2,none,additive_fixed,observational,5,0.10397245585918424,0.02208212100163839,0.048513603210449216,2.6633219200460493e-08,0.913671875,3.419399356842041
controlled,5,heteroscedastic,100,0.2,none,diagnostic,T1,5,0.07604086051384606,0.013629521370686962,0.0013636430104573393,0.06475688869058836,0.9005126953125,3.1661171277364097
controlled,5,heteroscedastic,100,0.2,none,diagnostic,T2,5,0.0894243123630682,0.02266529007686292,0.011690807342529261,0.07831228830987712,0.9029459635416666,3.234264945983887
controlled,5,heteroscedastic,100,0.2,none,diagnostic,T3,5,0.09142559878528114,0.02470338852619761,0.025153470039367642,0.07060491836575947,0.90936279296875,3.274041938781738
controlled,5,heteroscedastic,100,0.2,none,diagnostic,observational,5,0.08662752807140348,0.016121426104090182,0.03954310417175294,2.884678550886024e-08,0.9062890648841858,3.3301830291748047
controlled,5,heteroscedastic,100,0.2,none,fixed,T1,5,0.07737887005011237,0.0039993654696846345,0.0016765117645263596,0.06077248207837048,0.9008951822916667,3.171674648920695
controlled,5,heteroscedastic,100,0.2,none,fixed,T2,5,0.09455049782991405,0.017199249408277998,0.01496119499206538,0.07941463181024325,0.9036295572916666,3.2429635365804037
controlled,5,heteroscedastic,100,0.2,none,fixed,T3,5,0.09796726070344444,0.031172898187043965,0.029148268699645964,0.07831121312371722,0.90662841796875,3.2449856042861938
controlled,5,heteroscedastic,100,0.2,none,fixed,observational,5,0.08737484216690061,0.015569891189320617,0.040274906158447275,2.4803786929794948e-08,0.9073437571525573,3.3380205631256104
controlled,5,heteroscedastic,100,0.2,none,random,T1,5,0.07191670288642243,0.005239736716100818,0.0002123514811197996,0.061005953790772394,0.8989339192708334,3.145702425638835
controlled,5,heteroscedastic,100,0.2,none,random,T2,5,0.09361505011717472,0.020911435759747875,0.016108258565266882,0.07247837514601611,0.9008544921875,3.2162912050882975
controlled,5,heteroscedastic,100,0.2,none,random,T3,5,0.12545764483511443,0.0891137271543357,0.04800248146057125,0.1094799257080602,0.902880859375,3.240597128868103
controlled,5,heteroscedastic,100,0.2,none,random,observational,5,0.08729774504899976,0.024407463671341598,0.03732585906982422,3.367073450303179e-08,0.9057031393051147,3.3256887912750246
controlled,5,heteroscedastic,100,0.5,none,additive_fixed,T1,5,0.1602883363763491,0.0502074086705077,0.04664948781331378,0.15076804700560512,0.9107259114583334,3.3109021186828613
controlled,5,heteroscedastic,100,0.5,none,additive_fixed,T2,5,0.2217543438076973,0.06420806103300132,0.11043690045674637,0.1704091622778104,0.9025065104166666,3.336558262507121
controlled,5,heteroscedastic,100,0.5,none,additive_fixed,T3,5,0.2142934963107109,0.12248685738601853,0.1059522628784179,0.1984564766816133,0.9089111328125,3.368337869644165
controlled,5,heteroscedastic,100,0.5,none,additive_fixed,observational,5,0.14804418683052062,0.029614870638636534,0.06853470802307124,7.694891485198781e-08,0.9120312571525574,3.4204087257385254
controlled,5,heteroscedastic,100,0.5,none,additive_repair,T1,5,0.09899923652410504,0.00888289847578995,0.00923905372619626,0.06936015790190252,0.9137858072916666,3.3045878728230798
controlled,5,heteroscedastic,100,0.5,none,additive_repair,T2,5,0.11225508302450178,0.008331338392027928,0.01617719332377112,0.08060342949855051,0.9080159505208334,3.307746807734172
controlled,5,heteroscedastic,100,0.5,none,additive_repair,T3,5,0.11893470138311382,0.020406800292158498,0.03291141986846918,0.08473506176015203,0.91331787109375,3.3236443042755126
controlled,5,heteroscedastic,100,0.5,none,additive_repair,observational,5,0.10690752714872356,0.023698298345560097,0.048415851593017555,2.714535238678269e-08,0.91484375,3.433206653594971
controlled,5,heteroscedastic,100,0.5,none,diagnostic,T1,5,0.07441397756338117,0.011470412731301215,0.0012686729431152198,0.06084568630267716,0.8987223307291666,3.1409987290700276
controlled,5,heteroscedastic,100,0.5,none,diagnostic,T2,5,0.08787846316893891,0.013102093126256667,0.01494779586791988,0.07498750474602056,0.8984212239583333,3.184441582361857
controlled,5,heteroscedastic,100,0.5,none,diagnostic,T3,5,0.12131679318845265,0.09329588823929663,0.04564909934997554,0.11639738911176525,0.90157470703125,3.2261589765548706
controlled,5,heteroscedastic,100,0.5,none,diagnostic,observational,5,0.08612113296985624,0.011597176748694312,0.0365845203399658,4.234662283688088e-08,0.9039453268051147,3.2977583408355713
controlled,5,heteroscedastic,100,0.5,none,fixed,T1,5,0.14921827663977932,0.053172583124951094,0.0424794514973958,0.1528443700621298,0.8991780598958334,3.195268185933431
controlled,5,heteroscedastic,100,0.5,none,fixed,T2,5,0.20771163155635194,0.06802449245621135,0.10389445622762042,0.1626173198329742,0.8966878255208334,3.2668327967325843
controlled,5,heteroscedastic,100,0.5,none,fixed,T3,5,0.20530373491346832,0.13571868909337376,0.1092206478118896,0.20059764013897455,0.89927978515625,3.2598850250244142
controlled,5,heteroscedastic,100,0.5,none,fixed,observational,5,0.13329659104347222,0.03530703624657104,0.059103870391845684,8.203587801678916e-08,0.9060547113418579,3.3525318622589113
controlled,5,heteroscedastic,100,0.5,none,marginal,T1,5,0.08134106670816735,0.017079330638167738,0.0039618333180745195,0.0821048741568641,0.9007975260416666,3.1745022773742675
controlled,5,heteroscedastic,100,0.5,none,marginal,T2,5,0.11569466789563491,0.07362644301077391,0.03546187082926428,0.08889360109835588,0.9009033203125,3.227319065729777
controlled,5,heteroscedastic,100,0.5,none,marginal,T3,5,0.09919888041913504,0.042366422882814364,0.0297049760818481,0.0595959338874103,0.9045166015625,3.2297861576080322
controlled,5,heteroscedastic,100,0.5,none,marginal,observational,5,0.0979712292551994,0.033350408668399216,0.04440011978149412,4.314197401587491e-08,0.9067968845367431,3.335110139846802
controlled,5,heteroscedastic,100,0.5,none,no_wasserstein,T1,5,0.07903793727358178,0.013491042777385638,0.001949437459309878,0.06802730307818435,0.9003987630208334,3.1630168914794923
controlled,5,heteroscedastic,100,0.5,none,no_wasserstein,T2,5,0.0984131847818692,0.032106003229340124,0.02045189539591468,0.08478468963321839,0.900537109375,3.2214998245239257
controlled,5,heteroscedastic,100,0.5,none,no_wasserstein,T3,5,0.0993671622127294,0.046036451775065906,0.0329966306686401,0.08757732107034008,0.903564453125,3.2146357536315917
controlled,5,heteroscedastic,100,0.5,none,no_wasserstein,observational,5,0.08539776057004925,0.018460270622305392,0.04000291824340818,3.0949942728768424e-08,0.9064062595367431,3.32847580909729
controlled,5,heteroscedastic,100,0.5,none,random,T1,5,0.0991035295029481,0.043160403371209244,0.014374860127766901,0.10081955108657117,0.898291015625,3.1519271691640216
controlled,5,heteroscedastic,100,0.5,none,random,T2,5,0.14021188318729394,0.0857879588912321,0.055974467595418256,0.09924933835906205,0.8923746744791666,3.212699222564697
controlled,5,heteroscedastic,100,0.5,none,random,T3,5,0.1964156258851289,0.11220150549118954,0.10678923130035398,0.20752417452507674,0.899951171875,3.2787195205688477
controlled,5,heteroscedastic,100,0.5,none,random,observational,5,0.10657017230987546,0.042673669990336706,0.04380569458007814,7.599267293352312e-08,0.9059375286102295,3.3484524726867675
controlled,5,heteroscedastic,400,-1.0,none,additive_oracle,T1,5,0.07076800887783365,0.010413789650359728,0.0013179937998453611,0.04813173801762262,0.9076985677083333,3.222070995966593
controlled,5,heteroscedastic,400,-1.0,none,additive_oracle,T2,5,0.07912173221508659,0.007172714575293494,0.005929422378540041,0.0604417491837274,0.9041666666666666,3.2363528410593667
controlled,5,heteroscedastic,400,-1.0,none,additive_oracle,T3,5,0.08086144179105755,0.0035713910715664023,0.01653633117675778,0.05221258585656861,0.90836181640625,3.2414063453674316
controlled,5,heteroscedastic,400,-1.0,none,additive_oracle,observational,5,0.07558965235948556,0.010416651197655384,0.03637261390686032,1.7572292694625658e-08,0.9095703363418579,3.3338637828826903
controlled,5,heteroscedastic,400,-1.0,none,data_only,T1,5,0.06994045550624524,0.02310831058859255,0.00443870226542154,0.07143765957457228,0.8972493489583334,3.127993377049764
controlled,5,heteroscedastic,400,-1.0,none,data_only,T2,5,0.09905399108926449,0.03685770803798875,0.02302719751993812,0.0851820394446598,0.8969156901041666,3.1929821014404296
controlled,5,heteroscedastic,400,-1.0,none,data_only,T3,5,0.1594399072229862,0.0888995824058468,0.07010710239410393,0.18464790087850375,0.89644775390625,3.1923091888427733
controlled,5,heteroscedastic,400,-1.0,none,data_only,observational,5,0.06452081725001332,0.005692246056573314,0.02330894470214844,4.1845041996846624e-08,0.902539074420929,3.2693419456481934
controlled,5,heteroscedastic,400,-1.0,none,dcdi,T1,5,0.11849471355477965,0.04069173686182185,0.021693229675292962,0.13456843425831228,0.899951171875,3.183849843343099
controlled,5,heteroscedastic,400,-1.0,none,dcdi,T2,5,0.17539380739132557,0.07982748797266573,0.07464305559794102,0.14278534036747878,0.891162109375,3.194208065668742
controlled,5,heteroscedastic,400,-1.0,none,dcdi,T3,5,0.17860359437763687,0.09194853918029301,0.08221106529235836,0.2000605236029387,0.89276123046875,3.163521099090576
controlled,5,heteroscedastic,400,-1.0,none,dcdi,observational,5,0.09958707988262169,0.025275553526841257,0.03609213829040526,5.031134035760395e-08,0.902148449420929,3.2725512981414795
controlled,5,heteroscedastic,400,-1.0,none,oracle,T1,5,0.067785004278024,0.014562117783101805,0.0021797657012939185,0.06065222413415634,0.8975667317708333,3.126654370625814
controlled,5,heteroscedastic,400,-1.0,none,oracle,T2,5,0.07791717946529386,0.013809873125132132,0.00906982421874994,0.06981804589512386,0.90068359375,3.1919485569000243
controlled,5,heteroscedastic,400,-1.0,none,oracle,T3,5,0.06873723529279226,0.018035011483808743,0.01652042865753166,0.06063351875915236,0.90462646484375,3.189382719993591
controlled,5,heteroscedastic,400,-1.0,none,oracle,observational,5,0.061105369776487284,0.009606265452127578,0.029868173599243143,4.3779673561190447e-08,0.9021093845367432,3.2634822845458986
controlled,5,heteroscedastic,400,0.0,none,additive_fixed,T1,5,0.07076800887783365,0.010413789650359728,0.0013179937998453611,0.04813173801762262,0.9076985677083333,3.222070995966593
controlled,5,heteroscedastic,400,0.0,none,additive_fixed,T2,5,0.07912173221508659,0.007172714575293494,0.005929422378540041,0.0604417491837274,0.9041666666666666,3.2363528410593667
controlled,5,heteroscedastic,400,0.0,none,additive_fixed,T3,5,0.08086144179105755,0.0035713910715664023,0.01653633117675778,0.05221258585656861,0.90836181640625,3.2414063453674316
controlled,5,heteroscedastic,400,0.0,none,additive_fixed,observational,5,0.07558965235948556,0.010416651197655384,0.03637261390686032,1.7572292694625658e-08,0.9095703363418579,3.3338637828826903
controlled,5,heteroscedastic,400,0.0,none,diagnostic,T1,5,0.06610725596547122,0.011420592591191976,0.001327164967854798,0.06345198243681482,0.8974609375,3.123603661855062
controlled,5,heteroscedastic,400,0.0,none,diagnostic,T2,5,0.08933283040920889,0.03579363360038885,0.015129645665486602,0.07757359038140822,0.8998779296875,3.192276970545451
controlled,5,heteroscedastic,400,0.0,none,diagnostic,T3,5,0.08448408320546145,0.04304135683187766,0.022951650619506762,0.07905376400410538,0.902490234375,3.1762608051300054
controlled,5,heteroscedastic,400,0.0,none,diagnostic,observational,5,0.06272033080458635,0.012470310964866794,0.03086686134338378,4.0360074650532437e-08,0.9014062643051147,3.2573497772216795
controlled,5,heteroscedastic,400,0.0,none,fixed,T1,5,0.067785004278024,0.014562117783101805,0.0021797657012939185,0.06065222413415634,0.8975667317708333,3.126654370625814
controlled,5,heteroscedastic,400,0.0,none,fixed,T2,5,0.07791717946529386,0.013809873125132132,0.00906982421874994,0.06981804589512386,0.90068359375,3.1919485569000243
controlled,5,heteroscedastic,400,0.0,none,fixed,T3,5,0.06873723529279226,0.018035011483808743,0.01652042865753166,0.06063351875915236,0.90462646484375,3.189382719993591
controlled,5,heteroscedastic,400,0.0,none,fixed,observational,5,0.061105369776487284,0.009606265452127578,0.029868173599243143,4.3779673561190447e-08,0.9021093845367432,3.2634822845458986
controlled,5,heteroscedastic,400,0.0,none,random,T1,5,0.0602075005571047,0.006741871233858343,0.000618394215901678,0.05946773133741098,0.896728515625,3.116279458999634
controlled,5,heteroscedastic,400,0.0,none,random,T2,5,0.07872145225604373,0.012730519567203094,0.009863678614298441,0.07227896477364704,0.9005940755208334,3.193138774236043
controlled,5,heteroscedastic,400,0.0,none,random,T3,5,0.08004500120878216,0.028057716664752784,0.02055039405822746,0.07773212255679218,0.90416259765625,3.1912999629974363
controlled,5,heteroscedastic,400,0.0,none,random,observational,5,0.059942313283681825,0.007980875647806458,0.029781103134155263,4.788570241753012e-08,0.9021093845367432,3.265414905548096
controlled,5,heteroscedastic,400,0.2,none,additive_fixed,T1,5,0.07447914406657213,0.009642275087439412,0.0016732374827066999,0.05269760072362552,0.9074951171875,3.2220825990041093
controlled,5,heteroscedastic,400,0.2,none,additive_fixed,T2,5,0.0909447272618611,0.006309694004037428,0.009750000635782846,0.06659195481506212,0.9043538411458334,3.2404725392659506
controlled,5,heteroscedastic,400,0.2,none,additive_fixed,T3,5,0.09917786344885822,0.02380242577417036,0.02480468749999996,0.07837751407218549,0.9064453125,3.230858898162842
controlled,5,heteroscedastic,400,0.2,none,additive_fixed,observational,5,0.07954337298870082,0.010706982010251094,0.0385858058929443,1.882541628183363e-08,0.9101171970367432,3.339135265350342
controlled,5,heteroscedastic,400,0.2,none,diagnostic,T1,5,0.06494749262928956,0.0036847222858355077,0.0006523450215657403,0.0713477387088627,0.8974527994791666,3.12528239885966
controlled,5,heteroscedastic,400,0.2,none,diagnostic,T2,5,0.08390543212493255,0.013455868794281633,0.011352856953938738,0.07327305677678389,0.9021891276041666,3.2137899716695153
controlled,5,heteroscedastic,400,0.2,none,diagnostic,T3,5,0.08770365379750725,0.03254320304621521,0.02291452884674066,0.08455877117541685,0.90662841796875,3.2267738342285157
controlled,5,heteroscedastic,400,0.2,none,diagnostic,observational,5,0.06382355764508243,0.009356422483881795,0.031803274154663094,4.331758409467151e-08,0.9031250238418579,3.283981275558472
controlled,5,heteroscedastic,400,0.2,none,fixed,T1,5,0.07190767278273894,0.010934033277094826,0.00270016988118488,0.06636966419586125,0.897802734375,3.128367614746094
controlled,5,heteroscedastic,400,0.2,none,fixed,T2,5,0.08339303533236182,0.01363203739818298,0.01130716005961096,0.07247901700519646,0.9025797526041666,3.213720417022705
controlled,5,heteroscedastic,400,0.2,none,fixed,T3,5,0.09188262484967702,0.036884908341034035,0.025438594818115157,0.0882837046726265,0.904345703125,3.201169729232788
controlled,5,heteroscedastic,400,0.2,none,fixed,observational,5,0.06478182747960086,0.013748132116352178,0.03168363571166992,3.580171840828265e-08,0.9042578220367432,3.285062646865845
controlled,5,heteroscedastic,400,0.2,none,random,T1,5,0.0694613210856914,0.007458599833267345,0.0010636488596598205,0.07006317476126503,0.8980143229166666,3.1298410256703697
controlled,5,heteroscedastic,400,0.2,none,random,T2,5,0.09480672677357989,0.03380876904909861,0.01688229242960606,0.07977985591612277,0.900927734375,3.2077427546183266
controlled,5,heteroscedastic,400,0.2,none,random,T3,5,0.094264555722475,0.0431050800479628,0.026018357276916437,0.08956215501269169,0.9038330078125,3.2016810178756714
controlled,5,heteroscedastic,400,0.2,none,random,observational,5,0.0671205453574657,0.012260200377991744,0.03274502754211426,3.920786813490886e-08,0.9023047089576721,3.273578643798828
controlled,5,heteroscedastic,400,0.5,none,additive_fixed,T1,5,0.1510010664661725,0.049050052727246926,0.043314838409423816,0.15414007450636763,0.9072998046875,3.258992624282837
controlled,5,heteroscedastic,400,0.5,none,additive_fixed,T2,5,0.20325075984001156,0.05574888902584531,0.09911348025004066,0.1669492356722762,0.8997395833333334,3.2854872703552247
controlled,5,heteroscedastic,400,0.5,none,additive_fixed,T3,5,0.2012664638459682,0.13737457769800507,0.1010750293731689,0.201865313006586,0.9007568359375,3.268786978721619
controlled,5,heteroscedastic,400,0.5,none,additive_fixed,observational,5,0.12174570262432094,0.020491998684192523,0.05657062530517572,4.740716547798641e-08,0.9075000047683716,3.3441381454467773
controlled,5,heteroscedastic,400,0.5,none,diagnostic,T1,5,0.06949441755811367,0.017284590788806134,0.0032895723978678404,0.06134855675175436,0.8967122395833333,3.119000196456909
controlled,5,heteroscedastic,400,0.5,none,diagnostic,T2,5,0.08296496594945588,0.022475094500460154,0.01129857699076328,0.07431213048556537,0.9000081380208333,3.1874301115671795
controlled,5,heteroscedastic,400,0.5,none,diagnostic,T3,5,0.11806204319000242,0.10632700143208881,0.054267907142639106,0.13007699802760508,0.9014404296875,3.2087159633636473
controlled,5,heteroscedastic,400,0.5,none,diagnostic,observational,5,0.069200125336647,0.022295639881631104,0.029900646209716785,4.4301690890637054e-08,0.9013281464576721,3.2605151653289797
controlled,5,heteroscedastic,400,0.5,none,fixed,T1,5,0.1449754248062769,0.05092692617754734,0.03982594807942706,0.15598968189648266,0.8943359375,3.140284220377604
controlled,5,heteroscedastic,400,0.5,none,fixed,T2,5,0.2006864527861277,0.07207924555029097,0.10575796763102208,0.16123430208884687,0.8928873697916666,3.205747604370117
controlled,5,heteroscedastic,400,0.5,none,fixed,T3,5,0.2009783513844013,0.1453206038960652,0.10832009315490718,0.20558113148796964,0.89542236328125,3.2062750577926638
controlled,5,heteroscedastic,400,0.5,none,fixed,observational,5,0.12112437039613719,0.036298548304878366,0.054072713851928675,8.602413737349947e-08,0.9012500166893005,3.2756330966949463
controlled,5,heteroscedastic,400,0.5,none,random,T1,5,0.08883201405405991,0.042342948104291074,0.012372668584187818,0.08663906578693514,0.8972249348958334,3.1333141326904297
controlled,5,heteroscedastic,400,0.5,none,random,T2,5,0.125674245506525,0.083265792731406,0.04506870905558262,0.0941368847159257,0.8981852213541666,3.194798978169759
controlled,5,heteroscedastic,400,0.5,none,random,T3,5,0.15935357920825483,0.12008768363223317,0.08613636493682855,0.16737243648546746,0.897265625,3.210303616523743
controlled,5,heteroscedastic,400,0.5,none,random,observational,5,0.0903338387608528,0.04751544254763502,0.04193129539489746,7.634594226109901e-08,0.9025000214576722,3.2792593479156493
controlled,5,linear,100,-1.0,none,additive_oracle,T1,5,0.07174208636085186,0.010541204998480982,0.0038247744242350203,0.04491588618212356,0.9066487630208334,3.115726693471273
controlled,5,linear,100,-1.0,none,additive_oracle,T2,5,0.0709052463372548,0.009690754164175325,0.01745454470316566,0.04407726382803336,0.9050455729166667,3.08808700243632
controlled,5,linear,100,-1.0,none,additive_oracle,T3,5,0.08109566420316691,0.027575955462499434,0.01906598806381224,0.05747571187684723,0.905615234375,3.144905662536621
controlled,5,linear,100,-1.0,none,additive_oracle,observational,5,0.06731533557176585,0.016250889482535655,0.010097074508666978,2.592788998346775e-08,0.9081640720367432,3.375376510620117
controlled,5,linear,100,-1.0,none,data_only,T1,5,0.13379204273223871,0.04170894764486354,0.029395771026611284,0.12485078907416998,0.8952067057291666,3.0624988238016764
controlled,5,linear,100,-1.0,none,data_only,T2,5,0.20512085954348241,0.09478674024458825,0.125827145576477,0.1517762011947828,0.8862630208333334,3.0477344353993736
controlled,5,linear,100,-1.0,none,data_only,T3,5,0.27139107435941695,0.18865795925068893,0.2275881290435791,0.27203855986784153,0.86973876953125,3.0896693229675294
controlled,5,linear,100,-1.0,none,data_only,observational,5,0.1124393671751022,0.036968173861805835,0.0296267509460449,8.041696019622532e-08,0.9057421922683716,3.3773195266723635
controlled,5,linear,100,-1.0,none,dcdi,T1,5,0.21783570398886995,0.08773729450025232,0.11758545239766434,0.2500202419663217,0.8986653645833333,3.1873903115590414
controlled,5,linear,100,-1.0,none,dcdi,T2,5,0.3579998354117075,0.1891633827464521,0.36569962501525877,0.29754130769121995,0.8719319661458333,3.169478432337443
controlled,5,linear,100,-1.0,none,dcdi,T3,5,0.42338758409023286,0.17288246169315005,0.4088375806808472,0.38880539431349126,0.83404541015625,3.0438716411590576
controlled,5,linear,100,-1.0,none,dcdi,observational,5,0.174922202527523,0.08552462596782766,0.06750597953796385,7.847731157345842e-08,0.8975390791893005,3.3002585887908937
controlled,5,linear,100,-1.0,none,oracle,T1,5,0.08656153529882425,0.015091702976179733,0.0073498090108235605,0.046767897608622225,0.9003336588541666,3.0782626152038572
controlled,5,linear,100,-1.0,none,oracle,T2,5,0.07875261207421616,0.011916115233653863,0.021062231063842758,0.0446821986876465,0.9024495442708333,3.069366677602132
controlled,5,linear,100,-1.0,none,oracle,T3,5,0.08397209644317621,0.022026325170405887,0.02033710479736328,0.05074628795799776,0.8980224609375,3.0758877038955688
controlled,5,linear,100,-1.0,none,oracle,observational,5,0.07810627520084377,0.020152742015423112,0.014741992950439441,3.950047670938418e-08,0.9065625071525574,3.369431209564209
controlled,5,linear,100,0.2,none,additive_fixed,T1,5,0.10363251144687328,0.06170566701499592,0.033380969365437815,0.08127598052559618,0.906201171875,3.144449758529663
controlled,5,linear,100,0.2,none,additive_fixed,T2,5,0.11098217740654943,0.08161267201304419,0.06621398925781248,0.07835882865635671,0.9036051432291666,3.1215513070424397
controlled,5,linear,100,0.2,none,additive_fixed,T3,5,0.16419875808060164,0.11055596581156314,0.09604008197784422,0.1349847540635905,0.892919921875,3.077262449264526
controlled,5,linear,100,0.2,none,additive_fixed,observational,5,0.0939131841063499,0.05632952947600289,0.020243787765502903,3.84299997768905e-08,0.9027734398841858,3.3262146949768066
controlled,5,linear,100,0.2,none,diagnostic,T1,5,0.10040558328231172,0.01995657474840705,0.0114845514297485,0.06703098013410928,0.89775390625,3.0584521452585856
controlled,5,linear,100,0.2,none,diagnostic,T2,5,0.11413888980944949,0.04580358267563511,0.046949068705240835,0.06757506414173914,0.8965576171875,3.0551124890645345
controlled,5,linear,100,0.2,none,diagnostic,T3,5,0.1709726709872484,0.10298721101752008,0.1015084862709045,0.17392350287665273,0.88797607421875,3.1053823709487913
controlled,5,linear,100,0.2,none,diagnostic,observational,5,0.08444676846265786,0.020607979856164048,0.01747727394104002,3.636702433850307e-08,0.9033203244209289,3.348247194290161
controlled,5,linear,100,0.2,none,fixed,T1,5,0.11435832430919009,0.0568243219770163,0.0305907090504964,0.07956769794564197,0.9017985026041666,3.1183762550354004
controlled,5,linear,100,0.2,none,fixed,T2,5,0.1226879686117172,0.08883525483124086,0.07919060389200847,0.07599829081246687,0.9021077473958334,3.1092734972635903
controlled,5,linear,100,0.2,none,fixed,T3,5,0.17567969746887682,0.11955593575249898,0.111278760433197,0.13518806399364297,0.8881103515625,3.053365135192871
controlled,5,linear,100,0.2,none,fixed,observational,5,0.10788685828447338,0.0660679483878844,0.029328012466430665,3.73419716506468e-08,0.9019922018051147,3.3317233085632325
controlled,5,linear,100,0.2,none,random,T1,5,0.09360273579756415,0.014881591641048122,0.009175173441568981,0.053857399222151846,0.900244140625,3.0841115633646647
controlled,5,linear,100,0.2,none,random,T2,5,0.09078372319539382,0.01958258618079429,0.02502819697062168,0.05350261875009221,0.9024251302083334,3.076381762822469
controlled,5,linear,100,0.2,none,random,T3,5,0.12216280549764628,0.07486743696813565,0.05683602094650264,0.09295201028816794,0.891064453125,3.0522969722747804
controlled,5,linear,100,0.2,none,random,observational,5,0.08409672826528544,0.021675103460478833,0.014818096160888661,4.4418886937039984e-08,0.9060937643051148,3.375843858718872
controlled,5,linear,100,0.5,none,additive_fixed,T1,5,0.21922044033805524,0.08249560912185284,0.1162811438242594,0.25578142026456974,0.8983154296875,3.1782400131225588
controlled,5,linear,100,0.5,none,additive_fixed,T2,5,0.3135128905375798,0.1166369036851155,0.2829742113749186,0.29156962841220496,0.8849690755208334,3.192687590916951
controlled,5,linear,100,0.5,none,additive_fixed,T3,5,0.3183926373720169,0.16923579565865518,0.24597635269165039,0.2698047717094232,0.86009521484375,3.0537211894989014
controlled,5,linear,100,0.5,none,additive_fixed,observational,5,0.1362750060856342,0.06442503750895287,0.04184665679931636,6.85011596384424e-08,0.9003906369209289,3.3219915866851806
controlled,5,linear,100,0.5,none,diagnostic,T1,5,0.10817172477642689,0.025222351437723653,0.017175022761027,0.082581896094072,0.8961995442708334,3.049860747655233
controlled,5,linear,100,0.5,none,diagnostic,T2,5,0.15982816616694126,0.08948057925950652,0.07820773919423414,0.09227953467987689,0.8910481770833334,3.04172314008077
controlled,5,linear,100,0.5,none,diagnostic,T3,5,0.24147164821624756,0.2243745661835858,0.19998319149017332,0.23360609524660242,0.87432861328125,3.0945013046264647
controlled,5,linear,100,0.5,none,diagnostic,observational,5,0.10075351446866987,0.02563953224572672,0.02103915214538572,6.005686304192176e-08,0.903125,3.343248653411865
controlled,5,linear,100,0.5,none,fixed,T1,5,0.23469375868638354,0.07369861114708195,0.12430402437845862,0.26599483162932624,0.8936442057291666,3.148952118555705
controlled,5,linear,100,0.5,none,fixed,T2,5,0.32559183835983274,0.10773296342167488,0.30063152313232416,0.2979827650383559,0.8768717447916667,3.127882146835327
controlled,5,linear,100,0.5,none,fixed,T3,5,0.3320592075586319,0.18320230821860412,0.27018511295318604,0.2690247971612643,0.85169677734375,3.0099462509155273
controlled,5,linear,100,0.5,none,fixed,observational,5,0.1472212098538875,0.0638827595433809,0.04554362297058104,5.8883296243388955e-08,0.8952734589576721,3.2859570026397704
controlled,5,linear,100,0.5,none,random,T1,5,0.1574615215261777,0.06287729003546155,0.06007353464762366,0.1648159162334613,0.8966471354166666,3.1059902032216393
controlled,5,linear,100,0.5,none,random,T2,5,0.2438963045676549,0.14555443162300416,0.1966634432474772,0.21105112100255835,0.8799641927083334,3.065360228220622
controlled,5,linear,100,0.5,none,random,T3,5,0.31635866761207576,0.20690842037435775,0.28011338710784905,0.25664522766608316,0.85633544921875,3.0252368688583373
controlled,5,linear,100,0.5,none,random,observational,5,0.1320073097944259,0.05754015380238915,0.04306054115295408,7.41114963593453e-08,0.8980078220367431,3.303437900543213
controlled,5,linear,400,-1.0,none,additive_oracle,T1,5,0.051033612340688615,0.005702047321405538,-0.0007318178812662802,0.03640376523601454,0.9034016927083334,3.072995726267497
controlled,5,linear,400,-1.0,none,additive_oracle,T2,5,0.052502003312110856,0.012778271945536816,0.01334511439005534,0.03906683029255602,0.9044108072916666,3.0762335141499837
controlled,5,linear,400,-1.0,none,additive_oracle,T3,5,0.054435499012470176,0.006425356653453767,0.01216378211975096,0.03802418792327702,0.8993896484375,3.058983492851257
controlled,5,linear,400,-1.0,none,additive_oracle,observational,5,0.05007317960262294,0.008973404826661317,0.006275844573974579,2.300014105927466e-08,0.9028125166893005,3.3213959693908692
controlled,5,linear,400,-1.0,none,data_only,T1,5,0.07675659606854117,0.02850725209713783,0.008258501688639302,0.10798996883798535,0.9018147786458334,3.081055418650309
controlled,5,linear,400,-1.0,none,data_only,T2,5,0.17513350819547965,0.15046686815606108,0.11054814656575518,0.13605337355588026,0.8882975260416666,3.0559571425120033
controlled,5,linear,400,-1.0,none,data_only,T3,5,0.24045390188693996,0.19202973633594705,0.21309208869934082,0.25774829007425565,0.871875,3.085760235786438
controlled,5,linear,400,-1.0,none,data_only,observational,5,0.09329659268259999,0.0505566177283895,0.02656898498535154,6.474114881735158e-08,0.9085546970367432,3.3923418045043947
controlled,5,linear,400,-1.0,none,dcdi,T1,5,0.1268692255020141,0.06930327154542598,0.04175237019856768,0.1456589265594461,0.9008870442708334,3.110498793919881
controlled,5,linear,400,-1.0,none,dcdi,T2,5,0.186258103698492,0.08732767731360236,0.10721737543741856,0.14736404016823995,0.8976969401041666,3.1229804674784343
controlled,5,linear,400,-1.0,none,dcdi,T3,5,0.3833189278841019,0.18585911247787726,0.3566060066223144,0.42792903467498605,0.850830078125,3.0989819049835203
controlled,5,linear,400,-1.0,none,dcdi,observational,5,0.09962340742349621,0.026414583641133745,0.02608633041381834,4.748462391822319e-08,0.907812523841858,3.368982172012329
controlled,5,linear,400,-1.0,none,oracle,T1,5,0.05179169128338492,0.005892604182838153,-0.0016664028167724602,0.04743406039482312,0.902294921875,3.0738839944203695
controlled,5,linear,400,-1.0,none,oracle,T2,5,0.05827056045333538,0.02493836920434693,0.017776187260945642,0.04662138227749586,0.9037434895833334,3.077810414632162
controlled,5,linear,400,-1.0,none,oracle,T3,5,0.06810384169220922,0.017389698726556456,0.018615484237670864,0.04266156089720458,0.90087890625,3.082501268386841
controlled,5,linear,400,-1.0,none,oracle,observational,5,0.07219703346490855,0.017822967874029195,0.01308159828186034,3.316019534141161e-08,0.9071874976158142,3.3678775787353517
controlled,5,linear,400,0.2,none,additive_fixed,T1,5,0.0845339866975943,0.062300489925280644,0.025571870803833018,0.07184861750696878,0.9031819661458333,3.103879817326864
controlled,5,linear,400,0.2,none,additive_fixed,T2,5,0.10174528161684668,0.086965927285342,0.07114151318868,0.0762086772596931,0.9013020833333334,3.113440863291422
controlled,5,linear,400,0.2,none,additive_fixed,T3,5,0.15752159431576726,0.12374979856646745,0.10027620792388914,0.12925909713785924,0.88929443359375,3.0466652870178224
controlled,5,linear,400,0.2,none,additive_fixed,observational,5,0.0848045945167541,0.06588217902013115,0.0183928966522217,2.8346641600007402e-08,0.8985156416893005,3.291246795654297
controlled,5,linear,400,0.2,none,diagnostic,T1,5,0.0524775887529055,0.009300805306575398,-0.0027464071909586198,0.0400679756544723,0.9017252604166666,3.069205586115519
controlled,5,linear,400,0.2,none,diagnostic,T2,5,0.053962040692567756,0.003994106689255362,0.013034915924072238,0.038632257760431374,0.9052001953125,3.088741827011108
controlled,5,linear,400,0.2,none,diagnostic,T3,5,0.10216847993433471,0.08223560620350757,0.051880598068237305,0.09865917819110313,0.89600830078125,3.071035599708557
controlled,5,linear,400,0.2,none,diagnostic,observational,5,0.05879285186529154,0.005351844314700622,0.008652830123901358,2.316713074265252e-08,0.9074609518051148,3.370430755615234
controlled,5,linear,400,0.2,none,fixed,T1,5,0.08223581388592716,0.06359018831119326,0.021690686543782558,0.0825115577931676,0.9021891276041666,3.101642338434855
controlled,5,linear,400,0.2,none,fixed,T2,5,0.10949023490150767,0.09844886328402618,0.08332703908284503,0.08566162456095376,0.903076171875,3.1156428654988604
controlled,5,linear,400,0.2,none,fixed,T3,5,0.16507691480219358,0.12835247541829709,0.11245954036712646,0.1258978790377634,0.89102783203125,3.061011791229248
controlled,5,linear,400,0.2,none,fixed,observational,5,0.10006516128778453,0.07197739654200103,0.02800898551940918,4.4856654196717954e-08,0.9026562690734863,3.326130437850952
controlled,5,linear,400,0.2,none,random,T1,5,0.0585108210643132,0.003916550240616334,-0.0011137644449869595,0.05146841713214689,0.9018961588541666,3.0721269607543946
controlled,5,linear,400,0.2,none,random,T2,5,0.06658496136466659,0.02238890940608072,0.01897986729939778,0.05006806261703918,0.9041829427083332,3.080333185195923
controlled,5,linear,400,0.2,none,random,T3,5,0.12388302385807033,0.07572010167707771,0.05944278240203854,0.10949268370982801,0.8949462890625,3.0726514577865602
controlled,5,linear,400,0.2,none,random,observational,5,0.07337091863155361,0.01647627192030374,0.01286888122558592,3.4723586482313114e-08,0.9072656393051147,3.370622158050537
controlled,5,linear,400,0.5,none,additive_fixed,T1,5,0.21385975256562229,0.08798007068471936,0.11770356496175127,0.26012939627583603,0.8976318359375,3.169890356063843
controlled,5,linear,400,0.5,none,additive_fixed,T2,5,0.30861097251375513,0.11831818359293199,0.2804235299428304,0.29446624626538986,0.8833658854166666,3.1912832419077555
controlled,5,linear,400,0.5,none,additive_fixed,T3,5,0.2982840821146965,0.16453232631233108,0.2231243371963501,0.2594540867056801,0.86300048828125,3.0296831130981445
controlled,5,linear,400,0.5,none,additive_fixed,observational,5,0.12921727448701853,0.05653644904224704,0.0344283103942871,9.252965726404943e-08,0.8981250047683715,3.3032177925109862
controlled,5,linear,400,0.5,none,diagnostic,T1,5,0.07032376453280445,0.04034165030444034,0.00713508923848472,0.07107536262205673,0.9020833333333333,3.0742739359537756
controlled,5,linear,400,0.5,none,diagnostic,T2,5,0.10211725433667493,0.09348006761244754,0.04220682779947914,0.07423317048309097,0.9029947916666666,3.103171539306641
controlled,5,linear,400,0.5,none,diagnostic,T3,5,0.17734697274863714,0.19385696518483098,0.12468678951263423,0.1742659105389952,0.88538818359375,3.1011036157608034
controlled,5,linear,400,0.5,none,diagnostic,observational,5,0.07828379571437834,0.02856615945538498,0.015333461761474598,5.369515410836616e-08,0.9103125095367431,3.4050216674804688
controlled,5,linear,400,0.5,none,fixed,T1,5,0.21788017104069385,0.0812317008234815,0.11457816759745276,0.2625733566171008,0.8978597005208334,3.1746476809183757
controlled,5,linear,400,0.5,none,fixed,T2,5,0.31898040771484376,0.12694672270484378,0.31122536659240724,0.30425922460170013,0.8738525390625,3.1277883529663084
controlled,5,linear,400,0.5,none,fixed,T3,5,0.3103309705853462,0.16577891173232254,0.24193572998046875,0.2607678409194666,0.858251953125,3.014634108543396
controlled,5,linear,400,0.5,none,fixed,observational,5,0.14632238000631329,0.06779043891496386,0.04510064125061034,1.369517365552445e-07,0.896875011920929,3.293336582183838
controlled,5,linear,400,0.5,none,random,T1,5,0.12934319128592806,0.07836236302832189,0.054194609324137354,0.15384018475019637,0.9004069010416667,3.130069875717163
controlled,5,linear,400,0.5,none,random,T2,5,0.1938838419814904,0.14454812581099172,0.16137852668762204,0.17354024984066316,0.8876546223958334,3.1027160008748376
controlled,5,linear,400,0.5,none,random,T3,5,0.2607658918946981,0.16820242946477973,0.19605529308319092,0.2239149546526308,0.87398681640625,3.0784098148345946
controlled,5,linear,400,0.5,none,random,observational,5,0.10816088393330572,0.06480928231154015,0.03386297225952148,7.47996988686983e-08,0.9038281321525574,3.3402780055999757
controlled,5,nonlinear,100,-1.0,none,additive_oracle,T1,5,0.08769329364101086,0.010053844609102905,0.00909603436787924,0.050915208164190914,0.9080647786458333,3.189519453048706
controlled,5,nonlinear,100,-1.0,none,additive_oracle,T2,5,0.08863466208179788,0.012675969182761907,0.01313230196634928,0.0694379375034097,0.9072672526041666,3.1872772852579754
controlled,5,nonlinear,100,-1.0,none,additive_oracle,T3,5,0.08851446956396099,0.020363901679035252,0.0094063282012939,0.06716869250947603,0.9087158203125,3.1140238523483275
controlled,5,nonlinear,100,-1.0,none,additive_oracle,observational,5,0.07754210233688352,0.01423195440951063,0.01692137718200682,3.6537165469352247e-08,0.9110937714576721,3.358690881729126
controlled,5,nonlinear,100,-1.0,none,data_only,T1,5,0.12339570273955658,0.07797884589419408,0.03271818161010736,0.1380737520283546,0.89814453125,3.1376221338907877
controlled,5,nonlinear,100,-1.0,none,data_only,T2,5,0.19181602348883942,0.10939105700676474,0.1005382378896077,0.14689955224953316,0.8815999348958332,3.072714646657308
controlled,5,nonlinear,100,-1.0,none,data_only,T3,5,0.2612957969307899,0.13632132241545555,0.18535916805267333,0.29734050544250923,0.8713134765625,3.037930226325989
controlled,5,nonlinear,100,-1.0,none,data_only,observational,5,0.0986648067831993,0.036121053059346084,0.04003663063049312,3.961327837002731e-08,0.8990234494209289,3.2675787925720217
controlled,5,nonlinear,100,-1.0,none,dcdi,T1,5,0.17587026655673976,0.09317437752143677,0.0779685020446777,0.20712262083901964,0.8966471354166667,3.16240816116333
controlled,5,nonlinear,100,-1.0,none,dcdi,T2,5,0.2677584677934646,0.14443856333807148,0.1942376931508382,0.20605293128397745,0.8766357421875,3.103377437591553
controlled,5,nonlinear,100,-1.0,none,dcdi,T3,5,0.2277152299880981,0.10192678687931218,0.11836776733398438,0.2127807207501685,0.88875732421875,3.0436588525772095
controlled,5,nonlinear,100,-1.0,none,dcdi,observational,5,0.13555906936526294,0.07058845069258689,0.0552493095397949,8.195515742941953e-08,0.8997265696525574,3.2631200313568116
controlled,5,nonlinear,100,-1.0,none,oracle,T1,5,0.08225933363040284,0.00953693599896825,0.007858721415201799,0.052242010366528126,0.900927734375,3.1344550132751463
controlled,5,nonlinear,100,-1.0,none,oracle,T2,5,0.0963471966485182,0.015179652238437775,0.015816068649291977,0.07489444037745861,0.8947021484375,3.0998676776885987
controlled,5,nonlinear,100,-1.0,none,oracle,T3,5,0.08748911842703817,0.011614861165046404,0.009634709358215301,0.06537512738803067,0.89888916015625,3.0428930044174196
controlled,5,nonlinear,100,-1.0,none,oracle,observational,5,0.07062704265117642,0.009557735479068333,0.01362285614013668,3.0735359358645836e-08,0.903515636920929,3.2912654876708984
controlled,5,nonlinear,100,0.2,none,additive_fixed,T1,5,0.17411300639311467,0.05167717633035916,0.06890255610148108,0.1775553540587478,0.8987141927083334,3.167871125539144
controlled,5,nonlinear,100,0.2,none,additive_fixed,T2,5,0.24004665662844973,0.11719843206492804,0.1640274365743001,0.1755363064309986,0.8848470052083334,3.15757204691569
controlled,5,nonlinear,100,0.2,none,additive_fixed,T3,5,0.24151763021945954,0.0881800580591389,0.15648560523986813,0.21185232621542008,0.8968994140625,3.170445680618286
controlled,5,nonlinear,100,0.2,none,additive_fixed,observational,5,0.13129136860370633,0.037560727251677375,0.04785385131835932,8.340285105795157e-08,0.8977734565734863,3.26468186378479
controlled,5,nonlinear,100,0.2,none,diagnostic,T1,5,0.08194122662146884,0.012059351958952769,0.00751330057779946,0.057808857755537804,0.8998779296875,3.126060469945272
controlled,5,nonlinear,100,0.2,none,diagnostic,T2,5,0.09937167440851524,0.02226329325165746,0.01429080963134766,0.0730228202321099,0.8913492838541666,3.0740583101908365
controlled,5,nonlinear,100,0.2,none,diagnostic,T3,5,0.21168970242142673,0.18409808956917248,0.1530255079269409,0.22989629040930923,0.8796142578125,3.064438080787659
controlled,5,nonlinear,100,0.2,none,diagnostic,observational,5,0.07264338582754132,0.015711607346639272,0.02306370735168454,3.163630522057578e-08,0.9016796946525574,3.27935676574707
controlled,5,nonlinear,100,0.2,none,fixed,T1,5,0.16983018790682153,0.06013178515763899,0.06840380032857256,0.1732448715222061,0.8940592447916667,3.1244147618611655
controlled,5,nonlinear,100,0.2,none,fixed,T2,5,0.2361537292599678,0.11703395624866132,0.16046791076660152,0.17740363138309995,0.8765462239583334,3.100992329915365
controlled,5,nonlinear,100,0.2,none,fixed,T3,5,0.24732140973210331,0.08723391148085073,0.17002642154693598,0.2253001546033347,0.88994140625,3.1245573997497558
controlled,5,nonlinear,100,0.2,none,fixed,observational,5,0.1234883993864059,0.04371543416970477,0.04289946556091306,8.303305892646747e-08,0.895312511920929,3.237456798553467
controlled,5,nonlinear,100,0.2,none,random,T1,5,0.16632443641622857,0.08379685887842753,0.059959570566813114,0.1786157832090542,0.894970703125,3.1286644299825035
controlled,5,nonlinear,100,0.2,none,random,T2,5,0.24764346281687416,0.17303590371292493,0.18930058479309078,0.19627956826796847,0.8677327473958334,3.0465041478474935
controlled,5,nonlinear,100,0.2,none,random,T3,5,0.2795901745557785,0.20081669469208646,0.23036000728607178,0.31039783044147634,0.88089599609375,3.137127470970154
controlled,5,nonlinear,100,0.2,none,random,observational,5,0.12392854094505305,0.08054924316445478,0.04866347312927242,7.882455198451091e-08,0.8963671922683716,3.244025373458862
controlled,5,nonlinear,100,0.5,none,additive_fixed,T1,5,0.14863354464371994,0.06592201850254185,0.052511215209960896,0.14611214345566287,0.90400390625,3.190671920776367
controlled,5,nonlinear,100,0.5,none,additive_fixed,T2,5,0.20463517407576237,0.11884096516780089,0.12348008155822751,0.16506554374083718,0.8933268229166667,3.1868792851765955
controlled,5,nonlinear,100,0.5,none,additive_fixed,T3,5,0.21055391728878017,0.05431749470984246,0.09878594875335692,0.22890094829974278,0.89935302734375,3.126844882965088
controlled,5,nonlinear,100,0.5,none,additive_fixed,observational,5,0.1201743587851524,0.023600235718808853,0.043462133407592696,5.327327098783679e-08,0.90703125,3.338275337219238
controlled,5,nonlinear,100,0.5,none,diagnostic,T1,5,0.0883345300952593,0.02207517924932327,0.01146292686462398,0.0805487699292839,0.9001057942708334,3.1233529090881347
controlled,5,nonlinear,100,0.5,none,diagnostic,T2,5,0.11985803147157029,0.05169423730209836,0.03281764984130858,0.10144410798020553,0.8907552083333334,3.0752805709838866
controlled,5,nonlinear,100,0.5,none,diagnostic,T3,5,0.14665005132555958,0.08996528461107864,0.056404280662536575,0.13731674726773802,0.89381103515625,3.0535841464996336
controlled,5,nonlinear,100,0.5,none,diagnostic,observational,5,0.06974806189537046,0.012276746810010238,0.01769800186157226,3.330075871978276e-08,0.9019140720367431,3.270072412490845
controlled,5,nonlinear,100,0.5,none,fixed,T1,5,0.13892956649263696,0.07487895737412405,0.04919346173604326,0.14510376562254218,0.8975992838541667,3.1371503035227457
controlled,5,nonlinear,100,0.5,none,fixed,T2,5,0.20848544786373768,0.1278454971341167,0.12863585154215493,0.16505190440406664,0.8811116536458334,3.1090245246887207
controlled,5,nonlinear,100,0.5,none,fixed,T3,5,0.21615136116743083,0.04282983635423846,0.1026293754577636,0.23724548615289867,0.8972900390625,3.1310893297195435
controlled,5,nonlinear,100,0.5,none,fixed,observational,5,0.11707703918218608,0.025922040705725707,0.03945393562316892,6.164355370632837e-08,0.9012890577316284,3.2945233821868896
controlled,5,nonlinear,100,0.5,none,random,T1,5,0.09416384870807325,0.025217117534578455,0.014426469802856421,0.07704222791367295,0.8983154296875,3.109354305267334
controlled,5,nonlinear,100,0.5,none,random,T2,5,0.12184228673577306,0.05466399096476787,0.0335755348205566,0.1074122194705214,0.8922932942708334,3.084893274307251
controlled,5,nonlinear,100,0.5,none,random,T3,5,0.16495081037282938,0.07974403429796018,0.07453901767730708,0.16461881712900994,0.894189453125,3.056739020347595
controlled,5,nonlinear,100,0.5,none,random,observational,5,0.07620501220226285,0.010411128237653014,0.0183693408966064,3.1719300118129594e-08,0.9026171922683716,3.2733312129974363
controlled,5,nonlinear,400,-1.0,none,additive_oracle,T1,5,0.06691043724616363,0.01455049053962946,0.0043076038360596,0.040352439634883094,0.9110107421875,3.2128914197285967
controlled,5,nonlinear,400,-1.0,none,additive_oracle,T2,5,0.0681685442725817,0.01302461376366331,0.008382638295491521,0.055930532239335196,0.9094075520833333,3.2069541454315185
controlled,5,nonlinear,400,-1.0,none,additive_oracle,T3,5,0.06813305839896196,0.0126139010992106,0.0038095951080322392,0.04985365896614452,0.90635986328125,3.0871720790863035
controlled,5,nonlinear,400,-1.0,none,additive_oracle,observational,5,0.06690698117017742,0.009153586218378728,0.0163159370422363,2.543837188406595e-08,0.9125781297683716,3.3739216327667236
controlled,5,nonlinear,400,-1.0,none,data_only,T1,5,0.0970719861487547,0.0722259003315685,0.0227564016977946,0.14435569814550092,0.8989990234375,3.132351016998291
controlled,5,nonlinear,400,-1.0,none,data_only,T2,5,0.18840366030732786,0.16632392778461755,0.11492072741190587,0.14054819133440383,0.881787109375,3.084516747792562
controlled,5,nonlinear,400,-1.0,none,data_only,T3,5,0.24888247847557068,0.18941623096096238,0.19802172183990477,0.2915880677576662,0.87122802734375,3.0389557838439942
controlled,5,nonlinear,400,-1.0,none,data_only,observational,5,0.09929122552275652,0.05932781634215476,0.04158854484558102,6.812447627701145e-08,0.8997656345367432,3.2819989204406737
controlled,5,nonlinear,400,-1.0,none,dcdi,T1,5,0.12814118489623064,0.057051044534343856,0.03728157679239904,0.17091632676946358,0.8986409505208334,3.1495184262593585
controlled,5,nonlinear,400,-1.0,none,dcdi,T2,5,0.22249981438120203,0.1448636272277659,0.14984342257181799,0.1708698942652855,0.8807942708333334,3.1057171185811363
controlled,5,nonlinear,400,-1.0,none,dcdi,T3,5,0.23770827203989028,0.14160304862259443,0.14746699333190916,0.24687164221160943,0.88466796875,3.061147356033325
controlled,5,nonlinear,400,-1.0,none,dcdi,observational,5,0.11772607192397115,0.05911694140094983,0.04641880989074704,5.918025264315966e-08,0.8983203291893005,3.25956072807312
controlled,5,nonlinear,400,-1.0,none,oracle,T1,5,0.062064468115568115,0.005994989614879468,0.0031261444091796597,0.05097001653261486,0.9016682942708334,3.1271549224853517
controlled,5,nonlinear,400,-1.0,none,oracle,T2,5,0.06592595006028808,0.012687009702714394,0.0072830677032470394,0.06002795124254599,0.895947265625,3.0990615844726563
controlled,5,nonlinear,400,-1.0,none,oracle,T3,5,0.06270331554114816,0.006296148458097765,0.0027630686759948808,0.0536092644053114,0.89779052734375,3.009665012359619
controlled,5,nonlinear,400,-1.0,none,oracle,observational,5,0.06701520234346388,0.011461932096651065,0.01417312622070312,2.4836556420153157e-08,0.9025000214576722,3.282700443267822
controlled,5,nonlinear,400,0.2,none,additive_fixed,T1,5,0.16094010422627125,0.0572540546475583,0.05996885299682614,0.1724091883064291,0.9030110677083334,3.2053136348724367
controlled,5,nonlinear,400,0.2,none,additive_fixed,T2,5,0.24512839665015534,0.1152310001870889,0.16642621358235674,0.1789220962130366,0.88896484375,3.1992719014485678
controlled,5,nonlinear,400,0.2,none,additive_fixed,T3,5,0.2225989200174808,0.10005373158440518,0.14956672191619869,0.20750828664396032,0.89793701171875,3.1751769542694093
controlled,5,nonlinear,400,0.2,none,additive_fixed,observational,5,0.12772020697593683,0.040543817120940046,0.0472180843353271,5.520382264434473e-08,0.9008203268051147,3.2958195209503174
controlled,5,nonlinear,400,0.2,none,diagnostic,T1,5,0.06187332471211748,0.008378592646731946,0.0032935937245686803,0.05923966790713155,0.9020833333333333,3.137486823399862
controlled,5,nonlinear,400,0.2,none,diagnostic,T2,5,0.07083104227979974,0.024653834030116218,0.008171621958414681,0.05975055781402484,0.8957682291666667,3.095202827453613
controlled,5,nonlinear,400,0.2,none,diagnostic,T3,5,0.18831554241478443,0.1843367602237166,0.13663630485534667,0.20509700158115893,0.87911376953125,3.0224459648132322
controlled,5,nonlinear,400,0.2,none,diagnostic,observational,5,0.06495581567287442,0.012148182717422235,0.02117185592651364,2.7254556660595165e-08,0.9026953339576721,3.2904699802398683
controlled,5,nonlinear,400,0.2,none,fixed,T1,5,0.1679861557980378,0.06017926166619085,0.06426684061686191,0.18293469571113263,0.8961100260416666,3.1437074184417724
controlled,5,nonlinear,400,0.2,none,fixed,T2,5,0.2502077331145604,0.11125585993662268,0.17178804079691565,0.18344020960164703,0.8780598958333334,3.1210172335306803
controlled,5,nonlinear,400,0.2,none,fixed,T3,5,0.22697670310735701,0.10289038182571418,0.15685963630676264,0.2157479815658013,0.89122314453125,3.1299384355545046
controlled,5,nonlinear,400,0.2,none,fixed,observational,5,0.13079216480255124,0.04021184905025055,0.04698891639709468,5.109515071386371e-08,0.8953515768051148,3.236236238479614
controlled,5,nonlinear,400,0.2,none,random,T1,5,0.11638874138394986,0.0833618576306555,0.038035074869791644,0.1443646302020014,0.8996337890625,3.155643177032471
controlled,5,nonlinear,400,0.2,none,random,T2,5,0.18608462065458298,0.17128916236181158,0.11960523923238117,0.13727851958253762,0.8894612630208334,3.157126760482788
controlled,5,nonlinear,400,0.2,none,random,T3,5,0.21846470795571804,0.17769748789943624,0.15895736217498777,0.22644145369575389,0.87564697265625,3.0247416496276855
controlled,5,nonlinear,400,0.2,none,random,observational,5,0.10406447947025295,0.05365037800897802,0.039615201950073196,5.1247021508460106e-08,0.9004296898841858,3.281274747848511
controlled,5,nonlinear,400,0.5,none,additive_fixed,T1,5,0.1326577005287011,0.06589083967320333,0.04304602940877274,0.14136675516415367,0.9071614583333334,3.2124389012654624
controlled,5,nonlinear,400,0.5,none,additive_fixed,T2,5,0.2108732918898264,0.1276495953961208,0.12964131037394205,0.1684813972523207,0.8939697265625,3.2059634049733483
controlled,5,nonlinear,400,0.5,none,additive_fixed,T3,5,0.2199683159589767,0.04243272029290626,0.1041880130767822,0.227310899797896,0.9005859375,3.1510688781738283
controlled,5,nonlinear,400,0.5,none,additive_fixed,observational,5,0.12384830415248867,0.02561461186079211,0.04664716720581048,6.953651247811087e-08,0.9098437547683715,3.3730226039886473
controlled,5,nonlinear,400,0.5,none,diagnostic,T1,5,0.06833505878845846,0.018699400292376545,0.006497462590535461,0.06885298698646686,0.9035074869791666,3.14587082862854
controlled,5,nonlinear,400,0.5,none,diagnostic,T2,5,0.08057368894418074,0.031156476059932357,0.01507213910420734,0.07534953938120416,0.8960205078125,3.107731819152832
controlled,5,nonlinear,400,0.5,none,diagnostic,T3,5,0.0691758073866367,0.010527180203812441,0.004797434806823741,0.06725420207351282,0.8982666015625,3.017274785041809
controlled,5,nonlinear,400,0.5,none,diagnostic,observational,5,0.06819383129477496,0.011139585717037331,0.014399480819702121,2.3033141766267476e-08,0.904492199420929,3.299780797958374
controlled,5,nonlinear,400,0.5,none,fixed,T1,5,0.13668414677182827,0.07974834256875023,0.04895873069763178,0.15399904662150826,0.9010823567708334,3.1681076367696126
controlled,5,nonlinear,400,0.5,none,fixed,T2,5,0.19515320460001623,0.11667731740060808,0.11478214263916016,0.16796149762422194,0.884228515625,3.124748055140177
controlled,5,nonlinear,400,0.5,none,fixed,T3,5,0.21798286288976665,0.05094574795116751,0.10382676124572751,0.2326811351674542,0.89691162109375,3.1193687438964846
controlled,5,nonlinear,400,0.5,none,fixed,observational,5,0.11747266501188273,0.027468386168893893,0.04049234390258784,3.896171585623233e-08,0.903515636920929,3.3076309680938722
controlled,5,nonlinear,400,0.5,none,random,T1,5,0.07745677729447678,0.014771619713936177,0.00860090255737302,0.07857348385484002,0.9015869140625,3.1337438106536863
controlled,5,nonlinear,400,0.5,none,random,T2,5,0.10663653537631028,0.055036588183868626,0.02835083007812498,0.09266491180894168,0.8928792317708334,3.0908657868703204
controlled,5,nonlinear,400,0.5,none,random,T3,5,0.12615441530942914,0.07438293248138336,0.04513725042343138,0.13795659390195397,0.89517822265625,3.032626414299011
controlled,5,nonlinear,400,0.5,none,random,observational,5,0.07525010183453557,0.009224871243317834,0.0190512180328369,2.853405968594518e-08,0.9023437619209289,3.2736777782440187
controlled,10,heteroscedastic,100,-1.0,none,additive_oracle,T1,5,0.07037504712740576,0.005564710733777854,0.0035391489664713402,0.04328389753815446,0.9123589436213176,3.2695468028386436
controlled,10,heteroscedastic,100,-1.0,none,additive_oracle,T2,5,0.07405870966613289,0.006245793633383865,0.0183407386144002,0.05001477132580066,0.9103425284226736,3.2548774242401124
controlled,10,heteroscedastic,100,-1.0,none,additive_oracle,T3,5,0.07006310727447271,0.0070190024998692665,0.00198793411254882,0.04277286375635832,0.9108073025941849,3.3286665081977844
controlled,10,heteroscedastic,100,-1.0,none,additive_oracle,observational,5,0.06874470114707944,0.005653102749324849,-0.02942380905151364,3.370258656956847e-08,0.9097265601158142,3.365538215637207
controlled,10,heteroscedastic,100,-1.0,none,data_only,T1,5,0.1374664562443892,0.04695345108469705,0.0728174209594726,0.1346514113810436,0.8968750099341076,3.183462715148926
controlled,10,heteroscedastic,100,-1.0,none,data_only,T2,5,0.1804234402875105,0.06437590435041747,0.14059770901997876,0.15105420744054213,0.890899888674418,3.176069863637289
controlled,10,heteroscedastic,100,-1.0,none,data_only,T3,5,0.1568534221500158,0.054177513186462675,0.08750884532928463,0.13552353794960642,0.8925428718328476,3.2322705388069153
controlled,10,heteroscedastic,100,-1.0,none,data_only,observational,5,0.09817172586917874,0.013465985104720595,-0.010047245025634779,6.23251653819276e-08,0.8996679782867432,3.2776058197021483
controlled,10,heteroscedastic,100,-1.0,none,dcdi,T1,5,0.14147757142782208,0.03018626312897184,0.06609127521514886,0.14236610822956383,0.900249570608139,3.205053925514221
controlled,10,heteroscedastic,100,-1.0,none,dcdi,T2,5,0.17655257259805995,0.07734843718373757,0.12944097518920894,0.14603734797505963,0.8967574556668598,3.2027823050816857
controlled,10,heteroscedastic,100,-1.0,none,dcdi,T3,5,0.16015355698764322,0.05591155755645811,0.09714467525482173,0.13988089206743357,0.8954481422901154,3.259201264381409
controlled,10,heteroscedastic,100,-1.0,none,dcdi,observational,5,0.10457846671342845,0.03063771143388339,-0.003967189788818319,6.157871373657527e-08,0.9018945336341858,3.29431266784668
controlled,10,heteroscedastic,100,-1.0,none,oracle,T1,5,0.07028961206475892,0.005165527255148289,0.00522195498148596,0.051215186223497924,0.9006691316763561,3.170136864980062
controlled,10,heteroscedastic,100,-1.0,none,oracle,T2,5,0.07412154537936047,0.007912915248489411,0.021313905715942338,0.05691437181802578,0.8996039609114328,3.1513808568318686
controlled,10,heteroscedastic,100,-1.0,none,oracle,T3,5,0.07261843718588348,0.01069505367999784,0.00429075956344602,0.04700535310415122,0.8993571043014527,3.2224558115005495
controlled,10,heteroscedastic,100,-1.0,none,oracle,observational,5,0.07094070464372633,0.012491224479505585,-0.02354116439819334,3.666585054397303e-08,0.9001562476158143,3.2696876525878906
controlled,10,heteroscedastic,100,0.2,none,additive_fixed,T1,5,0.11029560516277943,0.020493142193019617,0.030677501360575343,0.09335584039701612,0.9113878111044567,3.2774491230646774
controlled,10,heteroscedastic,100,0.2,none,additive_fixed,T2,5,0.13609269435207044,0.038403580460294746,0.07907292048136387,0.10389077548627194,0.9070692360401154,3.2603247801462807
controlled,10,heteroscedastic,100,0.2,none,additive_fixed,T3,5,0.12160462960600849,0.026934843987247197,0.038299906253814665,0.09201248259029712,0.9068115264177322,3.3133371353149412
controlled,10,heteroscedastic,100,0.2,none,additive_fixed,observational,5,0.09157461822032924,0.012742121950628111,-0.01649761199951174,4.8052263551496005e-08,0.9068945407867431,3.338351535797119
controlled,10,heteroscedastic,100,0.2,none,diagnostic,T1,5,0.08978955174485838,0.02330301906189732,0.018366154034932403,0.0728115559758116,0.9007143457730612,3.1755073626836143
controlled,10,heteroscedastic,100,0.2,none,diagnostic,T2,5,0.10161178534229594,0.03754721620171168,0.04221147696177158,0.07930697693483171,0.8990596115589142,3.1600726366043093
controlled,10,heteroscedastic,100,0.2,none,diagnostic,T3,5,0.09610832706093783,0.023392701796402588,0.02154589891433712,0.07065324744523954,0.8994330614805222,3.228794980049133
controlled,10,heteroscedastic,100,0.2,none,diagnostic,observational,5,0.08248656839132305,0.01372646890291415,-0.015744686126708977,3.78098610437432e-08,0.8991015672683715,3.26676869392395
controlled,10,heteroscedastic,100,0.2,none,fixed,T1,5,0.11222901816169417,0.022831556370944157,0.03392764727274572,0.10029460796746606,0.9005136112372082,3.183207408587138
controlled,10,heteroscedastic,100,0.2,none,fixed,T2,5,0.14155878573656078,0.046645648009298206,0.08765103022257482,0.10839727979701948,0.8963758746782938,3.163178896903992
controlled,10,heteroscedastic,100,0.2,none,fixed,T3,5,0.12619724683463568,0.03369359720168837,0.045335173606872545,0.09536283599750768,0.8961642861366272,3.2096508383750915
controlled,10,heteroscedastic,100,0.2,none,fixed,observational,5,0.09922168403863901,0.03169638103627982,-0.005122852325439439,5.570066869332444e-08,0.8968554854393005,3.250522089004517
controlled,10,heteroscedastic,100,0.2,none,random,T1,5,0.11222901816169417,0.022831556370944157,0.03392764727274572,0.10029460796746606,0.9005136112372082,3.183207408587138
controlled,10,heteroscedastic,100,0.2,none,random,T2,5,0.14155878573656078,0.046645648009298206,0.08765103022257482,0.10839727979701948,0.8963758746782938,3.163178896903992
controlled,10,heteroscedastic,100,0.2,none,random,T3,5,0.12619724683463568,0.03369359720168837,0.045335173606872545,0.09536283599750768,0.8961642861366272,3.2096508383750915
controlled,10,heteroscedastic,100,0.2,none,random,observational,5,0.09922168403863901,0.03169638103627982,-0.005122852325439439,5.570066869332444e-08,0.8968554854393005,3.250522089004517
controlled,10,heteroscedastic,100,0.5,none,additive_fixed,T1,5,0.13087065840760864,0.036330384439877225,0.05656116803487138,0.11765773080464303,0.9112829168637594,3.298715615272522
controlled,10,heteroscedastic,100,0.5,none,additive_fixed,T2,5,0.15787407532334324,0.05759115560011137,0.10370581944783522,0.1310289238105155,0.9065248926480611,3.282218519846598
controlled,10,heteroscedastic,100,0.5,none,additive_fixed,T3,5,0.14957703910768022,0.02173493005248465,0.08049594163894648,0.1193252336865144,0.9035563230514526,3.321297752857208
controlled,10,heteroscedastic,100,0.5,none,additive_fixed,observational,5,0.1000332579016685,0.013911797537705214,-0.00850257873535156,3.818230245212284e-08,0.9081836104393005,3.356277418136597
controlled,10,heteroscedastic,100,0.5,none,diagnostic,T1,5,0.09733351295193031,0.030622659305491042,0.02151137193044024,0.07679078562778961,0.9025481045246124,3.2009218851725265
controlled,10,heteroscedastic,100,0.5,none,diagnostic,T2,5,0.11835480779409405,0.05344653409152594,0.061804127693176204,0.08616595014887818,0.9011013527711234,3.1915123383204143
controlled,10,heteroscedastic,100,0.5,none,diagnostic,T3,5,0.11416226550936695,0.03244423953131633,0.036150598526000936,0.07842058841762886,0.9014838397502899,3.266560435295105
controlled,10,heteroscedastic,100,0.5,none,diagnostic,observational,5,0.0958163723349571,0.02988104257130578,-0.00908164978027342,4.78737646175687e-08,0.9020312428474426,3.295457363128662
controlled,10,heteroscedastic,100,0.5,none,fixed,T1,5,0.12874573195974032,0.035069988282719865,0.057687902450561504,0.12217705602222939,0.8996563990910846,3.198496150970459
controlled,10,heteroscedastic,100,0.5,none,fixed,T2,5,0.167642210672299,0.06274170928228,0.1175714492797851,0.1342130313293525,0.8958261032899222,3.186815182367961
controlled,10,heteroscedastic,100,0.5,none,fixed,T3,5,0.1519158966839313,0.02222773023978137,0.08122329711914059,0.12035754889241912,0.8941786170005799,3.249045503139496
controlled,10,heteroscedastic,100,0.5,none,fixed,observational,5,0.10840081423521039,0.025419689732740308,0.0041644096374511596,7.270619340714132e-08,0.8986132860183715,3.26763334274292
controlled,10,heteroscedastic,100,0.5,none,random,T1,5,0.12840133855740227,0.03516050268368085,0.058853093783060674,0.1263157982169369,0.8990523755550385,3.1924563884735107
controlled,10,heteroscedastic,100,0.5,none,random,T2,5,0.1684789545834064,0.06087901058975437,0.11821788152058917,0.13751407569222981,0.8945945501327515,3.178880492846171
controlled,10,heteroscedastic,100,0.5,none,random,T3,5,0.14910149611532683,0.021925282330599316,0.08057388067245477,0.12080382110885499,0.8931884825229645,3.2382275342941282
controlled,10,heteroscedastic,100,0.5,none,random,observational,5,0.10522743165493009,0.025585749986111034,0.004294109344482421,7.05180161844046e-08,0.8977148532867432,3.257780885696411
controlled,10,heteroscedastic,400,-1.0,none,additive_oracle,T1,5,0.05997483146687342,0.006087340638467702,0.0002632538477579799,0.043044805831347635,0.9091579973697662,3.2321772734324137
controlled,10,heteroscedastic,400,-1.0,none,additive_oracle,T2,5,0.06503797856469946,0.004269680927462595,0.01532080968221026,0.046009033735598046,0.9073441187540692,3.220609815915425
controlled,10,heteroscedastic,400,-1.0,none,additive_oracle,T3,5,0.061724688485264724,0.00647567618815359,-0.0005966782569885399,0.03932139472327266,0.90739204287529,3.2890527486801147
controlled,10,heteroscedastic,400,-1.0,none,additive_oracle,observational,5,0.06082362085580818,0.004626317962192015,-0.03279447555541988,2.3968671621893455e-08,0.9067187666893005,3.329396390914917
controlled,10,heteroscedastic,400,-1.0,none,data_only,T1,5,0.0898483694841464,0.028272239563154593,0.02256108919779456,0.08465299536927648,0.9004268010457357,3.1769614537556965
controlled,10,heteroscedastic,400,-1.0,none,data_only,T2,5,0.12288964974383507,0.05142879609978573,0.07137998739878335,0.10153710214506677,0.8984772940476736,3.1812947909037272
controlled,10,heteroscedastic,400,-1.0,none,data_only,T3,5,0.12921812515705822,0.04280661798824532,0.06352516412734982,0.11989979176149404,0.8978271484375,3.255229318141937
controlled,10,heteroscedastic,400,-1.0,none,data_only,observational,5,0.08559385538101191,0.018386653083279268,-0.014911556243896479,5.7849349783335354e-08,0.9008203268051147,3.287380027770996
controlled,10,heteroscedastic,400,-1.0,none,dcdi,T1,5,0.09291568559904888,0.049180935676433175,0.02944823900858558,0.09537406585250928,0.9001916984717052,3.172910706202189
controlled,10,heteroscedastic,400,-1.0,none,dcdi,T2,5,0.11446309536695476,0.06990351807414788,0.06472912629445388,0.09708644632928838,0.8982385754585266,3.171676588058472
controlled,10,heteroscedastic,400,-1.0,none,dcdi,T3,5,0.10454614199697967,0.04318260051509445,0.03677451610565182,0.09469432128509922,0.8996988981962204,3.25273859500885
controlled,10,heteroscedastic,400,-1.0,none,dcdi,observational,5,0.0766949221491813,0.02551327129087524,-0.02683782577514644,4.1717248064367286e-08,0.9009765744209289,3.2819292068481447
controlled,10,heteroscedastic,400,-1.0,none,oracle,T1,5,0.05507333067556221,0.008725967375142444,0.0008271058400471799,0.046081147551446225,0.901459421714147,3.165822958946228
controlled,10,heteroscedastic,400,-1.0,none,oracle,T2,5,0.0600983312974373,0.007450506680389029,0.015396936734517381,0.0482832997739791,0.9008536001046499,3.1525376876195272
controlled,10,heteroscedastic,400,-1.0,none,oracle,T3,5,0.055102046951651516,0.007420242099413407,-0.0018461823463440004,0.0416321110406268,0.9006212055683136,3.2254031777381895
controlled,10,heteroscedastic,400,-1.0,none,oracle,observational,5,0.056737649440765335,0.005633065156098023,-0.030522918701171842,2.8206837570249043e-08,0.8989062666893005,3.261665439605713
controlled,10,heteroscedastic,400,0.2,none,additive_fixed,T1,5,0.10273559962709741,0.023434158634515347,0.02635333538055416,0.0930088922434799,0.9085322678089142,3.2446709712346395
controlled,10,heteroscedastic,400,0.2,none,additive_fixed,T2,5,0.1333620385577281,0.04038798624163922,0.07889361381530759,0.10187783224334272,0.9040726304054261,3.2321567058563234
controlled,10,heteroscedastic,400,0.2,none,additive_fixed,T3,5,0.11571098677814003,0.02628827489064297,0.035886204242706235,0.08864108208391404,0.9040527373552323,3.280368220806122
controlled,10,heteroscedastic,400,0.2,none,additive_fixed,observational,5,0.08726846575736996,0.015306395285403276,-0.01889934539794918,4.282651172619894e-08,0.9039062619209289,3.3105860233306883
controlled,10,heteroscedastic,400,0.2,none,diagnostic,T1,5,0.07689970247447486,0.023989482914775723,0.014678160349527975,0.072262163155246,0.901857288678487,3.178338885307312
controlled,10,heteroscedastic,400,0.2,none,diagnostic,T2,5,0.09184364825487133,0.03563782222051599,0.0385542551676432,0.0763105614318219,0.9008373200893403,3.1712147076924646
controlled,10,heteroscedastic,400,0.2,none,diagnostic,T3,5,0.08151457607746118,0.02194416969897764,0.0148352980613708,0.06098171024350868,0.9013183653354645,3.2394847750663756
controlled,10,heteroscedastic,400,0.2,none,diagnostic,observational,5,0.07063356265425677,0.010072447308198899,-0.025518703460693338,4.0855310365930876e-08,0.8995898604393006,3.271123933792114
controlled,10,heteroscedastic,400,0.2,none,fixed,T1,5,0.09905852923790608,0.025381877367105565,0.026815684636433874,0.09445047634144223,0.9005353113015492,3.177146808306376
controlled,10,heteroscedastic,400,0.2,none,fixed,T2,5,0.13279125640789663,0.04355112263651202,0.08212110201517739,0.10691878021774304,0.8956271787484488,3.160652335484823
controlled,10,heteroscedastic,400,0.2,none,fixed,T3,5,0.11330943740904327,0.027468771221897708,0.03745687007904046,0.08906989213794454,0.8956624388694763,3.206916332244873
controlled,10,heteroscedastic,400,0.2,none,fixed,observational,5,0.08609648793935769,0.017875971818481825,-0.01560497283935548,4.352612240907717e-08,0.8966015577316284,3.244753932952881
controlled,10,heteroscedastic,400,0.2,none,random,T1,5,0.09652648915847137,0.025266282013148508,0.025650135676066034,0.0920200958897627,0.900859022140503,3.179725233713786
controlled,10,heteroscedastic,400,0.2,none,random,T2,5,0.12997192392746604,0.04207567793015567,0.08043815294901528,0.1046300117539131,0.8962149242560068,3.164471960067749
controlled,10,heteroscedastic,400,0.2,none,random,T3,5,0.11053270138800139,0.02287579398321289,0.03440428972244256,0.0871364589317683,0.8965332061052322,3.214551544189453
controlled,10,heteroscedastic,400,0.2,none,random,observational,5,0.08466343581676478,0.016510344999786496,-0.01680450439453126,4.3527909908947984e-08,0.8972265601158143,3.251085710525513
controlled,10,heteroscedastic,400,0.5,none,additive_fixed,T1,5,0.12390520448486009,0.03869276093145858,0.05274089177449538,0.11531072832803294,0.9087673644224804,3.2715858459472655
controlled,10,heteroscedastic,400,0.5,none,additive_fixed,T2,5,0.16036265492439267,0.06229463851060719,0.10841506322224932,0.13237604467717076,0.9034885088602701,3.25779983997345
controlled,10,heteroscedastic,400,0.5,none,additive_fixed,T3,5,0.14395931698381897,0.026130110504384848,0.07624152898788447,0.11820613220455885,0.9010091215372086,3.294883406162262
controlled,10,heteroscedastic,400,0.5,none,additive_fixed,observational,5,0.09679227471351619,0.018251597845819274,-0.0088918685913086,4.231088013996995e-08,0.9063086032867431,3.332628297805786
controlled,10,heteroscedastic,400,0.5,none,diagnostic,T1,5,0.07768311674396192,0.012384516756209036,0.01456433931986488,0.07143801965390566,0.9014395336310068,3.177359104156494
controlled,10,heteroscedastic,400,0.5,none,diagnostic,T2,5,0.09511357036729652,0.026080318911777898,0.042692208290100064,0.0781684439188883,0.9002531905968985,3.168904725710551
controlled,10,heteroscedastic,400,0.5,none,diagnostic,T3,5,0.08326716106384988,0.025262426200434906,0.01916869878768918,0.06279972003355196,0.9012613981962204,3.2480329155921934
controlled,10,heteroscedastic,400,0.5,none,diagnostic,observational,5,0.06727166920900338,0.004596455431507867,-0.02632465362548826,3.780951238217529e-08,0.9002343773841858,3.27518253326416
controlled,10,heteroscedastic,400,0.5,none,fixed,T1,5,0.12659205496311182,0.041710299530633085,0.05759792327880854,0.12184307359114913,0.9005624353885651,3.203518613179525
controlled,10,heteroscedastic,400,0.5,none,fixed,T2,5,0.16288728167613345,0.06649038010507212,0.11278649171193436,0.13291923872016312,0.8953956961631775,3.190772366523743
controlled,10,heteroscedastic,400,0.5,none,fixed,T3,5,0.14552795104682442,0.029404635481101057,0.07851464748382564,0.12039978458582035,0.8931640654802322,3.2389208674430847
controlled,10,heteroscedastic,400,0.5,none,fixed,observational,5,0.1017461478710174,0.0185592097729269,-0.0017440795898437597,3.6036650773147065e-08,0.8988086104393005,3.2685873031616213
controlled,10,heteroscedastic,400,0.5,none,random,T1,5,0.12880118812123928,0.038393070031408176,0.060079439481099395,0.1348503171700516,0.9008969942728677,3.20971569220225
controlled,10,heteroscedastic,400,0.5,none,random,T2,5,0.17256628163158888,0.054051974720427706,0.12077536582946773,0.14282407222720922,0.894496895869573,3.188726607958476
controlled,10,heteroscedastic,400,0.5,none,random,T3,5,0.14360431768000123,0.030644852363553424,0.07632423639297482,0.11977736211437513,0.8934787392616272,3.2407407641410826
controlled,10,heteroscedastic,400,0.5,none,random,observational,5,0.10268739908933636,0.017654290480210135,-0.0007631301879883007,4.907878786912495e-08,0.8988672137260437,3.272308111190796
controlled,10,linear,100,-1.0,none,additive_oracle,T1,5,0.059928702563047366,0.008829337385366356,0.004834779103597001,0.04826719237858994,0.9055067300796509,3.201499708493551
controlled,10,linear,100,-1.0,none,additive_oracle,T2,5,0.06618944170574342,0.009451235805138968,0.028881851832071904,0.050578701461590915,0.9054687539736431,3.2050120512644455
controlled,10,linear,100,-1.0,none,additive_oracle,T3,5,0.06302517801523204,0.005691677022745698,0.02382299900054928,0.05946175138024926,0.9055745512247085,3.0954539299011232
controlled,10,linear,100,-1.0,none,additive_oracle,observational,5,0.07040136158466334,0.01621628588068579,0.00400285720825194,3.235541649202036e-08,0.8992578148841858,3.3338568687438963
controlled,10,linear,100,-1.0,none,data_only,T1,5,0.15478629991412157,0.05569121868918275,0.1023537158966064,0.16708198507472627,0.8960015296936035,3.2056077798207605
controlled,10,linear,100,-1.0,none,data_only,T2,5,0.20353680141270156,0.0900281270132584,0.2293497244517008,0.1828423152600383,0.8851020038127899,3.1695321480433147
controlled,10,linear,100,-1.0,none,data_only,T3,5,0.2900244690477848,0.045656716071491125,0.34923199415206907,0.32587242617102524,0.8596652626991272,3.02905433177948
controlled,10,linear,100,-1.0,none,data_only,observational,5,0.1014983549714088,0.030855466507559406,0.02189397811889646,5.536018772203814e-08,0.8916211128234863,3.2754207611083985
controlled,10,linear,100,-1.0,none,dcdi,T1,5,0.17722535456220306,0.054695849512442316,0.12399638493855791,0.17813863266841024,0.892773445447286,3.181572953859965
controlled,10,linear,100,-1.0,none,dcdi,T2,5,0.22284701168537135,0.0772202554999747,0.2194992303848266,0.19437933660155932,0.8821940203507742,3.1587066411972047
controlled,10,linear,100,-1.0,none,dcdi,T3,5,0.2641553699970245,0.07828596586388333,0.27984139919281004,0.2895606430827099,0.8758029580116272,3.0872318625450133
controlled,10,linear,100,-1.0,none,dcdi,observational,5,0.10714343786239618,0.0120337212207978,0.02365760803222654,6.919402525492506e-08,0.8909961104393005,3.2637407779693604
controlled,10,linear,100,-1.0,none,oracle,T1,5,0.06674395141502217,0.011114292602354813,0.00851118564605712,0.04655119462402844,0.8942183911800384,3.107766811052958
controlled,10,linear,100,-1.0,none,oracle,T2,5,0.06802305417756234,0.00895499196513198,0.029565819104512496,0.04992673499050848,0.8941279709339142,3.106380033493042
controlled,10,linear,100,-1.0,none,oracle,T3,5,0.0677241679280996,0.007287671861804016,0.024789440631866437,0.05411859658989841,0.8953748971223832,3.0117581844329835
controlled,10,linear,100,-1.0,none,oracle,observational,5,0.07891828492283817,0.017610191898631743,0.00869503021240232,3.9159691541427733e-08,0.8894336104393006,3.2486053466796876
controlled,10,linear,100,0.2,none,additive_fixed,T1,5,0.10618751905858514,0.03678673386759425,0.0419371207555135,0.10154496388061782,0.8992187559604645,3.1807498216629027
controlled,10,linear,100,0.2,none,additive_fixed,T2,5,0.12949432258804633,0.05747934472006513,0.10128028392791744,0.11351943907788231,0.8946903983751933,3.170244304339091
controlled,10,linear,100,0.2,none,additive_fixed,T3,5,0.12906169202178713,0.06288420938975882,0.09047152996063228,0.12293454319749678,0.8959960997104645,3.0703262805938722
controlled,10,linear,100,0.2,none,additive_fixed,observational,5,0.08709754645824426,0.04250180126567068,0.025883007049560543,4.527327547978383e-08,0.89345703125,3.2880946159362794
controlled,10,linear,100,0.2,none,diagnostic,T1,5,0.09928290111323193,0.02954813237549943,0.03726705710093174,0.08582171542195713,0.8954318622748059,3.144369029998779
controlled,10,linear,100,0.2,none,diagnostic,T2,5,0.10582857889433699,0.03475540573471912,0.07155268192291254,0.08613350650965942,0.8945981681346893,3.142095518112183
controlled,10,linear,100,0.2,none,diagnostic,T3,5,0.14646976869553324,0.07754503969279336,0.12228040695190426,0.14933679416329834,0.8839002937078476,3.0061290860176086
controlled,10,linear,100,0.2,none,diagnostic,observational,5,0.0820702031254768,0.021027907575071857,0.006790256500244118,4.4090198806530594e-08,0.8908789157867432,3.259876251220703
controlled,10,linear,100,0.2,none,fixed,T1,5,0.11223759849866226,0.03544342966026881,0.043744381268819146,0.10167848424606303,0.8911982794602713,3.1111215670903523
controlled,10,linear,100,0.2,none,fixed,T2,5,0.13672222929696237,0.051270235702548246,0.10799231529235835,0.10993641885414222,0.8853425304094952,3.095820673306783
controlled,10,linear,100,0.2,none,fixed,T3,5,0.13695665951818223,0.05559368977390632,0.09740749597549433,0.12193308270855456,0.8878472298383713,3.0061963200569153
controlled,10,linear,100,0.2,none,fixed,observational,5,0.09708917737007138,0.03857630593397352,0.03313732147216796,5.177594530566438e-08,0.88662109375,3.222493600845337
controlled,10,linear,100,0.2,none,random,T1,5,0.11420118808746334,0.0334562717555979,0.048503335316975836,0.1029436844535696,0.8925817449887594,3.1260079622268675
controlled,10,linear,100,0.2,none,random,T2,5,0.1371859367936849,0.05030588010789153,0.10613640149434403,0.11019057490105011,0.8858018716176351,3.100491635004679
controlled,10,linear,100,0.2,none,random,T3,5,0.15955113340169186,0.08062780368844326,0.131439995765686,0.15546504852599263,0.8843939960002899,3.0089158535003664
controlled,10,linear,100,0.2,none,random,observational,5,0.09803087413311003,0.03738331985262002,0.019427680969238283,5.445232027016428e-08,0.8866015553474427,3.2230339527130125
controlled,10,linear,100,0.5,none,additive_fixed,T1,5,0.1609508934120337,0.03582180395318553,0.09068096478780108,0.14990953855505224,0.8984628280003866,3.2023532152175904
controlled,10,linear,100,0.5,none,additive_fixed,T2,5,0.1937469432751337,0.04030206481717839,0.15892403920491532,0.1474289141959309,0.8925491988658905,3.1887046655019127
controlled,10,linear,100,0.5,none,additive_fixed,T3,5,0.18995205052196978,0.022503722121532517,0.13273984193801874,0.18619768826602795,0.892588984966278,3.066305637359619
controlled,10,linear,100,0.5,none,additive_fixed,observational,5,0.1310238882899284,0.030550378167027357,0.034928798675537095,4.814192036631676e-08,0.8902539134025573,3.271166276931763
controlled,10,linear,100,0.5,none,diagnostic,T1,5,0.10561511665582653,0.035546823497097965,0.04021155834197996,0.09521309298227863,0.8981228371461232,3.1685937007268272
controlled,10,linear,100,0.5,none,diagnostic,T2,5,0.11263205036520954,0.03792480459110485,0.07103478113810216,0.0861891059927957,0.8982982575893402,3.173415811856588
controlled,10,linear,100,0.5,none,diagnostic,T3,5,0.1078693754971027,0.029184325157250224,0.053693068027496314,0.09284831161442073,0.8965386331081391,3.0567092657089234
controlled,10,linear,100,0.5,none,diagnostic,observational,5,0.08768493607640263,0.024806441658959823,0.01303796768188474,4.177156011882595e-08,0.8931836009025573,3.2935163974761963
controlled,10,linear,100,0.5,none,fixed,T1,5,0.16306667874256767,0.03855417682828112,0.08994584878285722,0.14730742665370009,0.8938621322313944,3.1655704259872435
controlled,10,linear,100,0.5,none,fixed,T2,5,0.1998140027125676,0.03134534266497354,0.16926001707712807,0.14676851589917098,0.8868399202823639,3.155163073539734
controlled,10,linear,100,0.5,none,fixed,T3,5,0.1964981377124786,0.02694318651502196,0.1430599451065063,0.18603723861555782,0.8887776732444763,3.0451858043670654
controlled,10,linear,100,0.5,none,fixed,observational,5,0.13252370208501812,0.02005507889337946,0.03581199645996092,4.4985380164634635e-08,0.8874414205551148,3.253840208053589
controlled,10,linear,100,0.5,none,random,T1,5,0.16167582397659616,0.04375523999254581,0.09111046791076657,0.15242426890656863,0.891147647301356,3.143777084350586
controlled,10,linear,100,0.5,none,random,T2,5,0.19777633001406986,0.03830468404484839,0.16600785255432124,0.15147341040823734,0.8834183414777119,3.123869140942891
controlled,10,linear,100,0.5,none,random,T3,5,0.1997654922306537,0.03643237126072875,0.15530611276626582,0.18964910476066313,0.8817925393581391,2.9934237241744994
controlled,10,linear,100,0.5,none,random,observational,5,0.12569769322872157,0.023666893419294104,0.03257350921630856,5.071818093071509e-08,0.883593761920929,3.2143147945404054
controlled,10,linear,400,-1.0,none,additive_oracle,T1,5,0.05005334069331482,0.006142259088640298,0.0017563184102376193,0.04167217982755872,0.9063313861687978,3.205665612220764
controlled,10,linear,400,-1.0,none,additive_oracle,T2,5,0.05234787190953886,0.005293644829635714,0.02338972091674804,0.044026080504235024,0.906217453877131,3.2077927430470785
controlled,10,linear,400,-1.0,none,additive_oracle,T3,5,0.05717369113117454,0.008120530539175809,0.019716596603393498,0.05132912878386442,0.9071099191904068,3.1081880927085876
controlled,10,linear,400,-1.0,none,additive_oracle,observational,5,0.0575856044888496,0.012015584272654286,-0.002008056640625039,2.149620299063308e-08,0.9007617354393005,3.344969606399536
controlled,10,linear,400,-1.0,none,data_only,T1,5,0.1520911579330762,0.06205266116986224,0.09505546092987058,0.16788194917457164,0.8987286706765494,3.228298433621725
controlled,10,linear,400,-1.0,none,data_only,T2,5,0.21578716263175007,0.09432325805982093,0.2554027477900187,0.19079652394039948,0.8818088153998058,3.168179678916931
controlled,10,linear,400,-1.0,none,data_only,T3,5,0.2781939441338181,0.08567621856134686,0.3383246064186096,0.3036422790653531,0.8547037810087204,2.980894422531128
controlled,10,linear,400,-1.0,none,data_only,observational,5,0.10766490995883934,0.03247923098111285,0.047912979125976515,6.82747314812049e-08,0.8901757836341858,3.2592719554901124
controlled,10,linear,400,-1.0,none,dcdi,T1,5,0.14527993736167746,0.03204882958685634,0.08293212254842117,0.12946593065964268,0.9009476363658905,3.2381643454233804
controlled,10,linear,400,-1.0,none,dcdi,T2,5,0.16855141433576737,0.05306744686983203,0.1454087734222412,0.1442730940697377,0.8961914122104645,3.2205509742101035
controlled,10,linear,400,-1.0,none,dcdi,T3,5,0.22860056944191456,0.11469670132604347,0.24986132383346554,0.24418394501482318,0.8729492247104644,3.03367303609848
controlled,10,linear,400,-1.0,none,dcdi,observational,5,0.09710132330656046,0.029215506954325593,0.02100868225097654,4.734862709125297e-08,0.8930468797683716,3.29215989112854
controlled,10,linear,400,-1.0,none,oracle,T1,5,0.056269120424985816,0.003804184154414605,0.00227648417154946,0.04167553126847132,0.9002188285191852,3.157163619995117
controlled,10,linear,400,-1.0,none,oracle,T2,5,0.05740800797939294,0.006622105486972651,0.025143019358317042,0.04223439714525786,0.900249574581782,3.1569796085357664
controlled,10,linear,400,-1.0,none,oracle,T3,5,0.0624854767695069,0.007692085218254848,0.022108364105224577,0.049888463338786895,0.89982368350029,3.0464419960975646
controlled,10,linear,400,-1.0,none,oracle,observational,5,0.06411960050463669,0.00955099566614458,0.00216708183288574,4.783601916595465e-08,0.8956054806709289,3.2990260124206543
controlled,10,linear,400,0.2,none,additive_fixed,T1,5,0.10454288522402441,0.032833860296924706,0.0369212468465169,0.0997942139047921,0.902808529138565,3.2104203383127854
controlled,10,linear,400,0.2,none,additive_fixed,T2,5,0.12679059741397694,0.05443578718944026,0.0989416122436523,0.10862160110617183,0.8971480826536814,3.193792390823364
controlled,10,linear,400,0.2,none,additive_fixed,T3,5,0.13461826276034114,0.05940244817208398,0.09563946723937984,0.12342899699129087,0.8978732794523239,3.094793438911438
controlled,10,linear,400,0.2,none,additive_fixed,observational,5,0.08573561608791347,0.04247662265901243,0.026164340972900362,4.965801519619575e-08,0.8965820431709289,3.3165750026702883
controlled,10,linear,400,0.2,none,diagnostic,T1,5,0.0655640163769324,0.014984718792456074,0.00548489888509116,0.05292729926973764,0.900634769598643,3.166121824582418
controlled,10,linear,400,0.2,none,diagnostic,T2,5,0.06857759021222586,0.02207412058915066,0.03067239125569658,0.059054539338803204,0.9006926417350769,3.168209966023763
controlled,10,linear,400,0.2,none,diagnostic,T3,5,0.11587708219885821,0.04279748651952539,0.07869869470596308,0.11546871515531806,0.8948133736848831,3.0558856248855593
controlled,10,linear,400,0.2,none,diagnostic,observational,5,0.06337624788284296,0.009570681787720811,7.524490356441982e-05,3.298129403229963e-08,0.8976171970367431,3.3146393299102783
controlled,10,linear,400,0.2,none,fixed,T1,5,0.10484863432745135,0.03469299389967844,0.03802745342254638,0.10269731518639946,0.8977792302767436,3.1750285148620607
controlled,10,linear,400,0.2,none,fixed,T2,5,0.13220161621769264,0.05113787892783449,0.10927487214406328,0.11081619855083044,0.8916540106137594,3.148988111813863
controlled,10,linear,400,0.2,none,fixed,T3,5,0.13326135650277132,0.05708334606447067,0.09652904272079463,0.11805672472129439,0.8914794981479645,3.0398059248924256
controlled,10,linear,400,0.2,none,fixed,observational,5,0.08431652933359142,0.03522505249715421,0.026311206817626942,4.9881614177328146e-08,0.8936132907867431,3.2804864406585694
controlled,10,linear,400,0.2,none,random,T1,5,0.10484863432745135,0.03469299389967844,0.03802745342254638,0.10269731518639946,0.8977792302767436,3.1750285148620607
controlled,10,linear,400,0.2,none,random,T2,5,0.13220161621769264,0.05113787892783449,0.10927487214406328,0.11081619855083044,0.8916540106137594,3.148988111813863
controlled,10,linear,400,0.2,none,random,T3,5,0.13326135650277132,0.05708334606447067,0.09652904272079463,0.11805672472129439,0.8914794981479645,3.0398059248924256
controlled,10,linear,400,0.2,none,random,observational,5,0.08431652933359142,0.03522505249715421,0.026311206817626942,4.9881614177328146e-08,0.8936132907867431,3.2804864406585694
controlled,10,linear,400,0.5,none,additive_fixed,T1,5,0.15792897020777064,0.03825917579020339,0.08546978632609044,0.14640548256012526,0.9003219107786814,3.2092024405797326
controlled,10,linear,400,0.5,none,additive_fixed,T2,5,0.19221393950283527,0.04585939374701768,0.16063487529754636,0.14654769043939486,0.8948784788449606,3.2029693682988487
controlled,10,linear,400,0.5,none,additive_fixed,T3,5,0.1897915124893188,0.02610729110870335,0.13032894134521483,0.1856038826224599,0.8936143785715103,3.074702298641205
controlled,10,linear,400,0.5,none,additive_fixed,observational,5,0.12604489028453822,0.024171230919651263,0.030057239532470657,4.310863471879905e-08,0.8921875119209289,3.282136249542236
controlled,10,linear,400,0.5,none,diagnostic,T1,5,0.10592661189536252,0.041198384360331575,0.04369689623514808,0.09745903814219138,0.9010434826215109,3.194212524096171
controlled,10,linear,400,0.5,none,diagnostic,T2,5,0.11903658000131442,0.04631672668225878,0.0841694593429565,0.10390326494585604,0.8958188712596893,3.1694377581278483
controlled,10,linear,400,0.5,none,diagnostic,T3,5,0.14606075938791033,0.04243323226616002,0.10841363668441768,0.1446266372028197,0.8931559264659882,3.0608896255493163
controlled,10,linear,400,0.5,none,diagnostic,observational,5,0.08177953362464901,0.023827016080469627,0.0030304908752441183,3.775705020217543e-08,0.8952929735183716,3.3014564514160156
controlled,10,linear,400,0.5,none,fixed,T1,5,0.16174039393663403,0.034495768319318276,0.08851829369862868,0.14717288423395092,0.8950340032577515,3.1752764145533243
controlled,10,linear,400,0.5,none,fixed,T2,5,0.19568093853692212,0.03854244344927085,0.16735913753509518,0.1474608239825,0.8895887653032938,3.163613589604696
controlled,10,linear,400,0.5,none,fixed,T3,5,0.19762374609708783,0.01706531879646444,0.14425126314163206,0.18187567269947807,0.8886664599180222,3.042629623413086
controlled,10,linear,400,0.5,none,fixed,observational,5,0.12874020189046856,0.01819786009658942,0.03443908691406248,5.0017005936027253e-08,0.8878125190734864,3.248753547668457
controlled,10,linear,400,0.5,none,random,T1,5,0.1337962569048007,0.027030599174761184,0.06248925526936844,0.13141447887354854,0.892109747727712,3.130439853668213
controlled,10,linear,400,0.5,none,random,T2,5,0.16246113181114194,0.025915551033479704,0.12316401799519852,0.13262593300397607,0.888076897462209,3.1186588366826378
controlled,10,linear,400,0.5,none,random,T3,5,0.1943163730204105,0.038130710554493914,0.1576589226722717,0.1921012884751327,0.8795410245656967,2.987110233306885
controlled,10,linear,400,0.5,none,random,observational,5,0.10201023966073985,0.02327650989497991,0.018799209594726536,4.6761962589237424e-08,0.8865234375,3.218192768096924
controlled,10,nonlinear,100,-1.0,none,additive_oracle,T1,5,0.07425683711965873,0.010799187529570665,0.01076411406199132,0.04622742818499862,0.914346432685852,3.2940081914265953
controlled,10,nonlinear,100,-1.0,none,additive_oracle,T2,5,0.07546459933121993,0.011701978598813757,0.007650240262349441,0.053112695765446194,0.9135688006877899,3.297941470146179
controlled,10,nonlinear,100,-1.0,none,additive_oracle,T3,5,0.07854517661035057,0.01284742936679707,-0.0030385851860046205,0.05158607817955507,0.9147054135799408,3.305552899837494
controlled,10,nonlinear,100,-1.0,none,additive_oracle,observational,5,0.07201630324125284,0.01648870799693489,0.01830120086669918,2.6878864775819785e-08,0.91708984375,3.39815149307251
controlled,10,nonlinear,100,-1.0,none,data_only,T1,5,0.14165805677572885,0.03709008906800314,0.08354511260986326,0.1558845877020738,0.9022895018259683,3.227205308278401
controlled,10,nonlinear,100,-1.0,none,data_only,T2,5,0.1717746816575527,0.055779318035711394,0.1279754797617594,0.16015612692987952,0.8931984285513559,3.2159319480260207
controlled,10,nonlinear,100,-1.0,none,data_only,T3,5,0.20330504775047298,0.10375295154350228,0.15278673171997065,0.216783866584014,0.8854003995656967,3.190616548061371
controlled,10,nonlinear,100,-1.0,none,data_only,observational,5,0.08380951136350626,0.024963874308529987,0.015958595275878878,5.0358263704928434e-08,0.9060937643051148,3.296645259857178
controlled,10,nonlinear,100,-1.0,none,dcdi,T1,5,0.11900262745718157,0.033638858702728466,0.05021255811055496,0.11804630730407832,0.9029911835988361,3.2122395038604736
controlled,10,nonlinear,100,-1.0,none,dcdi,T2,5,0.13527666479349132,0.036791209481819846,0.06035188039143876,0.11779188904930353,0.8997848014036816,3.2145802974700928
controlled,10,nonlinear,100,-1.0,none,dcdi,T3,5,0.1457380902022123,0.04482877976976295,0.07216467857360834,0.1407110473910363,0.9007080137729645,3.2350134372711183
controlled,10,nonlinear,100,-1.0,none,dcdi,observational,5,0.07598707675933833,0.015183054714748451,0.020635509490966757,2.733192239850151e-08,0.9087304830551147,3.306805467605591
controlled,10,nonlinear,100,-1.0,none,oracle,T1,5,0.06741064935922618,0.0023547784675901707,0.00973875522613524,0.05004572117752344,0.9050998330116272,3.2044705390930175
controlled,10,nonlinear,100,-1.0,none,oracle,T2,5,0.07014158194263773,0.0074187455603316535,0.00668674310048422,0.055116416326552696,0.9032154242197672,3.199594283103943
controlled,10,nonlinear,100,-1.0,none,oracle,T3,5,0.0656795654445886,0.007249147864737379,-0.00804148912429808,0.049632921417211796,0.9041829496622086,3.2052245259284975
controlled,10,nonlinear,100,-1.0,none,oracle,observational,5,0.06279697120189662,0.010256434798682096,0.013959217071533182,3.509072501766732e-08,0.9097070455551147,3.3136191844940184
controlled,10,nonlinear,100,0.2,none,additive_fixed,T1,5,0.13500573933124538,0.042311139078793844,0.0669244766235351,0.10466559270477879,0.9135778446992238,3.3226092179616296
controlled,10,nonlinear,100,0.2,none,additive_fixed,T2,5,0.14562676275769865,0.04500072928484907,0.07632162570953366,0.10698018497286306,0.9126157442728677,3.335046188036601
controlled,10,nonlinear,100,0.2,none,additive_fixed,T3,5,0.1494527999311685,0.06525317267052749,0.0811288475990295,0.12105361403547332,0.9101833790540695,3.3333609223365785
controlled,10,nonlinear,100,0.2,none,additive_fixed,observational,5,0.10192820429801937,0.028645188350941302,0.028489875793457,3.045071078815423e-08,0.9157812595367432,3.410797119140625
controlled,10,nonlinear,100,0.2,none,diagnostic,T1,5,0.09526516273617743,0.03564006757058019,0.030445384979248043,0.0694522941688797,0.902808529138565,3.1960754076639812
controlled,10,nonlinear,100,0.2,none,diagnostic,T2,5,0.10472617931663986,0.04401676031344699,0.03318789005279538,0.06885429876614138,0.9008282721042633,3.197975500424703
controlled,10,nonlinear,100,0.2,none,diagnostic,T3,5,0.11592832207679744,0.06462787452793099,0.0476999759674072,0.09511315947424355,0.9007676869630814,3.2167006969451903
controlled,10,nonlinear,100,0.2,none,diagnostic,observational,5,0.08505041301250452,0.028948847100683274,0.02422094345092772,4.363860483628412e-08,0.906152355670929,3.2920390605926513
controlled,10,nonlinear,100,0.2,none,fixed,T1,5,0.13257263725002602,0.04101695487647682,0.06619180838267003,0.1076935945942381,0.9026638507843018,3.222098390261332
controlled,10,nonlinear,100,0.2,none,fixed,T2,5,0.14969950939218202,0.04437632615529275,0.08357544740041097,0.11024287263453487,0.8996527791023254,3.2232881228129067
controlled,10,nonlinear,100,0.2,none,fixed,T3,5,0.1420425962656736,0.06492568206934028,0.07502908706665036,0.1205657510138638,0.8978705555200577,3.2213104486465456
controlled,10,nonlinear,100,0.2,none,fixed,observational,5,0.09662194997072213,0.03283318693705713,0.026870727539062462,4.860946948038473e-08,0.9053515672683716,3.302756690979004
controlled,10,nonlinear,100,0.2,none,random,T1,5,0.13230446949601168,0.04074697755138822,0.06607970396677648,0.10860010625495864,0.9023618419965109,3.2195289770762123
controlled,10,nonlinear,100,0.2,none,random,T2,5,0.15017633313934006,0.04486274738908826,0.08375680446624753,0.11171267264603746,0.8993109822273254,3.2204407691955566
controlled,10,nonlinear,100,0.2,none,random,T3,5,0.14368323534727093,0.06611554401017757,0.0774276256561279,0.12369525641739165,0.8974826455116272,3.21826913356781
controlled,10,nonlinear,100,0.2,none,random,observational,5,0.09623458534479136,0.03239952282491745,0.026994991302490202,4.828100204477449e-08,0.905078136920929,3.3000394821166994
controlled,10,nonlinear,100,0.5,none,additive_fixed,T1,5,0.15251455232501027,0.03250018330682599,0.08282710711161292,0.13714030951956357,0.9082718511422474,3.288032348950704
controlled,10,nonlinear,100,0.5,none,additive_fixed,T2,5,0.1731259355942408,0.04229615597933419,0.11286366780598953,0.14853770724009824,0.9038230697313944,3.2842263142267862
controlled,10,nonlinear,100,0.5,none,additive_fixed,T3,5,0.15757187046110627,0.048991035279272496,0.07185499668121333,0.1331569513562782,0.9102864652872086,3.3232975006103516
controlled,10,nonlinear,100,0.5,none,additive_fixed,observational,5,0.10188286602497099,0.021311789103925213,0.027992820739746082,4.756186869726562e-08,0.9124804854393005,3.3701020240783692
controlled,10,nonlinear,100,0.5,none,diagnostic,T1,5,0.12281321833531059,0.010447156171089147,0.043736879030863415,0.10914925588250105,0.9018174986044565,3.196883090337118
controlled,10,nonlinear,100,0.5,none,diagnostic,T2,5,0.13985879123210904,0.01408171264347176,0.056993548075358016,0.107991832130008,0.8989963134129842,3.195012394587199
controlled,10,nonlinear,100,0.5,none,diagnostic,T3,5,0.1405907955020666,0.04949136075388928,0.05897376537322994,0.12324467031230768,0.8994791746139527,3.211335039138794
controlled,10,nonlinear,100,0.5,none,diagnostic,observational,5,0.09206105619668956,0.015400511120347527,0.02546062469482418,3.841862355039822e-08,0.9061328411102295,3.2858856201171873
controlled,10,nonlinear,100,0.5,none,fixed,T1,5,0.14965008000532784,0.028896403721889657,0.08185114065806066,0.1378913505435385,0.8994665145874023,3.205340083440145
controlled,10,nonlinear,100,0.5,none,fixed,T2,5,0.17627315595746035,0.041338652853896395,0.12249504725138341,0.1457684085762687,0.8921621898810068,3.1885289033253987
controlled,10,nonlinear,100,0.5,none,fixed,T3,5,0.15386638268828387,0.04990342942821522,0.07385271787643426,0.1334895443615164,0.8989285081624985,3.2230966448783875
controlled,10,nonlinear,100,0.5,none,fixed,observational,5,0.10033518373966213,0.025136620256068644,0.03001441955566404,4.758379774518932e-08,0.9030664324760437,3.2727832794189453
controlled,10,nonlinear,100,0.5,none,random,T1,5,0.13856132055322326,0.031239797711456855,0.06829290390014645,0.12613263876394742,0.8990324914455414,3.1900811036427816
controlled,10,nonlinear,100,0.5,none,random,T2,5,0.16117742980519925,0.043670219394788636,0.09933635393778478,0.1312031566983583,0.8927553633848826,3.180432669321696
controlled,10,nonlinear,100,0.5,none,random,T3,5,0.14883896708488462,0.047521471555311,0.06927893161773677,0.13132753525831925,0.8984022498130798,3.217132902145386
controlled,10,nonlinear,100,0.5,none,random,observational,5,0.09647606015205377,0.025469493285752084,0.0331926345825195,5.2790648181840444e-08,0.9027343988418579,3.2681750774383547
controlled,10,nonlinear,400,-1.0,none,additive_oracle,T1,5,0.05627534377078212,0.002406080364579485,0.00473450819651284,0.04407434368366586,0.9089699149131775,3.2374417066574095
controlled,10,nonlinear,400,-1.0,none,additive_oracle,T2,5,0.059266696373621565,0.004736780675000549,0.0019316196441650398,0.0486441240590259,0.9083713173866272,3.239458958307902
controlled,10,nonlinear,400,-1.0,none,additive_oracle,T3,5,0.057200390845537116,0.004153378294557425,-0.0110174298286438,0.044634354334467496,0.9096462696790695,3.24685617685318
controlled,10,nonlinear,400,-1.0,none,additive_oracle,observational,5,0.05952167510986321,0.008327294433766046,0.0113497734069824,2.757520786473905e-08,0.91171875,3.3441781520843508
controlled,10,nonlinear,400,-1.0,none,data_only,T1,5,0.13011071309447284,0.041853141232994245,0.07562011082967118,0.1439424335556771,0.8999819238980612,3.214895780881246
controlled,10,nonlinear,400,-1.0,none,data_only,T2,5,0.15334115885198113,0.04957577537675261,0.10656847159067787,0.14613787231889772,0.8935203313827514,3.2025767087936403
controlled,10,nonlinear,400,-1.0,none,data_only,T3,5,0.19374722633510824,0.11034617193357092,0.14754353761672973,0.21013064225822467,0.8835557758808136,3.1746021509170532
controlled,10,nonlinear,400,-1.0,none,data_only,observational,5,0.07564429342746733,0.0182861507103307,0.01102590560913082,3.7368051103276776e-08,0.9060742259025574,3.2966439723968506
controlled,10,nonlinear,400,-1.0,none,dcdi,T1,5,0.10543835163116451,0.03331345801575192,0.0398060321807861,0.10202032368593572,0.9013726194699604,3.195776597658793
controlled,10,nonlinear,400,-1.0,none,dcdi,T2,5,0.1254870490481456,0.05129336445110404,0.06902938683827717,0.11164459626290961,0.8992115199565888,3.207668272654215
controlled,10,nonlinear,400,-1.0,none,dcdi,T3,5,0.08631754480302328,0.017333763958316165,0.0012881398200988796,0.0757776916802691,0.9015597999095917,3.1856884598731994
controlled,10,nonlinear,400,-1.0,none,dcdi,observational,5,0.07533108294010157,0.0195847775232547,0.01063785552978514,3.543048258348366e-08,0.9050586104393006,3.2870522022247313
controlled,10,nonlinear,400,-1.0,none,oracle,T1,5,0.05366183221340176,0.007620924365568872,0.00433844725290934,0.0420452586599859,0.9028338491916656,3.1841615597407023
controlled,10,nonlinear,400,-1.0,none,oracle,T2,5,0.056544671207666354,0.007564534341595796,0.0008845329284667797,0.04930330732090396,0.902705442905426,3.1910799582799276
controlled,10,nonlinear,400,-1.0,none,oracle,T3,5,0.05351343601942056,0.007368289832969821,-0.01157569885253904,0.0465093720510784,0.9029676705598831,3.1889443039894103
controlled,10,nonlinear,400,-1.0,none,oracle,observational,5,0.05500822812318797,0.011316460551631704,0.01077432632446286,2.3728313030158426e-08,0.9063867330551147,3.2934648990631104
controlled,10,nonlinear,400,0.2,none,additive_fixed,T1,5,0.12234790797034893,0.04034771193383171,0.05813829104105626,0.09979952040116073,0.906893821557363,3.2490155537923178
controlled,10,nonlinear,400,0.2,none,additive_fixed,T2,5,0.14199700082341823,0.052430233381208745,0.07939345041910803,0.10752303448204029,0.9039442360401153,3.2539884408315025
controlled,10,nonlinear,400,0.2,none,additive_fixed,T3,5,0.1412489296868443,0.06498526881179582,0.0768551230430603,0.1184011799360225,0.9035074859857559,3.2649499773979187
controlled,10,nonlinear,400,0.2,none,additive_fixed,observational,5,0.0950174421072006,0.020741874944140606,0.02180271148681636,2.8004004239443917e-08,0.908105480670929,3.3350831985473635
controlled,10,nonlinear,400,0.2,none,diagnostic,T1,5,0.06125904172658916,0.015216908247299333,0.01059420903523762,0.05419263962886918,0.9011556069056192,3.169838380813599
controlled,10,nonlinear,400,0.2,none,diagnostic,T2,5,0.06924793521563206,0.02547278615188302,0.007697852452596021,0.057513464637528065,0.9004485070705414,3.1756884415944415
controlled,10,nonlinear,400,0.2,none,diagnostic,T3,5,0.12823791429400438,0.10098386112657368,0.07285631895065305,0.13786248521014638,0.8943739175796509,3.1768020153045655
controlled,10,nonlinear,400,0.2,none,diagnostic,observational,5,0.05559675395488735,0.009592276150528281,0.008496093749999978,1.878284174416833e-08,0.9042968869209289,3.270835256576538
controlled,10,nonlinear,400,0.2,none,fixed,T1,5,0.12091259273389972,0.04311071847744983,0.05814208984374995,0.09983381549412222,0.9010199705759684,3.196102197964986
controlled,10,nonlinear,400,0.2,none,fixed,T2,5,0.14113182947039601,0.05495439906537907,0.0811702966690063,0.10686418130947037,0.8974826474984487,3.1979206562042237
controlled,10,nonlinear,400,0.2,none,fixed,T3,5,0.13770125247538084,0.06471469170107019,0.0757261276245117,0.11753019406265552,0.8961073249578476,3.1976954340934753
controlled,10,nonlinear,400,0.2,none,fixed,observational,5,0.09109168648719781,0.019655567451349665,0.022451496124267563,3.540395372782484e-08,0.9021289229393006,3.2745055675506594
controlled,10,nonlinear,400,0.2,none,random,T1,5,0.10492385464409985,0.05151108473934224,0.04757363796234126,0.10016230584900845,0.9009422063827515,3.1925549348195394
controlled,10,nonlinear,400,0.2,none,random,T2,5,0.12613044617076713,0.06402448406174076,0.07418527603149411,0.10733890933870922,0.8973922272523245,3.192127807935079
controlled,10,nonlinear,400,0.2,none,random,T3,5,0.12382279820740219,0.0751940461575049,0.05470335483551023,0.1134382321587089,0.8935899585485458,3.166634130477905
controlled,10,nonlinear,400,0.2,none,random,observational,5,0.07471424639225,0.02311556996179811,0.016455745697021462,3.546646154822204e-08,0.9030468940734864,3.2743362903594972
controlled,10,nonlinear,400,0.5,none,additive_fixed,T1,5,0.14356700107455247,0.028149515365260527,0.07611116568247475,0.1362947030516418,0.9029694835344951,3.233812220891317
controlled,10,nonlinear,400,0.5,none,additive_fixed,T2,5,0.16942802270253493,0.043096161141036204,0.11394597689310704,0.14783934340352714,0.8977358261744183,3.230779584248861
controlled,10,nonlinear,400,0.5,none,additive_fixed,T3,5,0.1484807316213846,0.04203630874855816,0.06604632139205927,0.12912369836552995,0.9053439706563949,3.267329454421997
controlled,10,nonlinear,400,0.5,none,additive_fixed,observational,5,0.09541281312704082,0.008748149345305017,0.02217884063720702,4.6237996274565676e-08,0.9073828220367431,3.3153170585632323
controlled,10,nonlinear,400,0.5,none,diagnostic,T1,5,0.1001390224943558,0.019379091111530477,0.0311698754628499,0.09292877127312134,0.901857284704844,3.1894473473231
controlled,10,nonlinear,400,0.5,none,diagnostic,T2,5,0.11071313594778376,0.02400947460659708,0.03521628379821774,0.09299922272555047,0.9007649819056193,3.196164059638977
controlled,10,nonlinear,400,0.5,none,diagnostic,T3,5,0.11861736197024582,0.04887654791249325,0.042712378501892065,0.11327517448225441,0.9006293475627899,3.2076054334640505
controlled,10,nonlinear,400,0.5,none,diagnostic,observational,5,0.07415754348039624,0.015358103631422945,0.015921878814697213,2.3432792734905997e-08,0.9060547113418579,3.288598918914795
controlled,10,nonlinear,400,0.5,none,fixed,T1,5,0.1430317218104998,0.030790768550566432,0.07618839740753171,0.13558740198174893,0.8987793068091074,3.192864521344503
controlled,10,nonlinear,400,0.5,none,fixed,T2,5,0.16852663954099018,0.047858824155950073,0.116315484046936,0.14647275245320435,0.8918420910835266,3.1806644201278687
controlled,10,nonlinear,400,0.5,none,fixed,T3,5,0.1476810064166784,0.038803597037491123,0.0664517760276794,0.12859386089955302,0.9000189900398254,3.2188642621040344
controlled,10,nonlinear,400,0.5,none,fixed,observational,5,0.09532217979431148,0.01372741279094388,0.02470645904541012,2.9359116238254158e-08,0.9029296994209289,3.2674906730651854
controlled,10,nonlinear,400,0.5,none,random,T1,5,0.12699529404441515,0.03411683185735837,0.06164062023162838,0.12153499858323771,0.8989945113658905,3.183710106213888
controlled,10,nonlinear,400,0.5,none,random,T2,5,0.14911334142088886,0.04711349321017259,0.08955976963043208,0.13216597443853453,0.8932382166385651,3.1752621094385782
controlled,10,nonlinear,400,0.5,none,random,T3,5,0.13761112615466115,0.0464785269246387,0.060344910621643044,0.1266435754788618,0.9003200948238372,3.217852830886841
controlled,10,nonlinear,400,0.5,none,random,observational,5,0.08512436226010318,0.02236629950383788,0.025293064117431603,2.339345754192583e-08,0.9031445503234863,3.266849899291992
real,6,real,400,-1.0,anonymous,diagnostic,T1,1,0.0634924272696177,,-0.0029989083607991,0.1025817241114989,0.8992247978846232,3.220860163370768
real,6,real,400,-1.0,anonymous,diagnostic,T2,1,0.0863949457804362,,0.0103566646575927,0.1205393975379921,0.9077999790509542,3.225963513056437
real,6,real,400,-1.0,anonymous,diagnostic,observational,1,0.0804825574159622,,0.0498187541961669,1.5458271533900714e-08,0.9016927480697632,3.200770139694214
real,6,real,400,-1.0,anonymous,fixed,T1,1,0.064297051479419,,-0.0028809706370035,0.1029888564219143,0.8988371888796488,3.216129302978516
real,6,real,400,-1.0,anonymous,fixed,T2,1,0.0828350732723871,,0.0095037619272867,0.1064951362270277,0.9039333264033,3.2113049030303955
real,6,real,400,-1.0,anonymous,fixed,observational,1,0.0810871422290802,,0.0498552322387695,2.6267589584310454e-08,0.9010416865348816,3.199068784713745
real,6,real,400,-1.0,anonymous,llm_edit,T1,1,0.064297051479419,,-0.0028809706370035,0.1029888564219143,0.8988371888796488,3.216129302978516
real,6,real,400,-1.0,anonymous,llm_edit,T2,1,0.0828350732723871,,0.0095037619272867,0.1064951362270277,0.9039333264033,3.2113049030303955
real,6,real,400,-1.0,anonymous,llm_edit,observational,1,0.0810871422290802,,0.0498552322387695,2.6267589584310454e-08,0.9010416865348816,3.199068784713745
real,6,real,400,-1.0,anonymous,random,T1,1,0.0634924272696177,,-0.0029989083607991,0.1025817241114989,0.8992247978846232,3.220860163370768
real,6,real,400,-1.0,anonymous,random,T2,1,0.0863949457804362,,0.0103566646575927,0.1205393975379921,0.9077999790509542,3.225963513056437
real,6,real,400,-1.0,anonymous,random,observational,1,0.0804825574159622,,0.0498187541961669,1.5458271533900714e-08,0.9016927480697632,3.200770139694214
real,6,real,400,-1.0,coherent,diagnostic,T1,1,0.0613548544545968,,-0.0034453074137369,0.0966451917355436,0.8972868124643961,3.214292844136556
real,6,real,400,-1.0,coherent,diagnostic,T2,1,0.0904855579137802,,0.0117689768473307,0.1223519856973013,0.9037999908129374,3.2090389728546143
real,6,real,400,-1.0,coherent,diagnostic,observational,1,0.0782471820712089,,0.0491855144500732,2.386864264194168e-08,0.9005534052848816,3.196494579315185
real,6,real,400,-1.0,coherent,fixed,T1,1,0.0647328048944473,,-0.0027647813161214,0.1104265359096604,0.8986433943112692,3.2176756064097085
real,6,real,400,-1.0,coherent,fixed,T2,1,0.0856653476754824,,0.0100042025248209,0.1235303432397135,0.9054666558901469,3.2176172733306885
real,6,real,400,-1.0,coherent,fixed,observational,1,0.0841693133115768,,0.0512230396270751,2.1631959172593308e-08,0.9021810293197632,3.202543258666992
real,6,real,400,-1.0,coherent,llm_edit,T1,1,0.0647328048944473,,-0.0027647813161214,0.1104265359096604,0.8986433943112692,3.2176756064097085
real,6,real,400,-1.0,coherent,llm_edit,T2,1,0.0856653476754824,,0.0100042025248209,0.1235303432397135,0.9054666558901469,3.2176172733306885
real,6,real,400,-1.0,coherent,llm_edit,observational,1,0.0841693133115768,,0.0512230396270751,2.1631959172593308e-08,0.9021810293197632,3.202543258666992
real,6,real,400,-1.0,coherent,random,T1,1,0.0618837426106135,,-0.0036025842030843,0.1099693246299318,0.9001937905947367,3.2205488681793213
real,6,real,400,-1.0,coherent,random,T2,1,0.0846311822533607,,0.0099941889444986,0.1218795838546362,0.9072666565577188,3.2250858147939048
real,6,real,400,-1.0,coherent,random,observational,1,0.0862015187740325,,0.0517475605010986,1.788608176846053e-08,0.9039713740348816,3.209714412689209
real,6,real,400,-1.0,none,data_only,T1,1,0.0613548544545968,,-0.0034453074137369,0.0966451917355436,0.8972868124643961,3.214292844136556
real,6,real,400,-1.0,none,data_only,T2,1,0.0904855579137802,,0.0117689768473307,0.1223519856973013,0.9037999908129374,3.2090389728546143
real,6,real,400,-1.0,none,data_only,observational,1,0.0782471820712089,,0.0491855144500732,2.386864264194168e-08,0.9005534052848816,3.196494579315185
real,6,real,400,-1.0,none,dcdi,T1,1,0.0616029500961303,,-0.0038001537322998,0.1053427319256541,0.8984495997428894,3.214751958847046
real,6,real,400,-1.0,none,dcdi,T2,1,0.0890701462825139,,0.0118106206258138,0.1186397100744253,0.9016666213671366,3.208847920099894
real,6,real,400,-1.0,none,dcdi,observational,1,0.0825964882969856,,0.0496213436126709,2.05911468740006e-08,0.9002279043197632,3.197554111480713
real,6,real,400,-1.0,shuffled,diagnostic,T1,1,0.0613548544545968,,-0.0034453074137369,0.0966451917355436,0.8972868124643961,3.214292844136556
real,6,real,400,-1.0,shuffled,diagnostic,T2,1,0.0904855579137802,,0.0117689768473307,0.1223519856973013,0.9037999908129374,3.2090389728546143
real,6,real,400,-1.0,shuffled,diagnostic,observational,1,0.0782471820712089,,0.0491855144500732,2.386864264194168e-08,0.9005534052848816,3.196494579315185
real,6,real,400,-1.0,shuffled,fixed,T1,1,0.0647328048944473,,-0.0027647813161214,0.1104265359096604,0.8986433943112692,3.2176756064097085
real,6,real,400,-1.0,shuffled,fixed,T2,1,0.0856653476754824,,0.0100042025248209,0.1235303432397135,0.9054666558901469,3.2176172733306885
real,6,real,400,-1.0,shuffled,fixed,observational,1,0.0841693133115768,,0.0512230396270751,2.1631959172593308e-08,0.9021810293197632,3.202543258666992
real,6,real,400,-1.0,shuffled,llm_edit,T1,1,0.0647328048944473,,-0.0027647813161214,0.1104265359096604,0.8986433943112692,3.2176756064097085
real,6,real,400,-1.0,shuffled,llm_edit,T2,1,0.0856653476754824,,0.0100042025248209,0.1235303432397135,0.9054666558901469,3.2176172733306885
real,6,real,400,-1.0,shuffled,llm_edit,observational,1,0.0841693133115768,,0.0512230396270751,2.1631959172593308e-08,0.9021810293197632,3.202543258666992
real,6,real,400,-1.0,shuffled,random,T1,1,0.0618837426106135,,-0.0036025842030843,0.1099693246299318,0.9001937905947367,3.2205488681793213
real,6,real,400,-1.0,shuffled,random,T2,1,0.0846311822533607,,0.0099941889444986,0.1218795838546362,0.9072666565577188,3.2250858147939048
real,6,real,400,-1.0,shuffled,random,observational,1,0.0862015187740325,,0.0517475605010986,1.788608176846053e-08,0.9039713740348816,3.209714412689209
semantic,5,heteroscedastic,100,-1.0,anonymous,diagnostic,T1,5,0.095822113007307,0.02499397752562084,0.0207725842793782,0.07809099198017042,0.8944254557291667,3.2183386643727623
semantic,5,heteroscedastic,100,-1.0,anonymous,diagnostic,T2,5,0.131099085509777,0.04281693107079156,0.02632134755452468,0.08398619161111251,0.89609375,3.240392335255941
semantic,5,heteroscedastic,100,-1.0,anonymous,diagnostic,T3,5,0.08042659722268576,0.010741455219450042,0.013035726547241139,0.042098524089941136,0.8946533203125,3.194349837303162
semantic,5,heteroscedastic,100,-1.0,anonymous,diagnostic,observational,5,0.08744320571422574,0.024465989417294942,0.028453779220580983,4.8230713885003364e-08,0.8999609589576721,3.2414528846740724
semantic,5,heteroscedastic,100,-1.0,anonymous,fixed,T1,5,0.0937291875481605,0.029305737757218255,0.02046734491984046,0.0780717001378054,0.8939208984375,3.2137476444244384
semantic,5,heteroscedastic,100,-1.0,anonymous,fixed,T2,5,0.10927211369077358,0.038859359996528675,0.0163042068481445,0.07934198381255536,0.8943929036458333,3.2139145533243814
semantic,5,heteroscedastic,100,-1.0,anonymous,fixed,T3,5,0.07495034858584396,0.009232290287886413,0.01090073585510252,0.0425902681922012,0.89434814453125,3.1888455152511597
semantic,5,heteroscedastic,100,-1.0,anonymous,fixed,observational,5,0.0777972467243671,0.016320376889238826,0.02350039482116694,3.236962563744304e-08,0.8990625143051147,3.2341774463653565
semantic,5,heteroscedastic,100,-1.0,anonymous,llm_edit,T1,5,0.0937291875481605,0.029305737757218255,0.02046734491984046,0.0780717001378054,0.8939208984375,3.2137476444244384
semantic,5,heteroscedastic,100,-1.0,anonymous,llm_edit,T2,5,0.10927211369077358,0.038859359996528675,0.0163042068481445,0.07934198381255536,0.8943929036458333,3.2139145533243814
semantic,5,heteroscedastic,100,-1.0,anonymous,llm_edit,T3,5,0.07495034858584396,0.009232290287886413,0.01090073585510252,0.0425902681922012,0.89434814453125,3.1888455152511597
semantic,5,heteroscedastic,100,-1.0,anonymous,llm_edit,observational,5,0.0777972467243671,0.016320376889238826,0.02350039482116694,3.236962563744304e-08,0.8990625143051147,3.2341774463653565
semantic,5,heteroscedastic,100,-1.0,anonymous,random,T1,5,0.09601507907112435,0.0248859498856723,0.02071477572123204,0.07458346943408638,0.8936279296875,3.2115478515625
semantic,5,heteroscedastic,100,-1.0,anonymous,random,T2,5,0.12279127637545259,0.040313603633140196,0.02229739824930822,0.08620971489838304,0.8957682291666667,3.2357380072275794
semantic,5,heteroscedastic,100,-1.0,anonymous,random,T3,5,0.07845139093697066,0.010230183404299048,0.01173326969146724,0.042526144765773335,0.894580078125,3.1921749353408813
semantic,5,heteroscedastic,100,-1.0,anonymous,random,observational,5,0.08296587318181989,0.02162303737812881,0.026849603652954017,4.38918727872377e-08,0.899609386920929,3.2370995044708253
semantic,5,heteroscedastic,100,-1.0,coherent,diagnostic,T1,5,0.09452426061034196,0.02475896417124316,0.02043830553690588,0.07774055227866013,0.8934326171875,3.208386023839315
semantic,5,heteroscedastic,100,-1.0,coherent,diagnostic,T2,5,0.13221120585997895,0.040983113544946735,0.026237646738688104,0.0825269380809278,0.8940185546875,3.2226873079935707
semantic,5,heteroscedastic,100,-1.0,coherent,diagnostic,T3,5,0.08065878190100188,0.009406347047999288,0.013280034065246499,0.04175618862867952,0.89405517578125,3.1900516748428345
semantic,5,heteroscedastic,100,-1.0,coherent,diagnostic,observational,5,0.08833289742469784,0.022951476214820448,0.028989982604980417,4.72384417272267e-08,0.8988672137260437,3.2334190368652345
semantic,5,heteroscedastic,100,-1.0,coherent,fixed,T1,5,0.09278852393229796,0.028467328452524664,0.01971963246663408,0.07302164303716471,0.8928792317708334,3.2044654528299974
semantic,5,heteroscedastic,100,-1.0,coherent,fixed,T2,5,0.10710255578160281,0.040607548776865926,0.01507735252380372,0.07847838780711344,0.8926595052083334,3.1972174326578773
semantic,5,heteroscedastic,100,-1.0,coherent,fixed,T3,5,0.0744198348373174,0.008886526032047504,0.010957694053649861,0.04240132219607756,0.8937255859375,3.1837597608566286
semantic,5,heteroscedastic,100,-1.0,coherent,fixed,observational,5,0.07599999830126758,0.017422594193883135,0.02383565902709956,3.689101548258322e-08,0.8980859518051147,3.225700044631958
semantic,5,heteroscedastic,100,-1.0,coherent,llm_edit,T1,5,0.09278852393229796,0.028467328452524664,0.01971963246663408,0.07302164303716471,0.8928792317708334,3.2044654528299974
semantic,5,heteroscedastic,100,-1.0,coherent,llm_edit,T2,5,0.10710255578160281,0.040607548776865926,0.01507735252380372,0.07847838780711344,0.8926595052083334,3.1972174326578773
semantic,5,heteroscedastic,100,-1.0,coherent,llm_edit,T3,5,0.0744198348373174,0.008886526032047504,0.010957694053649861,0.04240132219607756,0.8937255859375,3.1837597608566286
semantic,5,heteroscedastic,100,-1.0,coherent,llm_edit,observational,5,0.07599999830126758,0.017422594193883135,0.02383565902709956,3.689101548258322e-08,0.8980859518051147,3.225700044631958
semantic,5,heteroscedastic,100,-1.0,coherent,random,T1,5,0.09489215686917299,0.024553907087610877,0.02064569791158036,0.07419318049602061,0.8925455729166666,3.2001756350199377
semantic,5,heteroscedastic,100,-1.0,coherent,random,T2,5,0.123158286511898,0.038969904629901894,0.021961498260498,0.08472655321928299,0.8935221354166666,3.215753714243571
semantic,5,heteroscedastic,100,-1.0,coherent,random,T3,5,0.0791459690779447,0.008832214603425332,0.011964225769042918,0.042610521774771704,0.89383544921875,3.1863453149795533
semantic,5,heteroscedastic,100,-1.0,coherent,random,observational,5,0.0822052180767059,0.021972376149912147,0.027403402328491144,4.2418582858546795e-08,0.8983593940734863,3.228100061416626
semantic,5,heteroscedastic,100,-1.0,none,additive_oracle,T1,5,0.08347253402074174,0.02067353444537918,0.015385675430297818,0.06142601092808022,0.9051513671875,3.3264002799987793
semantic,5,heteroscedastic,100,-1.0,none,additive_oracle,T2,5,0.09312778860330578,0.01264556254334988,0.00560750961303712,0.05684361392321202,0.9070068359375,3.320151710510254
semantic,5,heteroscedastic,100,-1.0,none,additive_oracle,T3,5,0.07656722292304034,0.008636065673126178,0.0095672607421875,0.04152503027659232,0.9058837890625,3.321020412445068
semantic,5,heteroscedastic,100,-1.0,none,additive_oracle,observational,5,0.07918075472116463,0.014127859516913963,0.0240948677062988,3.337854228750223e-08,0.9089062452316284,3.3485204219818114
semantic,5,heteroscedastic,100,-1.0,none,data_only,T1,5,0.09497174347440396,0.025463185134431163,0.020463625590006463,0.07803444041698407,0.8936930338541667,3.2122177600860597
semantic,5,heteroscedastic,100,-1.0,none,data_only,T2,5,0.13275867501894628,0.041658260681607405,0.0268348852793375,0.08139944603829158,0.8946370442708333,3.228514830271403
semantic,5,heteroscedastic,100,-1.0,none,data_only,T3,5,0.0813165452331304,0.010088578377633729,0.01347055435180656,0.0420670308122123,0.894287109375,3.192087984085083
semantic,5,heteroscedastic,100,-1.0,none,data_only,observational,5,0.08862113356590269,0.023071930032008303,0.028903245925903258,5.179674543224799e-08,0.8992187738418579,3.236558198928833
semantic,5,heteroscedastic,100,-1.0,none,dcdi,T1,5,0.09323687305053067,0.015801019364287277,0.0191243012746175,0.07179652818297172,0.8931477864583334,3.2071277936299643
semantic,5,heteroscedastic,100,-1.0,none,dcdi,T2,5,0.09916758884986239,0.017562369604388152,0.00808571179707842,0.054913744198637926,0.89453125,3.201026693979899
semantic,5,heteroscedastic,100,-1.0,none,dcdi,T3,5,0.0783858083188533,0.00956251476232409,0.0119434595108032,0.040842489498940995,0.89439697265625,3.1881720781326295
semantic,5,heteroscedastic,100,-1.0,none,dcdi,observational,5,0.08228840380907051,0.008511158064771828,0.026517677307128902,3.170188499483937e-08,0.8995312571525573,3.244342231750488
semantic,5,heteroscedastic,100,-1.0,none,oracle,T1,5,0.08577126463254288,0.022004780845887625,0.01742169062296546,0.06878125349007873,0.8940999348958334,3.2121826171875
semantic,5,heteroscedastic,100,-1.0,none,oracle,T2,5,0.08569052939613656,0.0156533534234234,0.0045307318369547794,0.06360434916987381,0.8929117838541666,3.185552390416463
semantic,5,heteroscedastic,100,-1.0,none,oracle,T3,5,0.07082470022141928,0.005170416533088661,0.00995237827301022,0.041310072892543556,0.89415283203125,3.186960530281067
semantic,5,heteroscedastic,100,-1.0,none,oracle,observational,5,0.07215122357010838,0.013492194359040338,0.02374286651611324,3.363334800475123e-08,0.8986328363418579,3.2321715354919434
semantic,5,heteroscedastic,100,-1.0,shuffled,diagnostic,T1,5,0.09497174347440396,0.025463185134431163,0.020463625590006463,0.07803444041698407,0.8936930338541667,3.2122177600860597
semantic,5,heteroscedastic,100,-1.0,shuffled,diagnostic,T2,5,0.13275867501894628,0.041658260681607405,0.0268348852793375,0.08139944603829158,0.8946370442708333,3.228514830271403
semantic,5,heteroscedastic,100,-1.0,shuffled,diagnostic,T3,5,0.0813165452331304,0.010088578377633729,0.01347055435180656,0.0420670308122123,0.894287109375,3.192087984085083
semantic,5,heteroscedastic,100,-1.0,shuffled,diagnostic,observational,5,0.08862113356590269,0.023071930032008303,0.028903245925903258,5.179674543224799e-08,0.8992187738418579,3.236558198928833
semantic,5,heteroscedastic,100,-1.0,shuffled,fixed,T1,5,0.08531328191359831,0.02198307167989464,0.017204825083414678,0.06881316133333573,0.8933512369791666,3.206991783777873
semantic,5,heteroscedastic,100,-1.0,shuffled,fixed,T2,5,0.08798201506336524,0.019503813000278813,0.005657545725504579,0.06508581202030791,0.8929036458333334,3.186811526616414
semantic,5,heteroscedastic,100,-1.0,shuffled,fixed,T3,5,0.07082012407481664,0.005163927860500098,0.00995323657989498,0.0415887782834798,0.8939453125,3.1836580276489257
semantic,5,heteroscedastic,100,-1.0,shuffled,fixed,observational,5,0.07358229234814641,0.014670180269737014,0.02364902496337886,3.55614387286409e-08,0.8985547065734864,3.2303542137145995
semantic,5,heteroscedastic,100,-1.0,shuffled,llm_edit,T1,5,0.08531328191359831,0.02198307167989464,0.017204825083414678,0.06881316133333573,0.8933512369791666,3.206991783777873
semantic,5,heteroscedastic,100,-1.0,shuffled,llm_edit,T2,5,0.08798201506336524,0.019503813000278813,0.005657545725504579,0.06508581202030791,0.8929036458333334,3.186811526616414
semantic,5,heteroscedastic,100,-1.0,shuffled,llm_edit,T3,5,0.07082012407481664,0.005163927860500098,0.00995323657989498,0.0415887782834798,0.8939453125,3.1836580276489257
semantic,5,heteroscedastic,100,-1.0,shuffled,llm_edit,observational,5,0.07358229234814641,0.014670180269737014,0.02364902496337886,3.55614387286409e-08,0.8985547065734864,3.2303542137145995
semantic,5,heteroscedastic,100,-1.0,shuffled,random,T1,5,0.08902536456783605,0.018161005249835608,0.01893709500630692,0.07293916450931329,0.893212890625,3.205040582021078
semantic,5,heteroscedastic,100,-1.0,shuffled,random,T2,5,0.10985611478487645,0.027983228258776614,0.01372529665629064,0.07073613586306282,0.8924153645833334,3.194687557220459
semantic,5,heteroscedastic,100,-1.0,shuffled,random,T3,5,0.07771192528307433,0.007654188578092367,0.01133770942687984,0.04162615578180772,0.89407958984375,3.1873246669769286
semantic,5,heteroscedastic,100,-1.0,shuffled,random,observational,5,0.08114092200994488,0.021288702086103832,0.029793500900268482,4.110447924136752e-08,0.8982422113418579,3.2293051719665526
