cache_key,data_id,kind,node,parents,canonical_seed,optimizer_updates,fit_seconds
0004575be458e1c762cbc0e7a8aad5c85c17fba4136df859d06b73ef479b52b6,benchmark-heteroscedastic-d10-s13505-B400,flow,1,"[0, 6, 8]",284507,400,7.211319338530302
001719b3328cef1431126b7f50f8833baa23feffe21b3a3ab1be41ea88be5c3b,benchmark-linear-d10-s11501-B400,additive,1,[],1513907,550,0.9557686317712069
001c405841b728f776e942bed90683c23f5869946bbd53fed28c8e94111fd970,benchmark-heteroscedastic-d5-s41005-B100-semantic,additive,2,[],1851480,300,0.3731495402753353
005468d8cc754b40032cc535113a39a903d46e994ec5f3cef7f7299f876f7168,benchmark-heteroscedastic-d10-s13505-B400,flow,4,"[3, 5, 8]",5531864,450,8.123340366408229
008439c286f3bdb794f7f1e89192e917f80aca5f5586ae46ebde55087272b897,benchmark-nonlinear-d5-s12004-B100,flow,4,[0],8665538,300,7.594889124855399
00c86dd65d54edac0f89e2324c56942bc5906890b609762e51b92e9c6b4891a4,benchmark-nonlinear-d5-s12003-B400,flow,0,"[1, 4]",13135318,500,12.243641501292586
00cb6c9887132b2f84f8e56b0d6af856317f01642a46425560eb4af81c48f1c3,benchmark-linear-d5-s11003-B400,flow,2,"[0, 1]",13331608,450,11.898632621392608
00d09339877c8df08112ca73e52515aa7d609a201ff847a5e87cb3f3322c1359,benchmark-linear-d10-s11501-B400,flow,4,"[1, 3]",13669177,400,11.431728601455688
00d0a53b92436d48ff6ce86947c7dc81abd6b0ad4670bd966a80cfb1c66c08de,benchmark-nonlinear-d5-s12005-B100,flow,4,[],13673787,300,6.303251227363944
00e8b76726a5307e115a34abece409cfb27232823529b98f5b017e3ba7b55050,benchmark-heteroscedastic-d10-s13505-B100,flow,4,"[2, 5, 9]",15251303,500,12.057447986677289
00ea396e9d87102d4f30f5cfc8106d64f0ce69cba0bb8b8ffc1e1fb605681284,benchmark-linear-d5-s11004-B100,flow,4,[],15350126,400,9.210708480328321
00f02fa0d87e016b8fcd96438beadc251f250401b9eb2702f8ef3673df2719a1,benchmark-heteroscedastic-d5-s41004-B100-semantic,additive,1,[],15740832,300,0.37158393301069736
0131b7f815a761b0b1a0f2d8ed19577938d72f81898809ab06e450a9670761de,benchmark-nonlinear-d10-s12504-B400,flow,8,[4],20035576,300,7.158228749409318
013b8acd5ee30d6e069d16071be5bc04e27d9c158969cbce3ac93fb43b3c6955,benchmark-linear-d10-s11505-B100,flow,9,[0],20679373,650,17.246436521410942
015f47815efed429f3d695833f6b7a71c6c73040b8b1a997e2ab2f5c4ab897cc,benchmark-heteroscedastic-d10-s13505-B100,flow,8,"[0, 6, 7]",23021441,300,7.478104963898659
016681d4d24e75f7c08127f29514d4f599f162a7a4242dd3326a00a155e0a0c5,benchmark-linear-d10-s11503-B100,flow,0,[7],23495124,500,13.038093974813819
0167faeddfd771f99fc59ac94846cb6c5aaf365ba20919b424e0728ac825f6d8,benchmark-heteroscedastic-d10-s13501-B400,flow,1,"[4, 9]",23591661,600,16.614451341331005
019201f7aec22939726df1f2649a1293c8693250532e8491d6d042f00b22b84f,benchmark-nonlinear-d10-s12502-B400,flow,5,[4],26345975,300,7.488569607958198
019f296bb5fb950eefbecaa15c96a2fe3b909d5ce9e87b0d5d48d5b96b14b598,benchmark-linear-d10-s11502-B100,flow,4,[2],27208043,350,9.29557110927999
01abf8f20ec64334dfc6bfbecbbb61a9a9e81371f2739874466af9465d3d6b27,benchmark-heteroscedastic-d10-s13502-B100,flow,1,[0],28047602,300,7.294945824891329
01b9304bb1108633e2e97701ed2eb5ec69ec7c967ebaeb929e40702c1af55521,benchmark-heteroscedastic-d5-s41004-B100-semantic,flow,0,[],28913739,300,5.666748516261578
01dffb10c0361f745c105350c3eb70fca12f17da5dccc48dd1282779511877b1,benchmark-linear-d5-s11005-B100,additive,2,"[0, 4]",31456016,800,3.175522794947028
01e3d2e22403fcc15ecbfed04afd56459946cdf5abf2b7a57391203730549d5a,benchmark-heteroscedastic-d5-s13005-B100,flow,3,[0],31707874,300,7.009024303406477
01f826d658bb7e51ff9db953f34168a7e0dffd9613dc7a41f704ab366ffcbdb6,benchmark-nonlinear-d10-s12503-B100,flow,2,[1],33040086,300,7.4158435966819525
020db54c9e60cacee6cf93478358feb1b4949ecba28e64d7309ff25856503489,benchmark-heteroscedastic-d5-s13001-B400,flow,1,"[0, 3]",34452812,450,11.884111175313592
0216bdf16ac7336672795b76a6c0a8227b9262fd902c83d72461010223054565,benchmark-linear-d5-s11004-B400,additive,2,[],35044849,650,1.017554696649313
02547ddcb29deda49204c558ff49122b62332637d8dca536aa53f6b8710c0873,benchmark-heteroscedastic-d5-s41004-B100-semantic,flow,4,"[0, 1, 2]",39091676,350,6.5279051791876554
025d0ec5b917ac1496546e422b95a2d5d7abe1e9a0e48da67fa25bf133a8e55c,benchmark-linear-d5-s11005-B100,flow,2,[4],39653061,500,12.451621625572443
025dd534afc160132defb49e6c189f013e2f12a21193e292b72c35afc5d573ac,benchmark-nonlinear-d10-s12505-B400,additive,8,[2],39703860,300,1.4386752806603909
02740b213f3a2a99c411e1f8586b0aae2ff11148d704a28d24ec7ce55629981c,benchmark-nonlinear-d10-s12502-B100,additive,0,"[3, 7]",41159457,500,1.9698091726750135
027b1f80203fa841b6a40d175343eb7909e16c61453488443d1faacaf33cec57,benchmark-heteroscedastic-d10-s13504-B100,flow,0,"[3, 4, 9]",41623424,300,8.029308274388313
02e04a258dd7cc6b6eb2f81b76c3cab8eff3c72e9a46bc5a466757d3f78ce81d,benchmark-heteroscedastic-d10-s13501-B400,flow,2,"[6, 9]",48253477,300,7.649221019819379
02e69cdd1c5fb377cf27531fe1878284a70c5ce8067d9c7c0633336c9dce7701,benchmark-heteroscedastic-d10-s13505-B100,flow,6,[],48667869,450,10.354284644126892
02eb8b59c23b8fbdf782e93812bf9b9d3c3d7aad92c965134323993c584f585d,benchmark-heteroscedastic-d10-s13503-B400,flow,4,"[3, 8]",48991065,500,12.183863831683993
02ec6ff704eb9b186794b97bb2b7ed9bbf0aebcd65a821eb7fdbbfd04209eeb6,benchmark-nonlinear-d10-s12502-B100,additive,9,"[1, 6]",49049591,850,3.2800005823373795
02fc4577939872bed65f8f5503617d4a1ce3ca4ec88d47e0954ecbaa8da14cfe,benchmark-heteroscedastic-d5-s13005-B100,flow,3,[],50087287,300,6.8205068074166775
02fe230cd87df4486a2d844bad5b15ec0cb018e0b6c1349bc653fb6f965f19d4,benchmark-linear-d10-s11503-B400,flow,3,"[2, 6]",50209548,400,11.211470095440745
02ff71f547d02bee5aa2496e63a5e5834ccdd83c5e42a37d4a3edbd431d65953,benchmark-nonlinear-d5-s12001-B400,flow,1,[],50295285,400,9.256327567622066
0327dabf67c0f381873d53606af37f82476fdccefb66a3703ddb97f678e536cf,benchmark-linear-d10-s11502-B100,additive,4,"[0, 2, 5]",52943551,950,3.9344405997544527
0357b39685aa1fe4179fa382ac6692ffe652753b613c21efec92473b2ec972c3,benchmark-heteroscedastic-d5-s13004-B400,flow,2,[3],56079254,400,9.540998550131917
035ded8433a5dccca5d57f5f3a4324296aa9a272b1d7a4f430cf7fcd7dcd9b92,benchmark-nonlinear-d10-s12505-B400,additive,9,"[0, 3, 4]",56487300,650,2.640017967671156
03620a45753f0dbef95d41bb41eec5aec612169bb859a2a377444ec677fd5eed,benchmark-nonlinear-d10-s12504-B400,additive,6,[2],56756805,1000,3.8482874874025583
037dddfd4e789a854df27c09ac5e8c9788310b84781f7519d94fe7c07729db9a,benchmark-heteroscedastic-d5-s41001-B100-semantic,flow,3,"[0, 2]",58580477,350,6.458239547908306
0381ad32a8029f8a8fb568068ef18bf4d1c3428b36078fe7a54ef0644325f3ba,benchmark-heteroscedastic-d5-s13002-B400,additive,3,[],58830130,300,0.48235154151916504
0384998f3c7bdaf202d6e67eca22e6ca384f89a0e83ea80d6c3d95e56ad2f284,benchmark-nonlinear-d10-s12505-B400,flow,0,"[3, 7]",59021711,450,12.42072775028646
03b1da64274321664bcf6b94b1f41de7d22d195d4d5ce04c81e42a69172257d8,benchmark-nonlinear-d5-s12002-B100,flow,2,[],61987428,750,17.36475259438157
03c213a6ea089e76507cfb31011283721cfaf0fe43945887ed795b3f9f9bf033,benchmark-heteroscedastic-d10-s13504-B400,additive,2,"[4, 7]",63050662,700,2.831567483022809
03f09ea07f7912dedd4e530923911a3a6195788499af9a367303a050cfda0dc5,benchmark-linear-d10-s11505-B400,flow,9,[],66100896,400,8.689807925373316
04218b862d90f03def4f10098361a6732f41ce185f377eb2fd59758e6e402e5c,benchmark-nonlinear-d10-s12501-B100,flow,3,"[8, 9]",69307270,350,9.076089756563306
046367790e1802d4aadaec1f0edad4e092935aeffa7b1a9991aad1cb756565d2,benchmark-heteroscedastic-d5-s13001-B400,additive,0,[],73623417,300,0.5060133282095194
04988325d0fbcd41b08d1a498c6a0644e990d6f1a8be4747c7f69cfe8d2eb90c,benchmark-nonlinear-d10-s12503-B100,flow,1,"[0, 7, 8]",77103909,500,12.852606302127242
04dbada1bb6ba18e59c14a9359a2085af2163270b224fe21755272161049eb82,benchmark-nonlinear-d10-s12501-B100,flow,8,[3],81505697,950,27.258746365085244
0516fa4b5b53197db94b1214daae6cef1a3062f67272444c0fb4093af164e7d1,benchmark-linear-d10-s11505-B400,flow,8,[4],85391947,650,14.858163123950362
0548fe505c3d71d6c9acdf439914fa3aa6c2346af1f3afb316decb069ce0c271,benchmark-heteroscedastic-d10-s13503-B400,additive,2,"[7, 8]",88669776,750,3.0254274010658264
055192219468b6873b8cfd111a3b0f469b2af87c7695fddd25b3d6764ff40c19,benchmark-linear-d5-s11004-B400,flow,3,[4],89231905,300,7.721680583432317
055a234a7f52ccb42c547c60cb265af0e5919f38d0a9292449623c4e65798838,benchmark-nonlinear-d5-s12004-B400,flow,4,[0],89793354,300,6.681406108662486
055a396e396b2beb38a26d0f4b43c8f25c1dead168c31d60c4b9a347ce101525,benchmark-heteroscedastic-d10-s13504-B100,flow,1,"[3, 8]",89799022,300,7.601362900808454
057474d98119524b8ca5aa7cd800cef96d8599488a6c3affe39a91bc8d93d797,benchmark-heteroscedastic-d10-s13502-B100,flow,7,"[1, 3]",91518169,600,15.118291236460209
0595edf684d30104b4ba571951d42b67bb64f6286fccbe6416ef29d2fc3cfb5b,benchmark-heteroscedastic-d10-s13504-B400,additive,5,"[1, 2]",93711862,450,1.7441159095615149
05999b66688a090bea556e868b27f458a00bc2fb0a9bdbd4483c6d988368a6fb,benchmark-heteroscedastic-d10-s13501-B400,flow,2,[3],93952870,300,7.5373031590133905
05ee954bc898f521388664f7256c1597661a2aa496a7d5b1db0c74ba457c96cf,benchmark-linear-d5-s11002-B400,additive,3,"[0, 1, 2]",99521867,850,3.687524601817131
0630df399bdbc6ad9e55b6d94a067046fde73a2588fe8665e5de513a23cfdb71,benchmark-linear-d10-s11501-B100,additive,4,[1],103866169,750,3.049848871305585
06389fb29fde15ccf5190e5afb236a012290e32aaf0a5daaf46326bcd7a3c935,benchmark-linear-d10-s11503-B100,flow,4,"[0, 2, 5]",104374194,300,7.855373037979007
064aaeaa5c8842e4909c884164bdaf06726dc5defd25abd14fc7b768cca43b21,benchmark-heteroscedastic-d10-s13501-B100,flow,8,"[4, 9]",105557674,300,7.532949412241578
066ff4ca203ace73f17059c596ad34dfe5c348ee350a140e9a85df520806ab03,benchmark-linear-d10-s11503-B400,additive,5,"[3, 9]",108000458,900,4.0714236702769995
0674966800453e0633ff823138a18894b2c62852eed31f7ad7e3f312571423ee,benchmark-heteroscedastic-d5-s13001-B400,flow,2,[0],108303976,350,8.884020326659083
0693135f53c0946ae2699a05a7f051e376a11aa8ee88af28edbe6e1bf5894a73,benchmark-nonlinear-d10-s12504-B400,flow,2,"[8, 9]",110302047,550,13.373411264270544
06c367a90459c0c23f6a3a89b47354b6be70ddf7399df198fc960d111989288c,benchmark-linear-d5-s11005-B400,additive,4,[0],113469353,1000,4.022151928395033
06d6656bb06f0176e3fe6f9da22ff76e7f74ecab434ebd6fdd82412e7492b5ef,benchmark-linear-d5-s11004-B400,additive,0,"[1, 3, 4]",114713963,950,3.5835244692862034
071c19487fc15b9f26b33a3130692581767008f0db16a8b523e4a7f912932be6,benchmark-linear-d10-s11503-B100,additive,1,"[0, 3]",119281992,1000,4.508349627256393
0729099e14da6a0ecd849a334afe97b61493fece83cc20972ea45c0a0545269a,benchmark-heteroscedastic-d10-s13502-B100,additive,7,"[1, 3]",120129950,900,3.497828645631671
0745e85211af92806a2ea6252a0dbaf82f6c89f5e8dbab6ef19faded26795406,benchmark-nonlinear-d10-s12504-B400,flow,3,"[0, 2, 6]",122021970,450,12.54122918844223
076f55b48d289c9af9b84ee5c1aa6231d337ad6aefc720148fa988f3951ec73e,benchmark-nonlinear-d10-s12503-B400,flow,4,[9],124736948,800,19.982121659442782
077d587e9d4a1a7ed2bcee21b49fee1536d5f9daabfe5d78607a1a6b3b24cad2,benchmark-linear-d10-s11502-B100,additive,5,[],125655166,450,0.7473993729799986
0791133f4051e2d440f39a353604af041469b7700b3e6b4dbd78d3b0809f436d,benchmark-linear-d5-s11005-B400,flow,1,[0],126948159,600,15.611185573041439
07a062ed6cebddc65b0845e7285745237c7749176cb01da40206cdc0964131ed,benchmark-nonlinear-d10-s12502-B400,flow,0,"[3, 4, 7]",127951597,400,10.49623129144311
07c2ff6a4995aab8097dd429a3bca234b81f7bc3929e8d7bb532f4304bbf8552,benchmark-heteroscedastic-d5-s41005-B100-semantic,additive,0,[],130219882,300,0.37599162571132183
07d5387f54c80d04e01da4274de0f3177a58f883081c3d50de80cf8bd988f987,benchmark-heteroscedastic-d5-s13004-B400,flow,4,[],131414143,450,10.118266204372048
07e7b20b16317d23286278d5f7aaea57cfc5892925327fed4b822cce052ccc65,benchmark-heteroscedastic-d10-s13502-B100,flow,5,[],132624907,950,22.598135888576508
07ec9511f2f83ca27d6209d1acb1ef6d139a6e43c60ef7c4a4873e52aa24cfa6,benchmark-heteroscedastic-d10-s13503-B100,flow,7,[0],132945169,350,10.458392851054668
081c17f81367bf1e459c71e54915f02d0d1593d514d8c9afdf51cfc05cf1e30e,benchmark-heteroscedastic-d10-s13505-B400,additive,0,[],136058872,450,0.559663962572813
0861cdbe25958f09f07ec1c95efd68af1169af25045f30f1f81c5c623f3c2daa,benchmark-heteroscedastic-d5-s13005-B100,additive,0,[],140627390,300,0.5335564911365509
0863370c6cef420e804be79b0294a3e8dcc0525c96b8f11a74ae9b5cbb16ada0,benchmark-heteroscedastic-d10-s13503-B400,additive,4,"[3, 6, 8]",140719884,750,3.042723434045911
0870c42f980883679617ca649fece5a0fe33cccce451f86b7b153f7cdd899834,benchmark-heteroscedastic-d5-s13003-B100,flow,2,"[1, 4]",141607983,300,8.16449006833136
089b5336d8d3d22d6bc429b448c0f648ea666bfd7daa21c2d0ed1124447813c5,benchmark-linear-d5-s11001-B400,flow,3,"[0, 2, 4]",144397110,450,11.18209958076477
08a06eca96b861c846493fe23052f5f3ff594540a2728c96588a62ff19e51f00,benchmark-heteroscedastic-d10-s13505-B400,flow,7,"[0, 6]",144731850,350,6.526063455268741
08b1b2a6b0213d27652e1561f94e23545039acb3cfa47157918fc44e1d38f106,benchmark-nonlinear-d5-s12002-B400,flow,3,"[1, 2]",145863334,350,8.713483301922679
08bc37c04dd8190d25c67dd7ea6b75aec33057e735489d00a9fef2a506065a3d,benchmark-linear-d10-s11504-B100,flow,2,"[0, 5]",146552768,300,7.9454248901456594
08d4598faf1dc3b30804ef087eea724a783dd4d9cce3a43f31a0136ff1d45eec,benchmark-nonlinear-d10-s12505-B100,flow,5,"[1, 3, 6]",148134287,300,7.9989041071385145
08d856cea1910e69a9bbebbb9a537ee11523a13dbcdf95bc12eeebb1e7573032,benchmark-linear-d10-s11501-B400,flow,5,[7],148395726,500,13.339332969859242
08d95e99b8f6bc319e866600c648d21db5964aeebef776fa60cb6eb206dbb557,benchmark-heteroscedastic-d5-s41004-B100-semantic,additive,3,"[1, 2]",148463257,600,1.5982294585555792
08dad43b008b831223d67943a0d2c7b5f2d2013e490b50e7f2d600b6cbfc3714,benchmark-heteroscedastic-d10-s13502-B100,flow,8,[6],148558907,400,10.220893809571862
093828438c996a973cc7e49b74bc692bc955aede877b684522b2607a3b520909,benchmark-linear-d5-s11005-B400,additive,1,"[0, 4]",154675267,750,3.021693119779229
09447077d117a4f40f432a6d2f7e256dfac2aaa62b2fcbad7d5bcefe6cd7772e,benchmark-linear-d5-s11001-B400,flow,4,[],155480183,300,7.503386128693819
094980499352792483a35386a1fb63aca96d0c3bfca1bed460c5c761dd1b3b1f,benchmark-nonlinear-d5-s12001-B100,flow,0,[1],155811913,600,15.281332362443209
0963449e58766fe591a62aed8a3ee0a0956b5937b113d9fb407035dca5071ba2,benchmark-nonlinear-d5-s12001-B400,flow,2,[0],157500574,400,10.501323625445366
09702c53b2461c8d6c85d53fb0dd07193bdd5d03330b1ff0c1afcd909bc3df18,benchmark-heteroscedastic-d5-s13005-B100,additive,4,"[0, 1]",158346323,450,1.8160440362989902
09ab3333070d0f4ba7e04e5a3017a85f987f1c04b6638ab548fb9f2cb9f3ff8f,benchmark-nonlinear-d10-s12505-B400,flow,1,[6],162214707,300,7.460664661601186
0a0c127e9f8310337a8f0716937b9db1259a8a0f9f6590ab6c5916c1b600a199,benchmark-linear-d10-s11503-B400,flow,9,"[2, 7]",168563326,800,21.507970111444592
0a13f905d0f8c41ce2d3f0db579507d82e5fab514e4d53378de0c03e023dcc62,benchmark-heteroscedastic-d10-s13505-B100,additive,4,"[3, 5]",169081093,700,2.708919746801257
0a3298e685aaefd111945c4a94c42adb2b54025024cde7f8b7abc457475d0111,benchmark-nonlinear-d5-s12004-B400,additive,4,[0],171088102,1000,3.8370858766138554
0a61fafd191ce9216d050f9aff0fe2941ab1ead6f237390c32402cae84bbee7d,benchmark-heteroscedastic-d10-s13501-B100,flow,0,"[4, 8]",174193405,350,10.298385627567768
0ae4bcf332532639e6a68508771beefa344142e515bc350c0d7123fcbd9cbd4f,benchmark-heteroscedastic-d5-s13003-B100,additive,1,[3],182762739,600,2.6972794234752655
0ae5654426faa5edd7680b0dc54afc57a94df397a9938278791c450a5c8768fb,benchmark-nonlinear-d5-s12002-B100,additive,4,[],182805828,450,0.7544945329427719
0af384e59e4efbc231251922cd1fd8fc7843bd511c241543ec59e54134b34c4a,benchmark-nonlinear-d10-s12505-B400,flow,2,"[3, 8]",183731429,950,28.255101459100842
0b4cf5996cf681237e29bd85808abccc338d1203d8a6eeaaa1f4f55befb5692a,benchmark-nonlinear-d10-s12502-B100,flow,8,[4],189592985,300,7.936805663630366
0b7116b1fc63ee0066e2a715f0e111e9ed13f3d1897aec0fff0ff1a660dbf838,benchmark-nonlinear-d10-s12504-B100,flow,8,"[4, 7]",191960753,300,8.23430421948433
0b756ac812fabc0fdf4f226e0b43bb2d01ab8ae66fca5facbfb222b356a996f1,benchmark-heteroscedastic-d10-s13502-B100,flow,4,[],192244424,1000,23.36725878715515
0bc7ce2bf874c1286e751a4b6d6c7f8e0e40dc465860eef01626de38f652752f,benchmark-heteroscedastic-d5-s41001-B100-semantic,flow,1,[],197643819,700,11.889422379434109
0be6ab9d171c0b89671c537992467db899b91be0ea085a2b70370b57bee706da,benchmark-heteroscedastic-d10-s13502-B100,flow,8,[5],199666589,450,11.449696553871036
0bec54fcce8d8e580d7a12df8695bd7166e240145c435af3f38c67a765a97521,benchmark-heteroscedastic-d5-s13001-B400,flow,1,[],200037628,300,6.641519147902727
0c26ad236a367182446b6a4dcceaf6f6a91bd8dde454849716b28e2ef45edd95,benchmark-nonlinear-d10-s12505-B400,additive,7,"[1, 4]",203861283,700,2.7665559891611338
0c2bc1e0e1ac72e59a8a37de032fce81127976494d3ad88bedb976ded9939db9,benchmark-heteroscedastic-d5-s13003-B400,flow,0,"[1, 3, 4]",204194272,300,8.057110046967864
0c3da3ba7d18ca2cf0a9ac1a6a17e2d2159e5a2b2aed82f1a3933a5428aa54d1,benchmark-heteroscedastic-d10-s13501-B400,flow,9,[3],205366202,350,9.381981583312154
0c3fa98ea12f1ae71046e00a502809e4e3b9604278d1eb85c7b90715d587bad2,benchmark-nonlinear-d10-s12501-B100,flow,6,[8],205498766,350,8.71548531576991
0c62c34e5068ccc56b8b6309140db17161784d5b304bf5e27f4d748ad751c285,benchmark-nonlinear-d10-s12501-B100,flow,4,[],207799118,350,8.150233441963792
0c68a04f41ea3bed54893aa13bf6532844ad30b45a4be90686e7dc0753962290,benchmark-heteroscedastic-d10-s13501-B100,additive,6,[2],208183375,550,2.0598099064081907
0c924cbbd5c38b8c1db0f1ca2b6048bc7187932175fec3f61d528d044e5ff29b,benchmark-nonlinear-d5-s12001-B400,flow,3,[2],210914491,600,14.793606881052256
0c99dc3695fc23fa7d40cd1e64da2f0be8af133b50aa98a93eed864cdb910def,benchmark-heteroscedastic-d10-s13501-B400,flow,1,"[3, 4, 9]",211409974,650,17.67905517667532
0cc8917985f386a52359db8561437551b29eadc19e60f09ec453d5fbd498d2ee,benchmark-linear-d10-s11503-B100,flow,5,"[3, 4, 9]",214471033,350,9.233964741230011
0d0a978e01a80ad8505ed2ad046e18704c77caea4111ef3322d50067462e7007,benchmark-linear-d10-s11504-B100,additive,5,"[6, 7]",218797966,750,3.4450111594051123
0d18dc08a0de78b1b045ebf3a9f5b0c1d773b05979f1c12a2c7b852a434c85f8,benchmark-nonlinear-d5-s12002-B400,flow,3,[],219733000,300,7.03608806245029
0d24881bbf4c74d7b731ce7dab2c90e95e8340a39f9157b73a7c060a41736529,benchmark-nonlinear-d5-s12003-B100,additive,0,"[1, 3]",220497947,700,2.6864668782800436
0d27e32144978e5db00feef2a640345a3e85fa6e0219f2b65bf2fc0e265d9f31,benchmark-heteroscedastic-d5-s13003-B400,additive,3,[],220717857,300,0.5262595359236002
0d3691897688f8b25248c3a99a0164e8ab49a3aa5c708111a5d97f008df1c750,benchmark-nonlinear-d10-s12502-B400,flow,8,"[1, 4]",221680009,550,14.878092244267464
0d5d829473344c1cc6b687089aabf54f4422fa8f33b288d2af62ba83016debb6,benchmark-linear-d10-s11505-B400,additive,5,[],224232084,750,1.3647616356611252
0d66ecda033abd49c3cca2ad1557d3e5cf8df7b6a3f86af74f99521e0acf9a1f,benchmark-heteroscedastic-d10-s13503-B400,additive,8,"[3, 6]",224849114,300,1.2192192859947681
0d78c82b24463ef19efc211fa4906e9ee68cc8261368d03e3b7ffd8acc81f96e,benchmark-linear-d5-s11003-B400,flow,0,"[1, 2]",226019371,350,9.421847576275468
0d845f1bd63819889d9d62526afad5a174ab08376625f6e4b5d69168bfe82337,benchmark-nonlinear-d10-s12505-B100,flow,2,[3],226778907,550,14.303050875663757
0d8c1e671be7e786f9cdf4b48ded7097c4b0f4edc23ebdc9d515989f80c1170a,benchmark-nonlinear-d10-s12503-B400,flow,5,"[2, 9]",227286631,450,12.202006975188851
0da51e77b8e0389718a5b030be5d6c5e5f62dcafface637297cdca4a6e100a01,benchmark-heteroscedastic-d10-s13502-B100,additive,2,[3],228925047,600,2.291548904031515
0dadf6df415f546da1bbe06d17ae34942e6fa536b6f1d8a5206940cebe49fe7b,benchmark-heteroscedastic-d5-s13003-B100,flow,1,[3],229504735,300,7.801611617207527
0dbfd4caaded03ae2c7dc21c68dc9901e852076e3c06ac4168cf63546352ce4c,benchmark-linear-d10-s11502-B400,flow,2,[],230675658,800,18.399401731789112
0dd15198c20759633f1a8923a2f229b55c7afc9a158680ea3cb54033f97f1814,benchmark-nonlinear-d10-s12502-B100,flow,8,"[1, 4]",231821720,300,7.6596119198948145
0dd402ac40a74ae1bc4c8b3b8b7df2f8875df998183556caaf6025c330d3ec73,benchmark-heteroscedastic-d10-s13502-B100,flow,1,[5],231998124,350,8.666109340265393
0dfe56e17a101eff0588d86f8af6a05697023171e3cad2cc5b0524074214dee1,benchmark-heteroscedastic-d10-s13502-B400,flow,3,"[1, 5]",234772193,700,17.82016897201538
0e19c081343b3c9eb4e43ea404f4f978c5ef1c4a73f67d0b56f66e5b61d7011c,benchmark-linear-d10-s11502-B100,flow,2,[1],236568705,350,9.094582255929708
0e33994e771918e92cffaec0890bcc7918da0897e2466edb61cacfb7990cc987,benchmark-nonlinear-d5-s12002-B400,additive,3,"[1, 2]",238262606,900,3.575197445228696
0e345ceb705e4c9e0af202f4509f71a9fdb899133e47057bfb3d9392b39b918e,benchmark-heteroscedastic-d10-s13502-B400,flow,0,[],238312683,1000,24.788827853277326
0e34b788c961f87bfdc00040d7bbb6cb43104fc48598b237ab0a908bcf64f51d,benchmark-heteroscedastic-d10-s13502-B100,additive,9,[],238335880,700,1.1508911531418562
0e4d67ed686d0f5ffdce74d273fd92d4a5286d668cd3e74912b4cd9566912b87,benchmark-heteroscedastic-d5-s13004-B400,flow,1,"[0, 3]",239953901,350,8.529642224311829
0e59e87f7ef59a09699300ccb35172184c747d6adf8019228c0f62f4cea3b01b,benchmark-linear-d10-s11502-B100,flow,7,"[2, 9]",240773247,550,14.196710418909788
0e899898f86ba18701f91e3158e2c592baf4a9916068aa2e115eef29976839bd,benchmark-heteroscedastic-d10-s13505-B100,flow,7,"[0, 6]",243898520,300,7.972730778157711
0e90357ebcd2750f54e4287ec8cf4b2d5aa4a284b796a565687bf873821acceb,benchmark-linear-d10-s11501-B100,flow,6,[],244331902,300,6.878114519640803
0ecdfe3fab34c81aa58d4ba27b6921a76f3c212d3a2ddfa51137ed57d5f1c99f,benchmark-nonlinear-d5-s12004-B100,flow,2,"[0, 3]",248380991,350,8.058913080021739
0edbccb0842c24c340d417c66fed1c2b264cf4841609d66928a7ad12275cf936,benchmark-linear-d10-s11505-B400,flow,9,[0],249285808,500,11.678949017077684
0f11b72f94dc943cf187f4046a28551300d7b3ed2826907b8f85f939e8971466,benchmark-linear-d10-s11501-B400,flow,2,[5],252819247,650,17.423432152718306
0f34b27dedc82478bcfc4c1d9017f68da0c1e8619d08bca558b30d6f781d9976,benchmark-linear-d10-s11503-B400,flow,6,[],255111805,500,11.249937329441309
0f5de2d11e0bc227f72dc44aedc04bb4b3acdfb4eeb1130bfb33daae29654bf8,benchmark-nonlinear-d5-s12002-B100,additive,3,[2],257811153,300,1.167416350916028
0f6a950fa8bc1c28502985cfcdca662a2999f7c29a56c998229547a0db48ddf5,benchmark-heteroscedastic-d10-s13505-B100,additive,2,"[6, 8]",258643215,1000,3.852608187124133
0f95975bd3254c530de75eea87b80cb8e3e545bee1002fc06b2e4195331831b7,benchmark-heteroscedastic-d10-s13505-B100,flow,7,[6],261461851,300,8.127430450171232
0fb2f92f30658a92fc5a322782a61ade080c5efb8de802c693c5fce6da95b3fe,benchmark-heteroscedastic-d5-s13004-B400,flow,2,[0],263387439,400,10.009980225935578
0fb34295c6079d976f5b91e7411321523922ae965f4a77ed472d2ef65e17effc,benchmark-linear-d5-s11005-B400,additive,4,[],263406229,400,0.7022911179810762
0fc14fad32f88cd66cc1b96625d0a6d2e6453211c1a46c2f7490e0a2342b0270,benchmark-nonlinear-d5-s12001-B100,flow,2,"[0, 3, 4]",264327085,400,10.505322886630893
0fc40ff9dd56c8177f857ea3405b11cc98c6aa3e918c94530c55bff836af3de9,benchmark-nonlinear-d5-s12005-B400,flow,2,"[1, 3]",264507385,400,10.214221300557256
0fdc2ad3c8699cf6d393fb0d1b6ecc4f3fd8ff11acffca8478c4fe50566341f2,benchmark-heteroscedastic-d10-s13504-B400,flow,5,[2],266087123,300,6.9961546286940575
0fefe31153565dd9de9a799a981596983f8ef90df29453f3e2923915be99c916,benchmark-nonlinear-d5-s12004-B100,flow,0,[2],267379473,400,9.751627812162042
104c745588e5a53d7eedc52b5f48c750ea1f6112678331b89d154c71119b02a7,benchmark-nonlinear-d5-s12003-B400,additive,0,[4],273445973,700,2.7759952563792467
1081dca51296d870cd76d8c311fa1b4fce7014d33a9c70dc7a7a0224654b161b,benchmark-linear-d10-s11503-B400,flow,5,"[3, 9]",276946085,500,12.408970152959228
109922d9753bcbbd97b00ddc3e2968038913e4642bb632b8d1065a22045db46b,benchmark-linear-d5-s11003-B100,additive,4,"[2, 3]",278471385,1000,4.278422739356756
10a001ecf9eed696b2579d736b3884b328d2c7971de84677af8a212eb1af6d40,benchmark-nonlinear-d5-s12003-B400,flow,4,[3],278921708,500,13.009278826415539
1132ae2f7cf299351b20fcf3eb3f9116ab208e07df8dd18c3619596f14f5cc8b,benchmark-heteroscedastic-d5-s41001-B100-semantic,flow,4,"[0, 1, 2]",288534063,300,5.474976738914847
11497fc1c4de1298af6117d4aab4e02e14e4c4d813c1f33dc4191a620074ea51,benchmark-nonlinear-d10-s12502-B100,flow,6,[8],290029505,650,16.878942169249058
115cd1b85dd639e870d14227ee2e787224359bad97a1969b36564435ac5e289d,benchmark-nonlinear-d10-s12501-B400,additive,7,[5],291295672,950,3.93462703935802
118b2f1541d98fa73cf9adf026e0df52f75c2278aff9e47b31dd71fbe969a229,benchmark-heteroscedastic-d10-s13504-B100,additive,2,"[6, 7]",294334229,650,2.5176265090703964
1192c1ca2d257a752ea46b17c50ebfa26a2363f81476b0024d6af7c60d732851,benchmark-linear-d10-s11505-B100,additive,9,"[4, 5]",294830538,1000,3.966088416054845
119404f085c71fd282bd7c202d645c3db552ecc333c81d1e538ec5fe08401361,benchmark-heteroscedastic-d10-s13505-B100,flow,9,[],294913264,450,10.264541421085596
119666035fda8351b2a5b44c34eec6d57a9157bb68849e9a986771536fa2a85e,benchmark-linear-d10-s11504-B400,flow,2,"[3, 6, 9]",295069187,300,7.990992195904255
11ab80622e912bcf5b4b268273aa813a55ed45607a758be005641fcdb2297b2a,benchmark-heteroscedastic-d10-s13504-B400,flow,6,[7],296452194,400,9.720351522788405
11f80d0e054df1bef387bafd63987dc540bb819c7f225f52f02a534e558a59e3,benchmark-linear-d10-s11503-B100,flow,7,"[1, 8, 9]",301468942,700,18.168429911136627
12089f3ebe58eba8807e6910b13552bcd3ae9b2155d1178bc860486a7aa6c073,benchmark-nonlinear-d10-s12505-B100,flow,1,"[3, 5]",302554942,300,7.242211822420359
1209911ef96c0d012142b280692495c0e0abfcf19a4e06a2ee6c1d4368258743,benchmark-heteroscedastic-d10-s13501-B400,flow,0,[4],302616862,350,9.310632580891252
1247839819674f78dfe643bdad92475eaaa969612d3b2ed2933f7b1858076e7d,benchmark-nonlinear-d10-s12501-B100,flow,7,"[3, 5]",306676632,350,8.901660203933716
125dbe1a37db3c7ffdc629c9247add540e948482c763b861895add740de7cdc6,benchmark-heteroscedastic-d5-s13001-B100,flow,1,"[2, 3]",308133402,300,7.094551606103778
127db54bf144a60fc2909b6bb776aa60c07dff97dd8f2522ffa12ecd192abf27,benchmark-heteroscedastic-d10-s13505-B400,additive,4,"[3, 5]",310228299,900,2.420404667034745
12af7c7c607f5a722e6fb9558682ce798573207920b3cd43d0093760a3acaab9,benchmark-nonlinear-d10-s12502-B400,flow,0,[7],313490556,700,18.49592910706997
12df5aa9f6b234264f89b5a46bcd599a1a17d4a3d9d1ce076bdfc9307f5d2993,benchmark-nonlinear-d10-s12501-B100,flow,5,[9],316627625,450,11.185587195679545
12e4ea7ccebe142df54d5bfb29e8defdbd315bdde2410dcf869e142220debfab,benchmark-linear-d10-s11504-B400,additive,2,"[3, 6]",316992124,1000,3.944797784090042
1300d289b3432bfca1869caa7ff36498c1d98443903ce908b693ccd80fe7c989,benchmark-nonlinear-d10-s12505-B100,flow,5,"[4, 6]",318821001,300,8.88659960217774
135cd0f9c008ea4f9196fe2bc2a9778fbda5099e2d08c29de216081238758c96,benchmark-linear-d10-s11505-B100,flow,2,"[1, 3, 9]",324849913,350,8.88670284114778
1376c75d059123f51001b7f4e45faae12481ee60175597c471ffe50ff491b715,benchmark-linear-d10-s11503-B100,flow,1,[3],326551389,700,17.99694305472076
1379ee4ad2121dbf67ac0ea62e3237b1a6a0f9f78439cd77e4346167040c6e6e,benchmark-nonlinear-d10-s12505-B100,flow,9,"[0, 3, 4]",326757962,400,10.57895290851593
138a696a51fa69f06e4310c3d6e783e1aeeb255c5a8ba16b2863ace3a569c8bf,benchmark-linear-d10-s11505-B100,flow,2,[4],327838058,300,7.617001961916685
138e8942906ba7ab0c2581311b3e41783c59a264efcb77e2ecdbd475118c5046,benchmark-nonlinear-d10-s12503-B100,flow,0,"[5, 6, 7]",328108354,300,8.129486067220569
13d940d8eb165ab1a0edfd19389b47f5c4c692a70b2a7b12e4db5c2cfa1a9525,benchmark-nonlinear-d5-s12005-B100,additive,1,[],333005016,550,0.917036535218358
13f02ed7c6ea8f81474f7eee29c83c25ac3afa1eeea71f74f652806ce7435c05,benchmark-linear-d10-s11502-B400,additive,5,[1],334507735,1000,4.082461526617408
1419b7368b6c0c41cb8a1049834eca530c1dce65c98c77582d85fee147b786a8,benchmark-heteroscedastic-d5-s13004-B400,additive,1,[0],337229622,600,2.3641514107584953
143be2f0b72bfdf663e56ca7899c5d1a20ebc4dec9ae00d9c44094a5ac0cacc6,benchmark-nonlinear-d10-s12503-B100,flow,4,"[5, 6, 9]",339469040,300,8.044452656060457
146011268c9de44bd1c0c2bd83467e3cef01013fbd60ee03d644c32ebef9dcc1,benchmark-nonlinear-d5-s12001-B100,flow,2,[1],341840166,350,9.392308017238975
147bbf67dc4020036090485aeb6da03a4c329203f388ff28643c4656a4c47c20,benchmark-linear-d10-s11505-B400,flow,3,[6],343654247,550,13.507498452439904
14e5f48b0ef24700de2d9d1a84f04981f29c6ecc0912b108610390e75e30ded1,benchmark-heteroscedastic-d10-s13505-B400,flow,0,[],350614667,1000,16.73654295504093
14edd0700ef3929153400b141ddb72664ed17d9b68eaf99000d9023ede6edf47,benchmark-linear-d10-s11502-B400,additive,2,[1],351129712,1000,4.112555043771863
153b4dda94726638167feed462f5bb78385b9859575a45c10d303434cefe64ed,benchmark-heteroscedastic-d5-s41002-B100-semantic,additive,3,"[0, 1, 2]",356208090,550,1.500809233635664
153fe48013cabbac2836fa3798f2fba979d131bcb67187b24c1ff3a1c5e7efa6,benchmark-nonlinear-d10-s12504-B400,additive,2,"[3, 8, 9]",356508800,1000,3.931548297405243
1582ccc442769f9d341cc8f91ddce4da6d6d16b995898140a4c40b8b86442d60,benchmark-nonlinear-d10-s12501-B400,flow,9,"[3, 8]",360893636,500,14.796545876190066
158f1687ff6cdeb09802832b83fd40d15205beb10afde9926b721fc99df16432,benchmark-linear-d10-s11505-B100,flow,8,"[4, 7]",361698951,500,13.072841428220272
15b9833e10cdf30055377b066125c1b3250761ba19821548f438b48f812ed884,benchmark-heteroscedastic-d5-s13001-B400,flow,2,"[0, 3]",364479294,500,13.144171848893166
15e689cc4134749e47c8cf05760a66d4853b3ba301a1f55c0a045aea50eaf55e,benchmark-linear-d10-s11502-B400,flow,7,[],367430092,650,15.938252290710807
15ee0258e1c98c5dfb3a2e414a3d2f7c022e2933b0f06bec28bdadd47d45b110,benchmark-linear-d10-s11502-B400,additive,6,[],367919704,450,0.740682452917099
160649f3a785d3718ca5157acc6c337c113904d43ad21f1a4052c3c2ac64cac0,benchmark-nonlinear-d10-s12505-B400,flow,4,[1],369510899,400,10.983256136998534
1607f985547d70ce3d0892975aa759dba6eb8e83f5a9c0089e644628e6fd4a21,benchmark-nonlinear-d10-s12505-B100,flow,5,"[1, 3]",369621381,300,7.113744651898742
163be5884e827b9d5f2aae1f6f8c44a8d773652e942d033ea352157cc3cc01b8,benchmark-nonlinear-d5-s12005-B400,flow,1,"[0, 3]",373024136,350,8.04341497644782
163dbef419e8e6c64ec68a9d308086c116455e21da1f4d0da649f2b6a7c89658,benchmark-nonlinear-d5-s12003-B100,flow,4,[3],373145332,600,14.355254026129842
165fed548176d114506590bc8c9932049237b4ba587c5858a50937c155201ae6,benchmark-nonlinear-d5-s12004-B400,additive,1,[4],375385428,1000,3.958084249868989
1675e2c1ba1c6479191e42ea12244c35a35400ebf1b4f39f30b40e9fa28d9932,benchmark-nonlinear-d5-s12004-B400,flow,2,"[0, 4]",376824513,350,9.958883680403233
1680916b1cbf60038ca175349dec8017bb962c803880c851bee39d837c58cb50,benchmark-linear-d10-s11501-B100,additive,7,[1],377524587,1000,4.071667190641165
16fa3984e3df6f87dc46a6e0880296560fcec849562238f06e28dcb1fa1dbe02,benchmark-linear-d5-s11002-B100,flow,2,[1],385497476,300,7.607667904347181
16fd8d7480e7a067655d77d76ab15701f2d32efb795eec01cbf2a474fb46f7a7,benchmark-linear-d5-s11001-B100,flow,1,[4],385715572,300,7.73865713737905
173109e1f613e7db867ffdc6230f759a3bb7eda8e17f06a2da023e3f7dcb6c58,chambers-B400,flow,3,"[0, 1, 2]",389089761,350,6.537654614076018
1750f296cc40c172753cc1dff19760dd2c1fec5cd64b9d7b8abb8f2d09025fdf,benchmark-nonlinear-d10-s12502-B400,additive,4,[],391180950,850,1.3775655906647444
1758b771b8d09e89a6ce44253d7c9c320b0ebb408ca738516181dc2fde007967,benchmark-nonlinear-d5-s12003-B400,flow,3,[4],391690097,550,14.082046354189515
176714269a44fe344c02835123b701d89c6f340279352c681a92505b48ab2984,benchmark-linear-d10-s11504-B100,flow,5,"[6, 7]",392631334,300,8.023923635482788
177f4ee1511120e12ceb0526ed48006008ccde65e2dc22927783e83daf950f86,benchmark-nonlinear-d10-s12503-B100,flow,0,"[1, 7]",394219233,400,10.86536949686706
178be5a8449ae4d7020e86f87c6591aeed620b8c2fc79ef2bf39abbb79af6003,benchmark-linear-d10-s11505-B400,flow,5,"[4, 9]",395044264,550,13.830878283828497
17a638004916689eb974558deb11e66a96d09eb2e76d853e6db57a9636c9f440,benchmark-nonlinear-d10-s12505-B100,flow,0,[3],396769280,350,9.206398656591773
17bc4cc07332caf8180840fd157c4284714963c7300f0887d444cd96114a9fa8,benchmark-linear-d10-s11504-B100,flow,8,"[6, 7]",398216384,400,10.742600889876485
17cde78b8295331136d5b7a076dd7d5d8eee9d0fb8b4a4823f5e668a9d7bcaa4,benchmark-linear-d10-s11501-B100,flow,6,[3],399370123,350,9.592547047883272
17d8a0dc32bcc9994837e8956b39671f246f1ec1a6e8ce53da4ef872bddd9ef9,benchmark-linear-d5-s11004-B100,flow,2,[4],400072924,650,16.37862055003643
183b442b1c0f0cc906c54f7996a67c10be0fb88d408c69130fe5e9a08f6cabb8,benchmark-heteroscedastic-d5-s41002-B100-semantic,additive,2,[],406537259,300,0.3768287729471922
184c855a492867aa00515aab8feac8ecce1e91d339a827887fb0b9fe8da50e40,benchmark-nonlinear-d5-s12003-B400,flow,3,[2],407668058,400,10.228597834706306
189653718f2c6188c1a25f240e2b87193b1088c89163d958132e0fefe33ef619,benchmark-nonlinear-d10-s12502-B100,flow,6,[],412504945,750,17.295523542910814
18971457518711622bc9315e98bb20688e90dadfc7c1b3c5eb6e6d54d6ad2945,benchmark-nonlinear-d5-s12003-B400,additive,1,[3],412554327,600,2.4427566193044186
18a610c7cdb5e5546cbbe463a5d28b0ea030f2af3ab1b909e408f54d015e6580,benchmark-nonlinear-d10-s12504-B400,additive,8,"[2, 4]",413536455,550,2.1414398308843374
18ff81f7165ec538f4f7341c9e0ebf3ca8da0ba833d560b1b198ce10bf817d48,benchmark-heteroscedastic-d5-s41005-B100-semantic,flow,3,"[0, 1]",419398135,300,5.732706101611257
192e396ceaa4968fb6366e8a6bad8fa68e8f7f9de06e5b72c955ec483e272416,benchmark-linear-d5-s11002-B400,additive,4,[0],422459756,900,3.9496560990810394
19341e92d0c2a59be243cb5f4f0849b4d3396c54c57e0895752bc61902ba7b11,benchmark-linear-d10-s11502-B100,additive,6,[],422846098,1000,1.6592413783073425
1960ae0936460ae414806e5e0405e5253f98e807277d174c4a1911262757ab68,benchmark-heteroscedastic-d5-s41002-B100-semantic,flow,4,"[0, 2]",425766409,300,5.761581748723984
19b5eb3a984728b30b533275e86f51e18dcea73d578c3559189cd6f0b985ae00,benchmark-heteroscedastic-d10-s13503-B400,additive,3,"[6, 9]",431352634,650,2.5196558199822903
19b6400e8b4a5a530c592b96978defb7e0910be675ce8f4a474ddb274dda339c,benchmark-nonlinear-d10-s12505-B100,additive,5,"[1, 3]",431374350,500,1.9355925489217043
1a08b14f29c6141be723ec2c9889c02f57a06a7baa8ab3859f61162976e74bc8,benchmark-linear-d10-s11504-B100,flow,9,[],436777295,500,11.822425436228514
1a1dbb518d8cf77851c1ffe3a94dd81d9094a3fd2304a57d931a21941d69dc4a,benchmark-nonlinear-d10-s12502-B400,additive,2,"[5, 8, 9]",438156113,1000,3.8700795602053404
1a5238a2da950d82289cef286434eccc6f1a442ac4f950b0661ef5dc74f3fbf2,benchmark-nonlinear-d10-s12502-B100,additive,5,[4],441596066,300,1.2891799248754978
1a591c3ac07ccca8201988d03662b26e4051b52fc99c331e29dea138686213b3,benchmark-nonlinear-d5-s12001-B100,flow,4,"[0, 1]",442047546,300,7.423235388472676
1a6793f50964c74e200b7f5f28f860ccae88d1113aa823c2cf86cae2f2ed7e9d,benchmark-heteroscedastic-d10-s13503-B100,flow,0,[6],442995701,600,15.117415115237236
1a6d340f8d3ee0b65a34151521307f5171c59fff2980c134c58dd89bb6071325,benchmark-linear-d10-s11503-B100,additive,4,"[0, 2]",443364367,750,3.1288753785192966
1ab7ba0f355b43973d4eba56e36e81a71d50ef14690d1884587285244982a703,benchmark-linear-d5-s11004-B100,flow,1,"[2, 3]",448248335,450,11.880449520424008
1ae58ea6f1084044fb4839a43d306b26d98df922878ec8b3420b51f7817d6be1,benchmark-nonlinear-d5-s12001-B100,flow,0,[4],451251878,300,8.125631283968687
1aea505cb96914d68e7d565bbe8775bb5ce638d82fa64586ac879abcfd2c369a,benchmark-nonlinear-d5-s12002-B100,additive,3,[],451563612,300,0.4971542824059725
1affd7e721218d4c7acaeed852b3bcc4e4e852cf7596fe817dbeb95d821bddc6,benchmark-heteroscedastic-d10-s13503-B100,flow,5,"[1, 2, 9]",452974567,300,8.047652119770646
1b1cf3f5256a9f9ed6f99ec615f08b21ab5e99c7ef288680fceac00df401cbf6,benchmark-linear-d10-s11505-B100,additive,6,"[3, 5, 9]",454882293,1000,4.059271639212966
1b25cf47729effaf25c0dbcac5da53249be05c50a6495ad9d54d0f9dc4412cd0,benchmark-nonlinear-d10-s12502-B400,flow,3,"[0, 7]",455462727,400,10.219002405181527
1b4c4207e7349d8650a219dce329cdf9844b6d71e53f020f2f0ba669703ce70f,benchmark-linear-d10-s11504-B400,additive,5,"[6, 7]",457982471,800,3.197674497961998
1b532b599f2ce48deb4f45e772510dd814d745038a40f894f1657f8ef2208d07,benchmark-linear-d5-s11002-B400,flow,1,[],458435417,300,7.614556603133678
1b846cb2b401941d3d3c809a1821a34e3824b5612b8a6fe8af11c4ede65f06ff,benchmark-heteroscedastic-d5-s13004-B400,flow,1,[0],461663410,300,8.002252677455544
1b9860667fd300befa592400a5e555205b7788b9874abe17acc00aacfddafca9,benchmark-linear-d5-s11004-B100,flow,0,"[3, 4]",462970982,300,7.110541412606835
1ba65b1b0d9ce59a2772c5d4ff621b3f7f129829b9fd98862e3c9da67ecb55a4,benchmark-heteroscedastic-d10-s13505-B100,flow,5,"[0, 1, 8]",463887131,450,11.875271262601018
1baca1bbe16dc77e752411f87009069a72e958c36e96949c3faafaada050f5f5,benchmark-linear-d5-s11003-B100,flow,3,[2],464298427,550,14.937024867162108
1bb50ed2899b17da085399987e94debc8175f99205931d9610c9f913666f3a7b,benchmark-heteroscedastic-d5-s13004-B100,flow,1,"[0, 3]",464850642,300,6.322188274934888
1bcc61d6b5e8f67164d44d190f33bd63209a90daa9defbd4d33e9abd2aba5ce2,benchmark-nonlinear-d10-s12502-B100,flow,1,"[5, 7]",466379222,300,7.4052480440586805
1bd22bc73415b4d9dec0c38bb5242b7c24f05d5bef0dacff6f1aa6c515836b8b,benchmark-heteroscedastic-d5-s13002-B400,flow,4,[],466758599,1000,22.89828989095986
1bdcbc66cf4935e04141c77fffd71f72bfc42cf742f28353fd19215cd60de701,benchmark-linear-d5-s11001-B400,flow,3,"[0, 2]",467450982,600,16.755669984966516
1c02ff063fe7c606e6eee5747f05d5e8b44aa8510a9ae4c314b0fffddde099f1,benchmark-heteroscedastic-d10-s13503-B400,flow,7,"[0, 8]",469958406,500,12.79864359088242
1c42dd1c73ac158ba7e68515f365d0fe79f27dd8b9d44f3de0ca4f01c6456cb0,benchmark-nonlinear-d10-s12504-B400,flow,5,[4],474144028,550,10.988584570586681
1c4a5c79c3da40c2f205f06e17b0012b26c93b6395ebe4a4a435a8c6c8246841,benchmark-heteroscedastic-d5-s13002-B100,flow,1,[],474635385,300,6.9639260321855545
1c82df41476a50e35ab9fe79de4cba0155692e042d1f3e5464005b2dab9f1e8e,benchmark-nonlinear-d10-s12505-B100,additive,8,[2],478338881,450,1.7320427726954222
1c9bae6988c0b461590509ec8f92363c2dc7e4c41f8a35cd88a1474034e1d767,benchmark-heteroscedastic-d5-s13005-B400,flow,4,[1],479964777,300,7.3117750659585
1ca186dafb24b483e16dd023087b2561e392d77e3544652c92f112f9d7dcaa81,benchmark-heteroscedastic-d5-s41005-B100-semantic,flow,4,"[0, 1, 2]",480347866,300,5.50797002017498
1caf7ac6c7c2ec4ae9d8db69c0f5180070773ee45c65cca91296f8093c9d5d98,benchmark-nonlinear-d10-s12505-B100,flow,8,"[1, 5]",481262278,350,8.191818948835135
1cbe053d9d1dd3406474cd4febccbb57edf43292a2617f3882d9317aeb698a5c,benchmark-nonlinear-d5-s12001-B100,flow,2,"[3, 4]",482215229,350,8.878118949010968
1ccc1aaa84f5ea2f2c8c392e7f32d25638852428ad8c2a01ecf6d16dcd03fb68,benchmark-linear-d10-s11504-B400,additive,1,[2],483138218,1000,3.9722629208117723
1ce396413607ebea999d92195ace35e0ef00f50f14b6a7f41d2a86b945a838f4,benchmark-nonlinear-d10-s12503-B400,additive,9,"[2, 8]",484677185,1000,3.893031904473901
1cf964439dc9ec5aace144a4e659dbca32f86b197fbe736f97e317c62d090221,benchmark-nonlinear-d5-s12002-B400,flow,4,[],486106179,1000,22.631108788773417
1d0ac5ab87480adbbb89edee66550d03e8819db1cc70aeb6c27a6304c2eca6d2,benchmark-heteroscedastic-d10-s13505-B100,additive,9,[],487245227,950,1.5485543124377728
1d267f9a8c0ccdabd5224743a6554c74bc35a41f8ab2e05fba789c88350998cc,benchmark-linear-d10-s11505-B100,additive,4,[9],489062298,1000,3.844951968640089
1d352c05d2dc5f6265fabbccd08493a41dc41e5470478ddd7b6025c019ae39bd,benchmark-nonlinear-d10-s12502-B100,additive,7,[4],490023941,550,2.1101722083985806
1d5e114e67725643dbe14b21b5e348f46198ea72fa86eff50029cd4dbb92064e,benchmark-heteroscedastic-d10-s13501-B400,flow,5,[],492704078,1000,22.921063235029578
1d682d411673625d28e0886ef177560204774fb99a8db4336f2a818718f67f4c,benchmark-nonlinear-d5-s12005-B100,additive,1,[0],493366593,650,2.5521987229585648
1d8345bc97fad043928393e1cc43b622d7858a79a288327685a9a137daf8787e,benchmark-nonlinear-d10-s12502-B100,flow,0,"[3, 6, 7]",495142332,400,10.159218788146973
1dd9ed3b15e8ba7453d06265d1517db7d96b9d087b7ac231bb9b99e756aa099c,benchmark-nonlinear-d10-s12505-B400,flow,0,[3],500821307,600,15.720050059258938
1df9dc3c5982655fae20c3de74e509ff55afa9c92a1dfd1572886214948a67e2,benchmark-nonlinear-d10-s12504-B100,flow,2,"[8, 9]",502914108,350,10.55384592153132
1e334864df523d32dd505b2ceda3b8e1c0152829d3a5c1061fc55d8395cc2e81,benchmark-nonlinear-d10-s12504-B400,additive,2,[],506677348,300,0.5604461207985878
1e4a2675e35e1a0d72ecfbab61bd5f6c10a3c97ec4096dcbb7f2325fe45abbd6,benchmark-linear-d10-s11503-B400,flow,5,"[3, 4, 9]",508175989,600,15.322255942970514
1e738a822cc8b5616aecaf6e9928e06d02f75e451897bd0a4034bb177b61de3f,benchmark-nonlinear-d10-s12505-B400,flow,2,"[1, 3, 8]",510888578,400,10.416824296116829
1e8b8082cc85466013153a5939de1f38d5aa43fb5fdb5a993e31f8ff853f43eb,benchmark-linear-d5-s11004-B100,flow,1,[],512458882,300,6.407715892419219
1e9805fef623cce40b8bd703a533889dd67316b3a1335f07377530cef00f86b1,benchmark-heteroscedastic-d10-s13505-B400,flow,1,"[5, 6, 8]",513279486,500,13.522524766623974
1e9c77282aeee64735779f103c3d97166a46f1b030428ced86263564ea5163ef,benchmark-heteroscedastic-d10-s13501-B400,flow,0,"[4, 8]",513570600,550,12.281998028978705
1eb9ac8eed5854748930f95956d52092267ff03b9f52b76c8836b9de1d6a25e8,benchmark-heteroscedastic-d10-s13501-B100,flow,8,"[4, 5, 9]",515484814,300,7.931015955284238
1ec8e959d2d8d0ff260ee0ec3015a2be69320137bd0dc87f8b479791fdbdd871,benchmark-heteroscedastic-d5-s13003-B100,additive,2,"[1, 3]",516483417,1000,3.8598586935549974
1ed632d016768b3a5b1a866eb880785daa7ddf34a739c98fd7122093b0c915c0,benchmark-nonlinear-d10-s12501-B100,flow,1,[],517354192,300,6.7380260694772005
1ee217593503b528ac449713b6f9ea457901bede59f8a16312598d48bdecac6e,benchmark-linear-d10-s11503-B100,flow,7,[],518133593,650,15.363203406333923
1f0a3d2dfb82a5cef3fb1c25e3cd13d328ea6469db3f6007387aae17942c87df,benchmark-heteroscedastic-d5-s13005-B400,flow,1,[],520764717,800,16.3885983414948
1f410af890a5f77aa083a23419c065e02001fe21577590bb8d44f2eea8dc22bf,benchmark-linear-d5-s11001-B100,flow,2,"[1, 4]",524356344,300,8.447935024276376
1f56cc7a3aafab262540789d79e16b27e4c3dedfd4532fed2a6662c7774b5f95,benchmark-nonlinear-d10-s12505-B400,flow,6,"[1, 5]",525782138,350,9.019568249583244
1f577fd9da6c750b27bb9c8ac23240664c19b92c398d09f2f6bcf5fd610e351c,benchmark-linear-d5-s11005-B400,flow,2,[],525828057,300,6.67787953093648
1f83413d30e02c1170b552b96ed80af8b729d3af0b982632cc5b9f921e89ef39,benchmark-nonlinear-d5-s12003-B400,additive,0,"[1, 3]",528695613,650,2.5466718710958958
1f86c030063edd6da967d7d1f7b04d09ceac9e0e1f6608f32b7709d2a55ca815,benchmark-nonlinear-d5-s12005-B400,additive,4,[],528924720,550,0.8921766169369221
1fb65f341b496498dc93c711b2c2cdbc907691cc52c2424a4adc0537d738ba48,benchmark-heteroscedastic-d10-s13505-B400,additive,1,"[0, 6, 8]",532045620,550,1.501124108210206
20386b84ae85dd67d9a5b3a886e7c51f8c0f1e446dd0e17dcf1a00927e5e7247,benchmark-nonlinear-d10-s12504-B100,flow,0,"[2, 6, 9]",540568452,350,8.880702568218112
205d7654d54625dc53bdafe89daeb1cc5420bcbf1d996869eaef55451bfdd49b,benchmark-nonlinear-d10-s12503-B400,additive,0,"[1, 7]",542996052,1000,3.930665709078312
20b1f2c23c76af93d305ff1cacd51cb2d0e57902b4d8d4912aa815e6b7b0ae64,benchmark-heteroscedastic-d10-s13504-B100,flow,5,[2],548532930,300,7.010516609996557
20cd688df1c24faa17d0a4af9b9cf124f998b7141870d77b7eb41c63a912112f,benchmark-heteroscedastic-d10-s13501-B400,flow,9,[],550332557,550,13.558069601655006
20e27e2a53b589de62d42bfbcf7d7a4d7954cb3acbbd35b3b2b07b1aa3c93c0b,benchmark-linear-d10-s11504-B100,flow,7,"[2, 3, 4]",551714346,300,8.027018327265978
20ff95091be239aa672e5faa14100cf6fd6f4259051b32c797ecf84abfe12b71,benchmark-nonlinear-d10-s12504-B100,flow,7,[5],553620745,300,8.23763120174408
21066627454646795ff39cf394c6123302627f4a160f8ea9f9c789f3434ab034,benchmark-nonlinear-d10-s12504-B400,flow,8,"[1, 2, 4]",554067495,350,8.657887168228626
2139ce7406ffd4c0cb51ff10175731cf3ce2f7ef47e421f62a46525727586e6d,benchmark-nonlinear-d10-s12504-B400,additive,7,[],557436532,350,0.5897565968334675
216035c949cfd4855ec3e297cd816d1629c60597eba9ef3249b402fd1d79a0d2,benchmark-linear-d10-s11503-B400,additive,0,"[1, 7]",559953353,1000,4.429215345531702
216651eb6c0e42bd0e5ab69f46cda30500351d92ee7577aeced7d3e780bde08a,benchmark-linear-d10-s11504-B100,flow,8,"[1, 5, 9]",560353771,500,12.903933513909578
218ba507a6d80eae2f8a0b88758259922965e27c3a84b160280b0ee8c0944b42,benchmark-nonlinear-d10-s12505-B100,additive,2,"[3, 5, 8]",562799879,450,1.7581800948828459
219b89c57c83a8eae7c3eb3333d46de0bf0c7db4c7597b41c7c4ef34e7c61033,benchmark-nonlinear-d10-s12503-B400,flow,6,[8],563841477,550,13.79632692784071
21a662f1bd7b84dd8d453ad05805ab547a0f6f4be98f64ad81c08a17870c0558,benchmark-linear-d5-s11001-B400,flow,0,"[1, 3]",564552433,900,24.499934984371066
21df029a08812ab9f2e783284876a3a3654d4cb38264ec634145565e02ebd99b,benchmark-heteroscedastic-d5-s41001-B100-semantic,flow,3,"[1, 2]",568263322,500,9.908675929531455
223153ccb86eb3e4cf0ea083da99e9d058dc5fee4ddbc1285234b0adac8ea681,benchmark-linear-d5-s11002-B100,flow,4,[0],573658060,300,7.8888116125017405
22553b3b53b19aac051fa396ec56485ad594484b4cdb5993d68c178cf21730e5,benchmark-linear-d10-s11503-B100,flow,8,[0],576011067,300,8.042167915031314
22637fc52083ed60c4d042eec5d6b30ac439a2a03ef1b78820ea24d1cddc2330,benchmark-heteroscedastic-d5-s41005-B100-semantic,flow,0,[],576946117,1000,17.286858312785625
2290ee65cb787566e65f3d5158eae33c4742d48227b2fa6ccd9077365ef5ea11,benchmark-linear-d5-s11003-B100,flow,2,"[0, 1]",579923557,500,13.11463930271566
22af78ea903e292006a4faea80bb1932c334ba6ad6302927b02b8dfa6764dc10,benchmark-heteroscedastic-d10-s13505-B400,additive,3,[1],581925098,900,2.439499316737056
22efe0d29412dc3c42273692b2207468c1eb0336c2d07438dbc9f5a04d89866f,benchmark-nonlinear-d10-s12505-B100,flow,5,[],586146002,300,6.387924324721098
23207d9b32abdd656824513b0fd6d90c4b60a533074c0c2080bd7c47b017b186,benchmark-heteroscedastic-d5-s13001-B100,flow,2,"[0, 1, 3]",589331867,600,14.230185400694609
235bc89b4e8abc1335ad268b2f5d858723120af14c87b76969691bb4b696088a,benchmark-nonlinear-d10-s12503-B400,flow,9,[],593217691,300,6.788140557706356
236b5e816557eb473dee7de8730b9804596d2a178be1cd6c3e24729f9c26140c,benchmark-nonlinear-d5-s12003-B100,flow,1,[],594239105,550,12.361846139654517
2375060386c66c2e74624429ee8610a8a23d9b6ea882bb1f1ff24df7ee19ea62,benchmark-linear-d5-s11001-B100,additive,3,[2],594871811,1000,4.426634104922414
237929266deea0e0c5e8a5b6d466d594af7d1cfde9d06f8e2230ef48eb81a477,benchmark-linear-d5-s11002-B100,additive,0,"[1, 4]",595142950,450,1.8622804023325443
2380c7fb787ad5ef6c7c102359fad0919fb0e98a6f4b1c8b079b0535047594a4,benchmark-heteroscedastic-d5-s41001-B100-semantic,additive,2,[],595642363,550,0.6887395586818457
2380eb72d1f7c74005d38225b94fea453e566e2231a5c204cccb8ac6e8193578,benchmark-linear-d5-s11001-B100,flow,4,[],595651442,300,7.041436038911343
23d69f1ee74a091dfdee7c08fc510ab15edd2f679797906b09f8fef2030c70cf,benchmark-nonlinear-d10-s12504-B100,additive,1,[],601267998,400,0.6631123833358288
23e583df9d0695b6d882d364f120851d88d5913efb0194d24ae3e48ff54c6b5e,benchmark-linear-d10-s11501-B100,flow,2,[5],602244063,300,7.6999398320913315
23ea0e4c651bae0ed630395e6b6365919c62057b771b121add46f6abd1fe2981,benchmark-heteroscedastic-d10-s13501-B400,flow,7,[8],602541644,950,23.699721571058035
24059dd504cb3d9cae82dc5052d38a961e067ac6b5e2c93994266ead8a7fcb99,benchmark-linear-d10-s11501-B100,additive,9,"[0, 1]",604347861,1000,4.143061451613903
24843e982df778e9f237d19c204931eeaa1f9471b4545fe6e51e0aa1d378dba6,benchmark-heteroscedastic-d10-s13502-B100,additive,8,[5],612646552,1000,3.7190492544323206
248a7d4beb6b69a7c95e6512c3c5259335e093de7fc4c5b79a597ab52eecdef2,benchmark-linear-d10-s11505-B100,flow,6,"[3, 9]",613055819,500,12.984792893752456
24abcb5edd280a8e8f33695e38b671732bdcfe3930cbc17f45b55bf06fa7f5e1,benchmark-nonlinear-d10-s12503-B100,additive,2,[1],615238494,450,1.680869298055768
24c24fbab8c7b427862a1956680732568ca4314970c412793731a89567ff4a72,benchmark-nonlinear-d10-s12501-B400,flow,8,"[3, 9]",616714170,450,11.289401667192578
2516b4beabdac92ed55997b85da08c5c9c66d70cd631dd8b5c18e50605125716,benchmark-nonlinear-d5-s12005-B400,additive,1,[],622245054,700,1.099171619862318
253fa0f2ed12746d375013b773b250578df5d20a9d88d9953c928e18a725a727,benchmark-nonlinear-d10-s12501-B400,flow,7,"[3, 5]",624926962,600,16.51467209495604
2575168ac9f47a77d3c327dff3d5b55020350cf0085a24981fc905993627edd8,benchmark-linear-d10-s11501-B100,flow,9,"[0, 1]",628430474,500,13.168947912752628
25cae9fabffb7a046071793c1abefe408ea7e938a2af5b3be0b9dfd9d68c2a8b,benchmark-nonlinear-d10-s12501-B400,flow,3,"[5, 9]",634055162,400,10.815739987418056
25df72aa131d8f5cfe3520e49c5a62594d72f6dd13fd7c2a044004c7bd3b5f54,benchmark-heteroscedastic-d5-s41003-B100-semantic,additive,1,[],635400874,300,0.5401464849710464
25e1850cdb30d19ea00d052f67e53f777a8f05a19ecf003d35253741912a9161,benchmark-nonlinear-d10-s12505-B100,additive,7,[1],635536652,900,3.5251125544309616
25fa9d9ddfefd7d0d5919ccf394ef4e6e135dd8694e803e8c2a3a8ad59df2bca,benchmark-linear-d10-s11501-B100,flow,3,"[4, 6]",637181341,400,10.73941639624536
26401bed9b0efbb50a6f16b9b820c0e1281a66aae20bdbc3be6ec449967bfd94,benchmark-linear-d5-s11004-B400,flow,2,[],641735661,400,8.580150065943599
264c30a73a0838a2e248221fac0ef156580fd058baeb00681ec28ef392d9d76d,benchmark-heteroscedastic-d10-s13503-B400,flow,6,"[0, 8]",642527399,400,11.018370198085904
26c9088983fb52a043fc86df114f7189ffbef11ce2731cc0d4381b13374ea761,benchmark-heteroscedastic-d10-s13502-B400,flow,8,[],650709129,700,16.16041698679328
26eafe283757a759a280c090d69d90b5ee917a4da3b1ebf61f34f41761d3dcd8,benchmark-linear-d10-s11505-B100,flow,7,"[0, 6]",652934696,300,7.391603592783213
27107f0d34cbaad7cc9cb293cc49c6025fadf76fad5968041434501b8c38e315,benchmark-heteroscedastic-d10-s13503-B100,flow,6,[],655392525,700,17.46187905408442
2716304d114bc0f6bb244e3de8499d826fb0a58c689f34eb488bc675410beedf,benchmark-heteroscedastic-d10-s13504-B100,flow,1,"[5, 8]",655765581,350,8.755499247461557
2733fc9e9ca29beacec6a5baa72aca1c44e47b15d79fd7c6ddfd3a8feabe8504,benchmark-linear-d5-s11005-B400,additive,0,[],657718430,500,0.9118431266397238
278cc5c2d909f2ea8ace533d86918d14e301c5a3c5356dd5a848bad41439b592,benchmark-nonlinear-d10-s12501-B100,flow,8,"[3, 9]",663537090,300,7.777395477518439
2797f8a9e312b35df0abd4f0b62cc0bebafb8b2176cfeb608754ac6a3d7a8c2b,benchmark-linear-d10-s11502-B100,flow,0,[],664271017,300,7.35534287802875
279f362f61286c562e04df6397deaa50496c19c6bf0e16d626608ebbf2b2384f,benchmark-nonlinear-d10-s12501-B100,flow,5,[3],664745519,350,9.29537483304739
27abaf3b405947b7bebd4b8a0fe4692a4dc7c0101f9ba110460e5bc957039c1c,benchmark-nonlinear-d10-s12501-B100,additive,2,[],665562939,750,1.3413738552480936
27aeec054edb9d42c181be0fba20920443daf7e60806bd8a44aeb23c5e6b0746,benchmark-linear-d5-s11001-B100,flow,3,"[0, 1, 4]",665775109,400,9.872770285233855
280d224d06ee3a71359b38fd1c564bab445a77a7b7ebe99223dfab37e00981e1,benchmark-linear-d10-s11504-B100,flow,2,"[3, 6]",671949389,350,9.362741963937879
2821bd6935b0b98e3e054b8d56b3eec459f208ec0ec0916da81c0d054adeeedc,benchmark-nonlinear-d5-s12001-B100,flow,4,"[0, 1, 2]",673299817,300,7.400155691429973
2830e03a74726aba6394ae64fdd425b43a07a9d2646a70cbba1568af2edb3d91,benchmark-linear-d10-s11501-B400,flow,2,[4],674291770,750,19.164310524240136
2831ec9667a643db2c06c2cba0560e3fd5a21ac636011c26a07ea5378a12c3a6,benchmark-linear-d5-s11002-B100,flow,0,[1],674360470,300,7.985973872244358
284c6a79be8f22ccbd9b0329b2f6787d2654d1c49d440f840d8064047823fd7b,benchmark-heteroscedastic-d10-s13502-B400,flow,3,"[1, 7]",676096633,450,12.646267900243402
289e8e443135e3ddbc0beb56f0c77e6f0f4c72948a140cf74f51654e8862062b,benchmark-nonlinear-d10-s12505-B400,flow,1,[3],681479748,400,11.334534551948309
28c06fad5a10e9312db142c45509ff5dbf69f9d863f72debc3d7418ed22fe8a8,benchmark-heteroscedastic-d5-s41005-B100-semantic,flow,4,"[0, 2]",683700141,300,5.8698753751814365
28c0c3eba22729478d759b8130ba60cef1bbbce31d1e6b2cba463eb14f23da3c,benchmark-linear-d10-s11504-B100,flow,7,"[5, 6, 8]",683721707,350,8.521110164001584
28f7f10a44136708c31afcbceca92ae04ee789a2cec86a79452f4dcb512415d6,benchmark-linear-d10-s11505-B100,flow,5,[],687337738,300,7.022419322282076
291eaa8dcd13a78c87c30ecf478b7d6af7970952897ded7497b3134a658be345,benchmark-heteroscedastic-d10-s13504-B100,additive,5,"[1, 2]",689875597,350,1.332120893523097
293145d005ff882a67865681bad4c4046a9a3b6af88fddd61a5f37b6b6402749,benchmark-linear-d5-s11002-B400,flow,0,"[1, 4]",691094992,300,8.236193682998419
29315e5169f7f7e11999140af3f5a32f9dbdf520e7526ade39870b7bfd270b02,benchmark-heteroscedastic-d10-s13502-B400,flow,1,[5],691101265,450,13.454344971105456
2932afdc8d69cc1988e021a0abafa1efd656f4ddc5e0cc5033bd215baa6e3922,benchmark-linear-d10-s11504-B400,additive,2,[],691187676,300,0.5978847909718752
2954fea8eac1f1eab192e059ee9286fb45f2637b7ad9efd383c8340d6131ca20,benchmark-nonlinear-d10-s12502-B400,flow,6,[3],693436072,400,10.477492278441787
295faccf344ab00b088cb8d1790214d2ab66c20e53106e1832a56d22c303cd39,benchmark-linear-d5-s11004-B400,flow,1,[],694136015,650,14.467208560556173
29693c8d708dfb2f9ded9570166d7d694a4aeb00fbe38aa4da6593ace66f4045,benchmark-heteroscedastic-d10-s13502-B400,flow,7,"[1, 3]",694762637,500,13.269860392436385
299e1e0a39896ce34c1c0ed3fa86b53eb14fa2644b13ca31896ada46703dabbb,benchmark-nonlinear-d10-s12505-B400,additive,4,"[1, 3]",698228234,1000,4.046773022040725
29b55e8060bc707f2a0dfab9e32b7e1dcfd5666a5eb9f9fbfd433ee82a1b26fd,benchmark-heteroscedastic-d5-s13001-B400,flow,4,[],699752064,1000,23.003755966201425
29be4e7a88369598e648c9b3fdc3e74e9ec7b506f7997c3c2a96c89dbbc86d66,benchmark-linear-d10-s11504-B400,flow,5,"[6, 7]",700337786,400,10.814473612233996
29c091317f2d7d1e4bfd20f987749f5458f3aa5f82c46a8377f6228647bfdffc,benchmark-heteroscedastic-d5-s13003-B100,flow,0,[3],700485937,300,8.335412243381143
29c51697c8638d58aeaefc8f23ea279d599cf5455b364b12988318f0f0e7d33f,benchmark-heteroscedastic-d10-s13501-B400,flow,1,"[2, 4, 8]",700782231,300,8.30525084771216
29c8ecfc06837468391b7b33579bacf581e38c6d33bda36d2ef5aa9142f38f25,benchmark-heteroscedastic-d10-s13504-B100,additive,0,"[4, 9]",701033724,1000,4.08538956195116
29eacd8c81eccdeb0dd0e93e44d634ac49f0807dab988503450e08aa71d33e00,benchmark-linear-d10-s11502-B100,flow,1,[],703253900,550,12.730550285428762
29eb4ab31c39806f1f4951ca0b690554d528ee761a50a1b60f33e8940163dad2,benchmark-linear-d10-s11503-B100,additive,2,[7],703285939,1000,4.413106543943286
2a0968374d83e64982eb25e5de16689a2a03a74a0b74246105bdad6d25fd7489,benchmark-linear-d10-s11503-B400,flow,3,"[2, 8, 9]",705259575,700,18.1713531576097
2a4ed1411571655bb4c2d47e48642f8314fab16a04e59cac058136c9991b4493,benchmark-nonlinear-d5-s12003-B400,flow,3,"[0, 2]",709808449,300,7.2741036508232355
2a830a1afbd7d63afe0f4f506ad8466bc2a2216fe5b7db0a8466299016618748,benchmark-linear-d10-s11505-B400,additive,9,[4],713230874,950,3.700601663440466
2a9e14804e1b93852bd0febb7dfa3e0cc5ee6b7c6a13091aaca8c646dcbf3676,benchmark-nonlinear-d10-s12502-B400,additive,5,"[3, 4]",715003008,550,2.1435746774077415
2aafef6c2a3218b82aab03b8a6498958b105b559af895a46c1939d852febd53e,benchmark-linear-d10-s11501-B400,additive,9,"[1, 4]",716173164,900,3.5667042806744576
2ac51218fcff721acfce31afe3f4bb780fa6879ee78ad4232cbcba54b747171e,benchmark-linear-d10-s11505-B100,flow,5,"[3, 9]",717558296,450,11.304163586348295
2ad53d84651502c1908ec38ef22b7c520f02bb21a9f57dc23bebbed123da3656,benchmark-linear-d5-s11002-B100,additive,0,[1],718617988,300,1.2769068740308285
2b144881a568b23efade11d49427f81e9de431ac5c04cd5096d1245151f88942,benchmark-nonlinear-d5-s12004-B400,flow,1,[4],722749569,900,20.871742261573672
2b558bc9020429f7ca03bba11a3abae2ef67a6b4189a1bc99601861736e08126,benchmark-heteroscedastic-d10-s13505-B400,flow,6,"[0, 8]",727026633,400,7.100532632321119
2b5edf3b2f648dcd99fffface5c2938a55c3cbf18b69740411d4c2ee0536775a,benchmark-nonlinear-d10-s12504-B100,additive,6,[2],727637819,1000,3.9118956923484802
2b6c2d0391c85ba58401a3ee08be3defa84a6e42bfcd6d35d3d62a1baa446bbe,benchmark-heteroscedastic-d5-s41002-B100-semantic,additive,1,[],728509699,500,0.6303373258560896
2b6f1a7b19c4fac382ec2908ff8d3bf127ac9001826f18c02350b91a69cc3895,benchmark-nonlinear-d10-s12505-B100,additive,6,"[1, 3, 5]",728701563,550,2.476593729108572
2b7b814b9ee6cd2f10c61252afce3a0029ba16e7dd5f074fda96d57a5dc14c4e,benchmark-nonlinear-d5-s12001-B100,flow,3,"[0, 1, 2]",729514315,300,7.8474715277552605
2b7d16ffae2747deabde84b96989829fad8307ac7121a78d3b4fb64c7fa93a13,benchmark-linear-d10-s11501-B100,flow,1,[],729618175,900,21.87390336021781
2b84979913a13d4998419ff782c8de4ac3f4f5ad637f9a37dde39585722ad4ac,benchmark-heteroscedastic-d5-s13004-B100,additive,1,[0],730109849,300,1.1688465271145105
2b8c0ed9c61443cce02ce460e4fcdbf9392da0b5057b5d2ff84fdda4d6df0c40,benchmark-linear-d10-s11504-B400,additive,6,[],730599129,300,0.4954251665621996
2bc32269c1b0bdd790556654d84dd9dcf2f259e3dbab94af0d0dca5a976998c5,benchmark-linear-d10-s11502-B100,flow,2,[],734208617,850,21.100496754050255
2be795c35fcf848d357c4b9ec81efb6637a6c43f80af1d4df79c296e61898501,benchmark-heteroscedastic-d5-s13005-B100,flow,0,[3],736597443,450,10.93865167722106
2c1d1714bca0e0656d2b856ad350d530b936f6eab7884868937f8ff2ea3eaaae,benchmark-heteroscedastic-d10-s13503-B100,flow,6,"[0, 3, 8]",740103956,300,7.851680604740977
2c26978d3a37890874a91cecb3ab28c4933158b38a2225544089deb07c1e4d7e,benchmark-linear-d10-s11503-B400,additive,4,"[0, 2]",740726669,800,3.308721248060465
2ca7ba3e0a96e415333631ad601c9a6adaf0677cf5d6ece3087367943c2b1bf4,benchmark-linear-d10-s11505-B400,flow,4,"[1, 3, 9]",749189694,350,8.37894394993782
2cb3aa51492e33ef29ac78bb486bb0c9e1f95d6af03f1269a089a526e5706a66,benchmark-nonlinear-d10-s12503-B400,additive,2,[1],749972049,850,3.2389542050659657
2cd0b10b12973109899222262bd7592ef13f6f0b34ab0759764c967040d3ab73,benchmark-heteroscedastic-d10-s13505-B100,additive,6,"[0, 7, 8]",751874315,1000,3.9632121846079826
2cd79c57ffd915d1c0327f5d0e6e2f07379c2717d53a3bdc190704051a0d0a38,benchmark-nonlinear-d5-s12001-B400,flow,4,"[0, 1]",752327767,350,8.606933150440454
2cf2424f86ea5f5cb1e3b738209d816787952e2e96c2566caf11cc33ed03171a,benchmark-nonlinear-d10-s12502-B100,flow,5,[4],754074191,450,10.956148609519005
2d2b8834a8f06689b5693163006f6d016a7ed8bf88461e63447ffffab91284d6,benchmark-nonlinear-d10-s12501-B400,flow,3,[8],757827636,350,9.33519216068089
2d4045abe26a82dd1d2b25141fe455c1d082ec92301202d29838dc121e9fbbe7,benchmark-nonlinear-d5-s12003-B100,flow,1,[3],759186859,300,7.044871332123876
2d42ba1ef8289b067eb99508874c5fb842d2dfb1d85eca6bc54998fbff56bf35,benchmark-linear-d10-s11504-B400,flow,4,[5],759347742,750,19.298944856971502
2d5c13edfd24feb96bb5ef2c56d3e1e709e9a3c303e17dcf029d23fe2a00b174,benchmark-heteroscedastic-d10-s13504-B400,flow,7,"[2, 4, 9]",761009133,300,7.763694487512112
2d69df2caffd277d5c049ac5ec95c724244a7fa32931ed719aca6ba6913bf7ee,benchmark-heteroscedastic-d10-s13504-B100,flow,2,[5],761913132,350,8.136444494128227
2db273b7c75e375103606e2fcbcec93b1b1d73ed429373f4be7129cf5697feae,benchmark-linear-d10-s11503-B400,flow,6,"[2, 9]",766669751,800,22.619129348546267
2dc83f94dc6f7ea17f76f4643f7e5d0cae142926634c3a1d0e5d4a8423b36eae,benchmark-linear-d10-s11505-B400,flow,0,[9],768098196,750,17.336434138938785
2dd281fb095b229dd58ec680149fc2e8d52cdf46d98893c0b15336a60be7df70,benchmark-linear-d10-s11501-B100,flow,8,"[2, 6, 9]",768770555,300,8.362638667225838
2de22c996c1041acc7670d7e9329e2e9a7fc93df1018b943719c67ca8c2271bd,benchmark-heteroscedastic-d10-s13505-B100,additive,7,[0],769797273,450,1.7813241891562939
2e0c2f8013eb387c191114ed9474b5dc8fc10d1dfe2bbc93399335cbc921d499,benchmark-nonlinear-d5-s12003-B100,additive,1,"[0, 3, 4]",772550528,550,2.0795582309365273
2e22c84b7bbbe2622b1e4af2e95ebe393d3a5081a5d81f77867a4117948b8ff6,benchmark-heteroscedastic-d10-s13501-B400,flow,9,"[1, 2, 8]",774031435,300,7.312834694981575
2e2a6870910cf9c421aaff50863fb22a803578cc0b3441c8e263fdec5609363e,benchmark-nonlinear-d10-s12502-B100,flow,5,"[3, 4, 7]",774531184,350,8.73008193820715
2e445b8d39d1177e9af923cb8883c62ec7577494cd35d01e93f646c8ffd40c9e,benchmark-linear-d10-s11504-B100,additive,7,"[6, 8]",776231821,1000,4.075595825910568
2e55f4c647d6a4b0b4b3640b74e5e0b3e428e9fe5ab7841b1c58547f14ead8c2,benchmark-heteroscedastic-d5-s13004-B100,flow,3,"[0, 1]",777385158,450,10.524321310222149
2e59013430ec23cd40ff7c63a4dcf447d80b51db435332e7ddb46079b754f575,benchmark-nonlinear-d5-s12002-B100,flow,1,[],777584948,350,7.769705316051841
2e5dc37540b64a1e87c9fa4e7d005af5e4b976c132bf1d48040d7e050775af3a,benchmark-heteroscedastic-d10-s13502-B400,flow,7,"[1, 3, 5]",777896821,350,8.815988594666123
2e80b88ade04b6460df99706e35cf1fd0dae34e57cc671f3de04e02f746ed352,benchmark-heteroscedastic-d5-s13002-B100,additive,0,[],780187786,300,0.4976849053055048
2e84c2974f483b613d8443fdcd7d335d2c92ca721acd7462f5efdb0c2ad9545b,benchmark-linear-d10-s11503-B400,flow,0,"[1, 7]",780452503,400,11.008887808769941
2eb39618f4e1dee773f0a003f1e967f6f3b3dc4c66e76d98ca4a485316e45c58,benchmark-linear-d10-s11505-B400,flow,0,"[7, 9]",783521304,550,14.149083888158202
2f00f6097a3d0d5fbf69f2a38281e44a5548b6c7ce964f257ed98a5c68086ca8,benchmark-linear-d10-s11502-B400,additive,4,"[0, 2, 5]",788592137,650,2.645446849986911
2f2a5c701bf6a494f42b21ea634cff851ec1da650b3cee84a4812e8f90ff2610,benchmark-linear-d10-s11502-B100,additive,0,[],791305328,750,1.2548904735594988
2f41d743119c3eb059ccbd395a978aa50e158d42d44098ac3d71faad3178f0f2,benchmark-linear-d10-s11501-B100,additive,0,"[1, 9]",792844099,1000,4.130863336846232
2f42d27c91b77bb8fee71414e5d1ec09564bcfa92e31157f567e1a12326c206e,benchmark-linear-d5-s11001-B100,flow,0,[],792908412,400,9.648250734433532
2f6c1239edde65831fb9b2abd10ed16e2a7cf1d184bf85671c9b22e126e6b677,benchmark-heteroscedastic-d10-s13501-B400,additive,8,"[4, 9]",795611705,1000,3.9619825072586536
2f7efb73e66700f4d14b57252fda1f1e182dd51aa57fc84c5fc5dbba25cd0a18,benchmark-heteroscedastic-d5-s41005-B100-semantic,additive,3,"[0, 1, 2]",796851059,300,0.8358071278780699
2fb958affd2838d7d6daa963cc960ea451f340ad25091081087c7fb4435057d6,benchmark-nonlinear-d10-s12504-B100,additive,4,[9],800676015,700,2.7443614341318607
2fbb23a3a5377476835876be9d262b0f53e41412ca29bb228e8aa11507194983,benchmark-linear-d10-s11502-B400,flow,6,[8],800793507,550,15.158952811732888
3000623a50c118e3786386503343c3d47ae5a8bc59d02916fd5b5a4db79f8593,benchmark-linear-d5-s11001-B100,flow,4,[1],805331514,300,7.184251798316836
301156c2ae56720ae056605e76625a9aaf8f74fa6be0f793d0fa42432ccec217,benchmark-linear-d5-s11001-B400,flow,0,"[1, 4]",806442690,400,10.037963271141052
301af37c07a314f0e1da93052ab8d81f7d60d589b25ca37a527df15958817e20,benchmark-heteroscedastic-d10-s13505-B100,additive,6,"[0, 8]",807072636,900,3.5550836510956287
3034ce253a8497245711fa2765f4030938142a7231361f85467883de9e0f7762,benchmark-linear-d10-s11504-B400,flow,5,[9],808767013,800,20.82363692857325
304cc8db2a9eb897be9b1ad4fb5dc05da2e1f396d03c0795a3f0f4f4288dbadb,benchmark-linear-d5-s11001-B400,flow,0,[4],810338523,700,16.4360715392977
30b6ad916ac7fc148a6848c5180ffdfacd574993c4aa4ef7b215c18308a529c1,benchmark-nonlinear-d10-s12503-B400,additive,7,[8],817278353,500,1.9637800678610802
310f5cb46fcb7259182e81a461b6b69202369ed680efcf9f9724ba8d684be8d6,benchmark-nonlinear-d5-s12001-B100,flow,1,[3],823090356,750,19.105335149914026
311d173e8c4274c2f84f0e4f5a69d0988492c7b91f8095acac778eceef10ac13,benchmark-nonlinear-d10-s12505-B100,flow,2,"[3, 8]",823990078,300,7.652751298621297
3121e74c25f8802424a7e242081188edaa48231a6b9490e22c09bc467dfe3193,benchmark-heteroscedastic-d10-s13505-B100,additive,7,"[0, 6]",824305484,600,2.362496020272374
313c4b203f6c4dfa796925fe6732d35de5e8887d7e54ac021779f20f28872a1a,benchmark-nonlinear-d10-s12503-B100,flow,9,[8],826034976,400,10.693895256146789
3152e0e9b1a6d3bcc6ebddb6e480f93ce4643cd6417ac9c18b3da33428414e27,benchmark-heteroscedastic-d5-s13001-B400,flow,3,[0],827515113,300,7.793568762019277
3178e719d85da6051d917e7d8c9af38f9bf233a9fa2a7cadebe39c82ba68b311,benchmark-linear-d10-s11502-B100,additive,8,[],830007065,300,0.5024939682334661
3196abe85d876cacaa679c8e69df2b7bef3e4bf60725ab64b72220220bc35322,benchmark-heteroscedastic-d5-s13002-B400,flow,0,[],831957992,1000,21.75734656304121
3198391d9d6affb80db3ac6f191c5c9daf5cbce415c11d4dbd197066a82c3b16,benchmark-heteroscedastic-d10-s13503-B100,additive,1,[8],832059677,350,1.3330806642770767
31c5ae693703daad2ea19165f2838e643396dce2144f73df3e519d368612e4e5,benchmark-nonlinear-d10-s12505-B100,flow,9,"[3, 5, 6]",835038825,300,6.941763911396265
31d3da03df89e6b49d3274c15a45260761ac59e4eb55df7a0445801083827347,benchmark-heteroscedastic-d10-s13502-B400,additive,0,[],835967491,700,1.1363328788429499
31dd7e5e2c7ab181124f7b020ac5c268b9ff1a54053841b340fa9cd0e49132af,benchmark-nonlinear-d5-s12004-B100,flow,1,[],836599390,500,11.233688037842512
3205a47f4aaa832a556c951139f29e5b26521ae8407707e47469066fb887c863,benchmark-linear-d10-s11501-B400,flow,0,"[1, 6, 9]",839230591,350,8.858476696535945
327ede8bd016cede1f856cc8c1fc546bb55a787d0d7e1a377bf421b4ecb7d17c,benchmark-linear-d5-s11002-B100,flow,3,"[1, 2, 4]",847175307,300,7.970052694901824
32a10a0c02db5dcc26b8a5e18653339e1e57d53d3a8fc4dd5ade7c4aeffc93db,benchmark-nonlinear-d10-s12503-B100,flow,8,[9],849414668,300,8.0993890799582
32a21daa0932815316a43695eb6d130aa1699b01d229a6f190df033377726a76,benchmark-heteroscedastic-d5-s41002-B100-semantic,flow,1,[],849485226,550,9.727420786395669
32dd8fed879030d1326fb22a9e8f5d01c2634f11170948cb4eebf68070669f5a,benchmark-nonlinear-d10-s12505-B400,flow,2,"[1, 3]",853381101,350,9.04299122467637
330203be5aded7ac90cf8a9ad4cc0b5f84546c979cceeebedf442b1e67c3214a,benchmark-linear-d10-s11505-B100,additive,9,[4],855770046,1000,4.095862518996
330b243623c5822f1bf8d1603765321c2e835b798ed060f920178ab70c46fc04,benchmark-heteroscedastic-d10-s13505-B100,flow,6,"[0, 7]",856368182,400,10.223255839198828
33368233ee06966a5af02dbccb4016ad1f55a9056666aa32f40751ed4e2ab9fb,benchmark-heteroscedastic-d5-s13004-B400,additive,1,"[0, 3]",859210291,450,1.8866300825029612
334df366bc0ad015e2ff0b5ff706fc4fb2e30147c9568d8d138f17f6aec4d1a3,benchmark-heteroscedastic-d10-s13505-B100,flow,6,"[0, 1, 8]",860746598,350,8.6921770516783
3359ffc315af73216a2d986280a82feb64ed412596aeb31ae54e32b174786fda,benchmark-nonlinear-d10-s12504-B400,flow,0,"[3, 9]",861536195,400,10.680320907384157
3361cb7f0b243087ec34ff9e8a5ab8f9a0d1ac5846229837bf1d843e902845f7,benchmark-linear-d5-s11003-B100,flow,2,[],862047103,300,7.542541965842247
339a3fe07aa5ed16fd7508f09704be62cefad09056a6e4836278f78183575d09,benchmark-heteroscedastic-d10-s13504-B400,flow,3,[6],865746912,600,15.511252893134952
33a5ef52f086f8f6edd163d8309e1751b745c9d34e9379367b21409713347170,benchmark-nonlinear-d5-s12001-B100,flow,2,"[0, 1]",866512722,500,12.348820781335235
33ca62c4d336f087d1815624a5310ff0fabb2f4016d002c2238a845e1ccce841,benchmark-nonlinear-d5-s12005-B400,additive,2,[0],868901572,350,1.3662867303937674
33dcde32ff6625b34f78ec134b32dbbf13606d7fa885ab905ca547d32b89450c,benchmark-linear-d10-s11503-B100,additive,5,"[3, 9]",870112818,1000,4.04153298959136
33f751ef6ec7037b2ffe0c47d5c700fc8e78116cbbd06d4fa26f23701a671fce,benchmark-heteroscedastic-d10-s13504-B400,flow,4,[6],871846383,350,8.36319525539875
33fe11df697a328882e7966f0fd4e8aaaa0f9615ce5608af002b67547d7fced7,benchmark-linear-d10-s11505-B100,additive,7,[6],872288735,1000,4.1323937475681305
3403c939a70d5007945488caa2ccfadbcb09143d35167af098d2996d3b712d66,benchmark-linear-d10-s11505-B400,flow,8,"[2, 4]",872663353,950,23.408852960914373
340964b9a29d720e78cada1ac2aae974e2e04e773e52be59c44c5a33ff75b31b,benchmark-heteroscedastic-d5-s13003-B100,additive,3,[],873030841,300,0.5643607806414366
3413a20b81f330c8499d2f884aec7f64355f254468a7268cb4d4f7f6e68390f3,benchmark-linear-d5-s11004-B100,additive,2,[],873701899,300,0.43656911700963974
343a90146bf96c3e2468fd6fa8c283f19ab70d63797317002ca04ca7395ccf0f,benchmark-linear-d5-s11002-B400,flow,0,[1],876253204,900,24.747509088367224
348abdae645dae59ffe6e19b46dd29af27ccbc6e60605aad193e834eff848029,benchmark-heteroscedastic-d5-s13003-B100,flow,0,[],881507758,300,7.323931688442826
349fb98901c6d044920aa2dc0cba1b199826340fb772b9e945a66c3bd24e4099,benchmark-linear-d10-s11503-B100,flow,3,"[2, 7]",882882953,400,10.717441672459245
34a5ea574b3248617ff94590455e018f2837dc9e606adc96969b7730e84aaa78,benchmark-heteroscedastic-d5-s13005-B100,additive,2,"[0, 3]",883288663,800,3.789748128503561
34abcd629c1bc5ac1f25603c1c01197dfaa069c3426ee5ba9f726a2b03e5446c,benchmark-nonlinear-d10-s12504-B400,flow,9,[],883674466,1000,22.446345400065184
34bf644c69bfdb17671df4290b4d46abbcd7c20b960c9f36d9a9f095d28e7223,benchmark-linear-d5-s11005-B100,flow,4,"[0, 2]",884958284,500,11.785105774179101
34d036e225272d1e81fac05b926a389694d98af6feffac577e32b2dff86be899,benchmark-linear-d5-s11002-B400,additive,2,[0],886060770,750,3.0219093803316355
350d02de9c45475962d0de57f57fa10240f819c2b19cac8184c08204622750a4,benchmark-heteroscedastic-d10-s13503-B400,flow,8,[6],890045150,450,11.53644104488194
3550cce13fc81d8a8212161e1adeacd07a86b592bb063eedc346b5d212d38083,benchmark-heteroscedastic-d5-s13001-B100,flow,1,"[0, 3, 4]",894487777,300,7.578320739790797
358df1872879a3f08533356051ced769eb0e78a7ea239fd5b1390466d8b49bf8,benchmark-linear-d10-s11501-B100,flow,4,"[2, 5, 7]",898494855,400,9.616161920130253
35bdeca82a9f6d1180d44885156ba4e27865463da53d4bed7c9d0d2466e16e2a,benchmark-nonlinear-d10-s12502-B100,additive,3,[7],901639336,450,1.7389755677431822
361ed27b3ccbd86dc5777f195361e78b9b1dbe0708c871d99d4b15365515e3cc,benchmark-heteroscedastic-d10-s13502-B100,flow,6,[8],907989627,350,9.223947159945965
3623540b9c4e52c5233db42692ca20dccbee36ba54eb36bae5b07509dd13de98,benchmark-nonlinear-d10-s12505-B400,additive,2,"[1, 3]",908284939,350,1.4067624732851982
3625eaa424f829f359d7326b45a628fc1be99247e7b1831f62144a3c491a3fa1,benchmark-linear-d10-s11503-B400,flow,4,"[2, 5, 9]",908454564,550,13.549603374674916
36303cd127b9ce4eef265e645c96c32c885b2ce6d348c75a8a65408a900093a9,benchmark-linear-d5-s11004-B400,flow,2,"[0, 3, 4]",909130961,400,9.935464609414339
363299e8b7e62985a4526c3c3f7ff0b404d97a81f47b94031bfebae84d03fd4b,benchmark-nonlinear-d10-s12504-B400,flow,5,"[2, 3, 9]",909285864,600,16.36600232310593
3646e4b1465c7c72672fd7b9fe2820dea39444342a97b67e61bff57e77ade05c,benchmark-nonlinear-d5-s12002-B100,additive,1,[2],910615729,300,1.2051626462489367
366fd5827e61fea8991b1671f3ce223e6e7843fb8c26b197a27d351a6f9a5756,benchmark-heteroscedastic-d5-s13005-B400,additive,1,[],913298818,300,0.5485301930457354
3685373f6ccb3a9c30ebdfc7563d811529fece15b40b9bdfee546caaf22c713f,benchmark-nonlinear-d10-s12505-B100,additive,1,[3],914700095,750,2.937060995027423
3693dda0fb23484c4783586357ca4a94f6a5e439bc812e450cc7084e70c2f734,benchmark-nonlinear-d5-s12001-B100,flow,3,[1],915660192,300,7.586825553327799
36ab6046c40d3de78c1244107b37c769ef0583731a49110c0468c9ef0eaf2dac,benchmark-linear-d5-s11005-B400,flow,3,"[0, 2, 4]",917200966,350,9.197430836036801
36d0266aac15c8068814b8ec0b8b3b7bd9c690ea2c2ef85be284f5fbbc4cd41d,benchmark-linear-d10-s11504-B400,flow,3,"[5, 6, 7]",919610986,300,7.896849112585187
36dc338f67d9d57902194d16eba8b0ebba92efd1528d0f18148449cbd7dbab98,benchmark-nonlinear-d10-s12504-B100,flow,0,"[3, 7, 9]",920400783,350,8.937440112233162
3716797ea6758a6625f283f0089cb5ab135bfbd093e63e93310d886a5acb3bc6,benchmark-heteroscedastic-d10-s13503-B100,flow,7,[],924219774,400,9.647918494418263
371e883fc197a9f4fed8cba7410fc731684302494d7398a2a727cd40b86974cc,benchmark-linear-d10-s11504-B100,flow,7,"[6, 8]",924747839,1000,25.501121796667576
372a63ac1a537dc2bcff70ab72f425bdb73257aa4fe4fee3eba0d7b305319dd8,benchmark-linear-d5-s11004-B400,flow,2,"[3, 4]",925524908,500,12.190977340564132
373aeae114ae7fbead80279cf89b362667e47eefea57bc33c71da2b47d13ab27,benchmark-heteroscedastic-d10-s13503-B400,additive,3,[6],926608097,800,3.1547250356525183
376f4f8fb3bf448eecc22a19eb4058ab9d877594f065d5f01fbe9631a978b75d,benchmark-nonlinear-d5-s12002-B400,flow,1,[2],930041743,300,7.327232796698809
378fa60205e69a5ced634eaa5d0a607e031da9cc4e89df3ec4bfd3402bb3376c,benchmark-nonlinear-d10-s12502-B400,flow,9,"[1, 4, 6]",932161026,550,14.104442309588194
379a2146f62ea82dafb8ca46925a8565e0e729fc88f392034d4c39ba8a19b460,benchmark-nonlinear-d10-s12504-B400,flow,7,"[4, 8]",932847942,1000,26.644616117700934
379faca656f66ebc199cef89b5b40a5cee10a9c0da43b5cc36dc3da901177609,benchmark-heteroscedastic-d10-s13503-B100,flow,3,"[0, 6]",933211302,300,7.987573431804776
37ea46d011949c267ce19f7e669d92a7cbe26307c53933c1ca8aff7687a5be9d,benchmark-heteroscedastic-d10-s13501-B400,additive,5,[],938100432,600,1.0109832156449556
37f4d37f467422560ab72164aaebaa569a8a833af6168714650f0f69c4b21ba2,benchmark-linear-d10-s11504-B100,additive,3,[6],938791807,1000,4.356503091752529
3815a464030367f9d71e90c940c64f1895fcaa0e77d054a39dedc9b6e3062ca3,benchmark-heteroscedastic-d10-s13502-B100,flow,0,[],940942436,600,14.267882021144032
3817910b5e61cb931957fc2ed275df404040a8e5186c55bc0f48896521edbd5f,benchmark-heteroscedastic-d10-s13505-B100,additive,6,"[0, 7]",941068555,950,3.1703047323971987
386003e3267e5a0d0ea69afb6b07c11415e9d82c68b42d434183962a911ec159,benchmark-linear-d10-s11505-B100,flow,6,[9],945816547,300,7.837789015844464
386b459e18d97be565307ac82e0736e34da00e99ccce915722402f28afa2a9ce,benchmark-heteroscedastic-d10-s13502-B100,flow,2,"[3, 6]",946554270,300,7.728368580341339
38754859c857db2c0a22b7c12a2ab7e89f2720730a92d6b1c8233e9237424845,benchmark-nonlinear-d10-s12501-B100,additive,8,"[3, 9]",947210329,650,2.66347579844296
3884b82f29fa674f061d0ea27c98d5e1ad8c655fd9cfc0912f2f9844700c690d,benchmark-nonlinear-d5-s12001-B400,flow,2,"[0, 3, 4]",948221999,450,10.264967251569033
38964168cbeae7b3f218adeeefb1ad0aeb95fcfb43da09960faa11571ec59584,benchmark-nonlinear-d5-s12005-B400,flow,0,[4],949371240,350,8.300353547558188
38b82b2d2fd376ef46ed058382045eacb128dc1aa17b479b97fbaf485d217d8f,benchmark-heteroscedastic-d10-s13504-B400,flow,6,"[4, 7, 8]",951593773,550,14.095163837075233
38bdbf17174dc0d619a4bd5fa6147ffc01845ece384df3493ab8a4f7dfbc935d,benchmark-linear-d5-s11001-B400,flow,4,[1],951959319,300,7.4703902117908
38d12b8b7c4c2bb17fb95f1d848359034776db1712b29d7f2526ca5d78214723,benchmark-heteroscedastic-d10-s13504-B100,additive,2,"[4, 7]",953232267,700,2.748306365683675
38f6c138c1fce7685a51815345f03adc9297512759d4a601b43155ddba4b108f,benchmark-linear-d10-s11503-B100,flow,2,[],955695416,600,13.502847457304597
393d0d43642f971b1bd13929d063155ef5d38adc99e547d5c20faef73273f05f,benchmark-linear-d10-s11502-B400,flow,7,[3],960302403,400,9.447096720337868
395ce9e527b6db52d371d9401802220fb56132f643554065cad0488c4dcd35bc,benchmark-nonlinear-d10-s12504-B100,flow,9,[],962390501,600,14.490686815232038
3963cc69a6fd3334400e6160c045d12a34e0280c6e331e8a5da06651cbcf86be,benchmark-linear-d10-s11504-B100,additive,7,[6],962841705,300,1.195464501157403
396c8959c3444a37860dbcd3906985cfb7543d833f8bf94cf918e4e969092b8b,benchmark-heteroscedastic-d10-s13504-B100,flow,9,[2],963414361,400,10.722745509818196
398a6e5d9343001dfa4293576c848242f84e90b7573e138c7bc667007e3fedb9,benchmark-heteroscedastic-d10-s13503-B100,additive,9,[3],965373533,800,3.1199056189507246
398b713143c4e12ab2be85e63c367602f9838c64158040b71488c792c9a8b10a,benchmark-nonlinear-d5-s12001-B400,additive,2,"[0, 3, 4]",965439793,650,2.558169886469841
399e61693f2c39c77be3add676424bb54fd68b40d76a26a92c13faa438147088,benchmark-heteroscedastic-d5-s13004-B100,flow,1,[2],966680937,400,8.988333951681852
39a6faedbd251114c943435e2d2b12e16c9d6a3ec8e539c3e7ba412683d5a79d,benchmark-heteroscedastic-d10-s13503-B100,additive,2,"[7, 8]",967244525,1000,4.258503930643201
39b526f540c5dfe9bbf21c73e27f5a6a7e97702c430ba8e1eb0d2b84084f0983,benchmark-heteroscedastic-d5-s13002-B100,flow,0,[3],968173301,300,7.332254001870751
39c0a3e40ab80dfc09ec2908d065f23570c7a4fe25d2370b11098dd2f0c4049e,benchmark-nonlinear-d10-s12501-B100,additive,5,[],968926180,500,1.0145730786025524
39f01a962a9e09b44cd5d1e67391fdf7f1d55f723c86560dea669e33d5f4ccb9,benchmark-linear-d10-s11502-B100,flow,6,[],972036758,800,19.657055497169495
3a0071d28d24233320f72fca5574bb2d20d8d632c74271cbf6e56113b9a826f5,benchmark-nonlinear-d10-s12501-B400,additive,1,[],973107666,300,0.4767637550830841
3a2ddf5650c5daa48494579637aae0cd442834b44e8c3e1a4833c857b2cad2f1,benchmark-linear-d10-s11505-B100,flow,3,"[4, 5, 9]",976084822,450,11.976214142516255
3a3990c365b07b9f47ac22738b66ebdd0e03d5a399e06a9b256ea19d27a9af53,benchmark-linear-d10-s11505-B100,flow,4,"[2, 6]",976851139,350,9.514545427635312
3a43f3826d078bc1fbdccd7bf4908ac51ab74d7f263992710d6b583c9b720c74,chambers-B400,flow,5,"[1, 3, 4]",977531778,1000,18.773866483941674
3a64391c518f6acfe98570e0ce4c1f99f5b9c56ca9b356d24a63e7e88210e15c,benchmark-heteroscedastic-d10-s13502-B400,flow,4,[],979646748,1000,23.187457408756018
3a8f3dd5d1ffdc92f324f5ae63ab3ef6a806faeff311a82be784d5c56a3b3d55,benchmark-heteroscedastic-d10-s13501-B400,flow,6,[],982466005,400,9.01612545736134
3a98edf29b65437e76618d9d55a777a4f797252df36557d69ae5238abfe6ba67,benchmark-linear-d10-s11502-B100,additive,0,[6],983100914,750,3.08898176625371
3acaba75582000feebcd3864ec1137ab205c64173e02c537c5a106dbcddfe1d4,benchmark-heteroscedastic-d5-s13002-B100,additive,3,[],986364533,300,0.49648628011345863
3adab083a7755cf82f637704afd65b19b62a3a74158adf7c54f021800d8aceb3,benchmark-linear-d10-s11501-B400,additive,8,"[1, 2, 9]",987410563,1000,4.056387808173895
3adb9299e1fab844d79b6d187f5c0ec1a7471161f5381963f411f3f151fcfc2d,benchmark-linear-d10-s11501-B400,additive,5,"[1, 7]",987468441,300,1.212655073031783
3ae05f802a12d8cdbe6dcd5b30ca5a1196ac096e4df2ad2fcf028717fb03870d,benchmark-nonlinear-d10-s12501-B400,flow,6,[],987783040,300,6.901532329618931
3ae0d69798c91d929f7ee19253c3fdbdb4c240ad3048e892d7935121bbf6e879,benchmark-heteroscedastic-d10-s13502-B100,additive,1,[],987813527,300,0.48870762065052986
3b089bcda23a147869acf1d04e3304521a076108ccf58693f3f1ef322de82e5a,benchmark-nonlinear-d10-s12503-B100,additive,7,[8],990419917,350,1.344095166772604
3b1ec6d9974318627e6e6d9da93d50054856b6f7f6327a4aa2e2e23b26c88c74,benchmark-linear-d10-s11501-B400,flow,3,"[4, 6]",991872729,450,11.719797264784575
3b2a47ea8b4c8d7fc872cce86c4cbfcefb80459c3abb96c4d7785da1abbbe84e,benchmark-heteroscedastic-d10-s13503-B400,additive,5,[9],992626666,800,3.5486494041979313
3b8b1329d8d8b6b3b5ea9a1f2ee4d0c259565480e2de2dca06871445c42ba4e1,benchmark-nonlinear-d10-s12503-B400,flow,6,"[1, 8]",998970153,450,11.989530796185136
3ba2dfbdd17843442873e4e050bb006ca7e2af64125b61a5874959cb9cd99108,benchmark-nonlinear-d5-s12001-B100,flow,1,[0],1000529853,350,8.897807383909822
3be71b004f97f36f1101a04a2f7f2cdb40554811202c9aeda6bcf62d285158cc,benchmark-heteroscedastic-d5-s13005-B100,flow,2,[0],1005001472,500,12.748398153111339
3c0a04c7f46afe655bb93010b52a448f920ce7dc56c167992f103cca423bc47e,benchmark-linear-d10-s11504-B100,flow,5,[],1007289543,300,7.463727286085486
3c773b09de25ada2bd7f342a51d729ff99d54572f964b882492eec1eae101144,benchmark-linear-d5-s11001-B100,additive,4,[1],1014446857,400,1.5459732301533222
3c833b624600744cf7c63b4699431f187948764f9bd1848f343e4f99948f397a,benchmark-linear-d10-s11503-B400,flow,3,"[2, 7]",1015233378,700,17.49716269224882
3caff69ff7372e5f5860e68bbe4e1f3ee0a0ecab4876186ba6167fd28e0ade01,benchmark-linear-d10-s11504-B100,flow,5,"[2, 6, 7]",1018164895,350,9.450940167531371
3cb663d7911fc42aec195a4e22bdc78676d50453e5d726bd645aefe03746d516,benchmark-heteroscedastic-d10-s13503-B100,additive,0,"[3, 6]",1018586071,1000,4.122743776068091
3cbc486ecaba19ef683bc7b19cfafe857a64fe8b21f2283bc047dd6e8e567530,benchmark-nonlinear-d10-s12501-B100,additive,8,[3],1018972270,800,3.300447903573513
3cc563122999753cc74c75ba423aedce04216920c2ce94b64b96fee4bc13c0d3,benchmark-nonlinear-d10-s12504-B100,additive,2,"[3, 8, 9]",1019568914,1000,3.858610264956951
3ccb27579a81ad30b7346f9b1213adc8e48b19ea5676f081198ec21accc9ecc7,benchmark-nonlinear-d10-s12504-B400,flow,2,"[3, 8, 9]",1019946839,450,11.90696220844984
3ccd9ff456c660912eba12e050da32b06ec34f6ed6c7f3f40cf1a8ee1c24309f,benchmark-heteroscedastic-d5-s13002-B100,flow,4,[],1020108788,450,9.792188595980406
3d075b9fedac58a70eba129fefbf2348088d19d98d95abc41b18595feaf6361c,benchmark-nonlinear-d10-s12503-B400,flow,9,"[2, 8]",1023892383,450,11.687156902626157
3d33f86d02132529d58e93bab42148dd88bacc2f2fe7d314473abd54432d2688,benchmark-heteroscedastic-d5-s13002-B100,flow,0,[1],1026816109,300,7.210765931755304
3d373c5d0b605b7d7692566c48a612df66ced343b8058b5fe32fc24e78c81b80,benchmark-heteroscedastic-d10-s13501-B100,additive,7,[8],1027030109,1000,3.7219373919069767
3d59c6269b84a94efe136bf0b2667f9b96baa4646ef75f0583bceb64c0fc6100,benchmark-heteroscedastic-d5-s13003-B400,flow,4,"[1, 2, 3]",1029293606,350,9.922225274145603
3d78e4affb056dd0e1193558fcd9e47795503458ec4f149ad7d95f1e3b1fdf99,benchmark-linear-d5-s11003-B100,flow,4,"[0, 1, 3]",1031333039,300,7.82471926510334
3d8fd0f8ce1a8a63623062063010912c6595bdf773ca5317af77dfba54fc9572,benchmark-nonlinear-d10-s12504-B400,additive,9,[],1032835320,300,0.48231335543096066
3d93dc5b3ecc0642a6f486cdf8f1011d48778c29916b2aedd6f4f8abaa759e48,benchmark-linear-d10-s11505-B100,flow,6,"[3, 5, 9]",1033100379,600,15.563307799398899
3da8308630c8dbb00f6ab6c54184dc2e31313d2b5dec7ceefb4212bc0661b136,benchmark-nonlinear-d10-s12503-B400,additive,6,[8],1034432646,1000,3.895287446677685
3dc254fdee490798971a8b28e64206b478a6c8a60d3363176098bba2209f1c99,benchmark-heteroscedastic-d5-s13003-B400,flow,1,"[0, 3]",1036145917,600,15.66996156796813
3dc40fad6b84f5a75cf5227507dd87fe7fe1d441c0c093f34abcf282e0e8a65d,benchmark-linear-d10-s11505-B100,flow,9,[],1036259245,950,22.980170587077737
3dcca774542be242d7e9d32bed9c00aa1e801df13a46c1dc12b3d6a42fe9ddc4,benchmark-heteroscedastic-d10-s13504-B100,additive,6,[7],1036822388,850,3.3300161566585302
3dcf95fb0b7d2f41159575de9cc62d101da99b181cd3a13fa951dc6485572879,benchmark-heteroscedastic-d10-s13501-B400,flow,2,[],1037014523,300,6.728372752666473
3df8027c8ec86dcd6f5e916973b3ab9bc1b825a53a0c091dbb7d93358b68e187,benchmark-nonlinear-d10-s12505-B400,flow,7,[1],1039663740,500,13.195685578510165
3dfa7562707973da6701f7fa5d9f93cd4517deb38eabd441c36e91ae42d5a6f0,benchmark-nonlinear-d5-s12002-B400,additive,3,[2],1039824226,600,2.400135040283203
3e14f812223f010ee0f5b82b4d795b184697253557f22a8c2727488292d33df2,benchmark-heteroscedastic-d5-s13003-B400,flow,1,[4],1041561618,300,7.406852787360549
3e5b133ef37d336ace6292a06a27e5d61cc62eb5bc789dfa70e3a074a35dbd2e,benchmark-heteroscedastic-d10-s13501-B100,additive,1,"[4, 9]",1046156094,800,3.031025717034936
3e6e583465fcc11e9c36a0a5e28c0dac7748512844011180532ca269f981ea9d,benchmark-linear-d10-s11504-B400,flow,2,[3],1047418932,300,7.4107914082705975
3e7142ca62f1001c0df82dde21ea1cfcb047c07209ac9bc798abc80fc69854b0,benchmark-linear-d10-s11503-B400,additive,8,"[0, 3]",1047610058,1000,4.417905416339636
3e72a277afe85a4bc8baebc58f3956f553832f7f2a0c3d9fb39c002e0e79233d,benchmark-nonlinear-d10-s12505-B400,flow,5,"[1, 3, 4]",1047700087,450,12.52288344874978
3e86e483a021fbcfab0778871dd9b471c37568d3f52e68b0f3303d27a5ecbc4b,benchmark-linear-d10-s11504-B100,flow,4,[5],1049027715,500,12.538913000375032
3ea2311524fb3a4969df4e2f912443c27d2ebe3c434771b4da5503bf43265499,benchmark-nonlinear-d10-s12501-B100,flow,9,"[3, 8]",1050816789,500,12.505654716864228
3ee3dea780efae4112eb50b65a6e638b7b8009cb9ee5bb97b963c002455ccffc,benchmark-nonlinear-d5-s12004-B100,additive,1,[4],1055121063,1000,3.810697190463543
3ee5ac5963a074d68f31d8e6f9fd86b9f3f27dc72e773df4623dd1a49ec2fac8,benchmark-heteroscedastic-d5-s13004-B400,flow,0,[4],1055239257,350,9.00904286839068
3efacc29293d5817dc60bb296499ff4297926282d497244b5e8bfdd50733e728,benchmark-nonlinear-d5-s12005-B400,flow,3,[],1056623657,650,14.277032792568207
3f0dc40e2d93f0ac5b10d496c29749d1b4e1924846a6f5a202ee0e3f311dcdb1,benchmark-nonlinear-d10-s12503-B100,additive,2,"[1, 5]",1057866766,1000,3.801231238991022
3f2c4912cc3eb85446e14ed1a10a88ffe90c5889e7ab835943b940e7fd883bef,benchmark-nonlinear-d10-s12502-B100,flow,1,"[0, 7]",1059866898,300,7.200646197423339
3f30e8a11b79d81f16be6eeadac57e4d457ef46fe94425699db028dbfa2209ac,benchmark-linear-d10-s11505-B100,flow,8,"[2, 4]",1060169889,450,11.236919283866882
3f64a0d58ce8b35c36001d87d2850877e6feba0671aa87e7bcf14fe4d30025e7,benchmark-heteroscedastic-d5-s41003-B100-semantic,additive,3,"[1, 2]",1063559381,450,1.387069409713149
3f7312b26dd7c4f4b28f1232f33df06b93748816c380331c5e97d449c2a65957,benchmark-linear-d5-s11004-B400,additive,2,"[3, 4]",1064506034,650,2.8026916794478893
3f75a2770a2b4b54ec1cb60d9c8808629d031e503c9197bb0da03129cc2db723,benchmark-nonlinear-d5-s12003-B100,flow,2,[0],1064673911,900,22.247979670763016
3f805803a982931b5774504a826f0e2691be34b021994cb7465eeec8e75e1691,benchmark-heteroscedastic-d10-s13504-B100,additive,7,[6],1065375747,800,3.100684192031622
3f9fcca9d31c87e7cd852d485cb1c88745c680793215a367278098d939f249d2,benchmark-heteroscedastic-d5-s13003-B400,additive,1,"[0, 3]",1067437225,1000,4.316507026553154
3fb08046e4f8badcc4c81a6d0532f263ffdb15a75877867ac54c143663b53fac,benchmark-linear-d5-s11001-B100,flow,3,"[0, 2]",1068531782,500,14.021145133301616
3fd2f7b116de59ebed1db7c98609e00067f1af1ca6554f415160b92acb8d0faf,benchmark-nonlinear-d5-s12002-B100,flow,3,"[1, 2]",1070790577,300,7.343656489625573
3fd8ba04abd39b6c4555c15ff7e624ae3d1d91e88baa46a88cc46065260540c9,benchmark-heteroscedastic-d5-s13001-B100,flow,0,[3],1071168004,350,8.506479281932116
40069b3fdba82b41400489ac83bcb11b96e3746d3caf64f8131be30d93fabe0a,benchmark-heteroscedastic-d5-s13004-B100,flow,3,[2],1074174783,300,7.052424255758524
4034a9b513aeb517b0ba6e665854f892d11260c929f793976588ca64941d0452,benchmark-nonlinear-d5-s12003-B100,flow,3,[],1077193141,400,8.946877347305417
403633f3dc5c29daa3d7037bdd6ccfa6ca2e763fe5e9c3ef080d25a6598dd419,benchmark-heteroscedastic-d10-s13501-B400,additive,1,"[4, 9]",1077294067,750,2.9423874001950026
4036717e0363a9074f17a8e49ae109bc817e460bdd95fdf054fc4efded055dc8,benchmark-nonlinear-d10-s12503-B100,flow,2,[],1077309822,300,6.686187878251076
407ebb69b910bfac8e6bc8af948740fcf444f5abadd685bbb4fde823c4c7769a,benchmark-heteroscedastic-d5-s13004-B400,additive,3,[2],1082047337,450,1.832796711474657
408e0977a3f83e7f20f703ecc23ac60e3e3f0ee5c4e6402df5fe4f53979bd72c,benchmark-nonlinear-d10-s12505-B100,flow,8,[],1083050359,1000,24.106296664103866
410c0339f0bf1610f7512f9cf4b4e4edb76609638c2fc42e42dcb00710dbeceb,benchmark-nonlinear-d5-s12005-B400,additive,3,[1],1091306297,1000,3.9239044710993767
4140e2957be01eddb0ea9a5f8d23997cb6702c0977485155c2c4a271a52e6949,benchmark-nonlinear-d10-s12502-B400,additive,8,[4],1094771349,350,1.355544900521636
415280c8f450653aaf7d58eb45261ceccff523d3e4732e26b59fbb7c53dc8065,benchmark-nonlinear-d5-s12001-B100,flow,2,[0],1095925960,500,11.294768331572413
4152b3ce2c024f11fc3e32ab2f7a3514ca96a8391e4a7c97d697ddf9dc1f57df,benchmark-linear-d10-s11505-B100,flow,9,"[4, 5]",1095939022,700,17.586333790794015
415c44fba9f736546824f103acdad90d8a7e9b4b9059990a6ce7f52bcd47a71c,benchmark-linear-d5-s11003-B100,additive,0,[1],1096566011,450,1.9073015563189983
416e217d3c51870d8dcf37909ce97d2999b29eb05d0558176875b96ec8bc6851,benchmark-heteroscedastic-d5-s41002-B100-semantic,flow,0,[],1097736573,1000,19.282232018187642
41b48bcc097d129c6a89a4d8b106f4b9bef68a17b538a88392de13475f802a8d,benchmark-linear-d5-s11005-B100,additive,4,[0],1102351308,1000,3.9800038039684296
41cbe1b8293b483ce16835bf108853be49dc1fde273753977b5eb5489db2bfbb,benchmark-nonlinear-d10-s12502-B100,flow,4,[],1103880632,1000,23.76021384075284
420f34bff42b2001b34cfe38b8c8fb1a4048d9bae2d7ac90fa0ca07cc296ff4e,benchmark-nonlinear-d10-s12501-B400,additive,4,[],1108292799,300,0.4958534073084593
423227ed7645d612e105bc26feb6c3965cd2489bd9325544510899357d37b54e,benchmark-heteroscedastic-d5-s13003-B400,flow,2,"[1, 4]",1110583277,300,6.542946211993694
4238dc8027bdf4b59b12ec7fd917a1941f58fbd2f1ca4ec8435c2a6a07275bee,benchmark-nonlinear-d10-s12502-B400,flow,1,"[0, 7]",1111022720,400,9.976631680503488
42547e4ce630ab1e1b59f73414f65d3726300005d69d5a34dbd3be2e41dc8c9e,benchmark-nonlinear-d10-s12505-B400,flow,9,"[0, 3, 4]",1112833612,300,7.4969306997954845
425754567eeb4867378c8aa4f961de7e2183163280b010cda4c4ebc20a6925fc,benchmark-nonlinear-d10-s12504-B400,flow,1,[],1113019478,300,7.504777364432812
4258818b72ee914a8979f739418776c9e05ec59341e1031203554911176627fc,benchmark-heteroscedastic-d10-s13504-B100,flow,5,[],1113096587,300,7.042182324454188
427e5309738f497cf98e03af2b1d7d5e45517e0a9d66d7c64e1354771ca77a74,benchmark-linear-d5-s11003-B400,flow,3,"[0, 2]",1115575049,450,11.592815335839987
42b521f317623d275e145a6ec286fd23f1af6f064f98fc8adbddcb7d8d9e4e8d,benchmark-heteroscedastic-d10-s13501-B100,flow,2,"[4, 9]",1119166963,350,8.975563729181886
42bb8d1dbd66adbeeea441b6f5ecc0c116f87e72d995ae39836610214060f11c,benchmark-nonlinear-d10-s12504-B100,additive,3,[5],1119587613,400,1.5807043556123972
42c0ff45a78cbe20cd1419fccd88a00c8630ac1b11fff22d26c8b08622a8bf2d,benchmark-nonlinear-d5-s12005-B400,flow,2,[1],1119944517,300,7.095761192962527
42c1706103d10ae020c99aa7c05a3b74abc3a4966825b700ceee4fc20e2c2bc3,benchmark-heteroscedastic-d5-s13005-B400,flow,2,"[0, 3, 4]",1119973473,450,10.847348880022764
42d2feb3b15a8e7805303affb2bd22ad3fd3907091905f5c005613c3d18cdef0,benchmark-heteroscedastic-d10-s13501-B400,additive,8,"[2, 4, 9]",1121124019,850,3.255714539438486
42e0b5493bf7810496c2f4828ef48939d140d7b9f656e2cab2cee3d9ba9dd583,benchmark-linear-d10-s11501-B100,additive,2,"[4, 7]",1122022729,1000,4.092784248292446
432894679a438f2312e6168f6a3c8946c52309a14bf3184c98f3d395e48da475,benchmark-heteroscedastic-d5-s13004-B400,flow,0,[2],1126732903,300,7.761012962087989
432a46260a74fe406784e53e9ed42b49e71bb416a9a0f833881cc1c6e46aa2a2,benchmark-linear-d10-s11501-B100,additive,3,"[4, 6]",1126843942,1000,4.090437088161707
43424d4858bc7c9b09472772f5ca57559a1883de071a9eaeaa05a4db93ed9cd9,benchmark-nonlinear-d10-s12503-B100,additive,1,[],1128418632,1000,1.6762671619653702
434402c52a189c9c6fd73a0c5bb1bb8815053517d997721742b9afc406480402,benchmark-heteroscedastic-d5-s41005-B100-semantic,flow,4,[1],1128530629,300,5.33915207721293
435b6d90ecfd49287e71503f7b27e21eead6409665cb1b201ef7b638bd551b01,benchmark-heteroscedastic-d10-s13505-B100,flow,0,[],1130065296,1000,23.458176715299487
43a113688be922029d0b2741b4ac1e12307016b95194b212bc3055f6ed231a94,benchmark-nonlinear-d10-s12501-B400,flow,5,[9],1134629736,450,11.118021918460727
43ad18fdc370cafc8573aa56649e055e9f06624b134d7dcfca55b919b5a2d200,benchmark-linear-d10-s11505-B100,additive,2,[4],1135417597,550,2.1029325742274523
4409b00eb3517f79e58ec28bbd0a144d55f98f5770f24e0e71d74d99403772b1,benchmark-linear-d5-s11002-B100,additive,4,[0],1141485582,1000,4.104744981974363
4413af8e7804ed08d82209767ced67384ba9c4c3474609f984418d80d48eeaec,benchmark-nonlinear-d10-s12503-B100,additive,4,[9],1142140814,1000,3.8280336167663336
4440e49b45f8ac54a8037a4038432b0bf8c7aed5daa79bacf458f24daef262d7,benchmark-linear-d10-s11505-B400,additive,5,"[4, 9]",1145103515,1000,3.9787219427525997
445b2bf39904d908b6d96d0e03b8c3390a19f5b8bbc72ff8f9d1e6af5fc35728,benchmark-linear-d10-s11503-B100,additive,3,[2],1146825715,1000,4.332252057269216
445f62de71b4a1d888c75f5707e8412efc2dfad2a8e59c4465348a2c6339c68b,benchmark-heteroscedastic-d10-s13501-B400,flow,4,"[2, 6]",1147101918,500,13.246995713561773
44804a5f97e93253cae38a7d7f6d113c2569e2d5e1e5cb5ef50c39b54979ed10,benchmark-linear-d5-s11002-B100,flow,4,[],1149258335,400,9.534720722585917
44a34d7b7b1bd3fa29229e7016a12c3f44f761da09ffa93f1725ad6fb68f82fb,benchmark-linear-d5-s11002-B400,flow,3,"[0, 1, 2]",1151552891,500,12.672862498089671
44abe2165193e52fd7b31e630a24b09e35ab703e3b767341fe95ee5d5a335b85,benchmark-heteroscedastic-d10-s13504-B400,additive,0,"[3, 4, 9]",1152115222,850,3.4191093519330025
44bc49a281e5111d72b6c407a69b3043a2b7d90590df3ce34ce799149276a7e3,benchmark-linear-d10-s11502-B400,flow,1,[2],1153190306,600,14.612264921888709
44bfeb3472b0125f0215189a05cc29a0dc0724c559fe980346643d9157da0174,benchmark-nonlinear-d5-s12005-B100,flow,2,[1],1153428276,450,10.659286865964532
44c9fb160f52ce1ed3e62cd56605970e2ba146e522011aeb4f28e01a83ee4585,benchmark-heteroscedastic-d10-s13501-B100,additive,2,"[4, 9]",1154087702,950,3.576627440750599
44f338374baeddd8b29028b15082a247f4dc3a4af9e29086d2793d12039e123b,benchmark-nonlinear-d10-s12504-B400,additive,3,"[2, 5]",1156790327,950,3.888622524216771
4513011a6026ffdab2cd133e48509b39fc23b7b85e9a13cadaef2e9102eb1304,benchmark-heteroscedastic-d10-s13505-B400,additive,2,"[0, 8]",1158873370,900,2.483591726049781
452186c89e2d9bfb3683f52da67208dbdd8c85ef8435c7404957b21d080b6064,benchmark-linear-d10-s11504-B100,flow,7,[6],1159825096,300,7.623293789103627
45235aaf22763b4288ad13697d48c34f25e396b5c0ee95e62517d30c753f6192,benchmark-linear-d10-s11503-B400,additive,3,[2],1159944879,1000,4.08095433190465
45279a48b473bad3d7132395dc037465e69b69657e2dc5a59db2607278f80b5a,benchmark-nonlinear-d10-s12502-B400,flow,8,[4],1160223304,450,11.642698489129543
45460c183d803dcec184c398cb3998436098d7e80050bb9644584f505be32021,benchmark-linear-d5-s11001-B400,flow,2,"[0, 1, 3]",1162218520,500,12.185185614973307
456c2300598b0cd55ffcf1716cf6bc16527a977f9225d53c6019e922f3be2157,benchmark-linear-d10-s11504-B400,flow,6,"[3, 8]",1164714752,400,10.122857736423612
45b275a20d5baa15366a441f1ebdd02f073ac23187d1c184686b760465ad3148,benchmark-linear-d10-s11503-B100,additive,7,[],1169323426,300,0.5144477691501379
45bc60806a1bb8e25df19ff9cf715f426b171141167dbbcaa64cc49b1a54f89d,benchmark-nonlinear-d10-s12502-B100,flow,0,"[1, 3, 7]",1169973376,300,7.873833201825619
45c899483a234b643c793e64ac52fa547f403ab601e93c40b58ed958a92fdae1,benchmark-nonlinear-d10-s12504-B100,additive,0,[3],1170774344,1000,3.9086906760931015
45d5a74dbab0a899df5cb65651bd0cba418bf02315f2d6b700173ef64d2f5894,benchmark-heteroscedastic-d10-s13503-B100,additive,3,[6],1171629901,600,2.3616749830543995
45d8c9b16ec4d732636cfb6e6950b49ef339c09a58d40d43b694caad7fbe306b,benchmark-linear-d10-s11504-B400,additive,8,[6],1171835313,1000,3.9259148873388767
45ea6316cb7ace459969a74178d0795bbd406e8e2f4133fe0458bc26d1cda74e,benchmark-linear-d10-s11504-B400,additive,3,"[5, 6, 7]",1172988694,950,3.859082382172346
45f3790571336c4a8d5efd3bf401ad628b7db55899c7d54abc462e6669d27715,benchmark-nonlinear-d10-s12504-B100,additive,7,[],1173584133,550,0.9321327079087496
460afd1025666151cc43aba260c258698a4443ecfe7bba98a1863abc49aedd04,benchmark-linear-d10-s11504-B100,additive,1,"[2, 4]",1175125264,1000,4.549987265840173
4617200144ac51e434886d0ef3da98dd24159897018d0bf926e054ca46513a5a,benchmark-nonlinear-d5-s12002-B400,flow,0,"[1, 3]",1175920641,500,11.995687352493405
46251c67c9cfc6c7b30dec721654e62a2ff63671a863758da5ec4d4140ab9c75,benchmark-linear-d10-s11501-B100,flow,2,"[0, 4, 7]",1176837223,350,9.720410861074924
464477aad45158893462c54b2aff9d8a6a9930e177ef0dc7daf05048a2a17484,benchmark-heteroscedastic-d5-s13002-B400,additive,0,[1],1178892202,300,1.1409114729613066
465a9b7df1519a91ea4611c94560720bbb91be2828f2285cc388bfc9076151e1,benchmark-heteroscedastic-d5-s41005-B100-semantic,additive,1,[],1180343165,350,0.4363077376037836
465c95b196b4f7cb3d208ef5fcb2c1e8e9da3f1abbc42c25c1fff7ba804be130,benchmark-heteroscedastic-d5-s13004-B100,additive,4,[],1180472753,650,1.042203763499856
46832fd64035124845f66fc43a85aea0acabaf732486622484a66fea3fe9a028,benchmark-heteroscedastic-d10-s13504-B100,additive,3,[],1183002582,300,0.4926705863326788
4688a24ece37ae2bc36cd15033564680bd4a32f0c67a2f6bb6cb57a84dbfa934,benchmark-heteroscedastic-d5-s13004-B100,flow,4,[0],1183359566,300,7.031359892338514
46b0dd8db51b222ace1e44986cfa26295aa011576822cd61578299d2d02caba4,benchmark-linear-d10-s11502-B100,flow,1,[5],1185996173,500,12.576643688604236
46b6e91e84e9bc715fa50d4564c7e53decf38c502751b9a82acb7861f76dc67e,benchmark-linear-d10-s11501-B100,additive,3,[6],1186392350,700,2.726191131398082
46e7789c14d6e1aba8ae73489d817388d0b8365a58e1c548d97ddc08be3657cb,benchmark-heteroscedastic-d10-s13501-B100,flow,7,"[4, 5, 8]",1189574812,300,7.69548125192523
46ef3c4107d5ea3b69f55a0066c070ec4046f2255ab52d1dee1321a56a178180,benchmark-heteroscedastic-d10-s13504-B400,additive,6,[7],1190083649,650,2.5665715374052525
47013cf0e1cb5439c6149a0e08861e13a066c0d01625dd79a496b84908b29303,benchmark-heteroscedastic-d10-s13503-B400,additive,9,[],1191263472,700,1.1230749376118183
4707709e3e920b45671654d787a7a3ef17e6430e899baf9515c452de12c3fd2f,benchmark-linear-d5-s11002-B400,flow,2,[3],1191669918,300,7.977245016023517
4772e06396cd82624283be83fd85ebc0b279704bc66fa1c0b85b6d6cfca942cc,benchmark-nonlinear-d10-s12505-B400,additive,7,[1],1198710883,800,3.3385944571346045
477515dd95c91f9a96a4143420c452e39a85ac2e181b5e14d7ee58a18f79609b,benchmark-heteroscedastic-d5-s41001-B100-semantic,flow,4,[1],1198855645,300,6.059178566560149
47c8a1eabf8a90881e98484394fc3895e900421a892a26cde4be86a98730dc14,benchmark-heteroscedastic-d10-s13504-B100,additive,4,"[2, 6, 7]",1204330986,1000,3.8573567792773247
47e97aa0194106af24b5886a1e5e9bcbf90c9a1390703abde982d62382d3dc2a,benchmark-linear-d10-s11503-B100,flow,3,"[2, 7, 8]",1206483616,350,8.882607322186232
47eca9bf458f92d6aa7ec989d0f4e853a7e24d1dc92a27c4c2e3c42bffa8a92d,benchmark-heteroscedastic-d5-s41003-B100-semantic,flow,0,[],1206692287,1000,17.558613438159227
47fb4f362d78247139e5d6c4a3c3732ca2dad2ed89c391bcabac65c39cebe7da,benchmark-nonlinear-d5-s12002-B400,additive,4,[],1207652150,300,0.4895258042961359
4804e39d667260c4b7a97611a8189bfcf208e63b75f81bc341ce71422caae550,benchmark-heteroscedastic-d5-s41005-B100-semantic,flow,2,[],1208279965,350,6.087173538282514
48a77c63e337d718d9402518148277ff77f47f323c64ae898269316f30d67a09,benchmark-nonlinear-d10-s12505-B100,flow,1,[6],1218935907,300,8.172393340617418
48ee5ecdbb4e42b8abf6ae599f05a60e2ad5a52060ae74691c1d22d87174673c,benchmark-nonlinear-d5-s12005-B100,flow,3,[1],1223581389,300,6.930153900757432
49161e3aed67e583aba12817442f365e28548f44028e95c7ab4d8a505ab6ae07,benchmark-heteroscedastic-d5-s41005-B100-semantic,flow,3,"[0, 1, 2]",1226186298,300,6.1732941176742315
4998c5fa8278519591a3db5b1c7b409491e4be66f31c690c7912deea96b45065,benchmark-linear-d5-s11001-B400,additive,0,"[1, 3]",1234748922,950,3.7540509905666113
49a7feb0fdb6d2968b391db43c8a843e69af06b57764f817be52a159aeeaa42a,benchmark-linear-d10-s11504-B400,additive,7,[6],1235746480,400,1.5639948789030313
49f41cd43e86882e95a938fdcd62e078148387fc8153fe71c008b302d7c7c0e7,benchmark-linear-d5-s11002-B400,flow,4,[0],1240734932,300,7.654432384297252
49f8427a2790a7282730625a3083c4372e85e2d548ea32a1f995175300e879ab,benchmark-heteroscedastic-d10-s13502-B400,flow,2,"[3, 7]",1241006714,450,12.372172933071852
4a5677f3ab265ee90d10e03f25121dcc699177ce12c495ca1477435e2b052f00,benchmark-nonlinear-d10-s12502-B400,flow,8,"[1, 2, 9]",1247180787,450,11.18733593635261
4a6cd7c87285e34524923ee81a2db89b350c96572b9fe3b0c36beffa9c4a7af6,benchmark-heteroscedastic-d5-s13003-B100,additive,4,[3],1248647112,350,1.5733454208821058
4a87a15017b52c5423007dfedcbbbc4c29dd7845b19ecf4fdf2f95bc8d38905b,benchmark-nonlinear-d5-s12001-B100,additive,3,[1],1250402640,600,2.4918605722486973
4a8883cc2d9a82beb8620e470a030a04c5dbdb02b665a1aff400765b4848ed9e,benchmark-nonlinear-d10-s12501-B100,additive,3,"[2, 5]",1250460620,750,2.804270340129733
4aa020c92d80140fdd94c7bd81c3314b6e10653cd0104e753b9af1619575d416,benchmark-nonlinear-d10-s12502-B100,flow,9,[],1252008137,500,11.667012244462967
4ad18a7df3d02bb5b141fb5fa4c60f9f0bb4c5b7533b420eca81515ecf0eaff8,benchmark-linear-d5-s11004-B100,flow,2,"[1, 4]",1255246461,500,12.054045248776674
4b1ccc6266fb945dbc1f79d2cf2fed8dc5d73c3a4b41ab407d8b670fd6723edf,benchmark-linear-d10-s11503-B100,additive,4,"[2, 5]",1260178530,950,3.9533478915691376
4b3bb1de344d3cc896a80ee27cc3ee86dedc870b78fe2553a323ea8793953dd3,benchmark-heteroscedastic-d5-s13004-B100,additive,0,[2],1262203358,700,2.6852940637618303
4b4f45d7650a0f185314e446d453cb95ffaf4762f2563ba648dfd40f87925b5c,benchmark-nonlinear-d5-s12001-B100,additive,2,"[0, 1]",1263486423,750,3.0093554072082043
4b5e9e172d105176e943339bf687325ec4f0c7f5d44bfec25752c49e29335251,benchmark-heteroscedastic-d5-s13003-B100,flow,1,[],1264492055,500,11.609590398147702
4b6c21a36dc92e85b6448cacb8e1f5fdc7b8d8da844773425b8d30b6b6cd1423,benchmark-nonlinear-d10-s12501-B400,additive,8,"[3, 9]",1265377699,1000,4.472609713673592
4b8b2d0d0320b8059c1ecfa56244cc9c91022b187a445ead2d549d1a30e3b080,benchmark-nonlinear-d5-s12001-B400,additive,1,[],1267412237,450,0.7313472796231508
4b91578a1d4bc82dded4bcebd676b304be891a633d067df46172eb954952ad31,benchmark-linear-d10-s11501-B400,additive,6,[],1267816330,300,0.5013195537030697
4b9ef3a360d16b7bb2ee3fe002308b0cadaac6da320eab0e5aca3310099638ea,benchmark-nonlinear-d10-s12504-B100,flow,1,"[4, 8]",1268708259,300,7.380446970462799
4bd25306751a098fb540cff4c237c7a176a9afc3238337001476c1d377ed3d59,benchmark-nonlinear-d5-s12003-B400,flow,1,"[0, 3, 4]",1272075014,350,8.55652767047286
4be06b82f2ac5d796e08c30c5d166399e6de4334847e08dc3fae3e3df63a0087,benchmark-heteroscedastic-d10-s13504-B400,additive,9,"[4, 7]",1272998786,450,1.7576503995805979
4c13c8fce0a09480f3429259806cd52938362158e6e0d899986b2b21f3774ee5,benchmark-linear-d10-s11501-B100,flow,4,"[1, 9]",1276365052,600,16.25607518106699
4c2410ad4c887881e40e02635a432ce765cb6f437601ff6e178cc8bb7e1d409b,benchmark-linear-d5-s11005-B400,flow,0,[],1277431981,1000,23.215267011895776
4c33844bd705981ca5634e8873cedd93146ac2ef419c4215e86e3cf7401d94e0,benchmark-nonlinear-d10-s12504-B400,flow,0,[3],1278444619,400,10.914737256243825
4c41ab9b4bee2b72718dedcf3be8029311f2dce39a124099a0b6a423a9d31449,benchmark-heteroscedastic-d5-s41003-B100-semantic,additive,0,[],1279372187,300,0.5532562993466854
4c49fa1d46ed0d0fac18aa44a5f75e42815c555587eae43386c4d5d68d44ed91,benchmark-heteroscedastic-d5-s13004-B400,flow,2,[],1279916573,1000,22.980450244620442
4c912f07f5f818a5468f5d92ac5f36bd13b1a474324dfda614f80bead3e3f599,benchmark-heteroscedastic-d5-s13001-B100,flow,3,[],1284583175,600,12.93395365215838
4ccee2158795d1f007b7396fd48f760a7b047a1d506cb2029666ff72482788a0,benchmark-heteroscedastic-d5-s13002-B400,flow,1,[3],1288626709,600,14.473942274227738
4cdd7e56595f4136715632c962fc1c607e11910dd91ab858f28249378e880c3d,benchmark-nonlinear-d5-s12002-B400,additive,1,"[2, 3]",1289584214,1000,3.9607470612972975
4ce4fc09aa157d235e5890b880a7c932ef5497dc241fb6ee20aeebba840f1fd6,benchmark-heteroscedastic-d5-s13005-B100,flow,2,"[0, 3]",1290075145,400,10.197166968137026
4d3285a7d30638bda84d6a5c9969f082fc02ec50cbb4c8c6d9bb43678c06e627,benchmark-nonlinear-d10-s12505-B100,flow,5,"[1, 3, 4]",1295156647,300,7.9959415048360825
4d61ea6fdd2a586e3867fbc884b201b48a1ec671bbd523dd37cce43ae6eb01c7,benchmark-nonlinear-d10-s12501-B100,flow,8,"[3, 6, 9]",1298262639,350,9.109701987355947
4d960de04697782a3391d525731e949ca7d2aa0d98b93ab8bfeb2318f10d291e,benchmark-linear-d5-s11003-B400,flow,4,"[0, 2, 3]",1301679584,800,22.006983971223235
4d9d2f3bfafe508ed17f0a61047ac3ede259a4291a20d8a65762b1853cf8275e,benchmark-linear-d10-s11504-B100,flow,3,[6],1302146875,650,17.637931928038597
4da09bff35bbd59972ec914c278c2c72849116426b9a87d98554683d3fe1d5bf,benchmark-nonlinear-d10-s12502-B400,flow,3,[],1302371327,300,6.669911798089743
4dad4b641ca317f39a76db7701a3d1d6827e9be985200821ba9674ea7156a79e,benchmark-heteroscedastic-d5-s13003-B100,additive,2,"[1, 4]",1303202660,650,2.8860853891819715
4e0ab1b75d7db33faacf94d9f3b6cd834bcd276564048f32b4cf5e63043150a3,benchmark-linear-d5-s11003-B100,additive,2,"[0, 1]",1309323703,1000,4.038324849680066
4e20d9876df1d924f3446316fa813a9b812e88a5ae402517740a924823fdaae3,benchmark-heteroscedastic-d10-s13504-B400,flow,2,"[4, 7]",1310775687,550,13.26139797270298
4e3e1a4475e3124c33a7e41c9b9d252ffcb76b8683a8d2eda16ea02933a69133,benchmark-heteroscedastic-d10-s13502-B100,additive,4,[],1312692804,650,1.0474583487957716
4e541f279eac5498131cd21746d51c0b4adb70eee335c3a1721975b9bbd2e142,benchmark-linear-d5-s11004-B400,flow,4,[2],1314135847,300,7.500251846387982
4e5613fb84eccaad709908ca78fbbcf9b1cd10b2d7fe070165c74400ffb53b3f,benchmark-linear-d5-s11001-B400,additive,4,[1],1314264059,650,2.5736613906919956
4e5819995a860c4d21c358b0a99c57afc1dc64238d6134885d6b68c3ff15d894,benchmark-heteroscedastic-d5-s41003-B100-semantic,additive,2,[],1314396569,550,0.9343837611377239
4e5b6a4327e1d5144ded68e353da3fef1ed55053a3a10079c3f8c46ae2c8551b,benchmark-linear-d10-s11503-B400,flow,3,[2],1314613827,650,16.226516427472234
4e66366abcc711ef19a59035725aa5284fe0576947ab80bafb60ae5b274c5c08,benchmark-nonlinear-d10-s12505-B100,flow,3,"[1, 4]",1315321450,500,13.800181476399302
4e70f2b21f2b86b84022032a2255cda800c7906e9faf51369db819be8b971037,benchmark-nonlinear-d5-s12005-B100,flow,2,[0],1316025010,300,7.867117354646325
4e853a805fd43fe2b371194c4784a698a01682b00fd257e856459fc512aa40a2,benchmark-nonlinear-d10-s12501-B400,additive,2,[],1317354112,400,0.6367247067391872
4eb17e6b942f60bc4f7a910e955fd9a707e7f3f91566dd3cb718616d1ce35b12,benchmark-heteroscedastic-d5-s13004-B100,flow,4,[],1320255083,550,12.263360358774662
4f009640b1dbb331b1ad4f76fb8bd82a3f5e6b47b3ccb332991c24299eeec935,benchmark-nonlinear-d10-s12504-B100,additive,8,"[4, 7]",1325438528,350,1.205925215035677
4f46c2d820f2f3748ad10ac1bc6b5a4ef233194b038f82253cc1d2462eeec2b3,benchmark-nonlinear-d10-s12503-B100,additive,0,"[1, 7, 8]",1330037464,850,3.3562247585505247
4f796e68cd1990c6f3ed0f3744371efeedc8ab02a712f713423acac5d8a09c8e,benchmark-linear-d5-s11004-B100,flow,2,[],1333358184,300,6.908442789688706
4f9fb15b3bb1b35da88a6971b72de525a8bc49eec26573382e18ea8915c9342a,benchmark-nonlinear-d5-s12001-B100,flow,3,"[1, 2]",1335865691,300,7.945819469168782
4faa2351287a08b0630bf715b09e7e05c678b2490849c121256d1e1f4e147670,benchmark-linear-d10-s11502-B400,flow,1,"[5, 7]",1336550225,350,9.993222894147038
4fb82c8d01294612d84bc3e557929a57f739c24eb7130bca2f78c4187e2ff0e6,benchmark-heteroscedastic-d5-s41002-B100-semantic,additive,0,[],1337470093,550,0.7138689532876015
4fcae57bd6d34b2788580a5c137defb1a9c38b7e21101cc9ccd90f093faea81d,benchmark-nonlinear-d5-s12002-B100,flow,3,[2],1338697083,300,7.913259889930487
4fd55b8d94334704a9e1d039b2eda6ecc7acf40e72233c048301df45872f6d04,benchmark-heteroscedastic-d5-s13005-B100,additive,0,[4],1339382669,450,1.7930043078958988
4ffe28c5b390c0b7daaf81db131aa53c92ab9f47e762f192b00e9f58ca331f58,benchmark-linear-d10-s11503-B100,flow,3,"[2, 8, 9]",1342056645,300,7.471283299848437
501f764d1443b0429a8abe9dedea646a0580a322dd41a0eeca658fed6df62b35,benchmark-nonlinear-d5-s12002-B400,additive,2,[],1344239181,550,0.9486150480806828
50477deb9b84e3a112e2cda55dad0304f56bc72c1857bdd1a2fb52f3f2a415c8,benchmark-heteroscedastic-d5-s13003-B400,flow,4,"[0, 3]",1346862571,300,7.539374556392431
507a122ce5091cc8387c87e49ca20a6df77676daf0dd85e67767674af73a9b26,benchmark-heteroscedastic-d10-s13505-B400,additive,7,[0],1350177324,650,1.6856223084032536
50d75eaf6ea6a880cf7c6d0c0503088acd3b308027cdbe572b32923737b1c471,benchmark-nonlinear-d5-s12004-B400,flow,2,"[0, 3, 4]",1356291759,400,10.105050822719932
50ee63f0aa7a1808b24c22818d79eb96548e3eafccaa26b77a15ac532fd32932,benchmark-linear-d10-s11504-B400,flow,1,[2],1357800432,850,21.98767963796854
51028da5b78f5beb6871dd51911f384a2f3c6011247cd377e540fab5c02eb0ad,benchmark-linear-d5-s11001-B100,flow,1,[],1359121829,900,20.762795872986317
5102be5ca4538662bc54703113e8577e1d788b429af2ffa2233fdb704f16365d,benchmark-heteroscedastic-d5-s13005-B100,flow,1,[],1359134300,1000,22.63991438038647
510f5e926b8ef45ae9b4f6a7864f259bef18afd5eb60493a7d6f2797c1ad5e5b,benchmark-nonlinear-d10-s12504-B400,flow,8,"[4, 7]",1359961746,350,10.025433823466301
5129f6a6fad4545c79d66f9c061e5b9116cd4b57155468afd005deceb20754be,benchmark-heteroscedastic-d10-s13504-B100,flow,2,"[4, 6, 7]",1361704614,300,7.666632246226072
514e778225f97c2b2f36ba95ea88ff4ce276f48d1e9c9dff02c4bf0930090a7d,benchmark-linear-d10-s11501-B100,additive,9,"[1, 4]",1364096898,800,3.4599830638617277
519b53f0f6acb3c4ebe625884d4b88ae218f90f23c47c4cd7b137a2da02668c6,benchmark-heteroscedastic-d5-s13004-B400,flow,1,[3],1369134064,750,20.24803443811834
51a140852c2000299375e6243bd059afa5f9b1ac5a98fd66bf81f1d22f26d097,benchmark-heteroscedastic-d10-s13501-B100,flow,6,[],1369522309,550,12.473781079053879
51a37c416a085ad3fd256dfaca69341d83a904fc9e0cbafc5d78f41506e592b2,benchmark-linear-d10-s11504-B400,flow,7,"[5, 6, 8]",1369668673,600,15.994109626859426
51b25c660a86846ff8a62a1df82f705691ddbdad744b533c60e13df1657c86aa,benchmark-nonlinear-d10-s12501-B400,additive,3,"[5, 9]",1370643558,1000,4.071944538503885
51b85d0f67e9880ed71973c0b800b6b7ac2e986837e4ad867113ac585738a5d4,benchmark-heteroscedastic-d10-s13504-B100,flow,3,"[1, 8]",1371036943,300,7.086587432771921
51b8e5a6e17b1cb2bf7363f7b204b410fd8f0b4c7db3cbe117428303354ce8cd,benchmark-linear-d5-s11003-B400,flow,3,"[0, 1, 2]",1371071910,300,8.120845234021544
51d157d32fb7cd2f144978bb177853f3e90eef875e2cc777f3919a2c719df8ca,benchmark-heteroscedastic-d5-s13002-B100,additive,0,[3],1372674003,500,1.9432473741471767
51e2d7b4a23d978692dbbb49f924634a66e6bbeef54b95f6f5cf5c48102e2abc,benchmark-linear-d10-s11501-B400,flow,9,"[4, 5, 7]",1373820852,350,9.310031058266759
522485608725616d5061c133da32c093a10abe097e607553c604ffa44f23a841,benchmark-nonlinear-d10-s12501-B400,flow,1,[],1378125152,650,15.649710539728403
525d294e3d98789105d5439b395405fb951183bd5c17f79034413eda87357f5c,benchmark-nonlinear-d10-s12502-B100,additive,6,[8],1381837134,350,1.4850765001028776
52749534c2aa8121633d65085b2bf8fbd182e3863aaff06cb084be05db638eaa,benchmark-nonlinear-d5-s12003-B100,flow,0,[4],1383372084,400,9.239388544112444
5285ff11c8b80490e269d7f3a740763004147cf24eb9f7d8d73413172e22589d,benchmark-linear-d10-s11501-B400,additive,3,"[1, 2, 4]",1384513297,1000,3.8692774195224047
5299945cb8f686765867c6553e99bc8c6e6862e7c457de4f125a46e05a1ada89,benchmark-linear-d10-s11504-B400,flow,2,"[5, 6]",1385796700,350,9.416420103982091
52c8e62987845507828c49a51e0a889abecd8ebbd8b8e26f31ccbb917dd2995b,benchmark-nonlinear-d5-s12002-B400,flow,3,[2],1388897833,300,7.631087273359299
52cbc9ed4246f83dd32aa26de65d63e6ebe9757842bda2f842636a3b87a57d15,benchmark-linear-d10-s11502-B100,flow,3,"[1, 2]",1389087213,500,13.61838480271399
52d0ca7a31e1bb828728cf7585303ec26e4e5a0967f1dfdeec1de963348fc735,benchmark-nonlinear-d10-s12502-B100,additive,8,"[1, 4]",1389415034,300,1.163274982944131
52d4440ed23e56bc222c965453a71a3b03af96394363f5e4d23015dc25f40e82,benchmark-linear-d10-s11502-B400,additive,1,[],1389642766,700,1.194861400872469
52daf6c285cfaf979c2aef897535c6bb571cdab834502a1cdd1d04b6ccb9ad81,benchmark-nonlinear-d5-s12003-B400,additive,4,[3],1390081730,1000,3.8806055430322886
5341ad9de682b7f0948676f10f161e5e34574e780cf594c9944609da03196304,benchmark-linear-d10-s11501-B400,additive,4,[1],1396813213,750,3.0428571831434965
5349dc55530d0658029ee451153ff19d23f1e73e9b0675fbb6b1a499af7f37e2,benchmark-heteroscedastic-d10-s13504-B400,additive,3,[8],1397349461,1000,3.910621715709567
536804d655bda86107925f8bc773b978e23427b42514d4b00b8d6aeed0936654,benchmark-nonlinear-d10-s12502-B100,flow,5,"[3, 4]",1399325910,450,11.208869900554419
5368694cd4e719a2b7afebb86274d4a852b7293c9064add32e6934eaf6404a40,benchmark-linear-d10-s11505-B100,additive,1,"[2, 3, 4]",1399351628,300,1.2078586481511593
5392b4300d287d27e783785c7d2279e5220ce2d58d0c6c15893ef4c0dde64fc2,benchmark-heteroscedastic-d10-s13504-B100,flow,7,[6],1402123312,300,7.4544794373214245
53c8fc061a7b276f9627d28f65e711776d231866e8bd060acc98f7fe78fe5727,benchmark-nonlinear-d5-s12005-B100,additive,0,[4],1405680646,1000,3.930805677548051
53faaab6001dba23415fd9ee4858e1c2d43dd73f7e9fdbd124d8708e2e164d41,benchmark-nonlinear-d5-s12005-B100,additive,2,[1],1408936630,300,1.1710438076406717
542bc39d0f187de638d82201957c9ba35686d62c9b06c40fd2527ad993bd0541,benchmark-heteroscedastic-d5-s13005-B400,additive,2,[0],1412154269,800,3.3219052590429783
5430c6a2594e8aa6d43165e1412fbd2dc8efc3f7ea857b5aa11b7e0758c04a8c,benchmark-linear-d5-s11003-B400,flow,0,"[1, 3]",1412482722,800,19.17927299812436
5442197ff4310acfff48b4a1f9b7c6c3946416d5226d2cea1cda10e517d5e65f,benchmark-linear-d5-s11004-B400,additive,2,"[0, 3, 4]",1413618047,550,2.2058582045137882
548514fc00438ae4b3ef5370713a31f121b88812607efd116b83e0b7a834d781,benchmark-nonlinear-d10-s12505-B100,additive,0,[3],1418007804,1000,3.8499493934214115
54906b214aec738e78b02812d13dd308a3355113e08d865626c7c96ea5916a17,benchmark-heteroscedastic-d10-s13505-B100,flow,7,[],1418750753,1000,23.501759039238095
5494a0317810a8e965258b870ec2b78919da3e8a097fd82359796c137e584d27,benchmark-nonlinear-d5-s12005-B100,flow,2,"[0, 1]",1419026481,300,7.195354355499148
54f4f4376ae6fe3c22b133cd25bf5b40f5b8d4f6f3058932a56aea686dea2fdd,benchmark-linear-d5-s11004-B100,flow,3,[4],1425339447,300,7.980601768940687
5505b49036f644b47d7db46c0184ac265c3eb98d11e685f23ea2d055f11c62bb,benchmark-linear-d10-s11503-B100,additive,8,"[0, 3, 7]",1426437264,1000,4.365328727290034
5509a42ceecce2feacbb532f92ed10697c3c6c340713ad5cf1e6925407b71b5a,benchmark-linear-d5-s11004-B400,additive,0,[4],1426695212,1000,4.003682294860482
551627e86579705242ed417b2b7ddd3eb51a3297423243f13230d1682b66c934,benchmark-nonlinear-d10-s12504-B100,flow,7,"[1, 4]",1427515368,500,12.89965457469225
554438b3b62b7c5b022d725db2bcbb45cf725907c5f9eba54c04aaf00c997dc4,benchmark-nonlinear-d5-s12004-B100,flow,4,[],1430534323,300,6.545246545225382
5581483139b76f89c895afe6a0bbbe1801968cca69bf83df6fdf9889282068a3,benchmark-linear-d10-s11504-B100,flow,6,[],1434535985,300,6.9165475983172655
55c69bd1034ed54a81ca8726d7d81518963075de55ee86a4334ea5ffa51cd2b1,benchmark-heteroscedastic-d10-s13504-B400,flow,1,"[3, 8]",1439079377,550,14.268446387723088
55c9b8019885cdbaf11b4fd7de0d0596be4eb1c3d57eb8393f38a1bd434751b7,benchmark-nonlinear-d10-s12502-B100,flow,9,[1],1439283201,300,7.877120295539498
56119e2b83d5822b11574ff032c492e618c6b3230b1510b246bf9f0c92afae08,benchmark-nonlinear-d5-s12005-B400,flow,4,[],1443995179,900,19.703339578583837
56282b46217c0f4b0af19b6bfc19fde629b6c95fffe799bc1604c3183363f244,benchmark-heteroscedastic-d5-s41003-B100-semantic,flow,2,[],1445473094,300,5.359585115686059
5631d2ee7ebb9e84b7848b802488776eaaeb67cd3ec4067a58c977c58e04a658,benchmark-nonlinear-d5-s12005-B400,additive,2,[1],1446105838,300,1.1779804062098265
565e7c3f9512f506e434d81f892a904180e1812605e0197a238ca8d8ecf72882,benchmark-linear-d10-s11505-B100,flow,8,[4],1449032767,350,8.761294769123197
5660d1bf8eabcf2c8a30f0995e2bcfe2bb23c53fc3a3f4d3a1b509fa64c7f681,benchmark-nonlinear-d10-s12502-B400,flow,6,[],1449185727,1000,22.90533904545009
56b9ca30934472c5164e62fa84f77b7f7ae87e7b066b3b4174dbee8e19f8303a,benchmark-heteroscedastic-d10-s13505-B400,flow,5,"[0, 1, 8]",1455016496,350,6.269549630582333
56ea3088f0e71ece81fcda6e7998a6c21d0eebe933e9b227a37e93695d14ae49,benchmark-heteroscedastic-d10-s13504-B100,flow,3,"[1, 4]",1458188424,300,7.648969495669007
56f6f8246e9fa18fddeaf138cf81d9412a1ba8aeef34e8a21d55b1c2a014c000,benchmark-linear-d10-s11502-B100,additive,2,"[1, 5]",1459025956,1000,3.8836364299058914
57012fa007995af5590650e3e0b9b48b6e4725da31b041a4e98e66d8b5bae1aa,benchmark-linear-d10-s11504-B100,flow,3,"[5, 6, 7]",1459695520,300,8.136961599811912
5709aaff095a5a1f5468bebf6a129fd056293cea530f1e2f18d53905d4c853fe,benchmark-heteroscedastic-d10-s13501-B100,additive,6,[],1460251391,300,0.48931068181991577
5731fb164882b1007caf4dfe052f97835b0f9f981bdf2440e2c8e85d0ef08efc,benchmark-nonlinear-d5-s12001-B400,flow,0,[1],1462893334,350,8.9820776861161
5734626325dc693a1331d901bf48540a629a275046dd28de6050015d2e204f84,benchmark-heteroscedastic-d10-s13504-B400,flow,7,[6],1463050851,400,10.167256362736225
57a6d58139bfb5fc2b5873396173c1efdd533567dda4d75081c03a1156bc606c,benchmark-linear-d10-s11504-B100,flow,2,[],1470551425,400,9.40547874942422
57c3f129d3149b5e214162c59129f14df56c3044eb1918a7a567e40ef7ecfb38,benchmark-linear-d10-s11503-B100,flow,3,"[2, 9]",1472459049,500,13.442797653377056
57cf44a8fef958b8ec98b92624d780f3f246194d52335140b99857d40b101162,benchmark-nonlinear-d10-s12503-B100,additive,9,[8],1473201320,400,1.5268060024827719
57de6f9096cab632be18902312188d56a6115f7d96218679b4e88295342c2342,benchmark-nonlinear-d10-s12505-B100,additive,7,"[1, 4]",1474195344,1000,4.136877613142133
580e462539554381a23dd3b76586a6d821be010639c5649416d09191f830a125,benchmark-heteroscedastic-d10-s13501-B100,additive,2,[9],1477330469,550,2.085172226652503
58465d09caaed5123f85cd1bb0cb56b8d5e9d9e505469a53063d799f7ff9ee53,benchmark-heteroscedastic-d5-s13001-B400,flow,0,[],1481006345,1000,23.573281647637486
58555387e64d06d0d6746722b6eac0ef0a9c3ec4cc652315ee6a5aaa3c13cc95,benchmark-heteroscedastic-d10-s13505-B400,flow,2,"[0, 8]",1481986951,500,9.16967298090458
5856cec0624faa9a8bccc3b72317d14faf57dee3b74670c408e8fa3ebec12362,benchmark-linear-d10-s11504-B100,additive,3,"[5, 6, 7]",1482084032,700,2.870345577597618
585d142d904fb6b7515c878de0023172035507529909af530a31d36eecc719e7,benchmark-nonlinear-d5-s12002-B400,additive,0,[1],1482495021,450,1.7893277909606695
588679107f1ddea750b12c58f68196e139b5b604b6bbaa64c304f9c9bb5dfee1,benchmark-heteroscedastic-d10-s13505-B100,flow,6,[7],1485207824,600,15.134550018236041
58a42ba14d255040651f4cd4f7f7dd6cb58f589804ac20839c19a73cbd6e7021,benchmark-linear-d5-s11002-B100,flow,2,[0],1487154081,550,14.808957070112228
58c07c51112bfe06fe8d70117fa634913112dda416909fba3017fc540f0a8d1e,benchmark-nonlinear-d10-s12502-B100,flow,6,[3],1489009745,300,8.009298676624894
58c35697f160892178b615e79f62999f9395a7cd4013e26a04d5db310c0f8610,benchmark-linear-d10-s11501-B400,flow,7,[1],1489196695,300,7.3327203039079905
58e9964f1b6e758ea79303747bef5e8c649c37ffe853f4ed0319124eb3d40da3,benchmark-linear-d5-s11005-B100,flow,2,"[0, 4]",1491703375,300,7.288646934553981
58f07549d79faf4eeca6ac5ab1967fd8688796589b67bd38bf38c168df22e30c,benchmark-nonlinear-d10-s12505-B100,flow,0,"[3, 4, 7]",1492153673,500,13.201894855126739
590a3a4309cbae81ca0427f630a4dce0b9db769d1e42efcc9eae61f97668362d,benchmark-nonlinear-d10-s12504-B400,additive,1,[],1493842499,550,0.9289426039904356
590ac66e8c46eb09f11c70622eec4ca40d2bb848d97290491bf38dd6734c8282,benchmark-heteroscedastic-d10-s13504-B100,flow,6,"[4, 7, 8]",1493878382,300,8.047008994966745
596515a0afcf29fce1a5aaea6cf1cc13ee1a340029993728881b35e38e5a7101,benchmark-nonlinear-d5-s12003-B100,flow,4,"[2, 3]",1499796896,350,8.733213234692812
597ef82007864e54c19a6e62064f1dcaa7b0c1632383dcff9f9163e98530bc34,benchmark-heteroscedastic-d10-s13504-B100,flow,2,[4],1501493280,650,16.278083061799407
598fa8b0884297f963a40d8f9c60b01a675e508e84a37b1c04185b07c5aba3ad,benchmark-linear-d5-s11003-B100,flow,2,[1],1502587056,450,12.324615059420466
59a33a27db7f1dac55bf98ccdfd36fc37e688ab1a51b324b4963d4aa6e8d4985,benchmark-nonlinear-d5-s12002-B100,flow,1,[3],1503869479,350,8.494688637554646
59b32c78b81d288448c94cd141e49347a219df95fee4615ccd16bd1945f34740,benchmark-heteroscedastic-d5-s13004-B100,additive,3,[2],1504914552,950,3.651005532592535
59d2dc8722173550930f0c55d8d5a7566d072e119cc8d83d9bf347f57621c352,benchmark-linear-d10-s11501-B400,flow,7,"[1, 5]",1506991239,350,9.241512162610888
59d557c24510308e6be05f55c45863db111d0a934e188725fa2a33f774eec3b6,benchmark-heteroscedastic-d5-s13001-B100,flow,1,[4],1507153858,300,7.859144367277622
59f0c7c1a3b61a045e1523b7c38fc3fc648069cedf2889e453c7296cb2e0dbac,benchmark-nonlinear-d10-s12501-B100,additive,0,[2],1508952001,1000,4.023450035601854
5a28d8c187b1f0e49f01d9e748953f679e2a5fae4404d17a55582ff216cbdd86,benchmark-heteroscedastic-d10-s13502-B100,additive,4,[6],1512626369,950,3.719373958185315
5a407559309cbec00b548aeab8ff297defa16f0d35c8dbfb37a5e14b3ca5caa5,benchmark-linear-d10-s11504-B400,flow,8,[5],1514173785,300,8.325037045404315
5a4329f3ddbd95568d710b728b5a98b2bf77f5d61c1060d7eab1b7b1a61cb50d,benchmark-heteroscedastic-d10-s13501-B400,flow,4,"[1, 2, 8]",1514351091,650,15.682950722053647
5a4d444ee028f30aedb1562d15930fa19ad6af21ec491c86b82a993f58a57858,benchmark-nonlinear-d10-s12501-B100,additive,9,[],1515013198,300,0.5046120528131723
5a4eafcc2f5c2e8e169ad4e38e4b441f7acac1186cb6eaf9e627de2046921dd4,benchmark-nonlinear-d10-s12501-B100,flow,6,"[3, 8]",1515106252,350,9.046450464054942
5a5b18eb8071c391b9f2f459069c1c5b8db43d1e99fc376b2cdfa83a4b5fc78a,benchmark-heteroscedastic-d5-s13001-B400,additive,1,"[2, 3]",1515919595,600,2.3762205969542265
5a605372668384f1c6abc40693e8be05d4d6d3c02a248b9281c35d7491485852,benchmark-linear-d5-s11004-B400,additive,3,"[2, 4]",1516262258,400,1.5151699986308813
5a8cd5a68349223005f1763577e7b7089c2ab831ca787ea13c2315ca22661aa6,benchmark-heteroscedastic-d5-s13005-B400,flow,0,[],1519179174,450,9.429601430892944
5a9ee330f78ff2a785bf7b615b6ea5f9f136f7c8c92682d5d63737ed3bc19826,benchmark-linear-d5-s11004-B400,additive,3,"[0, 4]",1520362288,450,1.8026434630155563
5aa226760c459c4f9b4c34020e410cda0d5560001754ab8ded132d60fa5dfa68,benchmark-heteroscedastic-d10-s13505-B100,flow,6,"[0, 8]",1520576118,450,11.570378683507442
5aa50aef7728d2181faa2dece85f7a1e011ad9101e76f27e6523ac6c037b724f,benchmark-heteroscedastic-d5-s41004-B100-semantic,flow,3,"[0, 1, 2]",1520765679,300,5.677369434386492
5ac48a5f623677c52605e3e7ce875c42721eee0614451d8206f9b850a00505b7,benchmark-nonlinear-d5-s12003-B400,flow,1,"[3, 4]",1522829919,600,14.303708164021373
5ac6805e14ed099ca8989676df37e89a0688392b38bf24fead9bf441d4cf89c8,benchmark-heteroscedastic-d10-s13503-B100,flow,9,[],1522958430,1000,23.825797813013196
5ae0b38be44edf997161063dce8e5cc139b020fbc98e766253fae8c929926167,benchmark-linear-d5-s11002-B100,flow,1,[3],1524675467,300,7.245306791737676
5ae89cf66ab536a22949eeef68be4a867da1be9a93d13012cf7fa84763ab5348,benchmark-linear-d5-s11002-B400,additive,3,"[0, 1]",1525193974,600,2.368163725361228
5aea35c8aa3bed0f549026ca793f916d73995c8592586f3dcb833120c2da341e,benchmark-nonlinear-d10-s12502-B400,additive,1,"[0, 5, 7]",1525298632,350,1.3797196336090565
5b024e3d82bea1dfd2e0a4273ff8d69f1e6941a108ff2f7054180eedd7a6d03e,benchmark-linear-d10-s11503-B100,flow,9,[6],1526877757,550,13.666860340163112
5b5101bbf7b2e9ced605aadc5fcbfedf6bbbfa516f4f7d2829ac6eccdfb00e94,benchmark-nonlinear-d10-s12504-B100,flow,0,"[3, 9]",1532035515,350,9.45095700956881
5b7ad405edf4682c69c5932029007aa5423e08aff7a0ffa3ceb1b67524993e06,benchmark-nonlinear-d5-s12001-B100,additive,3,[2],1534776325,650,2.6065964940935373
5bb39d0c85b9b090da2935b3f45f1f859b2a8967d6da79819850a1a30fc8d370,benchmark-linear-d5-s11003-B100,additive,1,[2],1538497804,1000,3.6838266253471375
5bc542bb7d2777e2203177208a52a5f82f52a81396754de6eb706a4e8b60701c,benchmark-linear-d10-s11505-B400,flow,5,[9],1539654331,500,12.661161310970783
5be3d47cb970a8c80c085f27c215b60c520ff3af06e3d625b30bb46e0fa9eea3,benchmark-linear-d10-s11504-B100,flow,7,[],1541657724,300,7.302595339715481
5bebe81394383a120d9703ccee71e384dc37d402fbebe768bda199eff217949e,benchmark-linear-d5-s11005-B400,additive,3,"[0, 2, 4]",1542187027,1000,4.167253412306309
5bf3f31884dc9f68680bb84978bfef3d722a194eb35dc08306eb127a806e80d4,benchmark-nonlinear-d10-s12501-B400,additive,5,[],1542714136,950,1.5284799188375473
5c7bfed58833c7c9f07952d5de702be0531ff1c162a21792322bc7d836ee45a4,benchmark-nonlinear-d10-s12501-B100,flow,5,[],1551630037,300,7.328033002093434
5c87aba11d210102593b9d6699479caaa6eef488c7c2a943f3528b4b7b8fca93,benchmark-heteroscedastic-d10-s13504-B400,flow,4,[2],1552395169,350,9.529630122706294
5ca12565ec77e9ef61e002958423cba5f99b5b5879df727479b3c99ac077cfc0,benchmark-nonlinear-d5-s12002-B400,additive,0,"[1, 3]",1554064741,650,2.5892731361091137
5caaef8b9d7489ae14525dfe743f364d8dd807d8a92c21144b6e1c66b2182c50,benchmark-heteroscedastic-d5-s13005-B400,additive,2,"[0, 3]",1554706315,800,3.0081028006970882
5cb5a91feae5ac6a6c910a1990ef6802f334c9aad29b24f9713a681b986218ae,benchmark-nonlinear-d10-s12502-B400,flow,4,[3],1555409183,400,10.408720722422004
5ce42bdf5483ca98ca5bd1484ae8a1fbd0f4578a7a9489b018b3b9112798b6da,benchmark-nonlinear-d5-s12003-B400,flow,1,[2],1558457311,350,8.998266724869609
5ce589217cdbc2dc7859a04bab0f7709505d74cdcc66be1532b550ffd7fc1f5a,benchmark-heteroscedastic-d10-s13504-B400,flow,0,"[4, 9]",1558546721,500,12.28265768289566
5cebb92bd75efd70d73cdb65425418490500c07ed3aebffcd2365220279e782c,benchmark-nonlinear-d10-s12502-B100,additive,9,"[1, 4]",1558952235,1000,3.867158243432641
5d3a5568f64114ccbdf7632d8c179396b9d659ca920d29c5238c5cf7c0f23107,benchmark-nonlinear-d5-s12003-B400,flow,2,"[0, 1]",1564104040,400,10.088666755706072
5d4800ead50cf619958439920741bcc2763ea66e44f86998241b61fc1a2ab891,benchmark-heteroscedastic-d5-s13003-B400,flow,1,[],1564999914,500,11.195358643308282
5d7b7db320f44af0fe8979fc430e65b9fcfe9924061a53996157fc8b2984d821,benchmark-nonlinear-d10-s12505-B400,additive,8,[],1568374195,300,0.4889467842876911
5de1716cc534dc0c683f5c015e3e096036454289c53074b8f525c23e48889ef5,benchmark-linear-d5-s11002-B100,flow,3,"[0, 1, 2]",1575055724,350,9.225068658590317
5de67f0d22236ed0f4aab2b58d83283fedf001e19263adf3ca4e4e1a3a6baa00,benchmark-nonlinear-d10-s12501-B400,additive,0,[2],1575386893,800,3.076149996370077
5e2a393749f60fece61e48e83989d8fc8846ce3feaede9a7c3d4d7d31b5f5e79,benchmark-heteroscedastic-d5-s13002-B400,flow,3,[],1579825463,1000,23.78088079765439
5e2d850fc4d89e7f7f75c5282712bc9cdded97f26c810e9222a46f5ccb4138cd,benchmark-nonlinear-d5-s12002-B100,flow,4,[3],1580041487,600,15.470018595457077
5e70b47583842dcc956eeeda8c59979345ab7c25c8fcfeb9a318fe07f75935bc,benchmark-heteroscedastic-d10-s13503-B400,flow,0,"[3, 6]",1584444533,400,10.82324275560677
5e722c2a7fb7df57851956df9f406a4938e3545247d2360d8624466b85b94d08,benchmark-linear-d10-s11502-B100,additive,7,[9],1584540714,1000,4.0243200324475765
5e92c08a9f5cd531ff540716735299ff72e82d787d7724ce8d067da77de942f8,benchmark-linear-d5-s11004-B400,flow,3,"[1, 2]",1586675850,450,11.243801275268197
5ef5d02613f817cd5bcf860aee35b4ba6ea8401936bdadb69c69905096d20ff9,benchmark-linear-d10-s11502-B400,additive,9,[3],1593167910,600,2.437239423394203
5f218881ec89607927a3a6616ca11a2ba4068b5b2eea98edc454adaa92a5486e,benchmark-nonlinear-d10-s12504-B100,flow,5,"[2, 4, 6]",1596033153,400,10.197998719289899
5f38f9a04dc96fc3a15d344c6126780d113b6febdc8c11a4d3493ca800d68c3f,benchmark-nonlinear-d5-s12004-B400,flow,4,"[0, 2]",1597569440,400,9.241702485829592
5f4cfa915665235dc332f1704fdee09f0b3dd5c6a1644c5addd5965fcded9811,benchmark-nonlinear-d10-s12505-B400,additive,0,[3],1598880401,550,2.223304795101285
5f5cb496c6ae266719b0d619a0feb87c6c16b7458b2f1b71ffa5721301012a51,benchmark-heteroscedastic-d10-s13505-B400,flow,8,[0],1599911062,400,7.3354166857898235
5f7566e8b4a7b2079d5f8beb97516c2d87715f2bdc6f3669c75e27ad8ac65c80,benchmark-heteroscedastic-d10-s13503-B100,flow,8,"[0, 3]",1601529576,500,12.5443713106215
5fa36c2efb0d352bf748853330a8532931a88f4fb27aec2d7f8215a9d5c042cb,chambers-B400,flow,4,[],1604545582,1000,16.87697788514197
603ee189feb624f2fdb51c0fd1ceefbbd5d26027a3ef47005caac1056f1b2abf,benchmark-linear-d10-s11503-B100,flow,2,[7],1614733705,350,9.127042811363935
6050e00f964ed7b73a21c32bee9db0dfca62658427831a22b530217522bfc745,benchmark-heteroscedastic-d5-s13001-B100,flow,2,"[1, 3]",1615912975,350,8.37609281949699
609ea07969dbfa0998a1be76190ea97179409199c4d506db6c6a7f75bb8eedd0,benchmark-heteroscedastic-d5-s13002-B400,additive,1,[3],1621008505,750,2.9560800064355135
60c309946889cda0663b02f2ab42c6772b8c57c2286fa65e71e71674fd29cb54,benchmark-heteroscedastic-d5-s41004-B100-semantic,additive,4,"[0, 1, 2]",1623394708,650,1.7277651764452457
60fe6021e5589ce3f9e761d7f30108e1a010d6fa830943dcdf10f90c96cf251a,benchmark-nonlinear-d10-s12504-B400,flow,6,[],1627283489,350,9.32890022918582
6114637ce258becd4e8e4159aebe803d456286e9cb03544bbb34912bebcd0b5b,benchmark-linear-d10-s11503-B400,additive,2,[7],1628726140,750,3.1743277739733458
6119d36143483b2520e0f0c15c2a80c366f8406af43d18b259b86921e418e468,benchmark-heteroscedastic-d10-s13504-B400,flow,4,"[2, 6, 7]",1629082465,350,8.799160297960043
61262fc4b8e54e9aa94de5cb4de73d8d2ea3932619d6634720a8d011d8d35a4f,benchmark-nonlinear-d10-s12502-B400,flow,4,[],1629892548,1000,23.320086032152176
617b910bd4f498560741337a2afcfed0f4c9fa1cbccc19028bd3634c8ebce635,benchmark-nonlinear-d5-s12003-B100,flow,1,"[0, 2, 3]",1635488011,300,7.428103806450963
61aae87544eb3f378d04b1a1d8ae340a2f50047d0d100f6b21ff4b83b5ba272a,benchmark-linear-d10-s11501-B400,additive,4,"[1, 3]",1638590581,1000,4.0951470620930195
61e0e2fc54f43a2c385a8ecc8389ef1e33e8954b3908db72fcd162091cc8e398,benchmark-nonlinear-d10-s12501-B100,additive,5,[9],1642128124,650,2.5707659032195807
623166c59b97c7dcbeb772e8cf3f024b76fa8bd4df75c810ffe2f72fff7e0297,benchmark-nonlinear-d5-s12001-B400,flow,3,"[1, 2]",1647404741,500,11.821092758327723
623cbf22a94dbe8b26580bc29589544f56c5723ca4f405eff4718450ab01f7f5,benchmark-heteroscedastic-d10-s13501-B400,flow,3,[],1648148258,600,13.902286907657981
625d92f8961642a91f0c43bbaaa59bd7cd487feb9a6c230230cb6a78984e6b80,benchmark-linear-d5-s11003-B100,additive,3,"[1, 2]",1650299640,350,1.3217500057071447
62647cbb7935ba4819b388c8f3b6ec546d5940e81b144338a98dfd64634ae427,benchmark-heteroscedastic-d10-s13504-B400,flow,2,[],1650752699,900,20.775548269972205
627e4ce238d4066f98e65c85526b09de0ae4cce3559cfd00318b0894760d14dc,benchmark-heteroscedastic-d10-s13505-B100,flow,8,[0],1652444386,600,15.463940504938364
6291814d60aee012655b89812ab26fca92bfe77cff23f4f410a228fbf18aa1d8,benchmark-nonlinear-d10-s12505-B400,flow,6,"[1, 3, 5]",1653702989,300,7.387475036084652
6291cdb95f275f97d3497c3f3ae4d2ece352af926935fa3ffb1455172853a333,benchmark-nonlinear-d10-s12505-B100,flow,1,"[2, 3]",1653722553,300,7.623165003955364
62aa3167b8525b997905666ed4eca4231d158461b5ed241d62349fc744342cac,benchmark-heteroscedastic-d10-s13504-B400,additive,6,[],1655320935,500,0.809203963726759
62dc545a66e18b0d23e47e4666f6a6f88667e8ad6e0b0fa83bcfac0565ccaa4c,benchmark-nonlinear-d10-s12505-B400,additive,4,"[1, 3, 5]",1658606682,1000,4.1413585022091866
62e68e013db9eed93bffeb4244b9bd8007cc8d5ac56e9e4b358631e3981154c3,benchmark-nonlinear-d10-s12503-B400,flow,5,[],1659276801,1000,22.805240591987967
62fa8bbe3ed4891562b1607836c9eb60123461b1734f53aa8b32a4dc26a7ab01,benchmark-nonlinear-d5-s12003-B100,flow,1,"[0, 3, 4]",1660586942,300,6.987108830362558
632125a5b70870ce312885073d7eacd5f512087ecddb997c34a830f2fce7f752,benchmark-nonlinear-d5-s12004-B100,flow,1,"[0, 4]",1663116709,300,7.196864008903503
6324ddf1341659cc78df91f9fb001d998d6e65fe5910aac2f3cdf7dc750f4c32,benchmark-linear-d10-s11504-B100,flow,2,[3],1663360497,450,11.095205375924706
635b7147e6453200cc9ff35c8c435c390790cf763783e42f7bc7b7c07ec43e28,benchmark-heteroscedastic-d5-s13005-B400,additive,3,[0],1666937159,450,1.7823225148022175
6366cbd314b37dfeb4948afff537749a4677e3a26e6ad00502a06c0388cac267,benchmark-linear-d10-s11504-B400,flow,3,"[5, 8]",1667681235,350,8.578616052865982
6373a377dcd506b1ee376d47a2bde0c4bee7d54082e01a2ecf1b079793bdc9b2,benchmark-nonlinear-d10-s12504-B100,additive,7,"[1, 4]",1668522871,550,2.3779808059334755
6391a048801528849c4804745beaef0b8ddeb5b276d89c9caab9f8f755bff3c2,benchmark-nonlinear-d5-s12003-B400,additive,1,"[3, 4]",1670488136,750,3.0084736086428165
63c61e62cbf0d714c5977113f44a81d3c4afe8decbe4ef2245efdc3b3af7f689,benchmark-linear-d10-s11502-B100,additive,6,[8],1673928290,500,2.0486400201916695
64481b01653e324728d817aa90ae8c6822b9f72afb0bc4fdbd0287cc827d97ff,benchmark-nonlinear-d10-s12501-B100,flow,9,[8],1682447105,300,7.922936046496034
646628ad43a1e01e06bebb164547ca7e9dfdb78a6da01730a65a0c3c7a310b34,benchmark-heteroscedastic-d10-s13504-B100,flow,7,[],1684416685,300,6.890077859163284
647c75078367bd34f30182fc100dfd8259d02b82a58141bad4ef9f79758c6533,benchmark-nonlinear-d5-s12001-B100,additive,4,"[0, 1]",1685878023,550,2.3125341422855854
649f83a6ffaa385dce8e002998398ba03555f454a423feb46e38e8296a8d2cde,benchmark-heteroscedastic-d5-s13005-B100,additive,2,[0],1688175526,850,3.5053662173449993
64a4628f63d9d455973d7b9bb3665915c74f2696b345db3f84afca520cd31b19,benchmark-nonlinear-d5-s12003-B400,additive,0,"[1, 3, 4]",1688494735,750,3.182766232639551
64a54fd74f494580d4d2ec05f9d55ef0f51f2cebb6009abb97597a70612bb3c9,benchmark-nonlinear-d5-s12001-B100,additive,1,[],1688555479,300,0.5171018242835999
64a79bd10c6d0b3f81474f41c781edf97cbef32cb39a56e112c8b6bc8a98e130,benchmark-nonlinear-d10-s12503-B400,flow,4,[],1688706001,1000,25.167205890640616
64b01ad1bab990910231cb11d56486a98a2f69991cb196abcd0467044a0731f7,benchmark-linear-d5-s11005-B400,flow,3,"[2, 4]",1689262801,400,9.784863756969571
64ba4a2deaa02e128b02a29c68ab468803e431f432983ad8aac4700123b61438,benchmark-heteroscedastic-d5-s13004-B400,additive,4,[],1689930285,400,0.6521381195634604
64dbb2bcee95c3e0ee9321f012c6a90cb07dd7ac609d5f3eb14e3cf90aa37fd8,benchmark-linear-d5-s11005-B100,flow,4,"[2, 3]",1692119740,300,7.8347225077450275
64dcdf4fe8ed3a9ea6c031c4c29bdaf2abeb3fc5906044ebf1e9f52b0fe7dda7,benchmark-linear-d5-s11004-B400,flow,4,[],1692196687,300,7.078304862603545
651da8b42e9b7f5d84a592823b159d682c88cd961e047b755ebb4c83eb97c71d,benchmark-heteroscedastic-d10-s13502-B400,flow,2,"[3, 6]",1696442548,350,9.217534122988582
6523899d3ba2924cc0f9fecb61d32325b35f8a18153c1b53a4927a35cfef75de,benchmark-linear-d10-s11504-B400,additive,8,"[6, 7]",1696827805,1000,4.0294139590114355
6533f11599c78b2ded60fc6a2baae6cfeb34bdbc2ffae683bd4e05b44672d47a,benchmark-heteroscedastic-d10-s13502-B100,additive,7,[1],1697902869,550,2.125723570585251
6582e968578cddb20c804f190a7da514d8813c01f3eb913adbf359e97a6185a2,benchmark-heteroscedastic-d10-s13502-B400,flow,7,"[0, 1, 3]",1703078248,400,10.062361229211092
658cf5880174c4fd175dde6e295a43fb0d14d4694977914969ec9a21c4b60d61,benchmark-linear-d10-s11504-B400,flow,8,[7],1703736712,300,8.49934720620513
65b116b78f6dae4e123c010752a6786005c3925a23899d3613a2cb25bd9c9df8,benchmark-linear-d10-s11505-B400,flow,7,[6],1706104503,350,8.344394709914923
65b8646da7c18b575a50aa7fb54ef3a1fd33142949ac49b5fcc3b67e46912d89,benchmark-heteroscedastic-d5-s13001-B100,flow,3,"[1, 4]",1706583149,450,10.568999253213406
65ba6480e733d6cfcc20d69483f136ed1099f2a9611fced0e7a9fe90fbdee73a,benchmark-linear-d5-s11004-B400,flow,0,"[1, 3, 4]",1706714240,300,7.3371613416820765
65bc7e732a6d28dd74d97fbdf933e77ed2b8f0157e5a4d3338a98d0f9dca51f4,benchmark-nonlinear-d10-s12505-B400,flow,3,[],1706851955,1000,24.663406575098634
65dac855cbbb07920e78cd0aa394b29fcffd991b4d850d7d51b5f84882e50ee0,benchmark-heteroscedastic-d10-s13504-B400,additive,2,"[6, 7]",1708836949,500,1.9368953369557858
65e7d77c8bc7a0bc30b3d5dd142c4357ea22c17e3ce1cb2a238ab6952be8f295,benchmark-nonlinear-d10-s12503-B100,flow,5,[2],1709692796,650,16.58973058871925
65ea1b06f23d690f0abd653c84132b68dae3f59044016aac6ed1959fb32dcdc1,benchmark-heteroscedastic-d5-s13002-B400,flow,4,[1],1709841158,300,7.199384829029441
65f1bf98396ad0c00cae950752fa62b543e298df4974ae7a0b14c4409440f93d,benchmark-heteroscedastic-d10-s13505-B100,flow,2,"[6, 8]",1710342040,450,11.280341926962137
65fed0c1c1e34b4f653c060a778382e47072a491540487e037478bfc0154f88a,benchmark-nonlinear-d5-s12003-B400,additive,2,"[0, 1, 3]",1711198401,750,2.9159232433885336
66068807f4e6f57fc03894decb2664219204af807b1d12da58fda7a428a23b7e,benchmark-heteroscedastic-d10-s13504-B400,flow,3,[],1711704071,600,13.563827948644757
661359bcc0ad52dc1ffefe2881f066ec91c7ad7cc9421d7c5085ac5914f6fc50,benchmark-heteroscedastic-d10-s13504-B400,flow,0,"[4, 6, 9]",1712544188,400,10.722198629751801
661973865360869744564e3b696ba5b798456283c5551d41bca09236ec27efee,benchmark-heteroscedastic-d10-s13501-B400,flow,4,[6],1712944006,550,14.826384238898754
6637a4ff82aaa7622948e6b51b5446c4bc84aedac02ddd11983952ae1c23e65f,benchmark-linear-d10-s11503-B100,flow,9,[2],1714922751,350,9.09603208862245
6664a7411eead841c95362fe99aa70bcfe4d1472a1a3211bff8b9e2765772873,benchmark-linear-d5-s11004-B100,flow,2,[3],1717872449,550,13.803201116621494
667ea716a75515aca2823a5f7008a2e2ee7479225e46333a2cccb8e92cbe815d,benchmark-nonlinear-d10-s12501-B100,flow,0,[2],1719576342,600,15.96293875016272
6692a9efc69ec1dd96de6cabe07b830076bd9d36080aac0ef32b0b3d197c6489,benchmark-heteroscedastic-d5-s13002-B400,additive,0,[],1720887791,300,0.4919959809631109
66c188d12e1b0945c6808d39853410643496f3dc7f573c5ea152450cea97f9e1,benchmark-nonlinear-d10-s12503-B400,flow,2,[1],1723959505,300,7.503286020830274
66e12a9793f6e042017f0e34f87e421b1c945b3e02a04c33577fe3dd24e924bc,benchmark-nonlinear-d10-s12501-B100,additive,9,[5],1726032535,700,3.1994528267532587
6725497352ddc95e73f0124220864f3b6e69f5d2d0ad43aa8464bb2269373db9,benchmark-heteroscedastic-d5-s13002-B100,flow,4,"[1, 3]",1730496883,300,7.625709315761924
67453ab7a810614cb88fdca0073f86140925f07ddf5f2a20278d2b0c8c2b5e7d,benchmark-heteroscedastic-d10-s13502-B400,additive,6,[8],1732590263,450,1.7336113210767508
676564119f532ceaa63794c03d3887fda491faec7ea5df3d512c50d91d80a517,benchmark-heteroscedastic-d5-s13003-B400,flow,2,"[1, 3, 4]",1734698001,300,8.164684534072876
6771b3a1921ce800e8c64163851a6b3fd2d56634f79e618430aa7122772f7151,benchmark-nonlinear-d10-s12504-B100,flow,7,[],1735504801,300,7.505057772621512
6776abbcad82c5de23ae9f3f04e00507b28ad9248052ee0f73c7bcfa37468bcc,benchmark-nonlinear-d5-s12002-B400,additive,1,[2],1735830460,350,1.3904824666678905
67807ece7bbc4827998e2fc429d1bdaa1dfc66ecc47f44a1255fe087ed512219,benchmark-linear-d10-s11501-B100,additive,2,[4],1736474318,1000,4.0057530123740435
67a9f77519781fac2378781d55604565893689afa42276943719a25d056c9cc2,benchmark-linear-d10-s11504-B100,flow,6,[7],1739192181,400,10.387399917468429
67db64cd10842eb3c037688fe61b130579997501cdd5a23865f990b8b403c7e1,benchmark-linear-d5-s11002-B100,flow,3,"[0, 2]",1742431437,350,9.529702549800277
67edf4a6b4f1ac9a94ab9e93a1ab743c71ed5a6aba5aa9e85f70c9937c244ada,benchmark-heteroscedastic-d10-s13503-B100,flow,4,"[1, 5, 8]",1743647910,300,7.435759928077459
67fff7aa881beeb57b28cf9176ad7dd91e3ae5efaebe5d57866cae23b791b020,benchmark-linear-d10-s11505-B100,flow,3,[6],1744828330,450,11.269134286791086
682797b97ab7ea9a59d5f4fcee73692d9ecc2667199a341572897d5a510d9677,benchmark-linear-d5-s11004-B100,flow,3,"[1, 2, 4]",1747425209,450,11.30229752138257
6837eff3b53b8c920652d2d0fd7b76f4d06fb30500e9ad67828d403fd0e3ac0c,benchmark-nonlinear-d10-s12503-B400,flow,1,"[0, 7]",1748496371,700,20.056470638141036
6847b2ef0960cdb52c1f6a71f4eff7a39a656c8a431aed4f453a9018d81b8b53,benchmark-nonlinear-d5-s12005-B400,flow,2,[0],1749529327,400,9.315489392727613
686973554b46fe6939f9371beaf2f5e3b93fbb2658b45fc05d8f6e180cd4a3b3,benchmark-nonlinear-d10-s12501-B400,flow,5,[3],1751741269,300,8.068779965862632
68a2fab47a92f75df0394f127f336404126cb02706704cd5042203dc8abb6541,benchmark-heteroscedastic-d10-s13502-B100,flow,5,"[1, 8]",1755511476,300,7.656407251954079
68bcca48e49bbfcaef513cd518e926a2a697f615fa6f043c3386087a349eb1c4,benchmark-heteroscedastic-d10-s13501-B100,additive,1,"[3, 4, 9]",1757203016,700,2.9600563924759626
68f5d464d351bacf981d29b8dbe4e34c787e40a5235bdd15923874dbaba282dd,benchmark-nonlinear-d5-s12005-B100,flow,0,[4],1760941156,300,8.21473054215312
68f81514f9c9bfdcdb232a028ef4c7b23445ce71a6fe47bff24c0bf7b20480b7,benchmark-nonlinear-d5-s12002-B100,flow,3,[],1761088788,600,12.709837462753057
68ffbc1e4f7c4befa000445ac000d61deb2ec64044f5930d3c00317c65981c29,benchmark-linear-d10-s11505-B400,additive,8,"[2, 4]",1761590302,1000,4.253530487418175
690df99631cde4ae7b3873670886ef84ed6027f4adff52d548b45311f090d30e,benchmark-linear-d5-s11001-B400,flow,2,"[1, 4]",1762523542,400,10.978555811569095
69189e0fef7ceadfb888a1e3f79b82f35d7929a043cb040f6a1f2c6578851f0e,chambers-B400,flow,2,[],1763221007,1000,16.11127394065261
692c4532c9770d828aeb2fc8227d7f3dd4a01bbec2a3d1daef213ebe7f385a4b,benchmark-heteroscedastic-d10-s13503-B400,flow,3,"[6, 9]",1764508978,550,14.920728202909231
692cec36a83fa13c984e4901077371b2abe9258821952f62745c5a47081e4ef9,benchmark-nonlinear-d10-s12504-B400,flow,7,[],1764551734,350,8.938132347539067
692ef53b7c145959466cb43902fdaed704f31846d5a62114d3fd282fa2c4bbfb,benchmark-heteroscedastic-d10-s13501-B100,flow,1,"[3, 4, 9]",1764685115,300,7.109752641990781
693ea498a956bbf00f8a2ca1e435c556cf3d5b3c03f1b410eea73b95f026ddea,benchmark-nonlinear-d10-s12503-B100,additive,6,"[5, 8]",1765713048,1000,3.916950272396207
695e37ae9799179b8157a60f963dcd65e7fbd35ae928b4f682b5c6af32dae725,chambers-B400,flow,0,[],1767782318,1000,17.300686188042164
696c57016c1823076fc68bfcfc5af166d08f5c80eac6bacc9f25476541891a22,benchmark-linear-d10-s11503-B400,flow,9,[6],1768707841,450,11.211508372798562
697d0ca11d127a24628353e88cdf9e7cb754c8353338235b22380f8e107a29bd,benchmark-heteroscedastic-d10-s13501-B400,additive,6,[],1769802913,600,0.9894656036049128
69d2826d4d135180555de52fe310e62ed4a46103cad664f57b9e48237e7483ae,benchmark-nonlinear-d5-s12005-B100,flow,0,"[1, 4]",1775403629,400,9.309222875162959
6a67cf7e64c70cb9898605a2ed27dc0735a0a6c0fb9a935c84d4ca99b145e790,benchmark-linear-d10-s11502-B400,additive,1,[5],1785188222,900,3.9025098998099566
6ab3bf652d1905a0385cbe02ae6b64b89de23c68619d2c1c147a7db262daf050,benchmark-nonlinear-d10-s12503-B400,flow,7,[],1790164837,750,18.277633091434836
6b70126cdd771a50fd9440c85606874114465fa6b6cc92dc1c2b2bfe8529abf6,benchmark-nonlinear-d5-s12005-B100,additive,3,[1],1802506860,850,3.3539425898343325
6ba04c4d623987f674be6e89fcf131819bedaedcb004dbcce2ea180126e28b62,benchmark-linear-d5-s11005-B400,flow,4,[2],1805667405,300,7.582569783553481
6ba3d91e8330b0708f3a7804876da613dc1aa3711384fd806952824b2cd08027,benchmark-linear-d10-s11505-B400,flow,9,[4],1805900062,450,11.418842883780599
6bc395f9fad505ce67a44bd7e4ffa7c8653a30b839e5befe4b70a3b25b251571,benchmark-linear-d5-s11001-B100,flow,0,"[2, 3]",1807980025,350,9.088112689554691
6bcd07f82bd4026b290e9598c613f9a3a6b5e1fd56923760bd5e3968af293eec,benchmark-heteroscedastic-d10-s13503-B400,additive,9,[3],1808599032,850,3.370145892724395
6bdd87aa3453d877de2751798c1998d086f0f6dc426455e3b095b9da031f3651,benchmark-linear-d10-s11501-B100,flow,9,"[4, 5, 7]",1809680298,300,7.754055919125676
6beb0f2abac40084f1f80c9c9e912a322add6d3c1940dbcb1a34d36d725a96bc,benchmark-nonlinear-d5-s12004-B100,additive,4,[0],1810566954,1000,3.9455225691199303
6bffa637785a110a158d757625feeb9985fb9d4ee916aa92fd3f26da9cc49361,benchmark-nonlinear-d10-s12504-B400,additive,4,[9],1811916343,700,2.7975984793156385
6c1a365096d0dacb7c7f7388d012aa669d69069c89e5a25ef29ba2592572639a,benchmark-heteroscedastic-d5-s13001-B400,additive,1,"[0, 3]",1813657168,550,2.1279822811484337
6c1aa4e31f4d9eb8dd0cec8c92a0a3d901a39b3c996ca4a16bbed2d5fb51e77e,benchmark-linear-d5-s11005-B100,flow,3,[2],1813685475,300,7.451939819380641
6c6d621b92a5fdbe9c4cb92869c2da68330d8dacf192eb8134200e59559939f4,benchmark-linear-d10-s11505-B100,flow,4,[],1819107867,500,11.373085424304008
6c9c40484f742cfcafa5e6f93c29e9af7af734c3aad773d4e6d98b97845c82d2,benchmark-heteroscedastic-d10-s13504-B100,flow,4,"[2, 7]",1822179400,400,9.5524149723351
6cad51df2d39fbea45d41aafca92c97ec4ab049400c5ef45acfcbdf7ab6d2a4a,benchmark-nonlinear-d10-s12504-B100,flow,2,[9],1823298015,400,10.56014341302216
6cc0fabd6967c7804247c47af8f0b55525b8094adbea87a0bfb0caba7367d958,benchmark-linear-d10-s11505-B400,additive,0,[9],1824586429,1000,3.944989286363125
6cc25bb92ad3f63806fa49c65cbec634d2bc54dae10fcc08afd5aad60632f719,benchmark-linear-d5-s11001-B400,flow,3,"[0, 1, 4]",1824676793,350,8.826592231169343
6cda16d32199a238b2f9fc0dc83bcd2dbb95d27f57fea135199a8fd46793bbd0,benchmark-nonlinear-d5-s12004-B400,flow,2,[0],1826232019,350,8.352139875292778
6d11f90a91e4eb428e09f393944eeba4079cf41651aef9c5f8c5b54bc4b5d200,benchmark-nonlinear-d5-s12001-B400,additive,1,[0],1829894410,1000,3.865586945787072
6d1436cd6d5748434fe2a966c1492892605317d3dac18500316d895dea463921,benchmark-nonlinear-d5-s12004-B400,flow,0,[2],1830041293,300,7.418625019490719
6d59acef3f2086a6e222dc0f6a3eccb3893f88f4ae45d9f2b33a5e31c2e39ff9,benchmark-linear-d10-s11505-B400,additive,1,"[2, 3, 4]",1834593519,300,1.1876892875880003
6d870abcffd57f69d7a741b1fd2bed739ffd5267c90c6d479ce40cf5683711c2,benchmark-linear-d10-s11503-B400,flow,2,[7],1837566652,350,8.984469451010227
6d915caaa972369b0b461c144a2b042b3ff185b650f5fc0f57a254a3730e6ae6,benchmark-heteroscedastic-d10-s13502-B100,flow,7,"[1, 5]",1838242986,350,8.321563336998224
6d925be4847dde715b5cc9c6de5f4b5f32b4b4530ddce7fdc0aff7dbaa2d0fe6,benchmark-heteroscedastic-d5-s13003-B100,flow,1,"[0, 3]",1838308324,350,9.701935919001698
6d9e53027b57a2383e8f82c7ed5e28e2c0ac3e2503c05929eeea1858dccd8daa,benchmark-linear-d10-s11503-B100,flow,0,"[2, 7, 9]",1839092482,300,7.825592445209622
6da325f8adcad690309c5e9467bc2c15a400c3e33e93410fcdccd8e814f1168a,benchmark-nonlinear-d10-s12504-B100,flow,0,[3],1839408632,350,9.660271681845188
6da89bf517a51600a1b41e5d42800883844dec39bbbd81a1fecffb45626d0be1,benchmark-linear-d5-s11005-B100,flow,0,[2],1839766517,300,8.198094075545669
6db09119926c8b39d1723a6e3b820491692823b335d92278d8a0dfc3c4226c81,benchmark-linear-d10-s11505-B100,flow,4,"[1, 3, 9]",1840288025,350,8.64768305234611
6dbaba13de8acd883fec5f028e5499bc86c2c5703db169e69b9944f41fa9d30b,benchmark-linear-d5-s11003-B100,flow,2,[3],1840953875,300,7.834809586405754
6dc49966702cfdced63c85ae68e33f3358ed1fb5029806bcf79c43ad13fd3e22,benchmark-heteroscedastic-d5-s13001-B100,flow,1,"[0, 3]",1841600870,550,13.073814122006297
6dd0bc39522a808625c465cbf8ea7ebebfdfa4f686948e4c56873bf71596c773,benchmark-heteroscedastic-d10-s13502-B100,flow,5,[3],1842396217,300,7.480408361181617
6dfa5dd3598ec417a3e802ed8a6da83df02ccb42642cc0ff1779e82f30209a34,benchmark-nonlinear-d10-s12505-B100,flow,4,"[1, 3, 5]",1845124563,350,8.44470920599997
6e1a25f0ab657a127fcbfc522328cbd942bcca67fde3b6694fbd7acb083fbc37,benchmark-heteroscedastic-d10-s13501-B100,flow,8,[4],1847207408,300,8.206662153825164
6e26a1eca095d16ec2322b4c2428cd3d7efb51b882e47eaefa81be1b2b91893c,benchmark-nonlinear-d5-s12003-B400,additive,4,"[1, 3]",1848025580,900,3.9466700069606304
6e4cc917d450abf87caedf88d4453c28f01c44badca3b25098f561368651dfeb,benchmark-heteroscedastic-d10-s13504-B400,flow,2,[5],1850525975,500,12.557934349402785
6e6ca76903e03c0ca22c99450acfdbb561482ba8a1226f56d08d218731065f86,benchmark-nonlinear-d10-s12501-B400,additive,3,"[2, 5]",1852614505,1000,4.036862740293145
6e93d59f8ef9c1eb8a3bb359446eced444898607f47315f0a252c159a6295501,benchmark-heteroscedastic-d5-s41003-B100-semantic,flow,3,"[1, 2]",1855182239,300,5.541132753714919
6e9736fa36648d73223b0533db088fed95af8fae5826b948d9185367758fc6d8,benchmark-heteroscedastic-d5-s13005-B100,flow,0,[4],1855403770,1000,26.627701049670577
6ec40791a2ec68e5554a83c0d1f32906c3d0c298d63ec2f2a9c813d434008402,benchmark-linear-d5-s11002-B400,additive,1,[],1858340753,350,0.6588763017207384
6ed15bf7ab0313d590cd47960554921166a6c70e7acbf23f4bfa4af76d54b48b,benchmark-linear-d5-s11004-B100,flow,3,"[0, 1]",1859214327,300,7.863380927592516
6ef272466ba71da084f1aa9e8d142d641163a3862be256b478964583306e6f4c,benchmark-linear-d10-s11503-B400,flow,2,"[7, 9]",1861382726,350,8.869584934785962
6ef4e5e46118e876fa8ad901f78ace5e2833c2ec3ae237d9ac93d4fc42de4ae7,benchmark-heteroscedastic-d5-s13002-B400,flow,0,[3],1861543396,500,12.82670657709241
6ef5496543f180afebd91979321964b469d2b9af579bd5d781eae5b879fef39b,benchmark-heteroscedastic-d10-s13501-B400,flow,8,[4],1861568869,500,13.21819406375289
6f080e8a30ee3c75440cfda1dc61c4f8665f34727645fe7e3723e4f338526c18,benchmark-nonlinear-d10-s12502-B400,flow,2,"[5, 8, 9]",1862798986,400,10.151069611310959
6f3032ae7cc3ec62e22619158df0ba8ffd462a16564ed2704a6391bab9c86705,benchmark-heteroscedastic-d10-s13503-B100,flow,5,[9],1865429678,350,8.650932056829333
6f3f398427b24d3383f69f9c24fc1127896715deb3a83c53526d763e0e8a78ee,benchmark-linear-d10-s11501-B100,flow,1,"[5, 7, 9]",1866414468,300,7.511236486956477
6f4c883fa429cbc8c45648f2881a9ced8d0afa65dfe061e16c2475716164db7d,benchmark-heteroscedastic-d10-s13504-B100,flow,4,"[1, 2, 5]",1867286591,300,7.602024901658297
6f5e03d77d4b9a8d6f75b4af80cf9643a00ef27c138f753e9141832633b08e42,benchmark-linear-d10-s11501-B400,flow,5,[],1868432343,550,12.86650306172669
6f7595dc717723cf8d08baf89725bebd81356c7fd02be48365963e8b95414bd6,benchmark-heteroscedastic-d10-s13501-B400,flow,8,"[2, 4, 9]",1869977052,400,10.860274778679013
6fa548bce8fc83760e927a4c77bdc6678ddd78c154211f954154322e8bbcfe06,benchmark-nonlinear-d5-s12003-B400,flow,3,"[0, 1, 2]",1873103036,300,7.288854138925672
6fb863029e3b3c07687da0dc9a8fbd1edd50e7a74e9bebf4781b8c08f600c983,benchmark-nonlinear-d10-s12503-B100,flow,5,"[2, 6]",1874354946,800,21.674417762085795
6fbdf4b6f49620f8446031ce5598d29a7e77b44f82738e951cbee927028e822a,benchmark-nonlinear-d10-s12505-B100,additive,2,"[3, 8]",1874719926,1000,3.9243086632341146
6fc4375a99d87b47cdb6dfda575da8f234336d3d19364597039a0879f5a783ce,benchmark-linear-d10-s11501-B100,flow,8,"[1, 2, 9]",1875130202,300,7.3635130394250154
6fe05fed5bb4b06a6a57ef461e8b4f18e1a4185e14d0d6fb1e90202d6417d4d9,benchmark-nonlinear-d10-s12501-B100,additive,3,"[5, 9]",1876975597,1000,4.174919746816158
6ff04f9d0cdb7e7892d38a4478c9210f4780a2c35e46f6e43a400f09134d9dc1,benchmark-linear-d5-s11002-B100,flow,4,[1],1878019997,300,8.562907371670008
700ab9995f653b41c6f1c82a0b258e942d972ace49d0f1c65a95035568d1da91,benchmark-nonlinear-d10-s12505-B100,flow,5,"[3, 4, 6]",1879751065,300,8.914031030610204
7048430e2caba91cfc0f491cdba407288551254578e99d1a150340c245b1ae4a,benchmark-nonlinear-d10-s12503-B100,flow,9,[4],1883783950,550,14.281650992110372
704a4afdc1c10bdf9dfb2fb87546143783490dce2ad16895818a6c746fa2596d,benchmark-linear-d10-s11504-B100,additive,5,"[3, 6, 7]",1883917053,850,3.4450197592377663
70916bd0b80ce0f6aadc60817304222ff4860971645d88e53518383c32e335db,benchmark-nonlinear-d10-s12504-B400,additive,5,[4],1888578512,1000,3.8498249482363462
70bc3636029925bdc42a91c3827c53f2f3cccddaaa0575a7e73ca6fa031c71e5,benchmark-heteroscedastic-d10-s13505-B100,flow,1,[8],1891382838,700,17.69573089852929
70bd50363ffac4a91d425e56a26ad00f135c6be32d0574517f8c30764aee01fd,benchmark-heteroscedastic-d10-s13503-B400,additive,1,[],1891455030,300,0.5239719077944756
70c615209335fe2bceac0553c82d8d7cab98ffa56bca8cd0eadc65bd25971393,benchmark-heteroscedastic-d10-s13505-B100,additive,0,[],1892029728,300,0.4919796157628298
70ccaa9f0fe486bd1599281725f9163227f001f8f5b73640a1547094dcf01200,benchmark-heteroscedastic-d5-s41005-B100-semantic,flow,4,[0],1892461215,700,14.554888997226954
70d9392dbffe69b55f6a15e57685b8f004afc8e93af4de44e4f25dc21f3c8032,benchmark-linear-d5-s11001-B100,flow,2,"[0, 1, 3]",1893284141,350,9.122829241678119
70da6f0f84a5572bde4bc0316ae9d509cf722fd98eaf52e0a11f7a6846daffaf,benchmark-heteroscedastic-d10-s13502-B400,additive,1,[],1893363471,350,0.5677834209054708
70e277b279fbb22d8ddbc53d9ebea9073a04a841ed63be2be7aa42c8546d8747,benchmark-linear-d10-s11505-B100,flow,9,[4],1893889970,350,10.055967900902033
70f9ef1f25f382bc8b49f354539ee8a2b1c42345a8628587ea728391189254a1,benchmark-nonlinear-d10-s12501-B400,flow,9,[5],1895427871,450,11.42677279561758
7138019e8fee95a505a012201cf952c37587bf686eecbb766bfd628b31994d5c,benchmark-heteroscedastic-d10-s13504-B400,flow,8,"[6, 7, 9]",1899495838,450,11.258635327219963
71487554161c506c8fe1b4f8511383f10f819f57eeff2317cd3ca1611dc01487,benchmark-heteroscedastic-d5-s13002-B100,flow,3,"[1, 4]",1900574036,500,11.89508005976677
71771fea299fa681174b097817ba136e80291bef2134b7d27710918d0ba5d42d,benchmark-linear-d5-s11005-B100,additive,1,"[0, 4]",1903632362,1000,4.0565626081079245
7179e3ce4668888e3067b7071b748c8a1a50d104890679ae2a8e5b0a99d50be6,benchmark-linear-d10-s11502-B100,flow,2,"[1, 5]",1903813582,450,11.240215722471476
71dc41425b745f9bf99c7d285094e6375e8898f7d7b4ab8c357ea9a97bbb5fdd,benchmark-heteroscedastic-d5-s41001-B100-semantic,additive,0,[],1910260034,350,0.4353483971208334
71ed7e871d42d39c5582eb644d38c228f55d8da4ce9840a30906f4b6f64a494f,benchmark-nonlinear-d10-s12502-B400,additive,6,[3],1911389831,400,1.5711930319666862
7217ce3c5cff3820d92c3d0613900f7926f69a2f020a055538461e4fbf0444ba,benchmark-heteroscedastic-d10-s13504-B100,additive,0,"[3, 4, 9]",1914162748,850,3.4046443589031696
722aed433b18ad353ccb1d016c1b4fe0d4ada49b5db7b2d0db9fe8be74b7720e,benchmark-linear-d10-s11503-B100,additive,9,"[2, 7]",1915415875,1000,4.321138586848974
724fc101b05a76e635f8d6e986f29981ddab96d3b2b172fe6f5937ce512f4367,benchmark-heteroscedastic-d5-s13005-B400,flow,4,"[0, 1, 2]",1917829377,350,9.070879416540265
7269223bccfa73fdd50f0f6138ced416c1b5e793b088cf8469a75959d418401c,benchmark-linear-d5-s11003-B400,flow,4,"[2, 3]",1919492667,850,20.97753945738077
726f94704471476cd5c959a51d6d060241efe897e35194ad48720469faaad48e,benchmark-nonlinear-d10-s12503-B100,flow,2,"[1, 9]",1919915120,300,8.647699136286974
728192aefd8f2bc98c0e474f7973719686eefe917b933ec479989c9bc67d9ff7,benchmark-heteroscedastic-d10-s13502-B400,flow,8,[5],1921094318,350,9.011985007673502
72943d4354e9f9b90eeb23ca173ed5204300db4919c6ed9bb2e4f954126744d5,benchmark-heteroscedastic-d10-s13501-B100,additive,8,"[2, 4, 9]",1922317635,300,1.129503071308136
72d1b122fcc5a0726ff4176cea68c7da685d84a46b822dfeb48b31aa3af051a1,benchmark-heteroscedastic-d10-s13501-B400,flow,3,[2],1926344994,350,8.711182232946157
72e41dfa12181ed863521ac49e6a1b5d3fcf56ae2321eec7fc13d08895e459a1,benchmark-heteroscedastic-d5-s13001-B100,additive,4,[],1927552506,400,0.6435676999390125
72ec1bfc85a9a7c804fbc6b90fff395fe25da3b0eea25ffa073a2488433c37d6,benchmark-nonlinear-d5-s12001-B400,flow,3,"[0, 1, 2]",1928076284,400,10.350959813222289
72f499538c201bd7fcb7722b4e55a72d1d891a8c9036de3b764b3986dd8f8121,benchmark-linear-d10-s11501-B400,additive,2,[4],1928632659,1000,3.8830141685903072
730182d8cf99ba4d484c121da380412c6378a99ebbf2619da198eb6cd189e937,benchmark-nonlinear-d10-s12505-B100,flow,0,"[1, 5]",1929478872,600,15.68590502999723
7321d39b83ca586669df09056aaf87d17f1e5218adbf3321fb2be647fe2e7086,benchmark-linear-d10-s11503-B400,additive,1,[3],1931596699,1000,4.633426833897829
734332f44a0496bc7ba337417759e2b2553b779791744a5a7b34d9ff4651ca3b,benchmark-heteroscedastic-d10-s13501-B400,flow,1,"[4, 7, 9]",1933783796,500,13.834027180448174
7366bd3e988b5ff144e6a08eefcc2c7b666d9232bfd6fff553422ab46d811214,benchmark-nonlinear-d5-s12003-B100,flow,0,"[1, 3]",1936112958,300,7.897514553740621
738a89f7e50e7cbdca398919c9288820a42df2d9d4f8af7750fde64f7065db35,benchmark-heteroscedastic-d10-s13504-B100,additive,9,"[4, 7]",1938459127,950,3.7089355066418648
73a1960f86feec5aa9ba69cd0d2e0db020f9deee45e21d0dcae6b81cd6af6334,benchmark-linear-d10-s11505-B400,flow,8,[6],1939969551,400,10.013103445991874
73b8a853e76ad53a30a1bfac3b1fc20323a87aa059ebbb5b359fe52941c3be70,benchmark-heteroscedastic-d10-s13503-B100,flow,8,[],1941481555,300,6.997164646163583
73ba8b7e26c647a9226035b8f5092b7d9583ccb4822f486df1b4e29269a51238,benchmark-nonlinear-d10-s12504-B400,flow,2,[6],1941605246,550,16.048517702147365
73ec0a7427a2a6ada463c41a33062c0afca1a2183d6db55a32cdb525f1b9dcc9,benchmark-heteroscedastic-d10-s13501-B100,additive,1,"[4, 7, 9]",1944849012,650,2.5318447407335043
73f18169509e87f1345454fb78feb0d6dc762ae507025779e18bd19cfed53b85,benchmark-nonlinear-d5-s12004-B100,flow,1,[4],1945207145,700,16.7035071849823
73ff0d1316ce45d1e541a1afe16fd5c25672fbf24e5f72cb75dc4f1171ee94e2,benchmark-linear-d10-s11505-B100,additive,5,"[4, 9]",1946094867,1000,3.935088638216257
743a8ac1a948cbb977396551ece5a41fa5ca07146b2193c69f2fead0d30f41de,benchmark-nonlinear-d10-s12504-B100,flow,3,"[1, 2, 5]",1949993665,300,7.0221595242619514
743c08274d3a1e6b649262117f36867be2533eb408f505fff9ca16c4f88ddf42,benchmark-linear-d10-s11502-B400,flow,5,[1],1950091303,750,17.839820135384798
7459f4593a6c96917fe2aace4865e8b377b3f28c5ed1ab007a6ebf317b35164e,benchmark-nonlinear-d10-s12504-B100,additive,3,"[2, 5]",1952052313,900,3.5620619636029005
7464d3f8227e28a5ed7e58bb239d9f579c674faed55e17a148820ae25fa5d1f7,benchmark-linear-d5-s11005-B100,additive,2,[4],1952764920,300,1.2219115477055311
747373612c92641236ee8e4fb86a828a5ce8e9fdbea1b8a9322cd05bf472c183,benchmark-nonlinear-d10-s12502-B400,additive,9,"[1, 6]",1953723233,1000,4.1708382088691
747f962f886e34df6398389f0562840eec259b158d4ad311b7dca19e9fb2c53f,benchmark-heteroscedastic-d5-s13004-B400,flow,3,[2],1954518575,800,20.200907938182354
74d55e6784ac7eb418e0a575c0d3bd58c04301315966b2ee022d2d67567c9d05,benchmark-nonlinear-d10-s12504-B400,flow,0,"[2, 6, 9]",1960140391,450,12.59307256527245
74e66acc1827ab1486e6aaa648fd8aca17d545f8cc706ab52bbdc8466f0712bb,benchmark-linear-d10-s11501-B400,flow,8,"[2, 9]",1961257676,500,13.788183825090528
7554b0ef5d45c53b04f4514182c7ea62809276872430bfd941ade2e447ce3fad,benchmark-heteroscedastic-d5-s13005-B100,flow,4,[1],1968484591,600,14.826027968898416
7572f36611783a8a092ec34cbf96988e536cf2fee98fdae4c10737d8db01496d,benchmark-nonlinear-d10-s12503-B100,additive,9,"[2, 8]",1970467686,900,3.41734267026186
75803bad4713d012a2406e0690941b03bd0a980d3e3e4c5957b018a94ece912d,benchmark-heteroscedastic-d10-s13504-B100,flow,9,"[2, 4, 7]",1971338157,300,7.365001689642668
75b8dcd6d6a08c9bbe9499513e53522f81da63eb79a15da645958ff4afa34dcc,benchmark-nonlinear-d10-s12503-B100,flow,1,[],1975049430,450,10.831620825454593
75db6de4600897c7931adb1bcaf43e41e72fb7bbb95ccdd0a2744cf9c6519333,benchmark-linear-d10-s11501-B100,flow,4,[1],1977314788,400,10.683568716049194
76031f3e7e9b8f389173688d559b0400ad160696d39c3acca7cbd55748743c19,benchmark-linear-d10-s11504-B100,flow,6,"[2, 3, 9]",1979916094,300,8.33117102459073
761bcad5ef9ec9867d3128f862a19472d82cd11a7090d5890557c3e1bc98f439,benchmark-heteroscedastic-d10-s13504-B400,flow,1,[8],1981532885,300,7.577345244586468
762a1a6281dbc94bba82521339fa61b02e6c339549744035c5dcb3ae4f14f5fe,benchmark-nonlinear-d10-s12505-B100,flow,7,"[0, 1, 5]",1982470754,350,8.61035269126296
762f7d173473921fd2c818907212d9e9590f80c03d27a330e1973a3ce3d64c53,benchmark-nonlinear-d10-s12502-B400,flow,7,"[3, 4]",1982823703,300,7.930350087583065
7641f2cb30bdf3cf8666a611836097200fa53c20ef2a23bb6018b2366e4de381,benchmark-nonlinear-d10-s12501-B100,additive,6,[8],1984033483,300,1.1564331538975239
7661f7f1e4872fab07c08bbc4fce6311d4a3ee161972b6c93f0a6f8ffb550572,benchmark-heteroscedastic-d5-s13003-B400,flow,1,[3],1986131953,450,9.623087644577026
76806a7af374922ae0698540fd6db717e3da05fea58d3995bf7f070cefe357f6,benchmark-linear-d5-s11005-B400,additive,3,"[0, 4]",1988127354,700,2.9168252479285
76923aea32207d8dec85ff0989730322c4c6037daba9dd5d7475c3e71e500646,benchmark-heteroscedastic-d10-s13504-B400,flow,1,[],1989294826,300,6.790908878669143
769555c176a11e24473a969c90f237ef2a6245533477d61b7cd9c7221666e151,benchmark-nonlinear-d10-s12505-B100,additive,9,"[0, 3, 4]",1989498305,600,2.3440657071769238
76b222d4024b23a804453e2eedd3c997b58371dab33ee1007efbe158cc8323bd,benchmark-heteroscedastic-d5-s13004-B400,additive,0,[2],1991385812,850,3.75259361974895
76ceffb94344e6f5e68474979f328b143d35ae4d30a348883839a80c471d0d51,benchmark-linear-d10-s11505-B400,additive,6,"[3, 9]",1993277369,1000,4.124143224209547
76e0ced761894acaee45df8e6ba34be8fb11f310a6440bd4115b3cd3e7b483bd,benchmark-linear-d10-s11502-B100,additive,1,[],1994444503,300,0.49577429704368114
76fa66b38f1f4e0d6c6b41f625076abc7d43f667eb4b003b2ce2517cff1abc18,benchmark-nonlinear-d10-s12505-B400,flow,3,[7],1996121779,500,13.383053751662374
76fdc07f5406427f2d743dc198625739f3a4c3139c147e9d044f1a8624631f0c,benchmark-linear-d10-s11501-B400,flow,2,"[1, 4]",1996341375,350,8.655377384275198
770367065ab014521c88eb7e9bc0f362a56b51d0eab7efc6f61d5221c5f73f65,benchmark-heteroscedastic-d10-s13504-B400,additive,4,[6],1996711686,400,1.5857301708310843
770b2fee316c9b356b795694ef680e67dc39811ab6a9837af5f7d50488234981,benchmark-heteroscedastic-d10-s13503-B400,flow,3,"[0, 6, 8]",1997221870,500,13.254120729863644
7735c37ef86f37e363b1127f1cd75f2d6dd7abfa6c6101c1835bb87ed9c6c34c,benchmark-linear-d10-s11502-B400,additive,3,"[1, 2, 8]",2000012158,1000,4.076620548963547
7735eeba0979ce053bf36a86e7f6c437aae9ca820a5a46d1bc7f27781cee5043,benchmark-linear-d10-s11502-B400,flow,5,[],2000023226,300,6.749603012576699
774f153f8b5bcd71856018b7d203e973eb8d20f4062ed860b2d53135a6318083,benchmark-heteroscedastic-d5-s13001-B100,flow,4,[],2001671487,1000,23.036043595522642
776485ef3ac56e61fde3486ff36b46f6e1b0a2bd5c97391f96b645f1a3a570f0,benchmark-heteroscedastic-d10-s13502-B100,flow,2,"[1, 3, 4]",2003076591,300,7.347344921901822
7783c08ac323c71230ac442460a03bd2ea15214a4dc8f132a821c2527fea722b,benchmark-nonlinear-d5-s12001-B400,flow,2,"[0, 3]",2005123210,350,8.40720029361546
778bb49e83265d08c2db30e4e61805409e81e98c1dd40145be32ce44dbe65a10,benchmark-heteroscedastic-d10-s13503-B400,flow,8,"[3, 6]",2005644446,300,8.479932574555278
77a9820536908b549837d636d6a57c00a3033ba7332ce95ead3b4f2a474741c2,benchmark-heteroscedastic-d5-s13002-B100,additive,0,[1],2007597573,350,1.3484058547765017
77c21d781161c28e0389e2750f285753891113b4fa2034e6c6fc01824438bd6f,benchmark-nonlinear-d10-s12505-B100,additive,5,"[1, 3, 4]",2009210232,550,2.1398029066622257
7802d7b7b2bc22c838a4b3d5835372d7d0ebb3ead8ac309766018b1b9af10eed,benchmark-heteroscedastic-d5-s13005-B100,flow,2,"[0, 3, 4]",2013452215,350,9.095987349748611
7857726593f196bc6b1af417c866f5b580a91627999601df291832881bef8d69,benchmark-nonlinear-d10-s12503-B400,flow,8,"[1, 7, 9]",2018996837,950,24.008843135088682
785bc9f3ec77c9fdcaf9a84719732815f89ef87a60e9d4de5786c77495c8b183,benchmark-heteroscedastic-d10-s13503-B400,additive,8,[6],2019281395,400,1.4881192315369844
7862f4d0eb71c54050f78b8c364bddea0c2522946481216d9016f9df8e306d1b,benchmark-heteroscedastic-d5-s41003-B100-semantic,flow,1,[],2019751120,600,10.243012566119432
78859a8d7b34fd6ff2b0d917e4f2c1b5b3ce7bfaa5fe7809aef440db6bfe3914,benchmark-nonlinear-d10-s12503-B100,flow,7,[8],2022021773,300,7.904535761103034
789fd973a649eb3b3e2ea851a3e2367dcfa3f003321e9f036e6ce61c6d777abd,benchmark-nonlinear-d10-s12501-B400,flow,8,"[3, 7]",2023741811,450,12.05507948063314
78af7aff40a5dfbbcf59dae12459906a37ae928e67d4222bfd5e5c8209bc2b9e,benchmark-heteroscedastic-d10-s13505-B400,additive,6,"[0, 8]",2024766207,950,2.5737813841551542
78b4e5465772d19c34a7f20177de72a62e982ad04f4f13f4bb6274315aac080a,benchmark-heteroscedastic-d10-s13502-B100,flow,3,[1],2025121094,500,12.893837301060557
78c5f3b9c04530066d11c0dfcc1f1382afa5137ecfb89341566abc857a153c40,benchmark-nonlinear-d10-s12501-B100,flow,9,[],2026238905,500,11.232856592163444
78ca828e5a7a422e02fb607f3d4ad43d3f7710599de676eaff7c725d17ede29d,benchmark-nonlinear-d5-s12004-B100,additive,2,[],2026537614,450,0.7376803793013096
78fc3ce7d7ae69c1ed95b146b0a7025191012f0d356313d23cbcdbcd5c767978,benchmark-nonlinear-d5-s12004-B400,flow,0,[],2029796583,1000,21.528969096019864
7909f57f35731d15971e7c54af473b57e560f6bf28500e78669aeec41f4b9721,benchmark-nonlinear-d5-s12004-B400,additive,0,[2],2030695807,350,1.3581557758152485
790c722a9baa77b9ee4afa6ea14781b4b1b843124ae18e3071ae98b2b150c6a7,benchmark-heteroscedastic-d10-s13502-B100,additive,3,[1],2030858794,550,2.1131537575274706
794b3d587cd42c0fe82cfb234a3f919038e318849164f37dfeb5a0f4d8348554,benchmark-heteroscedastic-d10-s13504-B100,flow,2,"[4, 7]",2034974040,300,7.701622869819403
7989d7fbb109e62628edadf3d76ac57716be06f3b59e6e718cdeac77a7821f50,benchmark-linear-d10-s11505-B400,flow,0,"[7, 8]",2039076859,400,11.081494677811861
79e59b15d01da2228c4fa29c1243fec5ff1a76c22ac4f40eac445b305a81d62c,benchmark-heteroscedastic-d5-s13002-B400,flow,0,[1],2045090581,450,10.801569182425737
79e7e9de3c82b8cf4dd159143f6faae5444374afa9fe6f4068caf963cb444e67,benchmark-nonlinear-d5-s12001-B100,flow,4,"[1, 2]",2045241822,350,9.163460088893771
7a07c578c1ed8f2063bc167d7c3c926455004f97f199f1f0ac5de0a8e6cafe4b,benchmark-heteroscedastic-d5-s13005-B400,additive,4,[1],2047329656,400,1.549185050651431
7a1e21da96d3dc6247d072be7221aff06a6c6834dedad564a3df934cf1815492,benchmark-linear-d5-s11001-B100,flow,2,"[0, 3]",2048795098,600,15.217411659657955
7a2c185de002a0b78254aa013494a6cabf02f4008bbe0ae0d5f44e4c6d70edcd,benchmark-heteroscedastic-d5-s13002-B400,additive,4,"[1, 3]",2049710173,800,3.118583645671606
7a30d5475e2a242c1ff823ac127e48f0b0978f3836f79180b7c308f0f77bd32d,benchmark-nonlinear-d5-s12001-B100,additive,0,[],2050020679,300,0.5149950627237558
7a34c211fb9e62b830fedd8f2a7fad94cc041e5eca5f1beb4bc3ae0f301c25c2,benchmark-nonlinear-d10-s12503-B400,flow,1,[],2050277905,700,18.29870692640543
7a5ea648d39172631cb9a9fd2172f7f1948a5a5e68acdc58b77112a5d6c32df9,benchmark-nonlinear-d10-s12501-B100,flow,0,"[2, 7, 9]",2053023304,300,7.560882801190019
7a6b276158210c932a79b73a90a82929da8b0e987edf56256c16e02c73a33a00,benchmark-linear-d10-s11505-B400,flow,2,[],2053842785,650,14.696625323966146
7a966727d091a9d78c16982de42003399662bf8448a9cf4d12f8b50f2922a13f,benchmark-linear-d10-s11501-B400,flow,5,"[1, 7]",2056677159,550,13.72219493240118
7ad49c51deae4e4df56d280c4c3fd55ac495af9eba5158874352e4d5487a05fc,benchmark-heteroscedastic-d10-s13505-B100,additive,4,"[2, 5]",2060754001,700,2.7483726870268583
7ad52b7e4e02fb27c7bac42e0db59edfb8cdf746ef59c16c401e90e4b05edae8,benchmark-heteroscedastic-d10-s13504-B400,flow,4,"[2, 7]",2060790654,450,11.946560943499207
7ae30744dbbb784d69b37240ebfe0c79906c535c4dd34fc1e2a13f68cc3ca387,benchmark-nonlinear-d10-s12503-B400,flow,1,"[7, 8]",2061698884,500,13.210078751668334
7ae42ce3f943afbd73c7a392740d8b723b63f4605ebc7e4c2e9ad192fbe42e25,benchmark-nonlinear-d10-s12505-B400,flow,7,[],2061774051,300,7.395868116989732
7b0731a87bed4f5ed7b7c38a20abbb3b09f625acc4abc0bf9453305d09418503,benchmark-heteroscedastic-d10-s13505-B400,flow,5,"[0, 1, 2]",2064069032,550,9.959697995334864
7b0fcf174e79ed060648dcfa832fcb901e7347591f7af8f404eb5829499942b0,benchmark-linear-d5-s11004-B400,flow,2,"[1, 4]",2064633623,700,17.963261464610696
7b13353ce93250dc57d84fde1e5cc4212423d7d2ed352b899ae995d0e97998d1,benchmark-nonlinear-d10-s12502-B400,flow,7,[4],2064856380,700,17.73097670637071
7b16cd077529da10602a5fcb4d6707e9a72aabff95c92e87535df779fa31cda8,benchmark-linear-d10-s11505-B400,flow,1,[3],2065091847,550,14.562061486765742
7b2c940cbf369d95e20e0a22c48759b3b24b144cab4d05bbdd400d6e079f84a0,benchmark-linear-d5-s11002-B100,additive,1,[],2066519052,300,0.5126431435346603
7b4b745bb1dd6a697013f3304aae977fe952b09c04b619ecb5256ca9b04a2f9b,benchmark-heteroscedastic-d10-s13501-B100,flow,7,[8],2068542555,450,12.964431662112474
7b6481b09a46e47b9ccb81a7f4bda2299d127cc28243d89354608b6d3bdadf23,benchmark-linear-d10-s11501-B100,flow,8,"[2, 9]",2070184368,600,15.56438147649169
7b8f2918ef2ed910f4640ed40094902950373a35cf9cd6b1408f0fbbe351b6ab,benchmark-nonlinear-d10-s12502-B100,flow,2,"[5, 8, 9]",2072979736,300,7.8220509104430676
7b928b1a8485d16a20b387367d1447c3ff50f1b626a4231564340aac35e3ee99,benchmark-linear-d5-s11003-B400,additive,4,"[2, 3]",2073201434,1000,4.4692849442362785
7b97a8f7ff8713529a7a55226cb631e7efb0c2bd156404fc737ac327688ae563,benchmark-heteroscedastic-d10-s13504-B100,flow,4,[2],2073536759,400,10.2756327111274
7bc11db50dbb8dbecee2edfebdd9dce0e1451e2e8e54e7f7bef8e28752fee1ed,benchmark-nonlinear-d5-s12003-B100,flow,1,"[3, 4]",2076253621,300,8.180513443425298
7bc9260b03e7ba1226e8b038135e4c03170cfa61bb07a8ab8d5382cc8d837a3c,benchmark-heteroscedastic-d5-s13004-B100,additive,4,[0],2076780043,1000,3.831624384969473
7bd74cd4e29e3576b3ecfa23f5add06714d10aa8ce0fa8ecf1104a24799ca867,benchmark-nonlinear-d5-s12004-B400,flow,3,[],2077707476,400,8.972230279818177
7c1d88afa44f7ecf610d2311dc8015e80ed8e27e2f9678ed8d2a5a5509667f8e,benchmark-linear-d5-s11002-B100,additive,3,"[0, 1, 2]",2082310319,950,3.931903736665845
7c2af58c840fa86dfe9049a5bd0be490bd7778c2f012ffef021643196bea8fdf,benchmark-heteroscedastic-d5-s13002-B400,flow,3,"[1, 4]",2083190156,350,8.706657111644745
7c30db5edabc1ce6d8eb7156af3b692cdba5c58c4368d3cb35e4bb0569818377,benchmark-heteroscedastic-d10-s13502-B100,flow,7,"[1, 3, 4]",2083576670,350,9.499451652169228
7c7dc27f9ca9b697177893875124eb1efa1df34e04ae18abbf1d939daf77d787,benchmark-heteroscedastic-d10-s13504-B400,flow,0,"[3, 4, 9]",2088616575,700,17.418882809579372
7ca23169a6de26e296174ce868eb21ccbb4502e017532593095e8769294e37e4,benchmark-heteroscedastic-d5-s41003-B100-semantic,flow,3,"[0, 1, 2]",2091004265,300,6.497444786131382
7ce21d11a9a49111d41d7f87ef23f8664a0ac2e03fc61531f6c62cb1d3c0b391,benchmark-linear-d10-s11504-B100,flow,5,[9],2095193361,350,9.77461531944573
7cf4cf96f466d34e401cdf1d3d1df18ba3d32f540afd3c18d47aded56bad4ae6,benchmark-nonlinear-d5-s12003-B400,flow,1,"[0, 2]",2096418710,750,17.481212655082345
7cf7fd78f8fb74081d8b71521ddddecfad327fdb7bf9e4179b52b016d17f1e8a,benchmark-nonlinear-d10-s12502-B100,flow,2,"[1, 5, 9]",2096627064,300,7.646054381504655
7d084bc877ea3183d9a9aad09fe9d3593ba45dc6071bad73631c38d2cf9935ca,benchmark-heteroscedastic-d10-s13501-B100,flow,1,"[2, 4, 8]",2097695688,300,7.400448573753238
7d53c285d34053f4cd153abefe07ae3d89821fecf54b099c126145cf5ed57aa0,benchmark-linear-d5-s11003-B100,flow,3,[],2102641285,300,7.293819164857268
7d7f3d3c84843d31dc54fbe934b3a5acbfbd825960fde1a533ae714d803aca93,benchmark-linear-d10-s11502-B400,flow,0,[],2105490748,600,13.679936347529292
7d872e850885a95af58ee69ac2e66ad333d0387929ea8ad8805e2cade1afac8d,benchmark-nonlinear-d5-s12004-B100,additive,4,"[0, 2]",2106011269,850,3.3544715493917465
7d8d8b1f8c819283519ec0e3885d035cc8a30bf1fc9d885226c94138c42e3708,benchmark-linear-d10-s11503-B400,additive,3,"[2, 7, 8]",2106428191,1000,4.131347194314003
7da87c14db315a6e11308e15ce3e482a72b0dc6cbe2b884349743eb5e57cd5c4,benchmark-heteroscedastic-d10-s13502-B100,flow,2,[3],2108193812,300,7.731638306751847
7db5f4dcb2cb76620a72b6d5959dd764dbf2cbb9c082d217b7cfe46b717b97f2,benchmark-linear-d5-s11002-B400,flow,1,[0],2109076700,400,10.138611976057291
7de66935f06911835efb7a228da5e833b9bb97f300a166f1502b5acad1a7ab92,benchmark-linear-d10-s11503-B400,flow,3,[9],2112252213,1000,26.20607594959438
7deff9b2a720c5759551cf6e835ae863bad8f5b004d8e508b4f8118baec7c4df,benchmark-linear-d10-s11503-B400,additive,8,[0],2112879026,1000,4.019460063427687
7df119719a8cd177d7ba930eacececb168c1cf874b0bdcf89f3b3149c4d95147,benchmark-linear-d10-s11501-B100,flow,4,"[1, 3]",2112952689,350,9.367217149585485
7df8450dc4cee101bd1ab3fbb28786f32cb6fed7d04d341a53e08412f481e05b,benchmark-linear-d10-s11505-B400,additive,6,"[3, 5, 9]",2113422605,1000,4.2650401927530766
7df88c5f3d7ee372c16d3d4168a6b29979cad928b4a0d149c107742b87beb67e,benchmark-nonlinear-d5-s12004-B100,flow,0,[],2113440863,300,6.632194813340902
7dff61e03f68567e74784feb5a18273162ab7d4ca6b60b224bba7f1c99663138,benchmark-heteroscedastic-d10-s13504-B400,additive,4,"[6, 7]",2113888736,800,3.121534176170826
7e02877019547cb579113b606dc678f1a489e0c6f65ca85987854047dfdff92c,benchmark-nonlinear-d10-s12504-B100,flow,4,"[0, 5, 9]",2114094960,500,12.15973780862987
7e0c6e5fe53cb846aaa1632a75f994f6d37015cf020b15f40ae238bb3a12bb1c,benchmark-heteroscedastic-d5-s13004-B100,flow,0,[],2114743903,300,6.543636575341225
7e0dd3e29d64d34acf09d7459657f53759d113fdfd94e5c494fb800c4f590042,benchmark-linear-d5-s11004-B400,flow,2,[1],2114835426,450,11.53693407587707
7e163a29642858f749637820cf238bff1a924a75804f8bc2ccbe2ae8fe3a9e14,benchmark-linear-d10-s11505-B400,flow,2,"[4, 9]",2115385897,600,15.495644526556134
7e3a381acba439b3dba983a80f849083b6c9d9a8f5726f7bf28a503d81d5c3c4,benchmark-nonlinear-d10-s12501-B100,flow,9,[5],2117744666,300,7.869824510067701
7e3a73f39482436b133bda71b1e89c37f8be44c8a8c681aec0137d59a0fe70fe,benchmark-heteroscedastic-d10-s13504-B100,flow,0,"[4, 7, 9]",2117759987,600,15.020189758390188
7e3bde4bc1d270eda29f7eeae4ae52b679cabb3a867d3a4f7b9cace8f35c6745,benchmark-heteroscedastic-d10-s13505-B100,flow,1,"[5, 6, 8]",2117852747,450,11.43710502795875
7e47a9ef8feef9a664ba2b4f31b391d05216fee343f551435ed60f91cd54ab39,benchmark-linear-d10-s11502-B400,flow,7,"[2, 3, 9]",2118625775,550,14.415119420737028
7e4f4fb413372344e4b46df9f262390017af581e6b7141a2fa3dccea5189ea85,benchmark-nonlinear-d10-s12504-B400,additive,7,[4],2119126964,900,3.4474773928523064
7e681872250e0e9ea987261593eebe38f9431535d9300b6168a1c0b580854c58,benchmark-linear-d10-s11505-B400,flow,1,"[2, 3, 4]",2120751218,350,9.64725031517446
7e7f6ac69f369e4bacd8fc8d2d5cef1d7e0e1618d1e7b5a4055b3344c4e79199,benchmark-linear-d10-s11505-B100,flow,9,"[2, 3, 4]",2122279622,500,12.864180101081729
7e9dbe5637e752c115c82f9df4098fe9b926bd7d1332b99f99f85592e6fcee64,benchmark-nonlinear-d10-s12503-B400,flow,8,"[7, 9]",2124267094,300,7.0495449509471655
7ea21761d718288715baa156233c8d7564bea0026b6ddbd82e61cbdcd210f878,benchmark-heteroscedastic-d5-s13003-B100,flow,2,"[1, 3, 4]",2124552033,400,10.661355281248689
7ec10f077ac5f48e3d969131c442ad2c0949b50a7978d9c8fd11cabc0cc85a79,benchmark-heteroscedastic-d10-s13504-B100,additive,6,[],2126581511,550,0.8908848259598017
7ed615d9ec5a3a43e2841e142a66efe6ea47e7319cbdab571ebd400b284f8c80,benchmark-linear-d10-s11502-B400,flow,2,[1],2127959513,700,16.7403313703835
7ef511d5dfd80f802dec17ee60a9ca2d1ed0314b2e35c60e3df67bf412556ed7,benchmark-heteroscedastic-d10-s13502-B100,flow,6,[],2129990101,1000,22.92719753459096
7f1347b9448803a0fb758c4a9518c5440357ea4bbe768d2acbbe2b686b638eb4,benchmark-linear-d5-s11004-B100,flow,2,"[0, 3, 4]",2131969977,300,7.855472112074494
7f2619ac610ff35823067750bca1abe4f91e67652f3ef22c30c93e654d1ffceb,benchmark-nonlinear-d10-s12502-B100,additive,8,[4],2133203372,300,1.2366573121398687
7f4851ecd090b23886b05c70454333f7a62796ca86fba3f0e1022a0607ee08f4,benchmark-nonlinear-d5-s12005-B400,flow,1,[0],2135445996,700,16.863560253754258
7f6d85635c9d75d99236965e4b9063dd750bcd0873c98205fc0070ec465a97ce,benchmark-nonlinear-d10-s12504-B100,flow,2,"[3, 8, 9]",2137884003,450,13.244228970259428
7f766de13e66f28842964b50acefa505e263982e116865d8c4c68c28cd01b98c,benchmark-linear-d5-s11003-B100,flow,1,[],2138467809,300,6.832768918946385
7f968f101c3a66a5aea9291cad2a4eaa83d3b5bd478771119203c70da9c7d6a8,benchmark-heteroscedastic-d5-s13001-B400,flow,2,"[0, 1, 3]",2140573456,400,9.499221654608846
801c03851a9c22c94d37833d41878965f6af3e766fefe104e0a5d504121d3374,benchmark-linear-d10-s11503-B400,flow,8,"[0, 3, 7]",1835910,400,10.124034211039543
802a157187d35cd1565a7ac925e6dc23c825cffd02443377c1ecb4a0851e9a4c,benchmark-nonlinear-d10-s12502-B100,flow,3,"[5, 7]",2758002,300,8.262968814000487
802f33cbde43028fbdd0fe45a4564ccd8cb61e6a2e0e06990d8c8bc4337ccaf2,benchmark-linear-d5-s11003-B400,additive,2,[1],3093452,1000,4.411580286920071
804fc2839d1ee7b078cbb8e4367c6a411406649d79f7e1784e4d96fd9b11b6df,benchmark-heteroscedastic-d10-s13504-B400,additive,7,[],5227140,350,0.5724549200385809
80622892b15bd5935816d32d161ce6d3d86b4b44359d0a2df5aa09fd92dd5920,benchmark-nonlinear-d5-s12001-B100,flow,0,[],6432915,300,7.0378902573138475
80661e616912cc02b0ae0eb0d10e6bdbaaabdb69f4eb424b785e7ee1319d1367,benchmark-heteroscedastic-d5-s41004-B100-semantic,additive,2,[],6692450,300,0.36935507878661156
806acf27f5bf2e312a3a4e2c0cafe1094cf1274525984ba6248cd3939ba9265f,benchmark-linear-d10-s11505-B100,additive,3,"[4, 5, 9]",6999848,1000,3.97226719930768
808d3f95676e74ad837b9f9ea40eddeeb895f8e7ae3746f3a20e6549ef8b881f,benchmark-linear-d5-s11003-B100,additive,2,[1],9256854,1000,4.504169600084424
8099832ccdcc56a169ddf356462035a297a5cba9ef23e801e61e85133dd5c5c9,benchmark-nonlinear-d10-s12503-B100,flow,0,"[1, 7, 8]",10060589,650,17.65087598003447
809a88897ac737e5814e9fd2f55a16616ac42b37732572ffaac52fa02a305138,benchmark-heteroscedastic-d5-s41004-B100-semantic,flow,3,[1],10127498,350,6.434101950377226
80c5cce8d517ca02b0f32d359ce6f9f797fb706f3c0bc9ac005c70c6633ea556,benchmark-linear-d10-s11501-B100,flow,3,"[4, 6, 7]",12963049,300,7.683875920251012
810d91b62ce464a660373733055e7ad7b5767ad99856e42595e9b0517d46b864,benchmark-heteroscedastic-d10-s13501-B400,flow,8,[],17666487,450,10.050957776606083
8157b1e34ddc793df6ebb5c3f61f1ae04cc79d9b0a6a0c61c2c3281f38436c03,benchmark-linear-d10-s11501-B400,flow,9,"[1, 4]",22524388,350,8.83827699534595
8159164f5dc8a14e02700dfc5d80b900461eb7d703baa1eb2fbbdcbeeebf4b93,benchmark-heteroscedastic-d5-s41001-B100-semantic,flow,3,"[0, 1, 2]",22615632,300,6.27835300937295
8175c1030fca130a66c6aedf28acdbe11d0bc5c273f8d8dcab781eead086c795,benchmark-heteroscedastic-d5-s41001-B100-semantic,flow,2,[],24494340,400,6.972313944250345
818a1a580df775d7436fb9871f89b376e0e30cb2b190554c1544cd19a899ecdc,benchmark-heteroscedastic-d10-s13505-B100,flow,5,"[0, 8]",25827929,350,9.20399503968656
8192e4962f7f56d98753b9e4d59f952c37c539c128c2adfba04ed5b3bf98f356,benchmark-heteroscedastic-d10-s13504-B400,flow,8,"[2, 7, 9]",26403991,300,7.378325209021568
819eb68b95c14f99bd15001e275c65d731ad7dc45f9d6be579342b3ebcc23696,benchmark-nonlinear-d10-s12503-B400,flow,2,"[1, 9]",27178636,400,11.294101733714342
81a92f963c95fc11acfa293b77b0f4d5353845a1e2d74b727d6de0ecb706c71a,benchmark-heteroscedastic-d10-s13504-B400,flow,7,"[6, 9]",27864983,550,13.735973143950105
81af81435f81c0a96abc4c894a6a2742d137363b9cfe93563dffff11cbfc38a1,benchmark-nonlinear-d10-s12505-B400,additive,5,"[1, 3, 4]",28279108,450,1.7835796065628529
81dd0ac951a0c9863e221c958626ce6d9e7471668187e110412665c3429238bb,benchmark-nonlinear-d10-s12503-B100,flow,9,"[2, 8]",31263434,350,9.277135260403156
81ec517adc6f527af6c3c771a1b39154ff5bae7a76fbf71cc53dcf029ce3a744,benchmark-nonlinear-d10-s12503-B100,additive,5,[2],32264571,1000,3.7908948194235563
81ed5532dd6a091c9ea17422ed61a3ad2f5daad923430bf6ffc44a1243961266,benchmark-nonlinear-d10-s12502-B100,flow,3,[7],32331059,300,6.694637248292565
822ac4dcf49b3940fa04d89b1d03d1bb589f1557dd63571751988a1134326002,benchmark-linear-d10-s11503-B400,additive,5,"[3, 4, 9]",36357341,950,3.7585319243371487
8236f875cf7e9c5a1df28a6c4fd47cded898387dda1f2e9c28e8ac914b69bd84,benchmark-heteroscedastic-d5-s41001-B100-semantic,flow,0,[],37156982,700,11.978982089087367
823f286341a663a047084889ded41dad110e5f4402c732f26f2a7818f7a18d7a,benchmark-heteroscedastic-d10-s13503-B100,flow,2,"[7, 8]",37693540,300,7.708180673420429
825a40db161c0f8638f52bf6359b76fc6474195d7708fcf4b2a6184d5b19dc26,benchmark-linear-d10-s11505-B400,flow,6,"[3, 9]",39469276,1000,23.892855640500784
82687758953b73023d88953aa36656c552d6491fcbee4100845a98aebaae12d8,benchmark-linear-d10-s11505-B100,additive,0,"[7, 9]",40400729,1000,3.843015791848302
826b04d12a7ac33b7f10ed38daea5a80de7902a2d9f090ec956ae869867cba7d,benchmark-nonlinear-d5-s12005-B100,flow,2,"[1, 3]",40568018,300,7.894147777929902
82934eb6c2f167cb636f51617b052ec61b0390c7b16d210c19560f7b20b79c82,benchmark-heteroscedastic-d5-s13002-B100,flow,4,[1],43208375,450,11.534592170268297
82980e63293a399a67502d9116afe189b4cee008c0712099d07b990948c338c2,benchmark-nonlinear-d10-s12504-B100,flow,5,[4],43519588,350,8.904525477439165
83028ed0c3858ee632f750b9d208ad882acd9f1d2621bb3fb69e0ee09b019b82,benchmark-linear-d10-s11501-B400,flow,2,"[4, 9]",50499281,550,14.682123212143779
8307faa0f356ecb58d1a085b51fcb6e9cdeaa210d0dce0b7903fd0c01e7fea5e,benchmark-linear-d5-s11005-B400,flow,1,"[0, 4]",50854561,300,7.583635052666068
8340ce3e391c9d5e11907aadf6a0269d6644e23972cfbe94054f215f36c40b7e,benchmark-linear-d5-s11001-B100,flow,0,"[1, 4]",54578751,350,9.505945732817054
834ec6198e7f8ae896f75d0e92417ac917244c4a980fe28a751449b683606429,benchmark-nonlinear-d10-s12504-B100,additive,9,[],55494170,500,0.8252724315971136
8353a4f9131445975ee829f4a2c36dd0ee4abf60e0d188e2eeb215d5b46b7e02,benchmark-linear-d10-s11501-B100,additive,3,"[1, 2, 4]",55813370,1000,3.983828639611602
83742b47bad11d8cce55c183ea541e785f504968e9d2c95b84b9a8e10c74190e,benchmark-heteroscedastic-d5-s13003-B100,flow,1,"[3, 4]",57944904,350,9.02315979450941
838034ca5ba474dc31203d0cd1ff57c8ceb43c6b003fb01e97552d22ce6da4a4,benchmark-heteroscedastic-d10-s13501-B100,flow,2,"[4, 5, 9]",58733771,300,8.06027359701693
83a6e4bfa8d2b7e4b3c1a531f61881ce6eea9f1fe31c8cc18689eb2e2715989b,benchmark-nonlinear-d10-s12504-B100,additive,8,"[2, 4]",61269184,400,1.5726663377135992
83aded7bcb88b82731c693b5557d9a02f190ba84acde4942fd0b28939bce0f44,benchmark-heteroscedastic-d10-s13504-B400,flow,5,"[1, 2]",61730172,350,8.58281627111137
83c62ca9732e5eef59ac1416c421c7271fadfdb4c5456f8017f7790e76a69231,benchmark-nonlinear-d10-s12505-B100,flow,2,"[1, 3]",63319210,400,10.786246184259653
83f3a52da02127532a89803939ec9edebe3e95dceac75ea9edbccbb6b2fc3272,benchmark-linear-d10-s11504-B400,flow,6,"[7, 8]",66299182,300,7.798790644854307
83f7491013bbfae9e8d9390ea76ec7f5f76c8ea014bf5e8126d23df474241a83,benchmark-linear-d10-s11503-B100,flow,8,"[0, 3]",66537745,400,10.370204405859113
840a03356903d05925973f76e07106e86e2b39e004197e24ad6a85716da6bea1,benchmark-linear-d10-s11504-B400,additive,5,"[3, 6, 7]",67765046,850,3.40617548674345
845b825aa2486f90019d7374fe6c5f17d5c046aecf77d90ba99cf8dd2c189dae,benchmark-heteroscedastic-d10-s13501-B100,flow,8,"[2, 4, 9]",73106011,300,7.48668659478426
84996add0ccedbadc6e9eb194d36db9c473d882c8318c7971efc66811ac3c24f,benchmark-linear-d10-s11503-B400,flow,4,"[2, 5]",77163230,850,22.637510929256678
84a49fdc48f7dc126334862bf734b8a0218b0b26f07f42ccc1c43472813cef22,benchmark-heteroscedastic-d5-s13005-B100,additive,3,[0],77897693,450,1.8779517244547606
84c279f23cb0a5628b3d4aa14e3ae5b5b78fd8013b9845b8dbe2f8dc1c0a43fe,benchmark-heteroscedastic-d10-s13501-B100,flow,2,[3],79854067,750,21.548060085624456
84dc90b71442ad79834b8a76b4385b801d9d4aa86f2c75a6e81d5dffbea34b6c,benchmark-heteroscedastic-d10-s13501-B100,flow,9,"[1, 2, 8]",81563832,300,8.02164513990283
84eb0193248aa4881c01dc17f1351b49a0761b1ba5a248c14afcf4f257ed3ccb,benchmark-linear-d10-s11503-B100,additive,3,"[2, 9]",82510228,1000,4.658198554068804
84fb2fd94aee0047820ef01ec9a39fa74cf135236ff2ba09a42ccf1af091411f,benchmark-heteroscedastic-d5-s13005-B400,flow,2,[0],83570650,350,8.798302797600627
851dc2f159bba51ecf712b35baaaed23568ae90f106568d164ece696b079e363,benchmark-heteroscedastic-d10-s13505-B100,flow,0,[7],85836530,400,10.315539872273803
8526e0269e954a23120316c9797334f0d67af96c93433505b886f21972686544,benchmark-linear-d5-s11003-B400,additive,1,[2],86433831,1000,3.874747470021248
855aef9cf06180551d8bcb277518917dfc1af19abca844c9fab890c314798325,benchmark-heteroscedastic-d10-s13504-B100,additive,1,[8],89845661,600,2.325799137353897
85a19afb9632fa3327e42b9ada88e46f94c6172b2d5a3211098c70298d54a016,benchmark-heteroscedastic-d10-s13501-B400,additive,0,[4],94477052,850,3.302602708339691
85b4b275648a6f167c5c1ac84e0e442952cdaced9dea5c5cab1dc0c26e3235c2,benchmark-nonlinear-d10-s12503-B400,flow,3,[6],95728246,400,10.817577924579382
85bcb29ad304a004c421d25e7c469ecf22617830605edd32363cce5ada24dae0,benchmark-nonlinear-d5-s12004-B100,flow,3,[2],96252571,300,7.031880484893918
85ca18cc9488e88f370db0309a6fda3bca9567d9a0af520448d252f9ea5a0e5d,benchmark-linear-d10-s11502-B100,flow,7,[5],97130701,300,7.643793556839228
85e1f7a5007fb6ccae1702fdaff3fbdacf073e5d0776eb8d8669c9cf494d0140,benchmark-heteroscedastic-d10-s13504-B400,additive,1,[8],98695078,1000,3.9438378624618053
8640d135817f63a94a260e6a3525c22c85b24b88fcad8611d50e948c8cc4d44a,benchmark-linear-d5-s11002-B100,flow,0,[4],104911158,300,8.016856363043189
864c1a770eeef3c281df085762881460ae616006cb2a569232e388f41f3bfd5f,benchmark-heteroscedastic-d10-s13505-B400,flow,0,[7],105650808,600,10.800248419865966
865344ccfff8086b565aeb1a2942850efc515386d2a44553b31642aa53a69e9c,benchmark-heteroscedastic-d10-s13502-B400,additive,2,[3],106120397,750,2.8707513380795717
86641bd3d38f62c602052a6bf93e562d64edd9329465e6faf7c3b6fcf1780a3a,benchmark-linear-d10-s11505-B400,flow,6,[],107224020,550,12.532987404614687
86846d05a64541837d2587d53d5919845701e9654a5d03792fd1e6bd716792dc,benchmark-linear-d10-s11504-B400,flow,2,[5],109341958,300,7.327397055923939
869f3f972336e47c9500ae9da083672e6d6e1b9d889dd25fe95ee5bfd6bc6ad5,benchmark-heteroscedastic-d10-s13501-B100,flow,4,[6],111099800,600,15.333458960056305
86ed82e55a2dce02fe1bd46820968248848cdd939d1be597a22d48ca4bb8444b,benchmark-heteroscedastic-d5-s13004-B100,flow,1,"[0, 3, 4]",116228838,300,7.026685584336519
8737cc4dd2a559cdbda41124f9768e4a99e89ee3290668009b283a961df8d3a6,benchmark-linear-d10-s11501-B100,flow,9,"[0, 2, 6]",121097294,300,8.053638342767954
875fbf33dad5aeb08001c3873901540b9fa1876a6f771c3681b9124bc309675e,benchmark-nonlinear-d10-s12501-B400,flow,6,[8],123715380,350,9.029516128823161
8766dbe8ec0c4c373f7b45f04a3011ac50427bf3d972bff3bf1f630ea91587f0,benchmark-nonlinear-d10-s12504-B100,additive,1,[6],124181481,1000,3.8552890717983246
8771ecf8481b74b174e1a59d8c53f0d7eb572686908d82cf3fe8449f144c59e1,benchmark-nonlinear-d5-s12003-B100,flow,0,"[1, 3, 4]",124906745,350,8.10046693123877
87898039187eb2f3332f660a111668c5d82cc1e968abf3c4ffeedd0b219b11d5,benchmark-heteroscedastic-d10-s13502-B100,flow,5,[1],126451770,300,7.6067985445261
87d668e822b28cc1f7e0b45ac638c374bd3e718687dc1cd570a8a61214ca0517,benchmark-linear-d10-s11504-B400,flow,2,[],131492073,400,9.234241683036089
87ed1c287ecdab7c1c8a1be16f64ab305e291c225471399e73b020e987d43cec,benchmark-nonlinear-d10-s12505-B100,flow,4,"[1, 3]",132979753,350,8.914713013917208
88172d8d7869071b06c43a88cab2de1df774f189483b5a0e0d99206aa5e0c143,benchmark-heteroscedastic-d10-s13501-B400,additive,2,[9],135736718,750,2.943331679329276
881d855f0d96d82b80c2bf5d1853fa272fcf8d94f73b81a87ec8a601e0052b54,benchmark-nonlinear-d10-s12503-B100,additive,4,[],136152416,300,0.5073737278580666
884765ebc0b7fa83634ecf9fddddbd29bb2bd1c3915f87e0578013a4cc155397,benchmark-linear-d10-s11505-B400,additive,3,"[4, 5, 9]",138896876,1000,3.9107649847865105
886764524a21d13fdd3a468a06491579a044e2d94fe4fb5fceedcf1067b26f0e,benchmark-linear-d5-s11002-B400,flow,0,[4],140993619,400,9.830239770933986
8883694c057af0c5d1e6e7340adf51ddad7ba9b7c9801c4da1342a2261870dd1,benchmark-heteroscedastic-d10-s13503-B100,additive,8,[6],142829901,300,1.1583017092198133
88958983f72375eefbd58d8fed47e3a2fd9d05dad1afbe5c0a45af7308bff2ac,benchmark-heteroscedastic-d10-s13505-B400,additive,5,"[0, 1, 8]",144017796,750,2.042645286768675
88b6f86e3582e8fa945ba8a5f29a2aceff58d75d18687c3800d81b624bb7f8a1,benchmark-nonlinear-d10-s12504-B100,flow,8,"[2, 4]",146208879,300,7.57936042919755
88c0e926c40982eb28c8e5a12ff9f773b646facf308996383d6cef00ce42b0ca,benchmark-linear-d10-s11503-B100,flow,8,"[0, 2, 9]",146860327,300,7.309350110590458
894e8a9d6656098c471e81ead9102ed27453c1e67d651a0d04775fae6b8a0c63,benchmark-heteroscedastic-d5-s13002-B400,additive,4,[1],156142238,300,1.1752199437469244
895b71ad9727ce0ecbd187589d651dc3e40a20f6f827c55df2fd35c10cee3a7e,benchmark-heteroscedastic-d10-s13504-B100,additive,5,[2],156987822,300,1.1506776064634323
897dca0e8d8be41fcd53d352dd74d1f1feb89fb6b994701c7fb32a415589721b,benchmark-nonlinear-d10-s12501-B400,flow,0,[],159238671,1000,24.224046859890223
898ccaf598e07dd97ed0ae65b739e3bad8add186443b7af7fa314e6f5adb7102,benchmark-heteroscedastic-d10-s13503-B400,additive,7,[0],160221942,750,3.117657393217087
89d71fc61a3dbc6a3044613c739c36a2719fad7874ce28ddc7451f9bbe770daa,benchmark-heteroscedastic-d10-s13504-B100,additive,4,[6],165093319,550,2.1413189601153135
89ecea06131c2520274ec4133a417d1ac094d34315cbb6bf45afd0b4bd45ca7a,benchmark-nonlinear-d10-s12501-B100,flow,7,[5],166521351,400,10.165008895099163
89f35adc0f3f54dd7943eee55578238c1450cf14c4a63b9f1e6ac7a6ceefa5f5,benchmark-heteroscedastic-d10-s13503-B400,flow,1,[8],166943453,450,11.561619397252798
89f71b352b9ed8e69f2048fac634817ef893617a6b358a533d16ed6c6281d3cf,benchmark-heteroscedastic-d5-s41004-B100-semantic,flow,3,"[1, 2]",167189302,300,6.794467126950622
89f7cb18dd5a88c8d68a83c959b2b2e6506bd69d5183dac711ed2b1eeafb650a,benchmark-linear-d5-s11004-B100,flow,2,"[3, 4]",167234329,400,10.520067451521754
89fc65eb090a47fe8271cbc396ce0b5206a0f616dda1f10fd2a20a9ff31c704c,benchmark-linear-d10-s11505-B100,additive,6,"[3, 9]",167536108,1000,3.9352179765701294
8a01a5ff5e362bf085f6036b9d12ed64b4d98b867cf8e4e1ac9db1b2a09708cd,benchmark-nonlinear-d5-s12001-B100,flow,4,[1],167880192,300,8.007920324802399
8a6395f86fe88c8fed5d6e47e8b1f84535d86960cb49bc36676b7c132e6eef24,benchmark-linear-d10-s11505-B100,additive,5,[],174298617,300,0.5202682726085186
8ab8d00d72b99f8e75f32f243aa14dd9477fa551741b946d8260e57d520326e0,benchmark-linear-d5-s11001-B400,flow,1,[2],179884046,500,13.0962143111974
8aebe08ec453f99c9eef80b836ff76600e2076268a8e47a4d4cae2fa8daf9c3a,benchmark-nonlinear-d10-s12504-B400,flow,9,[2],183230607,550,14.985396781936288
8b4d37918c1649eca1aa7c77c44467fd4bfc31d6d78da0ac122cc7c5ee483347,benchmark-linear-d10-s11501-B400,additive,9,"[0, 1]",189609874,1000,3.893942818045616
8b6204d5b44abd793dfa5b4c3ef381b43106d5b2ce2266b595041a73fd135c0e,benchmark-linear-d10-s11505-B400,additive,0,"[7, 9]",190973142,1000,3.9693183433264494
8b6520e7b38182c225c9395ceafa713d6e28a12721b217a0f2da7c63fcf91362,benchmark-heteroscedastic-d10-s13503-B400,flow,9,[],191176936,950,21.69445112347603
8b9a37b61ba17c9dac23bebb421af4f80f23ec0b2177010aeaf39bc07bebadbe,benchmark-nonlinear-d10-s12505-B400,additive,0,"[3, 7]",194656183,1000,3.9891627989709377
8bc6eeef71572f4dbf6520a67e99f70d21c9af83cbd88339e4a47ce223bb50c7,benchmark-linear-d10-s11503-B400,flow,1,[3],197586672,400,10.818743787705898
8bd2b769ceadb82dd969b7a517dcf18271f161ad854491ccb82fde29a8fe286d,benchmark-heteroscedastic-d5-s13001-B400,flow,1,"[0, 2, 3]",198358890,700,17.23227533325553
8bdb91f5ce7353247a071921f7f9afc6fd7985add722de0774d9073ca614e51d,benchmark-heteroscedastic-d10-s13502-B100,flow,3,"[1, 5, 7]",198939126,550,14.159214140847325
8be44eabc86fca4ae6e28853ec5d2d2a866f71cd09090254414a5043533719fb,benchmark-heteroscedastic-d10-s13501-B100,flow,4,"[2, 6]",199511724,300,7.873490961268544
8bec471a33e46da36c792387dff385e9560ad79f803bbd03b59d2d24f4a2f9ba,benchmark-heteroscedastic-d10-s13502-B100,flow,3,"[1, 5]",200034075,500,12.738195920363069
8beea0c8f8b112712461f53c50e0043a07778ad8f15c29ce976bebdfb572c26f,benchmark-heteroscedastic-d10-s13502-B400,flow,5,[8],200188105,300,8.65906910970807
8c0ea4556e5bfb867a8a2ebaa6fc8abb79d0fd90aee180b9b7a90b1f867fc1d6,benchmark-linear-d10-s11502-B100,flow,9,"[3, 4, 6]",202286166,300,7.597577283158898
8c107d406c6e22915052ed5a807823f6cb871c96b8ba1bd97f4216af042ab9a4,benchmark-linear-d10-s11504-B100,flow,0,[5],202407233,400,10.56309118308127
8c4611282ceaf87bf94c9d4c697cf911b08938601579b8704b1ef6ab6962a867,benchmark-linear-d5-s11004-B400,flow,1,"[2, 3]",205918505,450,10.606162708252668
8c49e0958a2c2e6e321179d0ad0b193ad36dda2dba0675f9dabea1e4d60fce63,benchmark-nonlinear-d10-s12503-B400,flow,8,[1],206168214,750,21.777391850948334
8c8d547fc1f1c8378501382fe4825f5a5b416b1a3751e689574c72bb5bbb4543,benchmark-linear-d10-s11502-B400,flow,7,[9],210588800,500,13.781191555783153
8c91595d3187824590cecb7cb1ea6b0acd87681889328eb5ac683ce2a9264f03,benchmark-nonlinear-d10-s12505-B400,flow,8,[2],210852190,450,11.519785661250353
8cd7172795e8c6853281deb159d4cc42b862319a8771e23c2407622f8a7742bb,benchmark-nonlinear-d10-s12502-B400,flow,0,"[3, 7]",215422760,400,10.043880807235837
8d0a75f353db8bfaeef57fe88e44af72c7f9fea71141783e4bcb25f04642bb77,benchmark-linear-d5-s11005-B400,flow,2,[4],218789364,300,7.40438961237669
8d3651be4800fdec9c6dcfe5a8434dfa2a5bfbbc05a384d252c675ed1b31c0c8,benchmark-linear-d10-s11504-B400,additive,9,[5],221663679,850,3.4357305094599724
8d3c03e46485ff0d628d952fb181f1bafc880b3da6fa8bbebc85422a25971fcb,benchmark-nonlinear-d10-s12501-B400,additive,8,[3],222036965,1000,3.980373790487647
8d3e3b8bab81837c0728ea6f1c17ca6ad95c68303b6212b519f80c4605495632,benchmark-heteroscedastic-d10-s13504-B100,flow,1,[],222182284,300,7.003378096967936
8d4696dd6b18a4b100373ddea1d2d02f16a3324e2e9a6b704d8557c6853743ae,benchmark-heteroscedastic-d10-s13504-B400,flow,2,[4],222729950,350,8.9586948659271
8d5727f41f52eb49bde8ff4c65316d25025010fd3716be2ea6c2a9bcbf2bbf69,benchmark-linear-d5-s11004-B100,flow,0,"[1, 3, 4]",223815669,300,7.592608239501715
8d892086100317c21f29e83f0bc50588fbde2ba32fb1205ec2a4e69adeb2d8eb,benchmark-nonlinear-d10-s12505-B100,additive,8,[],227090567,300,0.49457817524671555
8da64e3dc68631542a288a8e8a61cf357205bfe8876cd2ddd795e6a8cfb47405,benchmark-nonlinear-d5-s12002-B400,flow,1,[3],229002814,450,10.92245052754879
8dc7df723d6f5ba861fb9421631661d53826188228c232a31c61bea8fe599ab7,benchmark-nonlinear-d5-s12003-B100,additive,0,[4],231202675,400,1.5393719710409641
8df13d6378e64821c01e9b33a782f05d92f255ae0dc7a37a4535ec4eccb47baf,benchmark-linear-d10-s11501-B100,additive,0,[1],233913700,700,2.8315574526786804
8e21a6f3d62d13c25a7df8293cf15f17aa64690d57d7565473a7152ccec7f668,benchmark-heteroscedastic-d5-s13005-B400,flow,0,[3],237086452,600,12.590947207063437
8e2a1b3457d2559397151af6f03586636e0a66abcc693bbb92e5be57d0c6d050,benchmark-heteroscedastic-d10-s13503-B100,additive,1,[],237640501,350,0.5800215788185596
8e2ac6bd4fa29cb3d9390b9cec5f34d349e1b8ffb47e7a23e39d548aa0ae2e79,benchmark-linear-d5-s11004-B400,additive,4,[],237684414,300,0.5122474581003189
8e2d81b0a85ef1dc50c435f562b3b994b0af8af281f29f6d4f9eaa22f8476805,benchmark-linear-d10-s11501-B100,flow,3,"[1, 2, 4]",237863345,300,7.614906620234251
8e35140544209df4c8692a2ef35caf5cf892ef57958516544c1ecef78dc8b006,benchmark-heteroscedastic-d10-s13505-B400,additive,2,"[6, 8]",238359558,1000,2.7267015539109707
8e7171866a0cf11d4ffbeede71767745c018cf0dc442fdaab3905fb2d18d51dc,benchmark-heteroscedastic-d10-s13505-B100,flow,2,"[0, 6, 9]",242315655,300,7.206587679684162
8e766076d8a46965545efa34a020b448d5fdabb8b91304c758f5c11867a19e82,benchmark-heteroscedastic-d5-s41005-B100-semantic,flow,1,[],242638967,350,6.338345235213637
8e8c626600790673e6d4ffbf97a08ccdf99cfb5b8a484cf0d52e870a52fed00d,benchmark-linear-d5-s11001-B400,additive,0,[4],244081255,1000,3.8908739183098078
8ec70a2760c0e43033d54f55dfe119ca95fd86fcbf6253e96e1110a8a2794f47,benchmark-heteroscedastic-d10-s13503-B400,additive,0,[6],247925288,400,1.735583532601595
8ec976991f1c3475dc0d2580cdd7cefce0c44131154a82da0ad1ee8cd823f8d4,benchmark-heteroscedastic-d5-s13001-B100,additive,0,[],248084122,350,0.5633581299334764
8ee8e16852e2d760ab05a015be69b288f9d22ec82de1f6ea8e919f22be443212,benchmark-nonlinear-d5-s12001-B400,flow,4,"[0, 1, 2]",250143081,350,9.02646354585886
8f0681956e4c107ce6b02c3088a16c42495fa294b5d2a3b48488ee603758f049,benchmark-linear-d10-s11502-B100,additive,5,[1],252084630,1000,4.095041861757636
8f165a5781d9eb4e5c0fda74222d67df69781cf7d3b31d18400524f0cb813829,benchmark-heteroscedastic-d10-s13502-B100,flow,4,[6],253123160,350,8.328454084694386
8f1ce7009cbc1f27afcc36b0bcbac84c08fcdd431677022ae26555f35a3e0889,benchmark-linear-d10-s11503-B400,flow,8,"[0, 3]",253552385,650,18.897817093878984
8f60a4c6864aaee5988b0aebe5319c434f3a4b4a13f0203fc39d64ae47907706,benchmark-heteroscedastic-d10-s13501-B100,flow,6,[0],257991879,350,8.884582513943315
8f7f007a0e305dcba70dbc47d1040908547920a25dee037adbd38da0fdf8c761,benchmark-linear-d5-s11001-B400,flow,1,[],259981435,600,13.202720269560814
8fac16529aab5fbee62515e877a0c4edd2feb9dba280317814d29faaf453ef61,benchmark-heteroscedastic-d10-s13501-B100,flow,4,"[1, 2, 8]",262936147,350,10.316320486366749
8fae3b97c1aa9164eb423a869e142e8044fbc52ce1c5e646ebe451b444c327ae,benchmark-heteroscedastic-d10-s13501-B100,additive,3,[2],263076760,700,2.6511067915707827
8fc4ae8e260bcb0afade24c3810038d2b99b7bcce7dd57a863204a68beca9e7c,benchmark-heteroscedastic-d5-s13001-B100,flow,2,"[0, 3]",264547983,550,12.887020470574498
902417625a086b92464a8dfa7d1fe649a1056ccf62408c18b03193adf25599a6,benchmark-linear-d10-s11502-B400,additive,8,[],270800739,350,0.5862421616911888
9028881abd84123cd9665075dc647be2e328b7e63122e95a7dea7ac0f58f6c8b,benchmark-heteroscedastic-d5-s13005-B100,flow,4,"[0, 1]",271091739,300,7.607043661177158
90623027430966f8def5d4056e6df8753e0b758401d69afb36347f666feefbfb,benchmark-nonlinear-d10-s12505-B400,flow,0,"[3, 4, 7]",274870312,500,12.816673528403044
907f754e39d12ed12f35e8957c4b2dc98d23527ebdc05bd5f709e9da431b4610,benchmark-linear-d10-s11501-B400,flow,3,[6],276788559,400,10.867454774677753
908fc2499be5d9c31d18705519f586334f35aec409f85d3bb526e40f8dcddc9d,benchmark-linear-d10-s11503-B400,flow,8,"[0, 2, 9]",277856842,500,13.708229063078761
90baa03433bab6edac8bff2a3b744f7443bee4c91e9dd567903e1eab374f58f1,benchmark-heteroscedastic-d10-s13502-B400,additive,8,[],280666165,1000,1.5771531127393246
90cffe9ef7e2123c93bd24463a0c163c1f280eefc2ca22e813723c94befbbcc0,benchmark-heteroscedastic-d10-s13504-B400,additive,8,"[6, 7, 9]",282066591,700,2.741193752735853
90e2914c7375824c1c48554b11e2bf60f39fe4626678bfe2369ad18f23173de7,benchmark-nonlinear-d10-s12503-B100,additive,7,[],283283789,600,0.9768510032445192
90ebde31e3ceb1b579668ed39902b50203afcd4276aa864d43900b273566fa88,benchmark-linear-d10-s11505-B400,additive,9,[],283893298,350,0.5840977691113949
90f759dfcdd7f0905554bf894de1e41db369c99d2043a01ec44fab1691744034,benchmark-heteroscedastic-d10-s13505-B400,flow,8,"[0, 6, 7]",284645856,850,19.160084176808596
910c3fde4ecab0ee8474cdfac8d3f815fe704058641bf1f2cf17093bd70d2937,benchmark-heteroscedastic-d10-s13505-B100,flow,2,"[6, 7, 8]",286015455,400,10.213516486808658
91579aa663937a17b43b0066541481ce0fd78f84b062dab293811d51e639df95,benchmark-linear-d10-s11501-B100,flow,2,"[4, 7]",290953895,500,12.885852072387934
915b9b4a6e235d1f47c1f12431bc39f7a7dcbf3d61864a24537bb53f39525b75,benchmark-nonlinear-d10-s12501-B400,flow,5,[],291216203,300,7.469071896746755
9189584d03cfcd7c4f95b0da2e23062d69d809470aaf87595d914c1b2cb32abb,benchmark-nonlinear-d10-s12505-B100,additive,0,"[3, 7]",294213710,850,3.3223433271050453
9194edc2ad85e13c8c52dc37aeb05128535124bc42314d27403a8935a31ab28a,benchmark-heteroscedastic-d10-s13503-B400,flow,6,"[0, 3, 8]",294972867,350,8.89829346165061
91a344e1077656fad637d625ba159e50f20874950de043c771185dbbf3c0b834,benchmark-linear-d10-s11503-B400,flow,0,"[2, 7, 9]",295912674,500,13.290576934814453
91bbd2b6d4f332ed44df76a7016c7196009ed76026d2db8cade7c701bcca4790,benchmark-linear-d5-s11005-B100,additive,0,[4],297521847,1000,4.075095489621162
91c16bbbbbf24f0c64fa2d5f1c5fa29b44f1512280aaf852c5e71cb42895630b,benchmark-linear-d10-s11504-B100,additive,6,[7],297888700,450,1.8305858429521322
91cea0d6b60e1fc739b4ed3f6fe419348b3522339f0b8893402197c7241c70db,benchmark-linear-d10-s11505-B100,additive,9,[],298754263,300,0.49101353622972965
91d34383ea358b874974439a7819eb0bcd0738d9ae2446ab91fad1ae45740f62,benchmark-nonlinear-d5-s12004-B400,additive,0,[],299058052,350,0.6063737124204636
91d3b1709510c47466cc4b79e5344c9b0d27d6e8fbb870ae48691c378db2e168,benchmark-heteroscedastic-d5-s13005-B400,additive,0,[],299086193,300,0.5111043322831392
91d8329b6a954aaf60568a63254211c14dff42520f19585fee4bb811614c1f20,benchmark-linear-d5-s11003-B400,additive,3,"[1, 2]",299381404,350,1.346700008958578
91f899094b48f0cca44dfc660bff05aa736d8ee31ac1a8d784de16f5e90d819b,benchmark-nonlinear-d10-s12503-B100,additive,5,[],301504778,650,1.1970535330474377
9202fadf4c1ad2faf50d6ad5add54a7769049f55ad8b84de3bb3a1969538d993,benchmark-nonlinear-d10-s12505-B400,flow,4,"[1, 6, 7]",302185184,400,9.255923299118876
920a921f0518f346071f8a1873fa0741447bb3f38f299c762d6359d6cbed94f9,benchmark-linear-d10-s11505-B400,flow,6,"[3, 5, 9]",302682656,550,14.16020818427205
921861572506fb1efb288f632a016667492f2e8565800b25e4db520173c21b02,benchmark-linear-d5-s11003-B400,additive,2,[],303587672,900,1.437549389898777
924049520c4a91367d4d5944e97e6402961e0b99fb7ec5211a2530c844238bfb,benchmark-heteroscedastic-d5-s13001-B100,additive,2,"[0, 1, 3]",306202963,550,2.1613308787345886
9241f863cee83bf15ec61996cefab25d1733a815c3fa5e5a4b1b128b595babca,benchmark-linear-d10-s11503-B400,additive,4,"[2, 5]",306313316,1000,4.289630627259612
92661be736de774d13fb34bdf28943bf51ff07b8536536ae784ded88b1adfcdd,benchmark-nonlinear-d10-s12503-B400,flow,9,[4],308681704,350,8.503136994317174
92892fcab2a982d550c935a3d2a0ac3a9f1dce856c894c341f7561eb4f18bb3f,benchmark-nonlinear-d10-s12502-B400,additive,0,"[3, 7]",310980555,800,3.1115110386162996
92a9d02bdebcbd2c4b1e1ff1e678037d3c29514f9b31ae0397a7e2d7d5e1d035,benchmark-nonlinear-d10-s12503-B100,flow,5,[],313118764,1000,23.343031331896782
92af35e6e041ee38ba65b51691bf23cde6d7f09a4dda52f0e2a053f50d8e9888,benchmark-heteroscedastic-d5-s13003-B100,flow,3,[0],313472487,300,7.998754549771547
92d60d9ffbc5d817bfb134a14b6ea6926c93c202505f30361cb889b7a64751db,benchmark-nonlinear-d10-s12505-B100,flow,6,[],316018080,300,7.325417634099722
9312d94297041e870d582d640facfd47537122518a01d50bbe9cf1ff686fa20a,benchmark-linear-d10-s11505-B400,flow,6,[9],320002371,500,12.081028239801526
93201acca2b9f051741752f5215dfd7f74f69e0810470203ddfed6d4a35fc06f,benchmark-heteroscedastic-d10-s13502-B100,flow,8,[],320871117,300,7.199138009920716
9327c981b49d2834065df5df58b411920a3b54d84bf7ca5019fa8197996923fb,benchmark-heteroscedastic-d10-s13503-B100,flow,9,[3],321374594,550,15.18919545225799
9329b50a30d58fb3a618ee951320c788711333fcefb0d17fbd3b2ae1d3728113,benchmark-nonlinear-d10-s12502-B400,additive,9,"[1, 4]",321500427,700,2.6865530237555504
932bdfd56ea756e3b806b60c95d39acabf4410c79ec28444b4d83f5035780c6d,benchmark-linear-d10-s11501-B100,flow,4,"[0, 1, 6]",321642454,300,7.884009333327413
93738f3f81ae03ff3375dcc955ba18b7cb3a79c95a18e384f78d4dc53da0886d,benchmark-linear-d10-s11502-B100,flow,9,[3],326340416,550,14.058118471875787
93a3bc1dea6a3e6def1b5396239ef2083d52587cbad98af0b77b38878a4c1510,benchmark-nonlinear-d5-s12001-B400,flow,1,[0],329497630,650,17.25673737563193
93b6301bc8d046e15d440d05b8eb1b10c0fc338d45183d2c5441a15444618f17,benchmark-nonlinear-d5-s12002-B100,additive,1,"[2, 3]",330706972,800,3.262501709163189
93baff34cf535b7283cacbb5ce0f1e20dbe8ba53f9f103ea86be6cf2c8fb4181,benchmark-heteroscedastic-d10-s13505-B400,flow,6,[7],331022133,700,16.64025759138167
93cd91b4224bbd29fd72ca2dc6e3a7961ed1c9b71005c3552395e0050d0ca826,benchmark-linear-d10-s11505-B100,additive,8,"[2, 4]",332239285,1000,3.9682041611522436
93f5f8393daedd5dad5b67035aec37d20831e99c076ec4d445c874cdd52d81bb,benchmark-heteroscedastic-d10-s13503-B400,flow,5,[9],334886970,350,9.346807695925236
93f9e0e9439fa355c3baa35797d4e08e6c415a1e7a35166a53c18d67c8793c5d,benchmark-linear-d10-s11505-B100,additive,0,[9],335143146,1000,4.049299323931336
9413424aa94ad69eaaa1bafc683fc5d385e2be483223e0f1c794f62a88b712b2,benchmark-nonlinear-d10-s12504-B400,flow,2,[],336806475,550,12.560310781002045
94204e794b1c7a3c8519576abc8c241123d1811cd21b62b300085687349fb1d6,benchmark-nonlinear-d10-s12503-B100,flow,4,[],337661562,450,11.446653874590993
94414cfd89c7d28c5188013299c02d321e76c912d37bae6ebe8fd177f06ea6a6,benchmark-nonlinear-d10-s12501-B100,additive,6,"[3, 8]",339823870,400,1.6262127496302128
94606586590ce78d785c708a79740a222dcb0f445c41ee0b70f588b81fafc4dd,benchmark-nonlinear-d5-s12002-B100,additive,2,[],341861767,500,0.8699926715344191
94a9dd40951e12bf2f010d3ac4c44104478132cb4c80158ed05701dca98fa6af,benchmark-nonlinear-d10-s12505-B100,flow,4,"[1, 3, 6]",346676545,400,9.352857803925872
94c151ca323c9395894a85fe02a65c0717b1fb3e46c23b1724e09ea83ecbde9a,benchmark-heteroscedastic-d10-s13503-B100,additive,6,[],348213707,300,0.5010410994291306
95004991d3b81b1c29bdb10f9eb1664e45d6943de8cedb6eeaf9b085e3f0e09a,benchmark-heteroscedastic-d5-s13005-B100,flow,3,"[0, 2]",352340370,300,7.900512244552374
9500afa1706919a25c41c6dbf57d0f901d5ac0834c51d4593701cbd4b71f3169,benchmark-linear-d10-s11505-B400,flow,3,"[4, 5, 9]",352366498,550,14.62078264169395
9533f89e0ec15e13134a0be5dee2a646efa42229a051f2f538ea9ba449becbd7,benchmark-heteroscedastic-d10-s13501-B100,flow,1,"[4, 5, 9]",355727519,300,7.945715885609388
9543476f471bdac12c9d5f0e35daedffd600ec999bb4b8dc89c9e0dc18774826,benchmark-linear-d5-s11005-B100,flow,4,[],356730736,400,9.244591247290373
955a0d7c013f0d05dce8c75603d9f32da61838fb49dd8769726dfb5704dd9344,benchmark-nonlinear-d10-s12503-B400,flow,2,"[1, 5]",358223229,450,11.711940543726087
95621cea1faf95a3f13138683ed9ff9c570df97f66e7769c87786bf241052421,benchmark-heteroscedastic-d10-s13503-B400,flow,2,"[7, 8]",358751467,400,10.134742917492986
9562a91ef037a016ce8799040a896959a7dd58e5537057dd97c65aa976f2abb9,benchmark-nonlinear-d10-s12505-B100,flow,1,[3],358787359,450,11.622618181630969
9582a09d950a14258f4acabb2ba7d9003464b6f5dca6e982a8923bc70f30ad2e,benchmark-linear-d10-s11503-B100,flow,2,"[7, 9]",360882334,350,9.369223767891526
959713c8683bc1f0f4040a64e78da6f26071234d469a5b3dd26177b8cf2c43fe,benchmark-linear-d5-s11002-B400,additive,4,[],362222537,350,0.5824253801256418
9598acc4641ebb80e9c1c760a34b2c6ab8b0885979d9fba9a6ed4c735166ff20,benchmark-nonlinear-d10-s12504-B400,flow,9,[6],362327237,400,9.724100042134523
95ab70a77830b0e80f22f71c02033c077c662fb60406e3d9586be669111147e5,benchmark-heteroscedastic-d10-s13504-B100,flow,8,"[3, 6, 7]",363557032,500,12.868134036660194
95d302961ec1c001faf88a7bd3fd6767c42f6c891d123c08ac8e2d82fdf65f83,benchmark-linear-d10-s11501-B100,additive,5,[7],366150295,400,1.5554306171834469
9602120a4ffd4c6e7a9abac5f46be8b7e64c0d5655169f7b865ffa0c0c134908,benchmark-linear-d10-s11503-B400,flow,9,[7],369234443,350,9.37309411726892
961eb70bc186d57b64950bd4b64c0f3dfbc53b5fa80ad38b0dc79f45f2ff8e20,benchmark-heteroscedastic-d5-s13002-B100,additive,1,[3],371111692,400,1.5640300009399652
96314edea7a39384d0389c0d35e350bd88fd1433588010e5541eb46c38cae935,benchmark-linear-d10-s11504-B100,flow,8,[6],372330207,400,10.357821883633733
9648852c09f69576579f3448ac2b866aa5e4fd2ac438c55af27257fe97647173,benchmark-linear-d10-s11503-B100,flow,7,"[0, 9]",373851437,600,15.124674705788493
9650690365a19bdafebb624256d047b535f9cce6f3f0ecb28ea2026a56903a0a,benchmark-linear-d10-s11505-B100,flow,5,[9],374368516,350,10.746392704546452
966506eced295edff6963c5af8be47fa0f3613901f3a7526a4566e5f65514ac5,benchmark-nonlinear-d10-s12504-B100,flow,1,[6],375719661,300,8.992251355201006
96703e585fff0db9ad7d51881d843adceb3c185ec6a4681d8e841da0440b384d,benchmark-nonlinear-d10-s12505-B400,additive,4,[1],376454745,1000,3.9461624659597874
9673eea2e193bddec70581fe1973bdea146ff3d320cf09c6adf5499b6f84bf97,benchmark-linear-d5-s11002-B400,flow,2,[],376696483,400,9.325475892052054
967e94115d8d6c98d840d6f010e3b65f9d4599006c19cd6bda5969c6bf74436e,benchmark-heteroscedastic-d10-s13503-B400,additive,1,[8],377394194,450,1.84830935113132
9690d4d5c6ed30570870fdc936ffd0b23d8512538d2e4e88e7a1933570285a63,benchmark-nonlinear-d10-s12502-B100,flow,8,"[1, 2, 9]",378590422,300,8.201645759865642
9691618c4e811279605d07e1ba743fe0658774271a81d5ed7521d4f0d46c8277,benchmark-heteroscedastic-d10-s13501-B400,additive,9,[],378626445,300,0.4866822436451912
969e53a8851c8f10daaba28d70a1f97411df011105355d083216facdc876fb49,benchmark-linear-d10-s11505-B100,flow,5,"[4, 9]",379474857,500,12.58799541927874
96c62f02ae7693274b9b063101b7595b921d615d2429b1010eecfaa7b414b433,benchmark-heteroscedastic-d10-s13503-B100,flow,2,[8],382086915,300,7.83346426859498
97030a337b02e5cf129c465fe8f02b34798aa0a77b0b1770aae17bcad6b2165e,benchmark-nonlinear-d5-s12002-B100,additive,0,"[1, 3]",386075188,350,1.4066156893968582
9709d726f5a4c8b78da0f84e049f70fda7075ad9e89ac7854b8bfe2caa9094c2,benchmark-heteroscedastic-d10-s13505-B400,additive,6,"[0, 7]",386520871,1000,2.7256341986358166
9720f13593ea77856294341f46ee246e210f1ca03230a5b4f37e33cddd73f332,benchmark-linear-d10-s11501-B100,flow,5,[],388034870,300,6.832279164344072
972ad54c8224045520ee20904ea4cb665ac6a3725446db634f9cca53b3c5caa2,benchmark-heteroscedastic-d10-s13503-B100,flow,8,"[3, 6]",388683085,500,14.11403607390821
97406ad472a76d19dcb79c84de8c13e9d69ebe60174984dddb996ab2eac3222b,benchmark-heteroscedastic-d10-s13504-B400,additive,3,[],390097621,850,1.420375956222415
977a812b452a8d9d6a50146a82eefa6c9d910bdb79402b7317f39f6016f07a1a,benchmark-linear-d10-s11501-B400,flow,8,"[1, 2, 9]",393904428,600,15.66488105431199
977b5226fc02b4f5dd87bf6853cef554c3b7659097902f2aa3d2d608268327cd,benchmark-heteroscedastic-d10-s13505-B400,flow,7,[0],393957927,600,11.721065010875463
977d198165608d334f87b4a17c6b74d11d2e1df029a17400bb1e2432a53e197a,benchmark-heteroscedastic-d10-s13502-B400,additive,3,"[1, 7]",394074498,1000,3.767656685784459
97861269392decd61d30bcd520fcad5ae58da8a1174b94143032e80a2c052f4a,benchmark-heteroscedastic-d5-s13005-B100,flow,2,"[0, 4]",394662506,350,8.689501907676458
97a5d253cd5038da6d1a376a683ae432cb71e3f8dd603999637c6b8a66b5e16a,benchmark-linear-d10-s11504-B100,flow,1,[2],396743252,450,12.025030121207237
97be94c209a10caab408367dce03e4a17fc0bdcdcef63b467c9894dd2ed302ae,benchmark-linear-d10-s11503-B100,additive,3,"[2, 7, 8]",398365891,1000,4.22962112724781
97d2361db7524944d624b0f5a525756ec326ace481470d310e143c3b6547db47,benchmark-heteroscedastic-d5-s13004-B100,flow,0,[4],399652382,450,9.963468238711357
97ecadf0e4a7904d053aaa1a6148555ab510d17c219bef44ab3f4f095f5c3d3d,benchmark-heteroscedastic-d10-s13501-B400,additive,7,[8],401386993,750,2.902047364041209
9802a3ea05bafa3b231c3f8e14eb87f49fdd013690e576fb38aa2d3ee0d3e0ff,benchmark-nonlinear-d10-s12501-B400,flow,3,"[2, 5]",402826219,650,16.49535344541073
98064c8acfb0c5aed0711f974e1e6075740e89f5ec133a20a5b8407e67a69e1a,benchmark-linear-d5-s11002-B100,additive,2,[],403065995,300,0.5208373051136732
980ab576841e203244f5b24d8ee2d26170b6acc70d41009e67c767cc22cb837b,benchmark-nonlinear-d5-s12004-B100,additive,0,[2],403354999,550,2.1238343119621277
980dc2d92c21269bec6bcfd3900210bf3c309855a7cd864cce9c86184bc014a9,benchmark-heteroscedastic-d10-s13501-B100,flow,1,"[4, 9]",403555034,300,7.819142816588283
98456152e8c58490da3c2e69fcb6ad6c8f1ab086983a6d65a3b9d57c55839aa0,benchmark-nonlinear-d10-s12505-B400,additive,5,"[1, 3]",407200083,350,1.3055413831025362
984ef20e726525c1c0c8be685b292aeeaf17b19474cbd9add8d9c80dad9dd170,benchmark-linear-d5-s11003-B100,flow,0,[2],407826959,300,7.793790074065328
984fa6e05b1f3e2b7923398cf90408d596cf448e3c1285d738b4818f0cd2e88c,benchmark-linear-d10-s11505-B400,flow,4,[9],407873249,500,12.876449752599001
98852a4e72910684248b11033ebcb69e5b54e026b2e39dc795f1db4e979e2275,benchmark-nonlinear-d10-s12503-B100,additive,8,[],411380303,450,0.7140180356800556
98a56ebe1df5706f7c402d66dcf6b5a3e13c2c26b67b1c05f3ba6d29f9113a3f,benchmark-nonlinear-d5-s12001-B100,additive,4,"[0, 1, 2]",413494975,600,2.3476105388253927
98b0d026dba436e43b4e63dbf7f04374c99acb72243368ffbd977a1f57c3086e,benchmark-linear-d10-s11505-B400,flow,4,[],414240807,500,11.736081147566438
98b4370215f4571546694b16185fceca3577093de4ab79e823677872416c8b68,benchmark-heteroscedastic-d10-s13505-B100,flow,6,"[0, 7, 8]",414463747,350,8.966311352327466
98bbf7578c159e5d7bcdbff395d1f0ec819bca8704ae112f8dd0c5a450139c2f,benchmark-linear-d10-s11504-B400,flow,6,"[2, 3, 8]",414971736,550,13.609841780737042
98c3e49d1c86304b3a6dcdf41402e8ba769d8786013e07afa9963d3eedbc148c,benchmark-linear-d5-s11001-B400,additive,3,"[0, 2]",415491230,1000,4.065997565165162
98cf8c9ba5453ce9fbe677855fcbfae15c5cd0046ff45a159d183f419f031f3d,benchmark-heteroscedastic-d5-s13001-B100,additive,1,"[0, 2, 3]",416255132,1000,3.833001444116235
98e8beaaae7a88e3e74b103b7e115b77d02b3a1323602f17bf188739f84dc452,benchmark-nonlinear-d10-s12505-B100,flow,7,"[1, 4]",417906347,400,11.192574474960566
99241694189c749bd7428181654b017904740657090327e9c5c5c9b8f01177d8,benchmark-heteroscedastic-d10-s13504-B100,flow,9,"[4, 7]",421795477,300,8.177386116236448
992669b1ff3951acb26279d3b87132df243fc3aec6ae1ef5e289425b767c647b,benchmark-heteroscedastic-d10-s13504-B400,flow,7,"[2, 9]",421947826,450,12.133545195683837
993a9a2e8bd5c90e90c2a5e82150d18e002bf0983fa4c30c9e757b7d76c1c6bb,benchmark-heteroscedastic-d10-s13501-B400,additive,4,[2],423270959,750,2.951677929610014
9945a61b6f4a7671309fd342ff74706122fab57b8fcd62d5b0f5ee137daeb9d0,benchmark-linear-d10-s11501-B400,flow,4,"[1, 9]",423994908,350,9.290885247290134
996112033f543f9e6af151b3c17a5cb594848019a8f7db940dc978ba3ad54753,benchmark-nonlinear-d10-s12502-B100,additive,6,[],425792004,850,1.3812127783894539
9994578b0f8fc4194b902744e1122c862f98ac0266f40b2a2977c443d9d9926f,benchmark-linear-d10-s11503-B400,additive,9,[7],429152140,1000,4.088343035429716
9997444f16cc84222739b931d934022000ca7e35ff78d50c3aacced65ee23342,benchmark-linear-d10-s11502-B100,flow,5,"[1, 2, 4]",429343824,300,7.571731900796294
99981661d11a93bf16b6fcdff5ac52f6e8535b1814603561282091bd97215d74,benchmark-linear-d5-s11001-B400,flow,2,"[0, 4]",429397602,350,9.346177313476801
99dccd9964f2104c8605b2a8ebd9e2e12a01b5bce6c0229039425a634957f323,benchmark-nonlinear-d10-s12504-B400,additive,3,[5],433900954,900,3.4982943944633007
99f09655811ec97575f07af34c9107abfcb1acc279a9e7ae521d704d97f18926,benchmark-heteroscedastic-d10-s13501-B100,flow,3,[],435197526,450,11.712296299636364
9a463ab20a769528928fe778bff7b05e36311494765bdcc5411a69c372ccfc8b,benchmark-nonlinear-d10-s12503-B400,additive,3,[6],440810163,300,1.137415923178196
9a4e66d32249d6d7e76675584b1a44e6caf621e1a2290291eedaf0db41381982,benchmark-linear-d10-s11504-B400,additive,1,"[2, 4]",441345748,1000,4.043207377195358
9a6f436c10c8596bc0f094937ff8b3e6f6c13b42acb127684771c2ab77415345,benchmark-linear-d10-s11503-B100,flow,1,"[0, 3]",443499373,300,7.685633769258857
9a8b0a074c42961a2710388bb213add1e4bc782cd5fd11c46e3ac292d2417405,benchmark-heteroscedastic-d5-s13005-B100,additive,1,[],445319688,300,0.5270409192889929
9ad386486d2be30ec1504799b7b7430d22de0392813ddd6295df797f82863aaa,benchmark-nonlinear-d5-s12004-B400,flow,2,[],450070089,1000,21.82220384851098
9ada15441f66783ba768941004e75ae5f75333c5b24eca89885c82d4542a6a6f,benchmark-linear-d5-s11005-B100,additive,3,"[0, 4]",450499909,450,1.8902548011392355
9b2e085c223b0ce40ea0e27714754ba23f4456838e29708491a96bf3df29c962,benchmark-nonlinear-d5-s12001-B100,flow,2,"[0, 1, 4]",456001629,300,7.535085938870907
9b3e5164250c6b15f2d94156ab3291590a8c5fef7a19843658594ab7c34ddd4b,benchmark-nonlinear-d10-s12501-B400,additive,6,"[3, 8]",457068901,700,2.7090955767780542
9b578fc6455bcb97010f756cfab7ab316812447c4bdc06c7b281a015b722171a,benchmark-heteroscedastic-d5-s13001-B100,additive,2,"[0, 3]",458723271,1000,4.371602987870574
9bab1da8d948b6a96299a75b4080aad0d6d4ebc2afb2e91148bfb4549ef36b88,benchmark-heteroscedastic-d10-s13505-B100,flow,0,"[6, 7]",464199081,350,7.836660284548998
9bb9b9a05ffa1b40334add96da72d84852bf942264353326bbd4a7f813cdbd51,benchmark-nonlinear-d10-s12504-B400,flow,1,[6],465156513,350,9.782207870855927
9bef26a51c6d4d685f0d6e7e2c757e5a5574c993ed3313b1cee6bf4a5c11e11a,benchmark-linear-d10-s11504-B100,additive,2,"[3, 6]",468657830,1000,4.40404568426311
9bf6cc7181d9ddf649409bd740f6eede30791fbc3a5463d0ece1df0058880e38,benchmark-linear-d5-s11003-B400,additive,3,"[0, 1]",469159026,850,3.7143416311591864
9c41da71e94bdfc5a5637ff3dc4239c0e604e7ac162732c10a908c90acfb3417,benchmark-linear-d5-s11003-B100,additive,3,"[0, 1]",474077810,1000,4.389159074053168
9c5d1dee1c0a70a0c764ce7402eb52c4c988aa5fee1b70a6c18452f510b6430c,benchmark-nonlinear-d10-s12503-B100,additive,8,[1],475864559,1000,3.9291528277099133
9c6819893940529615e7ba1287cc008c3e6037c0098f567963ffb642715f4276,benchmark-nonlinear-d10-s12502-B400,additive,6,[],476584330,350,0.5743037816137075
9cb3a449fd60595f49078508351c01ca26a9e48b8ea6d3c6eb087e5155258ac8,benchmark-linear-d10-s11501-B400,flow,6,[3],481535050,550,15.90792708285153
9cd209554881bc2cc332759a1648b9e6643597da4011508dcc4737037d4c08c6,benchmark-nonlinear-d10-s12501-B100,flow,6,[],483526998,300,7.140848705545068
9ce72f989c0b441126cd51eac659f1c39e125235016cffc763833532967d1897,benchmark-linear-d10-s11505-B400,flow,5,[],484913049,650,15.139476833865047
9ce9951232f6c6aa900066536ae16c89b3f2fcf1494338cd755f808cec825cac,benchmark-heteroscedastic-d5-s41004-B100-semantic,flow,4,[2],485070099,300,5.6133459229022264
9d3a1d53f5d482878ed6944ef8739334e17833764b19115f522c5b55489084d0,benchmark-linear-d5-s11005-B400,flow,3,[2],490347860,400,9.962424367666245
9d5f83f899d6dd4f6daf04af4f20e694724671f7acfc167965696772fdb6c107,benchmark-linear-d5-s11002-B100,flow,1,[0],492798969,300,8.121117491275072
9d67aba3a6bda9b587b2b681ae9683e3f4b80a3beb5e00984a3b2456d93fa9b1,benchmark-heteroscedastic-d5-s13002-B100,flow,0,[],493333412,1000,23.371490640565753
9d68a30ac7c88a844f31c50d8d633e92825c6b2567002372e6384a338746d624,benchmark-linear-d5-s11005-B100,flow,3,"[0, 4]",493396747,1000,24.772356305271387
9d730c93a95c4f674e824e499e46547db3390776c3cec45f2aa837127076624f,benchmark-nonlinear-d5-s12002-B100,additive,0,[1],494079124,450,1.8719118423759937
9d96568d07f24c6e3c0647a7e0115d06ae6197d25ee2337bd4fc877c2b3ddaa9,benchmark-linear-d10-s11504-B400,flow,7,[],496391822,400,9.260009901598096
9da10055882a1b18b9e9743b1648d2ab1988c294a52f31308678bbad48230e09,benchmark-linear-d5-s11001-B400,flow,3,[2],497090646,400,10.477339297533035
9dae48a67f5af3c08fef6cde04e8d78e7e1925f5077aeabfc1ba3f9b141a9a94,benchmark-linear-d10-s11502-B100,flow,5,[1],497961127,400,10.791426846757531
9db32d55da492b4a3c3e4b278d22c941af38473f9ffe6cecfb66a1331bd406b8,benchmark-linear-d10-s11504-B400,flow,6,[7],498281814,300,7.2917923759669065
9db5d620f32b94d9a83798c7257e7229e8cf5a10d344d8fd3659183bc99ff4eb,benchmark-heteroscedastic-d10-s13503-B100,flow,3,"[0, 8]",498456097,300,7.345230715349317
9db61328a243370921c7178265f4c69b8bb3deb3eddedfc3711538fed60744da,benchmark-heteroscedastic-d10-s13505-B100,flow,4,"[2, 5]",498471721,350,8.883113902062178
9dbee7301f4939d6c3fea26969fe9c7168b472d7af745e14322753d6769fa649,benchmark-heteroscedastic-d5-s13002-B100,additive,4,[1],499050289,350,1.3723534364253283
9dc77eef8503d62965225aadba509d5647f112a6e57afd6212d0274b38aeebe5,benchmark-heteroscedastic-d10-s13502-B400,flow,2,[3],499613424,500,12.52499694377184
9df5d35b2d5e21bf42fecfa0b246b643733519a8b47662f6f892ac2ab168bfa4,benchmark-heteroscedastic-d5-s13002-B100,flow,3,[],502649692,1000,22.061060301959515
9e0464fc6c5c0b440563b69abc2ab731aa80b95075c52e28dc0a07cc5587903f,benchmark-nonlinear-d5-s12003-B400,flow,0,"[1, 2, 3]",503604477,400,9.711549021303654
9e11c3d5fb6774859d2bf2bc48660617fff4c8b6e4448f98164e942ee7fd1a4d,benchmark-linear-d5-s11005-B400,flow,3,"[0, 4]",504480726,300,7.94649607129395
9e1cbfba2c19b286e832674890014939c7a5310ce8ec399a578c03bfdc265327,benchmark-nonlinear-d10-s12504-B100,additive,5,[4],505200571,800,3.101237328723073
9e25c0e85dc123fff838a6945506bce2aa2229a0a9f4e463a70186dea9a61975,benchmark-nonlinear-d10-s12502-B100,additive,2,"[5, 8, 9]",505790697,800,3.112020241096616
9e5cb43d48fab865bb492c05bbb22b0b0513d5d8b69c0c7fc43a19acc207694a,benchmark-nonlinear-d10-s12502-B100,flow,0,[7],509391934,300,7.293692130595446
9e69f377cb2bc82449d527e7032d0a0bd41907ad051396c2dad882645c4ae634,benchmark-heteroscedastic-d10-s13505-B400,additive,0,[7],510260088,450,1.2291370630264282
9ea8485699cd3808673ff1e2caed4e5b3dcc8cdfa878659532312e110cc84a66,benchmark-nonlinear-d10-s12505-B100,flow,7,[1],514345047,300,8.63727024383843
9eb4dc1923b49c42414a5fef7d946a03defa74fc39b081242a85633af15cd6b3,benchmark-heteroscedastic-d10-s13501-B100,additive,8,"[4, 9]",515169306,300,1.16544228233397
9ed756418dbadc24b66a0eaf1a68fc1e2a79ba74b12747cc1dadc3dd40c2d10c,benchmark-heteroscedastic-d10-s13502-B100,additive,0,[],517428802,550,0.9065957423299551
9f081bc1650ebab644655e41245e212af29fd6445e71db4e6bcd4e0ad3fd6d06,benchmark-nonlinear-d5-s12002-B100,flow,0,[1],520625090,300,7.25709099881351
9f1dbb643152fb7f64b3022cdaf2c4709bd1ceab9cc08fe1cccf83caf9f2a5f7,benchmark-linear-d10-s11505-B400,flow,9,"[2, 6]",522042213,350,9.075460387393832
9f23d3acda0439f4c4599e5a48a73df18cb9eb63e16b2db3f64679677de77533,benchmark-heteroscedastic-d5-s13003-B100,additive,1,"[0, 3]",522441645,850,3.686260759830475
9f36a7bc53148a90a2396cd44c9507b16e72a087153b77c30ce2fb6c67de0289,benchmark-heteroscedastic-d5-s13004-B100,flow,1,[0],523675581,300,7.32741048745811
9f4701e5a97297d1335ed6df33a4416b3acf588f617f8ad4daed97c08518d725,benchmark-heteroscedastic-d5-s13003-B400,flow,0,[3],524747238,400,10.171541769057512
9f49e2f54467e798ec59f70eb92f38c13f2b970fc13366b20c04fe9a83008dd5,benchmark-linear-d10-s11501-B400,flow,1,"[5, 7, 9]",524935926,300,8.115513199940324
9f51e2c4efb10e2baa3d73afb655314949f3830e0efe5da329557e672267bf81,benchmark-linear-d5-s11001-B100,additive,2,"[1, 4]",525460165,1000,4.062994200736284
9f60519dcfec60c8280cb65946e20a4dd8e305a947415c506da6bec7f214d312,benchmark-nonlinear-d5-s12003-B100,additive,1,[3],526406046,300,1.1327770743519068
9f64b4a837fea8135ff813b556941991576b5047ea5557d0a2e8d87e8e3eb328,benchmark-heteroscedastic-d10-s13503-B100,flow,4,"[3, 6, 8]",526693545,350,8.775575371459126
9f65039c03c01561a1a4195937f1026affc5797ecca051d10f293e8a22f50d11,benchmark-linear-d10-s11504-B400,additive,6,[7],526713757,750,3.026388483121991
9f6839a59890cd819483433c4fe60878e05598731f63be266932200b02ff4681,benchmark-heteroscedastic-d10-s13502-B400,flow,5,[1],526924198,900,22.614059571176767
9f80bbdf8bf5f6b8255367e6a4618344df719544aee5139f0b1b8e2af5021245,benchmark-linear-d5-s11001-B100,flow,2,[4],528530400,300,8.479642055928707
9f864d9cc023cddbb692deac6d10beedcc4c5f613d9418776d59ab1409694551,benchmark-heteroscedastic-d10-s13502-B100,flow,9,[],528895389,300,7.02798805013299
9fad8740b6bd157c3cf02a1eb5286faa2463377655d5774b4f18166aedfbd845,benchmark-nonlinear-d5-s12004-B400,flow,0,[4],531466049,600,15.378467537462711
9fc1ebbb364ac4beac0bbf6cf618b5bb971ea6e3ff9ac9e1431c9c1a01f0b4d6,benchmark-nonlinear-d5-s12005-B100,flow,3,[],532802492,350,8.253636464476585
a011af34e11d22d1e2a72c80f14eb3f60d529024ff99c78e98bce3f68fcff3ef,benchmark-linear-d10-s11503-B100,additive,0,"[1, 7]",538029877,1000,4.243052154779434
a0281d8485fa7fc47f92ae9fcd8b3ac6899c7b86562efef14dc9b8273a4391c3,benchmark-heteroscedastic-d10-s13504-B400,flow,9,[2],539499909,550,13.866465292870998
a04034d4be9e2745ea90617069b2eaf593ab5b0dd75d84da37afc0d73611be87,benchmark-linear-d5-s11002-B400,flow,4,[3],541078741,600,16.43938237056136
a049b9f261b7fb0e83b7a679854cf264b2da3b2dbf69330d31de7d82ab6ed344,benchmark-nonlinear-d10-s12505-B100,flow,4,[1],541702643,400,10.276092741638422
a06ec29848e455330b5c28663412b48bc486a584b68f46b03d55395264b982de,benchmark-linear-d10-s11502-B100,additive,1,[5],544129689,1000,4.208893071860075
a0730a176cc33bfc51f1ad97b6b3f6d42556e3472243a59385f7984a0f19182f,benchmark-heteroscedastic-d10-s13505-B400,additive,6,"[0, 7, 8]",544410136,1000,2.604018021374941
a07b832183cf2440a65a1016bff09b15ef7920865780b49f268f5c1c9bdb28fe,benchmark-nonlinear-d10-s12504-B100,flow,3,[5],544965410,300,7.949801351875067
a09200df5a50a38956a4796269c9b738f02a3c7440cb75919c658a5802148595,benchmark-nonlinear-d5-s12003-B100,flow,3,[4],546439392,300,7.140441259369254
a0997c77a2f2e8d9e2c3032d58d208601cbb6529d680624d841a9a680453bf2e,benchmark-heteroscedastic-d10-s13503-B100,flow,8,[0],546929784,450,11.732337078079581
a0ba890a73fc37d23d1f4846353099fc55175bfd30564e90edce3d41bcbd939b,benchmark-heteroscedastic-d10-s13505-B100,flow,3,[1],549095691,450,11.871624786406755
a0bc75ddd77efad8e92d7f8aab4458db15558cf9f5678c53178ea4bc31582ceb,benchmark-heteroscedastic-d5-s13005-B100,flow,4,"[0, 2, 3]",549221854,300,8.167404379695654
a0cfe76de870a09dc9a1938f5fa77f90c2d344e254b3a74ab617546d8246d35b,benchmark-nonlinear-d10-s12505-B400,additive,6,"[1, 3, 5]",550496110,350,1.395776754245162
a0e56a32878b7eee9659d1e5582c65f6c010a84467f274442f5554fadda24113,benchmark-linear-d10-s11502-B100,flow,6,[0],551905843,850,22.626798098906875
a0f15bfe33070f0f694b5d7aceb23db84d855caad6045114a86d7c1d354f27b8,benchmark-heteroscedastic-d5-s13004-B400,flow,4,[0],552688639,750,18.389448951929808
a10945cdd24960d367beb24be5c9d2590e4d3e6a133d015c358fe4ce262b27c3,benchmark-heteroscedastic-d5-s13001-B100,additive,1,"[2, 3]",554255822,1000,3.8220110442489386
a10c0789ebd0315cdbe2bc3beb2bee6a484b3cd97cfa9a5e777d4a31aa9e26a2,benchmark-linear-d10-s11504-B400,additive,0,[5],554436490,1000,4.050104476511478
a1765e7d8c454c216573fc8507c7d5c777c43156097befa1fe608e807a551d07,benchmark-linear-d10-s11504-B400,flow,5,[],561405566,550,12.428557801991701
a19433fdad697ef98d09e77cf45acf3098416a51c5f36c0c99ca6ce7a766c0a8,benchmark-linear-d10-s11502-B100,flow,3,"[1, 2, 8]",563360766,550,14.720271592959762
a1e5f8b12e0acf5765ed9de8772b15c6aa95969ab3491958d333dc34df6e555e,benchmark-nonlinear-d10-s12504-B100,flow,5,"[2, 3, 9]",568719538,300,8.019675366580486
a1ed02a9b6f1a94a8ee73915357a36425c4106751ec7b2fbf286174ad0229f59,benchmark-nonlinear-d10-s12501-B400,additive,9,[],569180842,550,0.9667692612856627
a1f466577a6b66ea3f344adf652c801c75e17f7da0c679377e781b84cc077a91,benchmark-linear-d10-s11505-B100,flow,5,"[4, 6]",569665112,350,8.890944750979543
a1fb60a9fe724d2fb4da63b542321c7f0e3de09b4b94721e9adb7d40fdd19a3a,benchmark-heteroscedastic-d5-s13003-B100,additive,4,"[2, 3]",570122410,350,1.3511229399591684
a21a3044df6166b94c4e15ccc8bdc0157ece046afa7e1db1a94da202c455b877,benchmark-nonlinear-d10-s12503-B100,flow,2,"[1, 5]",572141637,350,8.847024574875832
a272cc18359aaab8ed8a7a4d8e7375e44257bc9e1153ce35e025d1ff197d7b7c,benchmark-linear-d10-s11503-B400,flow,2,"[6, 9]",577948697,550,14.075476648285985
a28245c7b0d969d9d5e39e02cdbb658a5e4bd87d980bd406a09bc3e87c3d587a,benchmark-heteroscedastic-d5-s13005-B400,flow,3,[],578962888,400,8.638170272111893
a28e639d9b0111c4949303507089c9a3e38789d0a2e8f3491315da60a2ef4af7,benchmark-nonlinear-d10-s12504-B100,flow,2,[6],579756958,300,7.958868937566876
a30e7829f8b39d17edc741b1fefd52411c1f5a8efefdb78fa56d63acfd2dc485,benchmark-nonlinear-d5-s12003-B400,additive,3,[],588150826,500,0.8231606669723988
a31f21ad80c84e2d090a483d27732b92f16d2dabe3bd0089c704594ccc207fe9,benchmark-nonlinear-d10-s12503-B400,additive,9,[8],589242798,400,1.5329468362033367
a32ba836d5e8e14b99652945c2b9a1c1f4587190b60901c23fe688ad62133539,benchmark-linear-d10-s11505-B400,flow,9,"[4, 5]",590063671,700,17.466181691735983
a332a562081940c13f8390c82f282c9c206ef66c5fe1948989bb49d428f019e2,benchmark-linear-d5-s11004-B100,additive,3,"[2, 4]",590521699,850,2.8376131616532803
a3381efdeb59d58395e8ff1c234b0c35bd05043db664a5aa196a0d40b9b1ec95,benchmark-linear-d10-s11501-B100,flow,0,"[1, 4]",590880510,300,8.15765487961471
a35a10684a0e725e6b0b5075bf4426aac2c20db7e961b05a820759acb831e76e,benchmark-nonlinear-d10-s12502-B400,flow,5,"[3, 4]",593105001,350,8.79263467900455
a37b7825beedbed1efb55482c0cc1127ad4fd303e58f1bd8835218d6d7cadeb2,benchmark-heteroscedastic-d10-s13504-B100,flow,8,"[6, 7, 9]",595294246,300,7.288427276536822
a37bf30409dfc7a35fc397d68ae6f6ac9380d86cc7903a78d59faba38dcc8b8f,benchmark-nonlinear-d5-s12002-B100,additive,3,"[1, 2]",595325701,350,1.4085759557783604
a3bda7bb94bbd8548731e32779e37e4b09075e02974e2567641befaac5f984ae,benchmark-heteroscedastic-d10-s13504-B400,flow,3,[8],599631804,850,21.977256432175636
a3e1937c5d9147b9b9d02aeba4c26d6abd6580e11ce8d407a272619cc65b805f,benchmark-nonlinear-d5-s12005-B100,flow,1,[3],601985917,550,13.71416600048542
a3ef6c9c2d52257dcb08fc9eea061c8b41b987eb58aaebfced18dbafb944f902,benchmark-nonlinear-d10-s12504-B100,additive,0,"[3, 9]",602893469,1000,3.9415521528571844
a3f83b7217632e6233bac10322d72e52d356ef7e49ef0451d065eaa14bd87c98,benchmark-nonlinear-d5-s12003-B400,additive,1,"[0, 3, 4]",603470707,1000,3.969470089301467
a402bdbe6e644434e1c5031dea5c4ae15012a673ee9079d4290b46032bef1de9,benchmark-linear-d10-s11504-B100,additive,1,[2],604159423,1000,4.211777072399855
a407c3117bd11939c6dedb5bc84559fcb00200226212f0a6610e6b3d9640b1d6,benchmark-linear-d10-s11504-B100,additive,8,"[6, 7]",604488466,1000,3.9396854918450117
a41e93f5e0961e4c013b31f7b16d1c7dae76cb1380a4d89cff753ab970aef344,benchmark-nonlinear-d5-s12005-B100,flow,1,[],605983734,300,6.497176297008991
a431c236944027b3a64f7808d24fbc39f8b384510817a978394b0c3da2f44540,benchmark-nonlinear-d10-s12503-B400,additive,8,[],607240759,550,0.8861079979687929
a433adfe19a38578a0b5603685fdbc4d8deb33fdd954d1718e6df6af3a1f6632,benchmark-linear-d10-s11503-B400,flow,3,"[2, 9]",607366655,500,13.618190631270409
a43d56f51130f8da73aa803209113b11b87f0cf40caae1671d6e9c074e1cc946,benchmark-heteroscedastic-d5-s41004-B100-semantic,flow,1,[],607999734,400,7.37393256649375
a4430b17f760b2a3bee73b530ea7198304c3f068ed25d2af9eebce1995d803a1,benchmark-linear-d5-s11005-B400,additive,2,"[0, 4]",608373528,650,2.6088175531476736
a4515d0a35725230bb9e1f9a0be6d6fb98598bc4961522223f929f8660eda6df,benchmark-nonlinear-d10-s12504-B100,flow,6,[],609312011,500,12.262721750885248
a4677bafc81373f6369953e490a155a5d334c4de4bc5962811156bc352273c28,benchmark-heteroscedastic-d10-s13501-B100,additive,0,[4],610761648,600,2.412098938599229
a46db3409717c88c954e58be4549667da9228e3f6e71cef6f7d22a0aed6c5d14,benchmark-nonlinear-d10-s12503-B400,additive,1,[8],611169089,1000,3.8297319561243057
a4b550b7559b67c6807d02affbbefbb609ef82ce41ec19d85811ffd26b4b087e,benchmark-heteroscedastic-d5-s41002-B100-semantic,flow,4,"[0, 1, 2]",615862456,300,5.407658874988556
a4beaa89941fdda0f64928879698a617b5c18c6da77bb2d6ba88722b125f8fe7,benchmark-nonlinear-d5-s12003-B100,additive,0,"[1, 3, 4]",616475274,500,1.882927192375064
a4c1582403d71ea57d0d4fd96e7476eee76d1ab71dca5199126f9c2fc3db3bee,benchmark-heteroscedastic-d10-s13501-B100,additive,9,[],616650789,300,0.46632853150367737
a510e5535ba256d23cbbad6e371804a0a9abc0dead9704f7fb5bf37c72c16417,benchmark-linear-d10-s11504-B400,additive,7,[],621864276,400,0.6702687609940767
a5773291c443e6f52762acdec643d34304c5bee121ea4f3209a2d63f8b3969c8,benchmark-nonlinear-d5-s12004-B400,additive,3,[2],628568722,450,1.7649215497076511
a5773848ebfb93905cfe91e05512b8c1e0f7495c4e6210f051b17b8c90872a58,benchmark-linear-d10-s11503-B100,flow,9,"[2, 7]",628570185,450,12.002452284097672
a5aa9e7c65223cfade682d0e18c3d27d5ae2d4de7012a201599ee5f99866b42e,benchmark-linear-d5-s11001-B100,flow,3,[2],631938685,550,14.723610879853368
a5d81ed21f8dad3659c0194a9f007a1258ae5f7c986ee46a3126508260e26014,benchmark-linear-d10-s11501-B100,additive,8,"[2, 9]",634920659,1000,4.09878021851182
a5ec721a586499f3b78998bf3b597a6e46c9997d19d23286a56998631e0966f9,benchmark-nonlinear-d5-s12003-B400,flow,0,"[1, 3]",636252699,350,8.983555614948273
a634c34dbadf12f2a723b5189de7d447974156bf324ad0e2f69001cee37dc6bd,benchmark-linear-d10-s11502-B100,flow,7,[3],640992078,350,8.934335004538298
a63eb407f26153be2c32c774b9ad36d5bb00d2ef3b40196c2bf527d06a8c3fb0,benchmark-linear-d10-s11503-B100,flow,3,[2],641643528,600,16.297040101140738
a6644fcaba0900332122e07d7cb8818b2a6ea83e9336da78ce06c5d19288babb,benchmark-nonlinear-d10-s12505-B100,additive,2,"[1, 3]",644108235,300,1.1808132994920015
a66d777fed973dad1bdf1d295fb8b8d57f8d6cae0c0a01685e2b40c0761c9df1,benchmark-nonlinear-d5-s12003-B100,flow,2,[],644708224,300,6.900969130918384
a66e1c41decd32d8991834d312ece4ec90a471fe60b2af5815fe8f2c8a931081,benchmark-heteroscedastic-d10-s13503-B400,additive,0,"[3, 6]",644750402,1000,4.100624086335301
a672c7e112a6c8bedf2e884571a04cb1cc4afaf5249c5e8791f5f47053a74c7b,benchmark-linear-d10-s11502-B400,additive,7,[],645056482,350,0.601118927821517
a68055c1a98578f9f178f0240c781709733b6c9bca7c0a6ca1e5b36d7925ea41,benchmark-nonlinear-d10-s12503-B100,flow,3,[6],645944770,300,8.66675746254623
a68453b1d66fc5dca8632e6b085fb80e66b1be6329b7ca00358a3502dc98f54b,benchmark-heteroscedastic-d10-s13501-B100,flow,1,"[2, 8]",646206386,350,9.78630618751049
a6da5857787e67e03848b9559ebff284f0f76ba8c1e5191929f2ddab039eec74,benchmark-nonlinear-d5-s12003-B100,flow,4,"[1, 3]",651843672,350,7.532176749780774
a6dc830a454e73e56c3702a7af7291a5d94a850bdb4191193da47c6b6e43fa38,benchmark-heteroscedastic-d10-s13501-B100,additive,4,[6],651985675,550,2.1507913153618574
a70465e1700db6318b780eaed83250b9271e2ac7ac4a1e7cf6e2dbc8a0e229d5,benchmark-nonlinear-d5-s12001-B400,flow,3,"[0, 1]",654599650,400,9.953387366607785
a7142c0eb5a28b09ad0ccc09aea618ec272ae63bf1d75aa4f15e690d5796ebd3,benchmark-linear-d10-s11503-B100,flow,8,[3],655633423,300,7.7299587950110435
a7145147479fcf3a4a4f37e8118e2082f80c0442b654bf9b6a177797455e6e4c,benchmark-heteroscedastic-d5-s13003-B400,flow,3,[],655642952,1000,24.37936911173165
a7396c20a1307766430bfe3a37358d4b81c9d95b8887cde393c0a1e92e7d94ac,benchmark-heteroscedastic-d10-s13505-B400,flow,8,"[0, 6]",658074657,550,11.163399076089263
a7930a2194fe4cdbd69adb536b59cb161e42fcd0a8192debe2c1d36dd899c802,benchmark-nonlinear-d10-s12502-B400,additive,1,"[0, 7]",663947810,300,1.1766565144062042
a794d690946b67457da4ee1680c508d75247bc267e481c4abd41a23c05706696,benchmark-heteroscedastic-d5-s13004-B400,additive,3,"[1, 2]",664065681,700,2.7472053598612547
a7ab222fe7ec2442bab33dc82df5071f5fdd4a1badf81ecaf9f68054f96704b6,benchmark-linear-d5-s11001-B100,flow,1,"[2, 4]",665526832,500,13.633447103202343
a7ad9c43ffcf33dc47bc651e13030e120913bd55fadab72f995aa68ae374e5c4,benchmark-nonlinear-d10-s12503-B400,additive,7,[],665689156,550,0.9150254279375076
a7be9c28e31f51d33b98578b869229363fefcac37fffaa2fefac220581acdba2,benchmark-heteroscedastic-d10-s13502-B100,additive,2,"[3, 6]",666803241,500,1.9718058835715055
a7d2655651674b724a8f12b3008395ef285f5b3cd60ae2e01c2af48a662b2e6a,benchmark-nonlinear-d5-s12005-B100,flow,3,"[0, 1]",668099927,300,7.6531219817698
a7ed42f9da82982a93a00fb8282ef14b4aeab6d9cae0b3d04e6c75c200fda0da,benchmark-heteroscedastic-d10-s13502-B400,flow,9,[],669860602,350,7.995423801243305
a808ca83e0611203bc77609a336d3cc33483b24e40ad58ef44d40b2dd8e5823a,benchmark-heteroscedastic-d10-s13504-B100,flow,0,"[4, 9]",671664772,600,16.958118688315153
a80beb80d7bc5b9ca2743b08219775340dcd16d2c2d27b7a0754aa14ab2b14ee,benchmark-linear-d5-s11003-B100,flow,3,"[1, 2]",671869825,300,7.379228042438626
a8122211c4764dc76e222dd88828f083d5284854ad353a27d930dcf9b28c3094,benchmark-linear-d10-s11501-B400,additive,5,[7],672277010,500,1.9187012799084187
a83c55310af7b9697f7f563685cb557988e9e4286da28dc2347fe5b5d1af161e,benchmark-linear-d10-s11501-B100,flow,0,[1],675042610,300,8.138239489868283
a85c63708bb105f752559bd4aeb5fd970c3c67296daf602615d55d50798ead64,benchmark-nonlinear-d10-s12503-B100,flow,3,"[4, 6, 8]",677143409,300,7.69031149148941
a85e67adb8b44c5b256daa3a3a89303a4dfbc62cc9ab6075ea354e3fd4423754,benchmark-linear-d10-s11504-B100,additive,0,[5],677275566,1000,4.069607084617019
a87c8961d809f9029e118a4e0827fde9bedd193a1572ba9152a5eda3a87ce958,benchmark-linear-d10-s11503-B400,additive,0,[7],679250274,1000,4.162683894857764
a87ee20fa02275f4d64f2ec36090e7c8da93ff44f50afb7319ed045877e74a63,benchmark-linear-d10-s11501-B400,additive,7,[1],679404048,650,2.561890071257949
a9433ece3d778f41bb3cac2c96684fe050093a64ed457265e1cb3430d891a1ea,benchmark-heteroscedastic-d10-s13504-B100,flow,7,"[2, 4, 9]",692272847,300,8.661964543163776
a97249d56ecedd705a23025677ac00cec29c3c0cbe876a6a20fda4faad46a7a4,benchmark-linear-d5-s11001-B400,additive,0,[],695355862,600,1.085627680644393
a9bc5cbed899b18fd07e7041fdfe50ac2986b263a262b882817d267f9bd9f03e,benchmark-nonlinear-d10-s12503-B100,flow,5,"[2, 9]",700210367,400,10.46700755879283
a9c470871a2f159b1eea909088a3641e01979db9716f2c08feabd99d1a93a8e7,benchmark-heteroscedastic-d5-s13003-B100,flow,4,"[0, 1, 3]",700739720,300,7.585787734016776
a9cc881c9ef7850d2e434a46eb752abb6d16b0fbc5a564d7d1739cb0d633f68e,benchmark-heteroscedastic-d10-s13503-B100,flow,8,[6],701270045,300,8.224774716421962
a9e10570a184e679bd421a6c43831ea0a29a1486f3bc86f0407a17be529e79ad,benchmark-nonlinear-d10-s12505-B100,additive,4,[1],702612849,1000,3.9197143148630857
a9fe7e5a9b616169a2cba71f97733d133290d7da15c4d61da74bff376599f8b1,benchmark-heteroscedastic-d5-s41003-B100-semantic,flow,4,"[0, 1, 2]",704544347,300,6.125506669282913
aa031d0052b2030a652aa76ea3a37d902fbff48bb0ecd26e67b64307b306b848,benchmark-heteroscedastic-d10-s13502-B100,flow,1,[],704847105,300,6.98176528327167
aa03f86ef10b9eb8814583becb36fb3d2197ea8564ce58d7647ecf99c16613e0,benchmark-heteroscedastic-d10-s13503-B400,flow,4,"[3, 6, 8]",704903279,350,8.768247440457344
aa05e335cb7789540923bca7205f56c7be89f74ad79469f171f1f0ca7c393ec3,benchmark-heteroscedastic-d5-s13003-B100,additive,0,[3],705028918,450,1.9669881518930197
aa206c8d6ef8ac755cc708b3330371e452a33f79b04a2b2ac234b10826cf5c34,benchmark-nonlinear-d10-s12501-B100,flow,8,[6],706768014,300,7.586012287065387
aa3875e72467b6c43656afd40fe834e73f055be9796160b73544be50e8af28d0,benchmark-heteroscedastic-d10-s13505-B400,flow,4,"[0, 2, 5]",708343272,500,9.063045673072338
aa562057ccd3331b79ab96d51db6e6beddc1c0d98f2a3ef302c166037a6126ae,benchmark-linear-d10-s11504-B100,flow,1,"[2, 4]",710287448,350,9.175679214298725
aa5fac0658243d4fa2922186940273b8a41634a313aeeb30692e0be0d35767f9,benchmark-linear-d10-s11505-B400,flow,5,"[3, 9]",710913031,1000,24.132479777559638
aa6582879c1c5a342d5a708c2fab9beec38d845bd9c96706ca73f2d05960d8cb,benchmark-linear-d5-s11003-B400,flow,1,[],711295624,300,6.295728765428066
aa74e127aaf089ec235e4d820363779c35e2a4b3ea5ccd7d106de3c498da4f40,benchmark-heteroscedastic-d10-s13505-B100,additive,3,[1],712302888,1000,3.9245411828160286
aa9de41ccb45fefa8d92da3d56c33b37e245c5ff440156fb67f8a47a01ffb104,benchmark-linear-d10-s11505-B100,additive,2,"[4, 9]",714990621,300,1.1865759063512087
aab12550935f49c22e62c0b13a61bcd478bb2beefd9339fe693c2a351280b84e,benchmark-linear-d10-s11502-B400,additive,6,[8],716252497,1000,4.138846194371581
aab703d3b0c503d51a574659ced8ebf9b3a6a56880d7dd52a197fc36ef07c742,benchmark-linear-d5-s11005-B100,additive,4,[],716637140,300,0.49204916320741177
aac8041644e4c1adc69caed08f7d58ef3c2e505b360cfa63d3a6101466de2031,benchmark-heteroscedastic-d10-s13503-B400,additive,2,[8],717751319,650,2.573502667248249
aad17acd8f65e2a4683dd5a1d80f2ea36d95685f9512fff19383e0dea0b45a39,benchmark-nonlinear-d5-s12005-B400,flow,3,[1],718371534,600,14.368016557767987
ab150cc89f3f7f483162840448a00bd563ca5e7f5b98b2e9b085aaa2e2cfee49,benchmark-nonlinear-d5-s12003-B100,additive,4,"[1, 3]",722799817,1000,3.700633903965354
ab22ffdfac145e3ad3bac681559fb5aae7c90da64dd23173e4081db47bb6bacb,benchmark-nonlinear-d5-s12003-B400,flow,4,[],723714016,500,11.127219235524535
ab254800bca19b76a0736f6c992921c77145e807c8c6c9624d442b5b07785235,benchmark-nonlinear-d10-s12505-B400,flow,8,[],723863553,1000,23.293565798550844
ab31cdcfe2bd162c8baf5c7196b7518781354e2e76891e628ff4fd642a0e170c,benchmark-nonlinear-d5-s12003-B100,flow,1,[2],724684240,950,23.69337171688676
ab601fff9b0245239e5e1b4adc7552fc7422f3f595c4f275bc50defe03d95892,benchmark-heteroscedastic-d10-s13502-B100,flow,3,"[1, 7]",727719936,350,8.856734262779355
ab7bc15bdea7f5560967f13fb9019cc5fe55fcf98e30f585984717416c60de76,benchmark-linear-d10-s11505-B100,flow,0,"[7, 9]",729530716,650,16.77191991917789
ab8680f992b55dc67c8748ea5faf2218a0eb463def682f0d7f13849048c9d9bf,benchmark-linear-d5-s11001-B100,flow,0,[1],730235130,300,7.707644147798419
ab9221eb04573b69280cef67dea46e6d90ba3a8162653b39773e287742962b18,benchmark-nonlinear-d10-s12502-B400,flow,3,"[5, 7]",730997228,450,11.631316661834717
aba86069ad7dae1059101b9334fe3dbf85bb7bd77c3c1bdb270aafeca2ec9791,benchmark-nonlinear-d5-s12001-B100,flow,3,[],732455018,350,8.160605041310191
abafc35d91f1f0103d38075003fa3c9a9d52cf06330c16e30836c6846ba557c0,benchmark-linear-d10-s11502-B100,flow,4,"[0, 2, 5]",732939102,300,7.806628884747624
abe0769babe108134221ee3bc8cbb1902173fdccfe179dfed10800842388b684,benchmark-nonlinear-d10-s12503-B100,flow,4,[9],736130716,450,11.852297779172659
abe5547ad6dea819b3a9f95199581c4729d47d403f32501482684415d52ee50c,benchmark-heteroscedastic-d5-s41005-B100-semantic,additive,4,[0],736449659,300,0.7997555639594793
abef722759640b0b45f4a10827133d976f5cf2507b49cc0ac977452fe08b7f3b,benchmark-nonlinear-d10-s12505-B400,flow,3,"[1, 4, 5]",737112616,700,17.685789700597525
ac15812470c0d0cbbd699a734a328b52a739db53e90a0ee0a55fd0b5ed1d8c37,benchmark-linear-d10-s11502-B400,flow,9,[3],739606821,300,6.997859558090568
ac196c9b4ad22aebfd8e9e7ad3afeaf3eadaa6eee1abe7ce110647e4cbff298d,benchmark-nonlinear-d10-s12502-B400,additive,5,[4],739863708,650,2.5731577444821596
ac1a8948f4b576cc302cdaab9144623908289f376e85ec3ed1b7dead0bf37662,benchmark-heteroscedastic-d10-s13503-B400,flow,8,[0],739936585,300,7.677935330197215
ac360ddabde219c95175d4c585691eea95eb4213e34aaccc3ee9a1399764233f,benchmark-nonlinear-d5-s12003-B100,flow,4,"[1, 2, 3]",741739995,350,8.423455206677318
ac61163a6ab3b58cc9bdba614164ee72d440389e12ef9d4fecc822d5ecd83623,benchmark-linear-d10-s11501-B100,additive,8,"[1, 2, 9]",744560187,1000,4.0421220399439335
ac6e53aaf93253c69296dd44b33f71607bbd06bde462b4b6573bf089f0cd4a3d,benchmark-nonlinear-d10-s12504-B400,additive,0,[3],745427883,1000,3.926085961982608
ac969b5f4a966dca5a645bb0d48b47f6c4c29cb3386aefa2e60a26890bcc653e,benchmark-nonlinear-d5-s12002-B400,flow,2,[],748067680,1000,22.917313940823078
acbdd79a28ba680eb7c50f8040f8f53e1c11eb91ae1e6fb65a82779047583279,benchmark-heteroscedastic-d10-s13504-B400,flow,2,"[4, 5, 7]",750639003,450,11.56214988231659
acfa105a30f8792135cf62cc50f63411ae681f1059730e451a4670945f6685ea,benchmark-linear-d5-s11002-B400,flow,3,"[0, 1]",754585691,300,8.52278221398592
ad20f28e8f3af56c10742f92532bc1b1654b7fbcf53ba837064c07c3dc0a10fa,benchmark-linear-d10-s11505-B100,flow,4,[9],757133967,550,14.086164429783821
ad5d3fc3ecef28e45688cae359786dd5223ef1f047ad99fd256c348dbaadf1d5,benchmark-linear-d5-s11003-B100,flow,1,[2],761085892,450,12.096677342429757
ad6c6c92f4751e220c41b979b114fcf65258ec60c3c16f5b86c9c93fd871c80d,benchmark-linear-d10-s11502-B400,flow,8,[],762080403,400,8.810863045975566
ad7cf724af4ef17254c13ed81b67e4b49daaa4f69b1a22b7bc69289269dfc064,benchmark-heteroscedastic-d5-s13001-B100,additive,1,"[0, 3]",763164453,1000,3.8971272092312574
ad8a713f40dd3d3285ba82d22552c710cf3c6d18b310686b8a0acac939a30f3f,benchmark-linear-d5-s11002-B400,additive,0,"[1, 4]",764047680,500,2.0228277668356895
adbb4cad7155e20d381d9ef705c948e8f9271f57dc0a80b4791712bdd7456d27,benchmark-linear-d5-s11003-B400,additive,1,[],767249582,450,0.8777951039373875
adc311d8cca1c0b150077a0ad1d356e0bd4648d84a7df8dd2bfb6f5a81a535d9,benchmark-nonlinear-d5-s12001-B400,flow,3,[1],767758809,500,13.200281167402864
adfba0c1affa979b5529e8cda254b6f0f709675d14bd38e310989551dcfe68a4,benchmark-linear-d10-s11502-B400,additive,0,[],771465410,300,0.5139435436576605
ae0e45935fc36e9ad8b9922ed0136a741000d1bd39a89c538582c0dc0ab43245,benchmark-nonlinear-d10-s12502-B100,additive,1,"[0, 5, 7]",772687252,400,1.6738034393638372
ae23450cf0981979e2aba561a607556c8e3709456a11725d26cb433ebd8afb2e,benchmark-linear-d5-s11005-B100,flow,3,"[0, 2, 4]",774063373,350,8.784629106521606
ae67d7653d34ce75fcef3190a07040643ed547281f217d133e8cf3ee742979b6,benchmark-linear-d10-s11504-B400,additive,7,"[6, 8]",778557286,1000,3.9251449834555387
ae9112b4435d164a61895a3b4d58fbffe5cb93157effbcfb139af508d1f3b8e4,benchmark-nonlinear-d10-s12503-B100,flow,8,[1],781259445,1000,26.17296949401498
ae92c610daf30c26785b44d5d6016b2fd2c529393ed3de95a668913a53223dde,benchmark-linear-d5-s11004-B400,flow,3,"[1, 2, 4]",781370897,400,10.572061514481902
aea46d68542933fa49878dcd1b87de6b23c6a882039546b02b495f773d81c843,benchmark-heteroscedastic-d10-s13505-B400,flow,9,[],782527849,1000,19.860361946746707
aeb7c357b9be0749c26cdfd1e44979896c6d7b869e1141132614ef635bf57f5d,benchmark-nonlinear-d10-s12502-B100,flow,9,"[1, 4]",783795032,350,9.055984564125538
aebf0310177ceec16abab9479016137189b9710dacdc2e194feab8f1a39ed21f,benchmark-linear-d10-s11505-B400,additive,7,[6],784270097,1000,3.8600443694740534
aee93a17cda68603a5fc1b5fbf7dba9c1eac0034dee64780b062014597369e09,benchmark-heteroscedastic-d5-s13002-B400,flow,1,[],787036696,300,6.701659353449941
aef84e6b5b7fbddf8e202bf055e5c55eb03865a4ebb72f39b4b90504a0d12193,benchmark-nonlinear-d5-s12003-B100,flow,4,[],788024940,1000,21.818452248349786
aefced80d79c653773d3bde1f09315fcd92101284b479be2899a3df22e3b408a,benchmark-linear-d10-s11504-B400,flow,3,[6],788327809,450,11.250068752095103
af15728b5d7b190e577c224fc1d71e1fb19569b28341acb9063fc47b23e97f78,benchmark-heteroscedastic-d5-s13003-B400,flow,2,[1],789934732,350,9.568273527547717
af34543c6e4b2952bee88e3062a73f37fc9f210753ecffa76a7886a24ec08029,benchmark-linear-d10-s11501-B400,additive,6,[3],791958589,1000,3.859822452068329
af5ff6e26d4960166ee0aca29503397e6632148155a440213eadeac3bf21a612,benchmark-linear-d5-s11005-B100,flow,1,"[0, 4]",794818275,300,7.77646535076201
af6ba25c83ed56e32c4ef23bd080e33d1768b1c8b6bf673420345b74610a1986,benchmark-heteroscedastic-d10-s13505-B400,flow,5,"[0, 8]",795583069,300,7.558361208066344
af83339b33a1d9958298d9053aa61e3584837d21e93525f48340c5338f094e9e,benchmark-nonlinear-d5-s12004-B100,flow,2,"[0, 4]",797127580,400,9.382853070273995
af842975e692739ebc4463df6f5263d24b963501cce4cb3f010f8a691b839d63,benchmark-heteroscedastic-d5-s13003-B400,additive,4,"[0, 3]",797190518,450,1.7994436174631119
af98a4767c6d5b631aa07ab3b3c234c7745470059f88fe91301ed1da8ac00976,benchmark-heteroscedastic-d10-s13504-B100,flow,6,[7],798532727,300,7.495904851704836
afb75825a1976217cd0f0e40fcae211b0212d5ba00b61676531d3306664bd1c1,benchmark-linear-d10-s11501-B400,flow,4,"[2, 5, 7]",800544806,600,15.841052515432239
b01ab647c05befa4b85f8b2b3b0ea22355afa05e78f849ec8d7eed1b75b5aa3a,benchmark-heteroscedastic-d10-s13501-B400,flow,2,[9],807056968,350,9.95961076579988
b0286d1268160c6e119d161868183d00c76e16e6995b0bbde3a7ac4cadad383c,benchmark-heteroscedastic-d10-s13505-B100,additive,0,[7],807955731,300,1.0086414963006973
b046cafd1fb44b04ecf37b44550430ab2848d789abddf7f6ad887a94b0134e6b,benchmark-nonlinear-d5-s12002-B400,flow,1,"[2, 3]",809945854,400,9.982192261144519
b0536200cfa3ff68f25d777f04126741cf6be152c729d763447e88d3f4674b46,benchmark-heteroscedastic-d5-s13001-B400,additive,2,"[0, 1, 3]",810770945,1000,3.8202550299465656
b0574aeb11daf97650b4bc74b7c41c73a2d7395291c7a29793acba1908a82a2c,benchmark-heteroscedastic-d5-s13002-B400,additive,0,[3],811027180,300,1.180593440309167
b05b68f8c5e5acadf455e8a301c5861dd6901eb8f6f4597d1176dc42ac17155d,benchmark-linear-d5-s11001-B100,flow,3,[],811297017,1000,23.711882768198848
b079cf6519bf2779645688e0ae925a675c51515334d41b005f1000b058035863,benchmark-linear-d10-s11502-B100,additive,3,"[1, 2, 8]",813289318,1000,4.626860272139311
b08712f312dcc07be325b33e509e009de33ed55045b58d352d047d9af48df87e,benchmark-heteroscedastic-d5-s13003-B400,additive,0,"[3, 4]",814158580,400,1.6558854822069407
b08c79aee863ddb74b304d02e2ead619ece5efbb32ba65d6d3ca521df06f0074,benchmark-nonlinear-d10-s12505-B400,flow,5,"[1, 3]",814512559,300,7.718751832842827
b094ae56b5d63923a74be8e6d1cc332fe6b89d9e538b509e5dcee89c67a4b61c,benchmark-linear-d5-s11003-B400,flow,1,[2],815050327,550,14.692775275558233
b096c91ba105bed58f36d1e21290a0333039ee0dfa3b75b4575b02ed7e64484d,benchmark-linear-d5-s11001-B400,flow,0,"[1, 2]",815188252,400,9.74116295389831
b0b22e73a210c1629aedcfd195d5519ad7a102214897df1b1fbec3b8b6550232,benchmark-linear-d10-s11503-B100,additive,8,"[0, 3]",816983668,1000,4.203419905155897
b0c05e624cf16310f4e679bb2a2776b4b4f030e0def64ab5a31d7ec32a9eed88,benchmark-nonlinear-d5-s12003-B400,additive,4,[],817913443,950,1.7780448906123638
b0da9cca044bd8edebeb4c96e813c70eaa51a50347d1b188475a6f2acb31f88c,benchmark-nonlinear-d10-s12505-B100,flow,2,"[3, 6, 8]",819633355,350,8.627595318481326
b0f0ab62d674dd80754c9b58c5da395c5eed0d6ce145b36848ec46a71d324009,benchmark-heteroscedastic-d10-s13504-B100,additive,8,"[6, 7, 9]",821078883,700,2.7013490963727236
b10c3a0e1d6e07e2e25129a7660c1abbd68052fb57b81055303750ef1d4e7bc0,benchmark-heteroscedastic-d5-s41005-B100-semantic,flow,4,[],822884879,550,9.586939604952931
b13cdcb5a49b660d450f0a0c17181305f4ffc95dfa0ede6540733d630a2be5e4,benchmark-heteroscedastic-d5-s13002-B100,flow,1,[3],826072246,300,7.145002383738756
b13e2a50a741c749e177808fe2c4341fa9cd4bc7ec2de1f84365a46b01ef81dc,benchmark-nonlinear-d10-s12504-B100,flow,7,[4],826157649,500,13.049315327778459
b1417bb95f964764794970e0de908ce699cd458711f4f0e5ea13796b743927e2,benchmark-nonlinear-d10-s12501-B400,flow,7,[5],826375098,700,17.333603583276272
b1551cfd2ad6c198c2381762a6199a05685525a6dda4adbcaf74e2ebb9b0c1d8,benchmark-linear-d5-s11001-B400,additive,3,[2],827661566,850,3.4329806454479694
b161c9528cb1d7e605a3f97402fb2aece522bd08460b65ba1cd13964a6d93de6,benchmark-heteroscedastic-d10-s13504-B100,additive,4,"[6, 7]",828492115,900,3.4896128606051207
b18a20514f2b204838b25879f8fcb09e52f27eb15edb2659d3389676b167baab,benchmark-heteroscedastic-d5-s13001-B100,flow,3,[0],831135826,300,6.954372629523277
b198dfc9785e02cedf3582fbcb5ea409e46cc096b67fa4054000c1b4c0c2035d,benchmark-nonlinear-d5-s12005-B400,additive,0,[4],832102346,900,3.6151723358780146
b1a28719ded4c0ec320e67655e2811d94e5bf0673f5f1d2528124e908ed0f2f0,benchmark-heteroscedastic-d10-s13503-B100,flow,0,"[3, 6]",832735002,450,12.209064051508904
b1b391391e4a1905bac6f60d92fb280643614bd8a746776f95a5572f73841c11,benchmark-nonlinear-d10-s12501-B400,flow,2,[0],833851706,450,12.970061555504799
b1b88975b0c1c6589877f0151c84b14481e7ba96d76dc58650b861d51a3cae2c,benchmark-linear-d10-s11505-B100,flow,0,[9],834177398,700,17.979721438139677
b239a0caad9ed19f725332a9b10713ecc3c21f2a8730bfa6fb333a73ed1baf80,benchmark-nonlinear-d5-s12003-B100,additive,4,[3],842637515,750,2.913157118484378
b26b102825af741d5c35ba8950e83563accd9f519c0761b98f626e42d2ebd458,benchmark-heteroscedastic-d5-s13001-B400,flow,2,"[0, 1]",845877289,350,7.81391710229218
b26c74c35962e4f3c9ef376c0cf902de1bb6935cafe83edb4a2439c957847962,benchmark-linear-d10-s11504-B100,additive,7,[],845968580,300,0.5303373634815216
b2a1ca1997e16a3957e872d2c07730730fc70a8f3475f2e550b5fa3dd441db64,benchmark-nonlinear-d5-s12003-B400,flow,0,[4],849463834,600,15.86406142450869
b2aa26941e4e54a8d6a1f5c2f96980f66d08b7e5ff96c5741575be1490f34820,benchmark-linear-d10-s11503-B100,flow,6,"[1, 2, 9]",850011797,650,17.477361196652055
b2b3a9124e9094cf6ad973488ab70e15eb65eda6233aa23dd32cfe1366cee465,benchmark-linear-d10-s11505-B100,flow,1,"[2, 3, 4]",850635027,400,9.45194680429995
b2d988d9b0aca8dc201d0992b9cb6b1f5ead2d186dee75fe6689f8e22268f19e,benchmark-linear-d10-s11502-B400,flow,9,"[3, 7]",853117146,550,13.568761507049203
b2fed4b0b0e72b6f96e30ff411b20c01037a3f55ee3bf2caf211d7139006d76f,benchmark-heteroscedastic-d5-s13003-B400,flow,0,"[3, 4]",855561393,350,8.858248537406325
b3164c6d3daa0a062d3734fc0ade9787b841e18104c908d800b3e9f5925233cd,benchmark-linear-d5-s11003-B400,flow,2,[1],857099374,800,19.642211297526956
b31d2d2b28d41888cafe96585bf40be2712b5a8cc25fcc677c2fe73c9be14025,benchmark-linear-d10-s11503-B100,flow,5,"[3, 9]",857550124,450,11.123571688309312
b3633616c7e3b161c2c8709f13d5608fca4c11fe2e8bfe7a8004028a7f7068f4,benchmark-nonlinear-d10-s12505-B100,flow,6,"[1, 3, 5]",862139927,350,8.993204280734062
b37cffe2dc9795ae2de4abf551c7805df3319c5eb393450d122260163c786fae,benchmark-linear-d10-s11504-B400,flow,6,[],863829987,350,8.099303752183914
b37dd3456fc5d81cc44ba6ae33b7e09350338cd5af908a153b920c58b9872f3d,benchmark-nonlinear-d5-s12003-B100,flow,0,"[1, 2, 3]",863884102,300,7.334231715649366
b389e11e7e2cc5640441b853596447291d31d3e91b10746d2ce85a46c27ba7c1,benchmark-linear-d10-s11505-B100,flow,2,"[4, 9]",864674079,300,7.978252170607448
b39672399fccf6a6ab64a8d3755d2ac335258da6fa291ced9051cca8b6ec62a0,benchmark-heteroscedastic-d10-s13501-B400,additive,3,[2],865497658,650,2.530686166137457
b39ee0a8600b4fb8ca44b01978e86f87f15a2205ab22482cb15028deba77e5e0,benchmark-heteroscedastic-d10-s13505-B100,flow,5,"[0, 1, 3]",866050217,350,8.567555570974946
b39f3e10ec1ed0e5e85e2e73cd09b33057f29a3a829b615dd451ef2f1627f20a,benchmark-heteroscedastic-d10-s13505-B400,flow,3,[1],866074129,500,12.685226021334529
b3b5049cb977e43c0b224a0d938ee403ff55464480fad6d5f3d72006ea7c0c93,benchmark-heteroscedastic-d10-s13504-B100,flow,2,"[6, 7]",867501213,300,7.6048414297401905
b3b7ad51a275274b3bab9d4162cf6fa7802cc29674e5510cbbf61a997681a4e5,benchmark-linear-d10-s11505-B400,flow,4,"[1, 3]",867675474,500,12.349470784887671
b3c6de4174da49477acf48fc811135dc8c97c68adbecd833f0b9690c7ac84d8e,benchmark-nonlinear-d5-s12003-B400,flow,4,"[1, 3]",868671042,800,18.57330540753901
b3dc949922ed37e5fcaff0ab45ede4e21b109eeebf40c18e642c446fa06e9d32,benchmark-heteroscedastic-d10-s13505-B100,flow,7,[0],870093978,450,11.368509171530604
b3f54ff02ea494724cefc93f0eb9cdc1c26a41e4a4125c2385017cb378ae32f3,benchmark-heteroscedastic-d10-s13502-B100,additive,5,[1],871714801,950,3.685182172805071
b4097bb721e9ac629d4073b99c2f0e006484fefc394f091fa09630e7e6d44909,benchmark-nonlinear-d5-s12001-B400,flow,4,"[0, 1, 3]",873036728,350,8.19005230255425
b4586af8a5cec3cb0b456b47d04309a59bf2973bca9458924dad27638788fb6a,benchmark-heteroscedastic-d10-s13503-B400,flow,2,[8],878209785,450,11.522116443142295
b469f873784c4a801fa12731347c21f97635ebf6828c00b5d5fe061e3f1a8e56,benchmark-nonlinear-d10-s12505-B100,additive,4,"[1, 3]",879360116,1000,3.9750087559223175
b49a809b69e6c073ace37ed8048903587c6c3ff2e04ba9c97cdb51eda524c4f4,benchmark-linear-d10-s11502-B400,flow,3,"[1, 2, 8]",882540700,500,12.369278440251946
b49c9fb7408b48ad8d759b81bd78b524c41082bbe00a03a729e437219009eeea,benchmark-nonlinear-d10-s12501-B400,flow,9,[],882679736,400,9.043195556849241
b49cc551fb8fe576145e45c8a0928f0b93245d6f795219c3358ce33824611f24,benchmark-linear-d10-s11504-B100,flow,8,[5],882689362,400,10.212343318387866
b4fffcaca91543e99596aa83a729430b7b8930ff4d911ea45730dbed53fb7555,benchmark-heteroscedastic-d5-s13002-B100,flow,2,[],889191597,400,8.00293006002903
b5019838c5c5a226b9733befbca5f560bae92ca0f101695106316585fe89ab3e,benchmark-heteroscedastic-d10-s13504-B100,flow,1,[8],889296953,500,13.462382316589355
b51ef43ad6bc46d3458c1cfa51b5fcdb5cbfd44baafe62246730b9d28e992a4c,benchmark-nonlinear-d10-s12503-B100,flow,0,[7],891221051,550,15.923491152003407
b542bbaec714d7161c02ba958139461613be94fb9ea2380df49842aa467a05d9,benchmark-heteroscedastic-d5-s13003-B100,flow,3,[],893565871,550,13.502755375579
b5434d2d31594f8408404dac87d428315c54b70c27f6a44ab818cc5f5df114ff,benchmark-linear-d5-s11004-B100,flow,0,"[1, 4]",893603118,300,7.569167368113995
b54a2743347290b8511438c0345e23afd3954be51d63335a6b22f3546a0b3c0a,benchmark-nonlinear-d10-s12504-B400,additive,7,"[1, 4]",894052164,950,3.9781710505485535
b55090ce0a08e96c4f022e487eeffb97b73340858dcdfca029b5fe2137c61841,benchmark-linear-d10-s11501-B400,flow,2,"[4, 7]",894472399,450,11.553315468132496
b565b833ec1438d9afd17e4440f09c24d1b5f7af03512c861d9f434b798f6812,benchmark-nonlinear-d5-s12003-B100,flow,3,"[0, 2]",895858740,300,6.368359286338091
b58e36cca510a9b623dfdb1817241f3a07d1e7bee193137bab2e80ed17c39961,benchmark-nonlinear-d5-s12001-B400,flow,2,"[0, 1]",898512589,650,17.72605499252677
b5bc160c1228077a070093be1bdb080d4b96e38ec6fcb7eb8825f7e60adf87dd,benchmark-nonlinear-d5-s12002-B400,flow,2,[3],901518861,700,18.3238338958472
b5c353d3c2813253ebcccf032b6d12c8353e7756c0c094c8fd080d17da7b9bdd,benchmark-heteroscedastic-d10-s13502-B400,additive,5,[1],901993428,500,1.9417450372129679
b5e7570cd7b941f7acda107238f33b75ac7415821a98e1d68a4bd9f9d7aa1113,benchmark-linear-d10-s11505-B100,additive,8,[4],904353549,700,2.9469921868294477
b60df5cf7313dac81bec2a50c300d074a360607e90bc251d9a69b58868a0b0d8,benchmark-nonlinear-d10-s12505-B100,flow,2,"[3, 4, 8]",906884560,300,8.161327308043838
b64796b4c3849dfa418bc18d7ee3208cb17026c2e3cb02c226b30200d6f7a6da,benchmark-heteroscedastic-d10-s13503-B400,flow,6,[],910661301,950,21.940552780404687
b65ed25af72e1472eacbdd5e57cf9298795df58b5b6443869f706581a6e43907,benchmark-linear-d10-s11505-B100,flow,1,"[3, 4]",912183899,300,7.761629501357675
b664656e049433ed1d1efe870e88627c015829c6a1d0b0b2009240dea212f46a,benchmark-nonlinear-d5-s12002-B100,flow,1,[2],912549231,750,18.956765035167336
b66c53163f961a2765c2830c8af8f64e07d9c910762f7dcd3307c64001e8bbec,benchmark-nonlinear-d5-s12001-B100,flow,1,[],913068823,300,6.568450404331088
b6a15cbccf8e6300e22ea08c9e0b8682bf58bd8ec28a60f7d12fe083be217c9a,benchmark-heteroscedastic-d5-s13002-B100,additive,2,[],916544701,300,0.4941063467413187
b6d0d18a5715f26592ca3fef9d1109f859c7cc756b8363d43919fd48b38bd3a3,benchmark-heteroscedastic-d10-s13505-B400,flow,4,"[2, 5]",919654795,400,10.675665197893977
b6d106e1fbc6212184470c38552ee17387f3df013bf58c53256f2ee671bb09e7,benchmark-nonlinear-d10-s12503-B100,flow,7,[],919668450,400,9.564722402021289
b6e3076c85844c8bde8ab49fd17a86d3f14ac7d013ea2f1d1658c2531f1ca9f7,benchmark-linear-d5-s11001-B100,flow,0,"[1, 3]",920848237,350,9.395952709019184
b6e6e4a9a4487df65b4e1b6e783cd72d83e4ea6a6148a0c49406a69fa18432b5,benchmark-linear-d5-s11003-B400,additive,2,"[0, 1]",921101482,1000,3.943142134696245
b6efa1994ecbbdd23a4a7d089830d96601484a0a6828b5dc52572feebabb2abd,benchmark-nonlinear-d10-s12504-B100,flow,3,"[2, 5]",921674138,300,7.7180124539881945
b6f10367059ecc8014388f39dc5ab68fa3d9cbd3fe9a6b873d200dbf99df4aa3,benchmark-linear-d10-s11505-B400,additive,0,[],921764712,750,1.4862351324409246
b6fcd833c8fcaf87fd83e84b7b2608ad9cd5903b02b9bf7dd4f6b1e6a27489c0,benchmark-heteroscedastic-d5-s13005-B100,additive,4,[1],922540084,350,1.422403210774064
b7208e307462df9894748e676b459adb98527b6feff8497b19416ddd6fa0f6d3,benchmark-nonlinear-d10-s12505-B100,flow,7,[],924880433,550,13.703988119959831
b7235f94398e59f00fea6c5e7ca3cfff4b54e2f597b73f767af58d0d6735f63e,benchmark-linear-d10-s11504-B400,additive,4,[5],925065109,1000,3.9820732064545155
b7403ff20c931f4195d07c46d9df6a3a137ab7c507ed26b5d3dcecc88475206b,benchmark-heteroscedastic-d10-s13502-B100,flow,7,[1],926957555,400,10.029111573472619
b748e21930d74527f7ae0e34b4c44e880437277b98a74ce2dc558869eb5a2b60,benchmark-nonlinear-d5-s12001-B400,additive,4,"[0, 1]",927523354,600,2.323543295264244
b7daa38a12181e398adf53954ab149d318d0619fc67553621a8c531a3d919f47,benchmark-heteroscedastic-d10-s13502-B100,flow,7,"[1, 3, 5]",937075595,350,8.757076352834702
b7db2ecb0211cfd67f10d6d7443e1db3b928ba516e284183003252ec06d10795,benchmark-nonlinear-d10-s12505-B400,additive,3,[],937111244,400,0.6525257118046284
b7f4add10512f21cff03e80fb75409e57e9baa8bd8f0b51c7fa5000a4f5bd51a,benchmark-linear-d10-s11502-B100,flow,7,"[3, 9]",938782162,1000,26.29502942226827
b7fadb0e9e3ee8c8c574cabb790170909b6b4399954bc2de1c4024b6af0f55bf,benchmark-heteroscedastic-d10-s13501-B400,additive,2,"[4, 9]",939186959,750,2.9898118395358324
b80b2078bfcaef326a989dcf8f5ace306e572282c03074ff8321b894cd242605,benchmark-heteroscedastic-d5-s13003-B400,flow,3,[0],940253305,800,19.641081638634205
b82b588e8251a221afc49c53b7d3ba9525b3390dc6345619db746953f46504c2,benchmark-linear-d10-s11501-B400,additive,0,"[1, 9]",942364815,1000,4.215376123785973
b848a758115606fb23ee3b4b99de97c44003df64fd47902846b129d1ffa3e94f,benchmark-nonlinear-d5-s12003-B100,flow,2,"[0, 1]",944285529,300,7.51768690533936
b87a198428f87613b5fa997c696b1ed665b2137e8ea3d267bee13b3bb97781ad,benchmark-linear-d10-s11502-B100,flow,7,[9],947526021,400,10.590237442404032
b89e124b9298c0dfb953d254536706fd250ecd6dda61f2751d62f6440a26e5e9,benchmark-nonlinear-d5-s12002-B100,flow,0,"[1, 3]",949883468,300,7.597101638093591
b89ee6fe6675ba5e166fb269d6f94abe315b8682b0ce58549706996c117978a9,benchmark-heteroscedastic-d10-s13504-B100,flow,7,"[2, 9]",949937919,450,10.940169947221875
b8ccc9203a0b5163b34f6f664cbb3389a234d41bea45ca149aac3c093b55b09d,benchmark-heteroscedastic-d10-s13504-B400,flow,2,"[6, 7]",952944929,350,8.901611832901835
b911657ccddf86e34c5594ac0b8fcd4c66e4c9005958964bdc7a01790a4aa8b0,benchmark-heteroscedastic-d10-s13501-B400,additive,1,"[4, 7, 9]",957441405,900,3.7832678742706776
b9287b4f82b66de36792bde7b8f97c4698b9624a4f1d9c37f6f93244773b9835,benchmark-linear-d10-s11505-B400,flow,2,[4],958954320,300,7.05290955118835
b93c8cc7f87165128471da95dcd41223f816ad08eda5beae9eb7f63f7d601c53,benchmark-nonlinear-d10-s12504-B400,flow,4,"[0, 5, 9]",960269512,650,18.348663352429867
b950826304acb818ef3de067fd0eea4bff7bc53d2fc07a1a62bff2a9cdc5fdf6,benchmark-heteroscedastic-d10-s13501-B100,flow,3,[2],961577572,300,7.0697603803128
b994172275d5ba6c29ee6d86200d308189ee28236129c750031b854f223df2f2,benchmark-heteroscedastic-d10-s13501-B100,flow,2,[9],966006563,350,8.984634658321738
b9d3e2bae35d2f90a02123e5ce9a21165c34189cf3dcbf00ee554a39868dde5b,benchmark-nonlinear-d10-s12501-B400,flow,6,"[3, 8]",970187451,350,9.02213174290955
b9f460d1bebfb23cbe8e26833e234d4243a10ea5be82feb10d9c63e52f06ef14,benchmark-nonlinear-d10-s12501-B100,flow,3,"[2, 5]",972316882,500,13.522481204941869
ba1beca6da77b11135d41ee539a915afce40e5de977126a4c2887d757a7e2933,benchmark-heteroscedastic-d10-s13503-B100,additive,4,"[3, 6, 8]",974908583,700,2.8507930245250463
ba1cb19b7699bde38ca217ea8dfd7e086e7b7d3c6e68d00b1b5da3b888e95780,benchmark-linear-d10-s11504-B400,flow,0,[5],974959004,600,15.632633475586772
ba405f72d1155c8972dba6918c73b246980c847d8d48c56d9e7f3f4dc5e4d246,benchmark-linear-d10-s11503-B100,flow,4,"[2, 5, 9]",977297267,300,7.437879813835025
ba44ee4a6d414ad7bbfad3ed205cbbc4a03d24526179a68ae227fe74a2aeeea8,benchmark-linear-d10-s11505-B400,flow,1,"[3, 5]",977595979,600,15.33782622590661
ba651bfa6005c8a4ccc9d32fac62d7d59507331f33b50fb6df597dfd6586f260,benchmark-nonlinear-d10-s12504-B100,flow,9,[4],979704827,300,7.7922058422118425
ba7e76869fd86597d0efad59de4337acac1c86ca1c3b3d7331a9fb52b90fc2a3,benchmark-heteroscedastic-d10-s13501-B100,flow,0,[4],981366407,550,14.152363421395421
ba7f2023c5115c528eec56becc55b83332bbe3e7b528993f8e62f73d64a4bd59,benchmark-linear-d10-s11501-B100,additive,6,[],981409828,400,0.6694940477609634
ba80027c8d2d21c668ba5ca0cec5ff0bd4e01993022fbd6edee3ab1b3cf92bba,benchmark-linear-d5-s11004-B100,flow,3,"[2, 4]",981467773,350,8.838431606069207
bac7771772575c95523fc4eaf33ff885a22063136caadd9f409ac45e73970750,benchmark-linear-d5-s11003-B400,flow,3,"[0, 1]",986150680,300,8.338212432339787
bb1b43cbe2bbff7f1b942e39d9b52089f74112c8916176425276713f5d79c8d9,benchmark-heteroscedastic-d10-s13503-B100,flow,9,"[3, 4]",991642572,300,7.577378565445542
bb4552f2310b43847b13ec9df5db122dce6d612e0c7b3b06d3fdb435f51ebf1a,benchmark-nonlinear-d10-s12504-B400,flow,7,[5],994398963,300,7.474274791777134
bb4d7aee11e522290856a444faca402a07bb71e45eb6ecb39fabfc9dc2630584,benchmark-heteroscedastic-d5-s41001-B100-semantic,additive,4,"[0, 2]",994933487,1000,2.769900543615222
bb73a21e97fa6064e79472eea9d3df18b912b3b69111207af74ba5e8a391cf2b,benchmark-heteroscedastic-d10-s13504-B100,flow,4,"[6, 7]",997433887,400,9.716009901836514
bb78cf354f0f49a732f010fce37989c060b03edeb22c0455becb8056a8087dd1,benchmark-heteroscedastic-d5-s13005-B400,flow,0,[4],997773110,300,6.984806872904301
bb879ea67a5f8296811b658c4635ab06846ced6015fb68be10e7b6c5298330be,benchmark-linear-d10-s11504-B100,additive,8,[6],998743719,450,1.8233125992119312
bba2c317679cbe74ccf70788e5007d8ed2e2d402de8f32e324d3d130e9ee0e0c,benchmark-nonlinear-d5-s12005-B400,flow,0,[1],1000522520,650,16.3423385694623
bbd94afb8cba2df91c35717d2aa57550155524be757249ac562c630c9108c2ba,benchmark-heteroscedastic-d5-s13003-B100,additive,1,[],1004096252,550,0.9678841438144445
bbe01bce4a6b8579c0ed6e4e76583b4892fa88b1e1053b72e8e6790c7c5119f4,benchmark-nonlinear-d5-s12001-B400,additive,3,[2],1004542927,950,3.7267132457345724
bbeab41d7315799009d97c9e9b028c75596200beaae0d473296a20a9b23560f2,benchmark-linear-d10-s11501-B400,additive,3,[6],1005237278,600,2.7530328407883644
bc0b29bd35c597cdf242bbdd672022316e1dde68bf80672838f97505d602651a,benchmark-heteroscedastic-d5-s13003-B100,flow,4,[],1007364542,300,6.452050399035215
bc1af80798fe41aefb8a537c4cc127e9b42cd7317198c7523ba68fd8018306df,benchmark-linear-d10-s11504-B100,flow,5,"[3, 6, 7]",1008400392,300,7.850294491276145
bc338a40cff88dd4d9eef8e1b01353f120ea32c758db6c37af4675cc8b9b1cae,benchmark-nonlinear-d10-s12504-B100,flow,9,[2],1010010689,350,9.138683533295989
bc3434eb9ddf089f6e0698990d8981e12a0b982d7a32111fc7de6d428a7d8c12,benchmark-nonlinear-d10-s12501-B400,flow,3,"[0, 5, 9]",1010054380,650,16.535439310595393
bc4a6279f31c754f742b3f8112c1e91f7b77566ba2b9fe807fe5a55233890330,benchmark-heteroscedastic-d10-s13505-B400,flow,2,"[6, 8]",1011507834,600,10.813591429963708
bc77c2df263489f8e7c0ac9cc955e42f51e5b5db4d7c3b48737f83552f462588,benchmark-heteroscedastic-d10-s13501-B100,flow,3,"[2, 5]",1014481632,300,7.957653604447842
bc87b689165ee82bf082d366aa5c5bfcf403cc65bd0e92d23d64c0758c9ebaa3,benchmark-nonlinear-d5-s12003-B400,flow,3,[],1015527050,400,9.465883735567331
bc9c2ba9bec7a05e22b6e7501033ce0edea63a6a938548ddcbeb106a74714a6b,benchmark-linear-d10-s11505-B100,flow,0,"[6, 7]",1016867754,350,10.763015229254961
bcb014052e1fe70e2bb2ea1030277004a8f7a4458e700e530d0e1cae210e532f,benchmark-linear-d5-s11004-B400,flow,3,"[2, 4]",1018172422,300,6.2302188239991665
bcc2ff929d6dd56a3aa594ed3e9be26b2f7c7cba777e3fe2563c9032304a36b3,benchmark-heteroscedastic-d5-s13004-B100,additive,3,"[1, 2]",1019412371,1000,3.953325279057026
bcd6d956d81230e300297c26bba8d3169077769ccc871aa7280055855ddc8c54,benchmark-linear-d10-s11505-B400,flow,2,"[1, 3, 9]",1020713303,300,7.388159070163965
bcdea6d560012ff38c6e1cc40d07a642ea429b6fc99f6a1fcf5bfa109ac37ec3,benchmark-nonlinear-d10-s12503-B400,flow,5,[2],1021224662,450,11.296233730390668
bce02d1f6377194f6247f30caf372db725a553f5bf7df65669c8221c785a3d6f,benchmark-heteroscedastic-d5-s13004-B100,flow,2,[0],1021324576,450,10.955180015414953
bce50c57f8ad8b8405ae63557c1173cdff3cce875a4e33e3da6a5234648b1ed0,benchmark-linear-d5-s11005-B400,flow,4,"[0, 2]",1021643864,350,8.93566196411848
bcf14a7f977715e9d79bb3fe17eb309ba7ddc7cc0a68f5c8fed7b2f56f8cfb16,benchmark-heteroscedastic-d5-s13003-B400,flow,0,[],1022446208,300,6.773489659652114
bd13d370e1ce5b64c75af80a81850454109612712246d20e96374256727aca4f,benchmark-nonlinear-d10-s12505-B400,additive,2,"[3, 8]",1024709489,500,2.0337731149047613
bd18b7fc9c9eab823882a1902848e9c46d82b8aeea640fff97fdfcc12da4202d,benchmark-nonlinear-d10-s12504-B400,additive,1,[6],1025030141,350,1.4025725238025188
bd36ea670e1ecea63af8f10519035ee43b7b8db2b07ceb958ef34f6f4d9c257d,benchmark-linear-d10-s11501-B400,additive,3,"[4, 6]",1027009128,1000,3.9823075104504824
bd451a8977104935a0935d9ec4a4ffc2e88b1a9a6e1c2ee0359740eefa2b4f06,benchmark-linear-d10-s11503-B100,flow,3,"[2, 8]",1027938954,500,12.869577459990978
bd61420c8decaff00beb3a2c1f7ca2a608d2fddb33e0a61e9d6f1b1a8603ffe0,benchmark-linear-d10-s11501-B100,flow,7,[1],1029784077,350,9.141282370314002
bd62232794a6deea1b917da4093a6599fb0704f5a81c480ae2ef76799f18576e,benchmark-linear-d10-s11502-B100,flow,1,[2],1029841704,400,10.12693264707923
bd632d3542e3d054fea1b2d4696f6f8e01a643a4c54c6df61f097dd38fe5cb22,benchmark-linear-d10-s11504-B100,additive,2,[],1029909814,300,0.6339289266616106
bd87aa6be4bdcecb01c653bb4a6775e5d45ed0a56903cb60a2ea82ec871db3cb,benchmark-heteroscedastic-d10-s13503-B100,flow,0,[7],1032301164,400,9.991318939253688
bd87dd56947950429a764939bce89fc48f5d2bf839d11591db927d24ac6d348f,benchmark-nonlinear-d10-s12503-B400,additive,0,"[1, 7, 8]",1032314199,750,2.949069280177355
bd8905d295658ce6d3e826491137bc5a6fc095a64cf46f0510716d249f6dbed2,benchmark-nonlinear-d10-s12501-B400,additive,9,[5],1032390099,850,3.2702644001692533
bda47f9c0b637c967e36340b24a608c926129442399172e5d56886025a85402f,benchmark-linear-d5-s11003-B100,flow,3,"[0, 1, 2]",1034190749,400,11.03843873925507
bdc800d7c2ca3b04d3605896a433938c1b55bbbac064745c3a0ecca3e9a44341,benchmark-linear-d10-s11503-B100,flow,6,"[2, 9]",1036517592,650,17.33861815929413
bdf07e6fa10b1ad180b366e105357f0bafd04e5f39ae6f509492cb238da73a8a,benchmark-nonlinear-d10-s12503-B100,flow,6,"[1, 8]",1039171184,350,9.300031691789627
be111575ae44095bc55bb79822cb8ebc75c9742b44ee9a17d5f54fde5e6a2d56,benchmark-heteroscedastic-d5-s41005-B100-semantic,flow,3,"[0, 2]",1041306998,300,6.457893058657646
be18ef8c5e77743116a9d788c80614623a85a3a264335cb0e9dcfccdf8318ce9,benchmark-nonlinear-d5-s12005-B100,additive,0,"[1, 4]",1041821581,1000,3.977708328515291
be25c5136219fe9a10c3046e1cd731cccd78cf8120237711aadf5bbd9e64ad3f,benchmark-linear-d10-s11505-B400,additive,9,"[4, 5]",1042662676,1000,4.414074162021279
be29149c2e1f363b1613bbf9ee3dc155f80261257be713f36593d106a17744b2,benchmark-heteroscedastic-d5-s13001-B400,additive,1,"[0, 2, 3]",1042879645,1000,3.9649494662880898
be52285ef02bb9b179e6d1ad67d7069848d1c0177554579b666c20db65f97ef4,benchmark-heteroscedastic-d10-s13502-B400,flow,7,"[1, 5]",1045571679,400,10.868741730228066
be5ba9016b1cdd1c0d55384ec208c014f59a1562d25e82b9a14436aa0b0c601a,benchmark-heteroscedastic-d10-s13501-B100,flow,4,[9],1046194434,350,9.038466235622764
be5c1ca305cbdb2b2bc93e85ae631af4149b2b98075a842aa100ee77ee94c624,benchmark-heteroscedastic-d5-s41003-B100-semantic,additive,4,[1],1046224036,650,1.8086605574935675
be7a2d174edc02aff8b80d959b9ca9c4c1326d1021402c26cb8a87d71efd2cd4,benchmark-linear-d10-s11503-B400,flow,7,[9],1048194328,800,20.888292690739036
be7d6bb4575f659a4f1961dab3f95087cfbac78878ac766a46d51702ab310501,benchmark-heteroscedastic-d10-s13505-B100,additive,2,"[0, 8]",1048406965,550,1.839928152039647
be88988c291fc3ac795bf2d2a2d66210608f86e1ff695ed4a672ecaad0f32165,benchmark-heteroscedastic-d10-s13503-B100,flow,7,"[0, 1, 8]",1049139341,300,8.639857344329357
be96b3ae53a3d6c60b0bf3200a49a40b4bc03bc416be4605556492361801ef86,benchmark-linear-d10-s11503-B400,flow,6,"[2, 7, 9]",1050063791,900,24.688604852184653
bed1edd7ba418958d7063da48f83b72b970b5db3276709880f7e1e1f62a4244b,benchmark-heteroscedastic-d10-s13501-B400,additive,4,[6],1053945304,900,3.586808778345585
bee5b0a8e221717b4525ca21b67527aab8428ff2f60c694b591565dc95805976,benchmark-linear-d10-s11505-B100,additive,4,[],1055240361,300,0.479741208255291
bef4b05e5570838020e08ac6e9b66fabd3582dc07a4a4d6d781c057ee65a98c8,benchmark-heteroscedastic-d5-s13001-B400,additive,3,[0],1056223327,650,2.542655237019062
bef64ee69ba6c7fd2b685144b2674cd3f408457acd659bb17029125a4b823f6a,benchmark-heteroscedastic-d10-s13503-B100,flow,1,[],1056329447,550,12.851907208561897
bf08bda7545544d3d1b87225893b5bf3df339e550914c02dde9bfaf79ef70f4f,benchmark-heteroscedastic-d10-s13501-B100,flow,5,[],1057537448,600,15.001061761751771
bf2fb7327bbeee3765517e8f15c989d14b959d64a9c9c072e6855a74aa0be855,benchmark-nonlinear-d10-s12501-B400,flow,0,[2],1060091699,600,15.067319467663765
bf3164b3bbc24ebad3c5ce92e847e4301b00e11e88102efb6106b6499d53a7e5,benchmark-heteroscedastic-d10-s13504-B400,additive,7,[6],1060201652,600,2.325100464746356
bf3b55245e7b3536320f92435d3cd928a15ab89e3e5f2d107392251799e24bdd,benchmark-heteroscedastic-d5-s13003-B100,additive,4,"[0, 3]",1060853029,450,1.7893976662307978
bf43b9a18c270ee897e68820a48052c5e3587ddf38ef12ca6c5df0be760b905c,benchmark-nonlinear-d5-s12005-B400,flow,1,[],1061403042,300,6.839729541912675
bf45c583d447c3e502ea1f284f89e358856b375ccda39a59e9217cde72b34298,benchmark-heteroscedastic-d5-s13001-B100,flow,2,[0],1061537156,400,10.298321343958378
bf5076854df8154e542ba65b57619554957eb1027c7214398cb179e4e565deb7,benchmark-heteroscedastic-d5-s13001-B400,flow,3,[],1062237830,500,12.381395306438208
bf82041896e2adb273b1971e45b793af5b9de9431473c1f9a034c0397a126c42,benchmark-heteroscedastic-d10-s13502-B400,additive,5,"[1, 8]",1065485337,850,3.1371129769831896
c0022cb96488eb84d50e233ad4fb3f12df8d048c7fafecf3b34b16cc692b5051,benchmark-heteroscedastic-d5-s13003-B100,flow,3,[1],1073884346,300,7.87232300452888
c003e1109bd3fb7695197c88e611489ce049bc05acd68f3913d4ccea36dc34fa,benchmark-heteroscedastic-d10-s13503-B100,additive,0,[6],1073996049,300,1.1561820954084396
c0101c27ca301a50e84214090d05f598eb05c8c77c97fc25e5427b8a81a21092,benchmark-nonlinear-d10-s12505-B100,flow,9,"[3, 4]",1074797608,600,14.759973892942071
c01049407f17dca222910d47c6ebefd4048f1c427b2bee39960d4e03b92c7dd6,benchmark-heteroscedastic-d10-s13505-B400,additive,7,[],1074809153,550,0.6981582473963499
c0475f9d5dbd5afe830c1d4e6abe37d36094e5656616fdc562a2ea6ce4f24603,benchmark-nonlinear-d5-s12003-B400,flow,0,[],1078419358,350,7.6746278218925
c06cb1c12924f417e22fb98d1fc97305f4d8a48c046bdacfe50affcd7a6e1e3e,benchmark-linear-d10-s11505-B400,flow,9,"[0, 4]",1080865218,600,17.33506890386343
c0869e951773ea23a048541761e3f83340890dcfc3abfc1915c6f58d84acf8c6,benchmark-nonlinear-d5-s12004-B400,flow,3,[2],1082564246,450,11.341455798596144
c0e1541503afe950f854fc9d8d754b9552a089d98e57c36a991fa3e32340d680,benchmark-nonlinear-d5-s12001-B100,additive,1,[0],1088508950,1000,4.150175767019391
c0e45b67d8afb4c0e42ebbfba47e0f344972234323e992ffb45cf83b9e5c0136,benchmark-nonlinear-d10-s12505-B400,flow,7,"[1, 4]",1088707432,550,15.304731290787458
c0f8dbb4ef94f3462e2dd627d86892771b23c1953b342979e3fc4457283b90ed,benchmark-linear-d5-s11005-B400,flow,2,"[0, 4]",1090050997,300,8.368015423417091
c131c9ae4f776323d25f473dfc9e2972ec6887a935e378722822c8d5cb16817f,benchmark-nonlinear-d10-s12504-B400,additive,0,"[3, 9]",1093781935,1000,4.057961726561189
c14259d4438c296f4c6ec7bb8874467fd684ab676f0e73fdf8f66b1628d1622c,benchmark-heteroscedastic-d5-s13003-B400,flow,4,"[0, 1, 3]",1094867413,350,8.48532617278397
c14fbd02640785ec0b4e4df6ea9cd2e6f767d824eb90ea9679d887706e765681,benchmark-linear-d10-s11502-B100,flow,7,[],1095744771,600,14.148913817480206
c184459ca3919f52285f9560bbc5cad194d6deca69cf96cfcad5359b4d567aed,benchmark-heteroscedastic-d10-s13505-B400,flow,0,"[6, 7]",1099187613,500,12.66633702814579
c19ac212d83a42174e78658d48af3ecee20f8907ed05bd428e85c872d864aba1,benchmark-linear-d10-s11503-B400,additive,9,"[2, 7]",1100661267,1000,4.27826470322907
c1b549af17d4fadacc2cd6b6b401356b9b77e2ea67731a59555b2952be82d39e,benchmark-linear-d5-s11002-B400,additive,0,[1],1102399920,350,1.6043101511895657
c1b56279bc4bb15bbcf0fe6f2c21cb263f5e8f0d65bcf6eddf60b5c8f3b1c8d3,benchmark-heteroscedastic-d10-s13501-B400,flow,6,[3],1102406266,500,14.332098320126534
c1c864d7f2fe37d7ddf48c6ee96c8d9c923a718f30f110b4d4144b554a8fb76e,benchmark-nonlinear-d10-s12504-B100,flow,7,"[4, 6]",1103652056,450,11.85044621117413
c1d601994eccd3b8b8f119b85e985177763285b3fceb77c0a25179aae0ee7c65,benchmark-linear-d10-s11501-B100,additive,5,"[1, 7]",1104544154,550,2.2450952660292387
c1ecbdf65444deca897df7d2af49668ad6a9cdd94287d5a9f6e178f3b4f05f66,benchmark-heteroscedastic-d10-s13503-B100,additive,7,[0],1106034167,1000,4.003347361460328
c20833ab5b7dc53fe8349afe9edf817bb9d01de3c50617a7b3ded8d0340bda3a,benchmark-nonlinear-d10-s12504-B100,additive,7,[4],1107833772,650,2.5170757193118334
c21cda5a37ecd5bb472517124d667480218ee20f9a6e859efbf578716b09fcc7,benchmark-heteroscedastic-d10-s13503-B100,flow,9,"[1, 3]",1109187163,300,7.7746950425207615
c21d890409c9f9aad31d3d0d916f86afd3dd9b5b677e7dbbce13e6bce5030485,benchmark-linear-d10-s11503-B100,flow,0,"[1, 7]",1109231877,350,9.55847349949181
c22474309ec29b2fafb34376158465d5d1708a22641fe6d0f640bb64243c64df,benchmark-heteroscedastic-d5-s13005-B100,flow,0,[],1109685297,400,9.097419319674373
c24b990ea4ba94c37746d74c1f118991789d1359820cf8785a6b355d606376e9,benchmark-nonlinear-d10-s12504-B100,additive,2,[],1112250639,300,0.5578020252287388
c25a1f26ba7db93ebc41dbda80fbbe972e25bfe5b66411a2b7edd8ce51f72722,benchmark-heteroscedastic-d10-s13502-B100,additive,5,"[1, 8]",1113202471,600,2.3635531682521105
c35ad8a6c9c7c79e9bfe7a4deece96e415545cca8caa90fab591e6a520f83b91,benchmark-nonlinear-d10-s12503-B400,flow,8,[],1130027175,850,20.241944214329123
c37896c5ea84d507f1821e31dd4523c8062780655fc2a3d9c76b70e42a35abcf,benchmark-nonlinear-d5-s12003-B400,flow,4,"[0, 1, 3]",1131976390,550,13.95757918432355
c37b4e02becb1538f36ddfb99b3e0f002524e5f875f1fefa465a00504bd17e29,benchmark-heteroscedastic-d10-s13504-B100,additive,2,"[4, 6, 7]",1132154371,650,2.526201505213976
c383566212c1afef61e8de6885d75987af1dfa6651243c00a2aebdeced34087f,benchmark-linear-d10-s11504-B400,flow,7,[6],1132680803,400,10.084002522751689
c3972bae4e81c6af6df1095867a03b9045f8def3db9fbd67fdfcc4c665e237f6,benchmark-nonlinear-d10-s12501-B100,flow,1,[7],1133980591,550,14.10649541951716
c3b3d82b0a3bad267df2b972cef653bb2ff30e370f673f18b89cf5a88c0d0a7c,benchmark-nonlinear-d5-s12003-B400,flow,2,"[0, 1, 3]",1135859756,500,12.196156850084662
c3e1a60a02ac3225df43112e4fe5b036208011bbbb16e4dfe6e115718f650243,benchmark-linear-d10-s11504-B100,flow,9,[5],1138861579,300,7.3485835287719965
c3eb4ba3d9190f78faff6f92bde40ac3da84566b6606f6f85b40a8cb9b827016,benchmark-heteroscedastic-d10-s13503-B400,flow,1,[],1139493796,950,22.858521215617657
c3ecb063c4011648ba49e5382211328b888e14fb546cbb198e0837d6d4ca5993,benchmark-linear-d5-s11001-B400,additive,2,"[1, 4]",1139585124,900,3.487799633294344
c3f71bb0e76cca8cb8ea849678d0b3163f3925a7bf193f1bb949a141b96a9ed7,benchmark-nonlinear-d5-s12003-B400,flow,2,[],1140267953,1000,21.726893113926053
c4031987f88084a024c58ccfc2c90f1690404f61d69fce2764dc4289ee8eab9c,benchmark-nonlinear-d10-s12503-B400,flow,0,[7],1141053832,500,14.112254962325096
c410bba87fa929176c78155809f97bd7ed3316d17cbe108a32aa5fd7ecf3ca98,benchmark-heteroscedastic-d10-s13502-B400,additive,7,"[1, 3]",1141947305,1000,3.880221566185355
c41cf0bcaa3c97710ab20ef8b4a727526b57962742b03e97f1ca5069e628de8c,benchmark-linear-d10-s11503-B100,flow,0,"[2, 9]",1142747325,500,12.740337118506432
c44b1b0fd1a80252d2bf28a14faa170ed4bea67261309222fb3da56e051d0f96,benchmark-heteroscedastic-d10-s13502-B400,additive,7,[1],1145772816,750,2.9742980655282736
c459abb96246ee6da60ed8d3020ab8de8b8cef9f0957b9567555bf89902c0f9d,benchmark-nonlinear-d10-s12505-B400,flow,4,"[1, 3, 5]",1146727354,450,11.64288455620408
c4a0f3a4cb308fa8ef62cbf226e3d7db035b932d522a8d7bccc7101785149fe5,benchmark-linear-d10-s11504-B100,flow,4,"[2, 5]",1151398821,300,7.613542411476374
c4e3fd41b9e527ac6cc5e086743520a56dced7d433a89a0e914eb2b5febe11db,benchmark-linear-d10-s11505-B400,flow,0,[],1155792194,450,9.9088822491467
c511ea63ee2e25445a172d2a8a2eefa22e2c77d266f5bf70aec2b1f4ec30db9b,benchmark-linear-d10-s11503-B100,flow,0,"[1, 7, 8]",1158802020,400,10.831006964668632
c5185a21b3101843b2bcc9ab0c6e33f516130f8e521bb992ae3605e6b3cbd2e4,benchmark-nonlinear-d10-s12501-B100,additive,7,[5],1159223842,600,2.3973742350935936
c5246274e589b2b5d5cb6eb94cc0e8e33bd68429a6413f6b2200ae774ce59983,benchmark-nonlinear-d10-s12501-B100,flow,3,"[5, 6, 9]",1160012405,450,12.19685453735292
c5523c33c3566de5c1c54eb22a408e1dde1566426854d121134f2ddf8ffa4bc4,benchmark-heteroscedastic-d10-s13504-B100,flow,3,[],1163017268,500,11.645171547308564
c5975d9fbae72f3d715eee1addf8e9a61f643f48b2710edeeef1b6b34b6eef54,benchmark-heteroscedastic-d10-s13503-B400,flow,3,"[0, 6]",1167547808,500,12.872902916744351
c5e93631fcabf525d183355162ccbe511d7eef7d64128d8bd15ad05b12a81e03,benchmark-heteroscedastic-d5-s13003-B400,flow,4,[3],1172911666,700,19.29666613601148
c5fc89f1317300ea69efb97901931eb7b82c557b9eac6e94a0052b699690bafd,benchmark-linear-d5-s11004-B400,flow,2,[4],1174178290,350,9.564254632219672
c614a851ee78c9c7ace4f5b788b81846634ec5a800383491eeca24aa5f987247,benchmark-linear-d10-s11501-B400,flow,1,[],1175758930,550,12.812511002644897
c614dad3cc232bc12febd989ea83544fac000a906c5afab3b5acf27e3c987c93,benchmark-linear-d5-s11003-B400,additive,0,[1],1175771860,450,1.9412358924746513
c62ad12ecb52d5224d9c85075c8552b6d0f41db807cc12a0b55519425a3f4c23,benchmark-nonlinear-d5-s12003-B400,flow,0,"[3, 4]",1177211183,450,11.00685640797019
c690226e58b601430dbc8823dab1716fb2faa90329c12f74be418ec3eceafc47,benchmark-linear-d10-s11503-B400,flow,3,"[2, 7, 8]",1183851119,500,13.401036424562335
c6bdfb21d7de8f2ee6c8f0c32d0d5f349450e729f609313257d40bd65d3bf5e3,benchmark-linear-d10-s11503-B400,flow,0,[7],1186855714,500,13.276792224496603
c6e378e1181124508bfc455bf630e16db5c8b3adfd9714258cfab468564af50b,benchmark-nonlinear-d5-s12004-B400,additive,4,"[0, 2]",1189312738,1000,3.883195297792554
c6fb83f0cc21ecb6bd2da3f037e27691da6064eed978e1fafa42b3d1f01db338,benchmark-heteroscedastic-d10-s13505-B400,additive,8,[0],1190888433,1000,2.6628956720232964
c70581a06f3d356a60a376d9a2c7e74e4c2ba8bfaec22ec4eefcfd1d4a7ddb87,benchmark-linear-d10-s11503-B100,flow,8,"[0, 3, 7]",1191543201,300,7.780334120616317
c71fa4218fce253d5d8191306494552685dd6ef19afb59e5ecebdc063f61184c,benchmark-linear-d10-s11502-B400,flow,8,"[1, 2, 3]",1193255970,500,13.452496938407421
c775c94260e0f8ec653d54fad599f2866f47d522d34395e761374995596a38cc,benchmark-nonlinear-d10-s12504-B400,flow,8,"[2, 4]",1198901571,450,12.654773350805044
c78b35ca13be1de2bc97cfc19df30c8ad6225d02e0594d15133e2c2ca9d04538,benchmark-heteroscedastic-d10-s13503-B100,flow,6,"[0, 1, 8]",1200305611,300,7.844158936291933
c794fa21fc2fd131d9f693e450bdd4f6746e53d9dda9477aa12585c4b7a7f711,benchmark-heteroscedastic-d10-s13501-B400,additive,1,"[3, 4, 9]",1200945698,950,3.575457176193595
c7abf86f23257bf9c6483650a4063925b680531035c8847f86cc6a5509e4fb81,benchmark-linear-d10-s11504-B400,flow,3,"[6, 7]",1202452592,350,9.430234299972653
c7b1922fd8450e6f7cff48cd9cba41ef007acd6d64c20d141cee4d6f2884f2ea,benchmark-linear-d5-s11002-B400,flow,0,"[2, 3]",1202819632,600,16.028948068618774
c7d68dff37d4abad0cf31db951eb8c3b88ebcee24972de9d522446b2037aca5a,benchmark-heteroscedastic-d5-s13003-B400,additive,4,[3],1205243392,500,2.052159931510687
c7ee281c54e39f2ec122ef659454543266fb9dbeca7dfe1801cf89eb557190b4,benchmark-heteroscedastic-d5-s13001-B400,additive,2,[0],1206790173,700,2.726199546828866
c7f7a5d3ccb0e9f8165e8a1041a11c4e585dfddbb2d2553f519589172689eac2,benchmark-heteroscedastic-d10-s13501-B100,flow,6,[2],1207412180,400,11.024902928620577
c801da43bd49a946f2c497c930c574617212833120f0ef3450d30cda7a23ecbd,benchmark-heteroscedastic-d5-s13002-B400,flow,2,[],1208080964,900,20.09774657152593
c804ad18e25fa37a862431d5014f5158460e669e6a0865261b395cfdf1c28ab3,benchmark-heteroscedastic-d10-s13502-B400,additive,2,"[3, 6]",1208266009,700,2.662349684163928
c8067148ea9ed8e9566720d0d9dc7002badd722c88a6f670934edfe877027960,benchmark-heteroscedastic-d10-s13501-B400,flow,1,"[2, 8]",1208381769,300,7.021024402230978
c80b135c410cf6622fca3272a97af5a0c453e6c642d125df82fe0062cb794816,benchmark-heteroscedastic-d10-s13505-B100,flow,8,"[0, 6]",1208685405,400,9.741441013291478
c81a36b392a82f8403bd80ed30af086c132d8c08b82c0614c16537b07b4708e0,benchmark-linear-d5-s11001-B100,flow,0,[4],1209677492,350,8.943117568269372
c822f88325f61d0c85c5aa10ed7d2fc97616a8ed9d3d362974462cb68f33274c,benchmark-linear-d5-s11005-B400,flow,4,[0],1210251396,450,12.098417228087783
c84058c576987e0afff4ddb888f0d1717aef8e13ec1c3e13b8fd6f863c6063c0,benchmark-nonlinear-d10-s12505-B100,flow,6,"[1, 3]",1212176582,550,15.18316143937409
c846290674cdef1c2c6f9be10692401345799b8ca05958688be5abaeb6ad073f,benchmark-heteroscedastic-d10-s13504-B400,flow,2,"[4, 6, 7]",1212557575,400,10.686492575332522
c84ed03bfde0a9e46886d6d90a7b42294de1091b456cb11fb73fb85682557923,benchmark-nonlinear-d5-s12002-B100,flow,2,"[1, 3]",1213124668,700,18.360912865027785
c88b406486269876027bbc240854636b86e9535199bbcd74eac73fa9cf738d8b,benchmark-linear-d10-s11504-B100,additive,9,[5],1217085541,650,2.9117808528244495
c89d7bff6a597fa12ff61c939bc549359dd256474c9e6293c1d78e48f5386035,chambers-B400,flow,5,"[1, 2, 4]",1218280448,850,14.516375610604882
c8b8b78bde8af7b5818b6df8ffa0cc2fe23bcbd2e8cef8c5fb2d8c45c4e96f9d,benchmark-linear-d10-s11502-B400,flow,2,"[1, 5]",1220065164,650,17.61458862759173
c8bd172d507e0d71186cea78eb20110335549e0989c12d89acd766d4a4bdfb35,benchmark-heteroscedastic-d5-s41003-B100-semantic,flow,4,[1],1220351790,300,5.502164084464312
c8c712848ef80f54993840141523651bd97362230be7f46e9b6b3161d7ceb0c0,benchmark-nonlinear-d10-s12501-B400,flow,9,[8],1221005957,400,11.382268566638231
c8e6022a631421cbfb0d0d5db00dc9f7c22d4ad13590a45321c00788f0dd5e9b,benchmark-heteroscedastic-d5-s13002-B400,additive,2,[],1223033387,300,0.4671307001262903
c8e91bed5e1ca00492480cbeeb2efe35d0c5ae5836782bfd92b144a7483466cb,benchmark-nonlinear-d5-s12001-B400,additive,4,"[0, 1, 2]",1223236590,600,2.326757749542594
c8ec91566bfdcf12e3ebafae247f77c3fa44d5ac91cb95a28aec3930fce0c225,benchmark-linear-d10-s11503-B400,flow,4,"[0, 2]",1223463255,550,13.845709387212992
c9057df1b45bd0517907a0bad8835f4959d10d4ae5bde1b77d985f48f36f625d,benchmark-nonlinear-d10-s12501-B400,flow,8,[3],1225096690,650,16.000076794996858
c931c5f6344fb9a68202e8ad78d3ae207b296396e0e5a07b6a78b792a51f576c,benchmark-linear-d10-s11502-B400,additive,5,[],1227998711,450,0.7644064035266638
c937b54cdfe42800a04a85cc1784de566bd6c435d75a9e0d41524ee37a98a802,benchmark-heteroscedastic-d10-s13503-B400,flow,3,"[0, 8]",1228387661,300,7.364433264359832
c939048e2cfb43be2fd415afd4c9074196b0c82742290749f68142ff6e388709,benchmark-heteroscedastic-d5-s41001-B100-semantic,additive,3,"[1, 2]",1228473487,600,1.5997007805854082
c94d7fc54e11b73585dfa7f9b6ea1e7793453545bb726f771217ce0db7db2521,benchmark-nonlinear-d10-s12502-B400,flow,9,"[1, 6]",1229815750,400,9.80928523465991
c94f8d8fffb748b4dc16b80776ade667ea5880caf306573f7933091e53017e9d,benchmark-heteroscedastic-d10-s13503-B400,additive,6,[],1229950352,600,1.1187448594719172
c957cb27b47b240185abcff613725caccb279bd1baf8f4d1fb8f60120242e9e4,benchmark-heteroscedastic-d10-s13501-B100,flow,8,[],1230490408,300,7.185259431600571
c981a96a975e9ea096e71c7ed34d965de82a5936d3e93296eea87e4bfd79499f,benchmark-linear-d10-s11502-B100,flow,9,"[3, 7]",1233234283,550,14.328414009884
c9941d4482889524b6ee52e6fe76b84c5ebfb827f162b792ca0ab6e99d06b1ff,benchmark-nonlinear-d10-s12505-B400,additive,1,[3],1234443589,1000,3.9538343753665686
c9cb19a1f1d6992bbbdcd96be607de3e5c35ad3973486a8f715bf75e0355cf3e,benchmark-nonlinear-d10-s12505-B400,flow,6,"[1, 3]",1238047138,300,7.57828214019537
c9d11cfca1268cf579bf92bff8caa01c89f873cbd854121aa96c993266b6640b,benchmark-nonlinear-d10-s12504-B100,flow,3,"[0, 2, 6]",1238441213,300,7.5653139520436525
c9d41d0dcd54e285b0697f7ddd97680d475c314d5c3fe31ed82199d4c4fb6d12,benchmark-heteroscedastic-d10-s13503-B100,additive,8,"[3, 6]",1238637838,300,1.1522605046629906
c9ed3105bac6a27d0171fd6444c0e927e66457bbc2bdb387971bbf6e55601465,benchmark-heteroscedastic-d10-s13503-B400,flow,7,[0],1240281350,400,11.78864979930222
ca028416b327b934c2127c2c96caae1385c1671447f76de39266b109556ac7bf,benchmark-heteroscedastic-d5-s41005-B100-semantic,flow,4,"[1, 2]",1241678871,300,5.424352029338479
ca2c39d3edee9b4729d6e81f8bf10213801d6bf3a7fa0e5bf69895edd0e5e66d,benchmark-nonlinear-d10-s12502-B400,additive,3,[7],1244412372,650,2.4826503545045853
ca6791133576d1f6f833ec2f8f295ddb226481bd6422456e3f2e14d26f7642e2,benchmark-nonlinear-d10-s12503-B100,flow,6,[8],1248301332,350,8.741271272301674
ca86c80126d65c910a77a42ee6de417fe07b7f9a93e9906ab4b2b18b7851a73d,benchmark-heteroscedastic-d10-s13505-B100,flow,5,"[0, 3, 8]",1250347010,300,8.26106533035636
caacd7d4bad970bdfc3e7e83c59a9993883b3dcde052c4a5abb82b7ad9204071,benchmark-heteroscedastic-d10-s13503-B400,flow,3,[6],1252841429,400,11.21520284935832
caadef947f01b75027f505de122181d2e01439a9a4489e6ecb4de9f08c836f35,benchmark-heteroscedastic-d10-s13505-B400,flow,6,"[0, 7, 8]",1252913045,800,15.801214627921581
cab9fa07e293166e12c6aeab070373db0b8b49df1b0b9d271ac537e2607b9149,benchmark-nonlinear-d10-s12504-B400,flow,3,"[2, 5]",1253702152,400,9.878319304436445
cacb17328925f4ecbea3c764cef522aac374f4e0369b5fbe20f7bd684e7dddb0,benchmark-linear-d10-s11504-B400,flow,8,"[6, 7]",1254823731,350,8.844857012853026
cad4eb748fba302f4397d34b55dea054ba68c2303100cf410958474861cd7740,benchmark-nonlinear-d10-s12505-B100,flow,3,[],1255467893,1000,22.796153163537383
caef39b8e124998818015201b6d1de68bfa95794ce57c95dd447d732a74853dd,benchmark-nonlinear-d10-s12503-B400,additive,5,[2],1257191865,1000,3.89045063406229
cafbc29c9f9d9cb8b8f9d2f8996ff4391fd7be233f8e0a4f83ebb8581f7684af,benchmark-nonlinear-d5-s12004-B100,flow,4,"[0, 2]",1258013341,300,6.7861245181411505
cafff5a84164e9b8960bfe7063bc2f1c3bc5169522802c0af0c4ac0164646aa7,benchmark-heteroscedastic-d5-s13004-B400,additive,2,[],1258288553,700,1.206376377493143
cb352ed15c8f52ca0804a25e7a30269a2f3094c4abaa4eae51355fb9d8e3c924,benchmark-nonlinear-d10-s12501-B100,flow,0,[],1261776594,900,20.821836365386844
cb5918c055e76024b5892bd966fc6c3e14dabb4ca72b89aac773f4f00be47afd,benchmark-linear-d10-s11505-B400,additive,8,[4],1264130241,650,2.536588029935956
cba1868f92a293967a1ce6358d5257789d1bdd57d546b2adb69f2b9adc3175c1,benchmark-nonlinear-d10-s12505-B100,additive,3,[],1268876944,450,0.728859743103385
cbbc1d100d6a1125646819c2fbfe1d1cbdf19c39b1522929da19c4fee07e2ce6,benchmark-linear-d10-s11503-B100,additive,1,[3],1270619409,1000,4.127850433811545
cbc12d8b360dc76e09624e7af815c22b60044d3a2760766b9ab38870cf7d5667,benchmark-linear-d5-s11005-B100,flow,0,[],1270951308,350,7.991862507537007
cc0dbbdb6e673ecd968cca13e7384bb60f222e3d774f37bda807cf5266780bf3,benchmark-nonlinear-d5-s12002-B400,flow,0,[1],1275968476,500,12.63105709478259
cc1873bb16be20bc782e008d923c0873c564c4f657f4cd0a3b06e65ca806985e,benchmark-heteroscedastic-d5-s13001-B400,flow,0,[3],1276670908,500,13.292024714872241
cc5249b5d231c2eaa3e17d80683d4a09d8a41a89c9aa16d13610cc0db1f92a07,benchmark-nonlinear-d10-s12502-B400,additive,3,"[5, 7]",1280461238,500,1.944132573902607
cc9de2b565a4f486ed0318befe2ce43dfefc9e18e23d9ee206136960f898ef50,benchmark-heteroscedastic-d5-s13002-B400,flow,4,"[1, 3]",1285415606,300,7.187313046306372
cca96e15a0eb750194a946808cab47307cbd07038e276d3dfefe7f80a466bc59,benchmark-linear-d10-s11502-B100,flow,8,[],1286172182,300,6.9900490809232
ccb094077de58840b2a91dacac0b968c1a939cef37e908b419b8d32dd63ca45d,benchmark-heteroscedastic-d10-s13504-B400,additive,5,[2],1286640648,800,3.096466952934861
ccb4fb0d510401a8d19722dd49b5296af4b8f1fa7317637698ec2a17d20cdf54,benchmark-linear-d5-s11004-B100,additive,4,[],1286929166,300,0.5018264707177877
cce1a237d7f6462cef58a6825cbf34f1e861a922565d12af1ed47d8ee6ab9ad7,benchmark-linear-d10-s11504-B400,flow,8,[6],1289855544,350,9.067896412685513
cce3dec92827c8367d4ca4c026d00f3073953793d200f5cb2bfea65fabfc8a62,benchmark-nonlinear-d10-s12502-B100,additive,4,[],1290002122,300,0.48407026939094067
cd3c5256fb800a2614bdf7196462736355e85228a36a8d02d90d0d5b773205f8,benchmark-heteroscedastic-d10-s13504-B100,additive,7,[],1295798871,500,0.8258076775819063
cd3d4cde50a5f4dc9d821d0d3ab3fc1b2358249fcf3c04cfc65619ad0e08db2b,benchmark-heteroscedastic-d10-s13502-B400,flow,1,[],1295863007,1000,23.355136822909117
cd4cb47b49d46702911211af706e54fe1c584bad3b0d2de9529094228404be29,benchmark-heteroscedastic-d10-s13503-B400,flow,7,[],1296872572,650,15.378762699663639
cd614b735f4ebc2b38b5d6af80899ee6aa123b82bab5ee944cefa0f3e87143b9,benchmark-nonlinear-d5-s12004-B100,additive,3,[2],1298221940,1000,3.8557831812649965
cd6774a67a05ace65140312ec8041aff53f48bfec56d1e5e86c8d12f9343c9b0,benchmark-nonlinear-d5-s12001-B400,flow,2,"[0, 1, 4]",1298625703,400,10.506335178390145
cd6aa115b04ee79665c1c6058c1999cb378ef7b97468d43c0b3dd2b519980c3b,benchmark-linear-d5-s11004-B100,additive,0,[4],1298833686,950,3.8345004096627235
cd9135e740a9c35f57017d219d90e8fdc5e94b64223f6177f44d34be671997f6,benchmark-heteroscedastic-d10-s13505-B100,additive,8,"[0, 6]",1301362152,1000,3.550449751317501
cdc32358d2551fc279d6238cdc34cebbd0d6c9e75f9880ff26ee265f7f7fc799,benchmark-nonlinear-d10-s12505-B100,additive,7,[],1304634201,750,1.2255197931081057
cdc4c60b1679b1a947bb8485b22466d3b128478221a892410855476d9b9c9bea,benchmark-heteroscedastic-d10-s13505-B100,additive,5,"[0, 3, 8]",1304741388,600,2.017760306596756
cddf9d1fb70f0f519fc9ef76432e4011499254ae0e809924f60472c799b8a61c,benchmark-nonlinear-d10-s12501-B100,flow,3,"[5, 9]",1306500384,450,11.426195979118347
ce13f076350be36b61922ec67065512492ef35700f17c0fc8572b4aff2861b81,benchmark-nonlinear-d5-s12004-B400,additive,2,[],1309929591,350,0.5774745438247919
ce41923766dbcce50e5db2000d4f89ecb86ba4350e5b63bce0829308d9f51d56,benchmark-heteroscedastic-d10-s13503-B400,flow,0,[6],1312920120,650,17.597943225875497
ce508bc266133cd7086c5f0ef7ad4f2f5fdefdb6bf7f6dd6177a385531b04971,benchmark-nonlinear-d10-s12503-B100,flow,9,[],1313901507,300,6.897150184959173
cead1a75d07f548beaa1347f13967ee0d74ba9a2799f904bbebcae1fe9cb6dd5,benchmark-nonlinear-d10-s12504-B400,flow,2,[9],1319967350,350,8.69379098713398
cf1fe3d989d95f4f37e1dbf15d6f9453c617e145002501785320a89bb44238db,benchmark-heteroscedastic-d5-s13004-B100,flow,2,[],1327490010,400,8.56754294782877
cf3195dc3af3411d63c82687fe1522f890ba2662f8f9b77ea2405e081b3738f6,benchmark-nonlinear-d5-s12001-B400,flow,2,"[0, 1, 3]",1328649693,350,8.770539293065667
cf36aba4e74220d4915fbdf6b10d1bf7f7c3eb1cb824601f87991df9e3dce710,benchmark-nonlinear-d5-s12004-B100,additive,0,[],1328982949,400,0.6994753610342741
cf4681c9cbadeed3dd7c03bd9b3e5f656e536b7606ab742ee05b51166ba0fef4,benchmark-heteroscedastic-d10-s13502-B400,flow,4,[6],1330020810,650,18.253223288804293
cf4a4af7f1b0c45d0284aa3681c8962eb9602faa25d686227bae6e05057dbf3b,benchmark-nonlinear-d5-s12003-B100,additive,3,[4],1330268920,950,3.595863491296768
cfbc53ca068e7cc506862fbded8258bb521ba23665dfda6864c179b6dbfd0484,benchmark-heteroscedastic-d5-s13003-B400,additive,1,[3],1337742283,1000,4.201040579006076
cfd2612cbcf5bf86e1affd8ec4b752b76785f2c989938a100147470b8cb51bdf,benchmark-heteroscedastic-d5-s41002-B100-semantic,flow,2,[],1339187501,350,5.575246196240187
cfe4feb030fbdce767026bbd51e48682417bf7c15f1823f06f4acac34f8219d0,benchmark-linear-d10-s11503-B400,additive,2,"[7, 9]",1340407473,1000,4.1508968360722065
cfefd295cfb6b2ec97ddb3f9e93347643fa87b4c6a38876418f9f0b1713b6d1f,benchmark-linear-d5-s11004-B400,flow,1,[4],1341117078,550,15.56729150004685
d006ec0f47417497cdeb63895ec955c35a6ec224e7978948cb1df8b10f5f5d01,benchmark-heteroscedastic-d5-s13004-B400,flow,3,"[1, 2]",1342630928,500,12.937265131622553
d0117dcf16e39580358fd64eefa254f9876e0252159feb8d8e494be136dd3a76,benchmark-linear-d5-s11005-B400,additive,2,[4],1343323600,300,1.2005775514990091
d02b68c3d31b382c3b94d00c7381cd6f133d2ebc7edb21d91ed909d959ea2c26,benchmark-nonlinear-d10-s12505-B100,additive,4,"[1, 3, 5]",1345022148,1000,3.930582968518138
d07482ad1361798f1bb72ee72e5aa1c8b2c7d1f41bac845a8f5c888b3187c962,benchmark-linear-d10-s11503-B400,additive,3,"[2, 9]",1349812910,1000,4.3862696792930365
d09cc39ec0d651c7e5196d551bf77909ec0dfd5ccabfd200adf7d6e0b15e14bc,benchmark-nonlinear-d10-s12502-B400,additive,6,[8],1352450975,400,1.5794847439974546
d0a43befb9885af762a7b838018d3b40a7de731e873cf8615cbbc75b9dc69862,benchmark-linear-d10-s11504-B100,flow,3,"[2, 4]",1352940528,300,7.859651518985629
d0cf19988fc647895cfd357a04ba1a8b1df9a1718a5eda240be92a7ea841bbbd,benchmark-nonlinear-d5-s12003-B100,flow,0,[1],1355749785,400,9.552874218672514
d0d40dff99da83f03710b75e79a5827eaedb6c12955f266345f0ed2882ca304c,benchmark-heteroscedastic-d10-s13501-B100,flow,9,[],1356074496,400,9.173223784193397
d0e53c49308cbb492075f9601911f05c9f1cc0e27d71ce134527b3c9b7a99c63,benchmark-nonlinear-d10-s12505-B400,additive,7,[],1357200458,350,0.608777204528451
d0e5e13940ada3806cf55dab2c6083a96f83b8885c5e9027819d1d00fe12a1ae,benchmark-nonlinear-d10-s12503-B100,additive,3,[6],1357242682,550,2.068202367052436
d105ffa7407a6861fd8b9ad5eb3bc422ed43312d753af8a791e6dbb5d02d76cf,benchmark-nonlinear-d5-s12004-B100,flow,0,[4],1359347624,650,15.555082082748413
d13d5ecca2d96656881bd434c022f383154c6d2941881f9b18ae1973e6276429,benchmark-nonlinear-d5-s12003-B400,flow,0,"[1, 3, 4]",1362976461,450,11.187694735825062
d145a3063e23f2ba71f2514a97d860363a484b618d956af76057deaf246b08c2,benchmark-heteroscedastic-d10-s13504-B100,flow,6,"[2, 3, 4]",1363518215,450,11.330737078562379
d16db382b4ec3d7a49b712546f9ea06812e1004175cf797d49aa5cd798e5c09d,benchmark-heteroscedastic-d10-s13505-B400,additive,4,"[2, 5]",1366143875,650,1.7741106357425451
d1934bdfa2d01295b2290dae5057817279426f114f895a38161716da967711ae,benchmark-linear-d10-s11501-B100,flow,5,"[1, 6, 8]",1368607712,300,7.805802112445235
d1962ced750e7f7b38736c59fffb77cddcc9ebb09d3c9a19bd658d421417ea6b,benchmark-heteroscedastic-d10-s13503-B400,flow,8,"[4, 6]",1368796398,300,7.469818003475666
d1a1d2a7d7ab7d0c344d3758f3f27ade3f4756749373672ffad46ce3e9fe91ad,benchmark-heteroscedastic-d10-s13503-B100,flow,1,[8],1369559720,300,7.612453069537878
d1c3cf972871520a26b64be57e48d26432aeb4bd5e65c1c4d7d776d380e3d3c2,benchmark-heteroscedastic-d5-s13004-B100,additive,1,"[0, 3]",1371787160,300,1.1494961734861135
d1d48708c326236e3d62ad3bfba984565075affe2175a1fba027f26efd287fdf,benchmark-linear-d5-s11001-B100,additive,1,[],1372882697,500,0.8763122614473104
d1de1977166fab38ae740b1cd6d2e670ab545dee6783234a55d544166eadd6a7,benchmark-linear-d10-s11501-B400,additive,0,[1],1373510008,350,1.3819172661751509
d1f124fe085eb7696697f36b49ad7fcd4df91f2008f85ae075af1a7c3323435e,benchmark-linear-d5-s11005-B100,flow,1,[0],1374758143,300,7.981355227530003
d207b1af1ee2694e735c35d188c8b35bad7abc2324547ef595e47d0c80fcc0c5,benchmark-heteroscedastic-d10-s13504-B100,flow,3,[8],1376235952,550,13.77102954685688
d208e75455c8996f4fb33a499574d6f59ab1d00a15c01fe78a39e4a1b7bb640a,chambers-B400,flow,1,[],1376315221,450,7.5317318215966225
d229c1f292887bb6dd6bb626045778160b5760182f376653fe2675b426dfb476,benchmark-linear-d10-s11502-B100,additive,7,[],1378468339,400,0.6584264971315861
d22e31842622ffbcc28d51a225d4bdcd0f5020e3a7eed9251b0c004fe9c60ee6,benchmark-nonlinear-d10-s12505-B400,flow,2,"[3, 5, 8]",1378759045,500,12.629095112904906
d2542b54f3457e0622c149ce5b1e09a915971e0801e1c30c46a055db7f252694,benchmark-heteroscedastic-d10-s13505-B400,additive,5,"[0, 3, 8]",1381247829,850,2.29641773737967
d295f6bec52980d9ed94d77c2dd08b9936b40e5f7ff8f600083c1dd9ac0ef092,benchmark-nonlinear-d10-s12503-B400,flow,9,[8],1385559743,300,7.187523709610105
d2b53402d69e36618f45bf6f040259eeaf3d0b698642843b59deb0403bca04a5,benchmark-linear-d10-s11504-B400,flow,5,"[3, 6, 7]",1387607043,450,11.230946326628327
d2ee31bf57c62d774cfac1b0edc28601770ab36e264900a36d93ea67908e7d25,benchmark-linear-d10-s11501-B100,additive,1,[],1391342016,450,0.7581401653587818
d2ffe338b5df94cd3295709cc3f87e539d2ec09fb4eb8378b75e37676b9e0943,benchmark-nonlinear-d10-s12503-B100,flow,1,[8],1392501561,400,10.03615622408688
d303d4aec31df108e7be91ea2c7d79fe568e77e861bc0cc5fb348fdaf776c8a3,benchmark-heteroscedastic-d10-s13505-B400,additive,7,"[0, 6]",1392759983,950,2.580681350082159
d30af4554804e4ffbf72c6afea627860e1515720454e1e18de14f651f5a148cb,benchmark-linear-d10-s11503-B100,flow,1,"[0, 3, 7]",1393226838,300,7.461077190935612
d327cfeecb98ae823adf5c1d8309fe987361771e14fdc488cef7cf6b10f2f94e,benchmark-linear-d10-s11501-B100,flow,2,[4],1395118063,300,7.769323443993926
d361fcc44dd1c67177f96e79b6ca69dcad5cb66068cc9328afabed62d5ef288e,benchmark-linear-d10-s11503-B400,flow,8,[0],1398930629,550,12.17039835639298
d36872268e160e2971c31ea4a8ab31b47f4fbf80807e46c237a077a3657fa4a5,benchmark-heteroscedastic-d5-s41004-B100-semantic,flow,4,"[1, 2]",1399353895,300,5.983714427798986
d390e92828aecd4f8318960ee55e82ff16c931c0e3323f989c81fc921a57532d,benchmark-nonlinear-d10-s12505-B400,flow,6,[],1402005801,450,9.363986568525434
d39cc4d4793bb16aa275cbdeffc24e7bd44d87574815a2ec5d9c3f94a65f28da,benchmark-heteroscedastic-d5-s13003-B100,additive,2,"[1, 3, 4]",1402782933,600,2.4806150291115046
d3a2ed1d7560459c72198379c69e386bb1d12961edaf8ae1420b2e1a1bfa4c9d,benchmark-nonlinear-d5-s12003-B100,flow,2,"[0, 1, 3]",1403186462,400,9.089532621204853
d3b7d73b0a594eb619507b66488b215339ba2e5668b8f121de5881a50f2f81e6,benchmark-heteroscedastic-d10-s13502-B400,flow,5,"[1, 8]",1404557116,300,7.256953276693821
d3c88b7a3f86e7a3a76147d00876e92017a23c50bd2a8141b4caba94b307f67a,benchmark-nonlinear-d10-s12503-B400,additive,8,[1],1405651835,1000,3.939388647675514
d3d8e30bde530b396d2c5b928838f9245f711a5af4b4b66d0befff55924e4ce1,benchmark-linear-d10-s11504-B400,flow,6,[5],1406722828,300,7.316570023074746
d4163fba4275cbbe05c5c062bf34c7f081d40a9f4b0b3a50d45dad72061e7216,benchmark-nonlinear-d10-s12503-B400,additive,1,[],1410744251,850,1.3953895401209593
d41baf3ae551003765c83bd398989f007d7b47cab3d4a1de722b7e875523125e,benchmark-heteroscedastic-d10-s13504-B100,additive,3,[8],1411100475,1000,3.837008323520422
d41f20b2cec500852166beb9b6cb9526035e614f3f59fb0285354b72d4f5d2b0,benchmark-nonlinear-d10-s12503-B400,flow,8,[7],1411326131,350,8.696232132613659
d46634c7e1dbd20b0752419fbe677041e1a5c4a464b1b535a110ccbf60824069,benchmark-linear-d10-s11505-B400,additive,2,[4],1415984328,950,3.7989410776644945
d4bf3b6c5a1caa54947522e7b63d3dd7f2237ffde27e404bd525eae603ab60c1,benchmark-heteroscedastic-d5-s13005-B100,flow,3,[2],1421818733,300,7.365934792906046
d514cb72e4fa17d9153165dc842cdb13e1989e941f32dfa53602e2098569f473,benchmark-heteroscedastic-d5-s13003-B400,additive,1,[],1427426163,350,0.5379844084382057
d531fcfc58bb8bcdcb5576b1928c0ac80343d4c1d878e3d0204769e87f544f0d,benchmark-linear-d10-s11503-B100,flow,6,[],1429339389,1000,22.34195138141513
d54410bcca35d8919432ffac1cc9f82e38dd05aac235de668a11fb5badac3999,benchmark-linear-d10-s11503-B400,additive,1,"[0, 3]",1430524093,1000,4.148872250691056
d58b0e1d62016dae2e03fa18ea928b9e278c1441c5ea0ecf2fb70cf61d7ed84e,benchmark-linear-d5-s11003-B400,flow,3,"[1, 2]",1435176478,300,7.345809418708086
d5bdf90cf0f8628872ab47d85a269a319103caf5b69b083e33ee5516eae28163,benchmark-linear-d10-s11502-B400,flow,1,[],1438513421,450,10.114979781210423
d5c014166ea8d810d9f1924c04af71a53a7c8c8030c0ceec8d64a7d160100aaf,benchmark-nonlinear-d10-s12501-B400,flow,8,[],1438651415,500,11.398089991882443
d62a5adbeb0651f1fd39ad766222fe803e2fe8720bab40d0984b47b1bac22440,benchmark-nonlinear-d10-s12502-B400,flow,1,"[0, 5, 7]",1445616348,350,9.42082303762436
d62c10d3f06001125feaff5ec3e71ccbcf202e301938d5daee25f81ca9f77f49,benchmark-heteroscedastic-d10-s13502-B100,flow,2,"[3, 7]",1445728468,400,10.008491342887282
d63d0dae2fd35f12247fe68700d72b5fcab1f17b1e1de95f42c688d68b589a33,benchmark-nonlinear-d10-s12503-B400,additive,4,[],1446841775,1000,1.6458098012953997
d68b867645bcbc5667291d1634e048cbda0eee2e99c6511058d062dd44bb86cd,benchmark-linear-d10-s11502-B400,additive,2,"[1, 5]",1451984503,1000,4.278825106099248
d68cab60b56b2c138accd356d34f49a2823b54046f6d60602d58ae2ac6f7e775,benchmark-linear-d10-s11505-B100,flow,6,[],1452059489,300,7.419203968718648
d6952df511832ee5e0f4e3f53154a7e933a012a6259a8aa12189ba8676950619,benchmark-heteroscedastic-d10-s13505-B100,additive,7,[],1452617206,700,1.0343187972903252
d6aa2d891b47dbb586a409125aa0621c82ff785efadfd154f61f56f6f2174f99,benchmark-nonlinear-d10-s12502-B100,flow,7,[4],1453993354,800,20.2917158883065
d6ae38c95f30e3c7eebb6e4c32149889c19bfb19d0b21b9170dfeae9ea667094,benchmark-linear-d5-s11004-B100,additive,0,"[1, 3, 4]",1454258378,900,3.172408225014806
d6b275ce33497f6bbd69f598f3ec12f85c338f974b1952c640819730c90e8ddd,benchmark-heteroscedastic-d10-s13504-B100,flow,4,[6],1454536143,300,7.5259068459272385
d6d072ba3388522436109e69e04ca34fdfb881da3ac1dc164888d3c04c92731a,benchmark-linear-d5-s11001-B400,flow,3,"[0, 1]",1456501435,550,14.377557083964348
d72ea00efc4f606ada8cea260b5e80768bcd2c548f943ada54982f2444d5bf22,benchmark-linear-d5-s11004-B400,additive,1,"[2, 3]",1462673423,1000,4.23761042021215
d756edf2d5588091aedc2ee0a5f5e5631dc3b5cfa4c5cd13cdb9f34660618480,benchmark-heteroscedastic-d10-s13503-B100,flow,3,"[6, 9]",1465314803,300,7.353139920160174
d77cbc23282a73d46b276d3a629421267875f20211ee638fbab729d749d44a7a,benchmark-heteroscedastic-d10-s13503-B400,flow,9,[3],1467792420,550,14.584897631779313
d789491c4c54814ca8d006162c6413bb2768cd56768fc31405b469825d91630a,benchmark-heteroscedastic-d5-s13003-B400,additive,2,"[1, 3, 4]",1468614941,450,1.6265141032636166
d78f9e3e6c6c89c13c6d85343edf3b0e2b9ed3dd2e170f60b288b830bdd14b57,benchmark-linear-d10-s11503-B100,additive,6,"[2, 9]",1469029951,1000,4.16000047698617
d7a2702ea72f3282cbfb8294181f3e202e79324a3db15f617198651412964877,benchmark-heteroscedastic-d10-s13502-B400,additive,8,[5],1470263343,1000,3.830043049529195
d7bff8fb5d45ac071f6b062b8f54c600a0a83e4a69bf4384b8151d215a5090bb,benchmark-linear-d10-s11504-B100,flow,6,"[2, 3, 8]",1472198908,350,9.444313436746597
d7c8342e6a26c1452711be4b926e362f4316b4955f50bd26f6c0e6e63b07c8b0,benchmark-nonlinear-d5-s12003-B100,additive,1,"[3, 4]",1472738351,400,1.5001383032649755
d80cb7a57ef633e76b879809058c9f99583c8572cd171e6cf6776e0dece79101,benchmark-heteroscedastic-d5-s13003-B400,flow,4,[],1477228454,800,19.234580364078283
d8170d2143258aad3a83dbc1bd50208874484203736ab95b42070f4b7c74e79b,benchmark-linear-d10-s11503-B100,flow,3,[9],1477905698,300,8.035188378766179
d8452a36ee09c366bc6415c01263d49db635cc85f078e2b3dae49b2b5242bf67,benchmark-nonlinear-d10-s12503-B400,flow,0,"[1, 7]",1480927799,700,17.061671322211623
d88a4359df36bf7e5d56b2b21475f40bcf7e41a11f3c5a13bdd8c898e24d9dec,benchmark-linear-d5-s11004-B400,flow,0,"[3, 4]",1485456218,350,8.52546226978302
d8aeb358f447fa51c442f2d22cfbd939dffa556ada1963bde3dfc57b65ce9e55,benchmark-heteroscedastic-d5-s13003-B100,flow,0,"[1, 3, 4]",1487844185,300,8.18670734576881
d8ddf44c4b4a6b558a34391839ea0f4f6432b15c3b196b913ebe15bd3be59d25,benchmark-heteroscedastic-d5-s13005-B400,flow,4,"[0, 1]",1490941005,300,7.406020963564515
d8e623248a2a276611474aedfe5ee382f9cd80f75678f0ea13f72ea65af62e30,benchmark-linear-d10-s11501-B400,additive,8,"[2, 9]",1491477285,1000,3.8937178924679756
d94548b45f70d7c3d7db42bb559bb8c7c2d4cd21fafed821c6794787dee66be5,benchmark-heteroscedastic-d10-s13503-B100,flow,3,"[0, 1, 8]",1497712821,300,7.538179179653525
d9522db07f29ce2fca8529f04a8a1d5f02322f32e8e71b22767e0ddd939e0846,benchmark-heteroscedastic-d5-s13001-B100,additive,2,[0],1498557873,1000,3.828103594481945
d96b6dd267d4cef19e4a9ad0471043b49aa4dff36b0d09168929d492099f5aa6,benchmark-nonlinear-d10-s12502-B100,additive,3,"[5, 7]",1500212691,800,3.106255367398262
d97989ff082405f71f9072d42e5fb47040e54dd7cb41ab136af081cf8e00faf0,benchmark-heteroscedastic-d10-s13505-B100,additive,8,[0],1501137408,1000,3.9122029803693295
d97fd8fd1d36ecbc1d8602fe1d43ed8a40b2bfbf9b0cc1b47ea75cb667c13b33,benchmark-nonlinear-d5-s12004-B400,additive,2,[0],1501550846,550,2.1061409804970026
d992790476a0acc3f9339cf2b15f129bfccee4ff4f421eac72f7481e93a958ff,benchmark-linear-d10-s11501-B400,flow,4,[1],1502771461,350,8.990509020164609
da088375cb9a378b2b17626d62784b2487133652b4bd91ecd190a68c11a8dad9,benchmark-linear-d10-s11502-B400,flow,3,[2],1510507382,900,23.459486972540617
da0cf8263b5e53c5dd2561ed713a19d3ea7623eaee1914596d3a273d65cf7c9a,benchmark-heteroscedastic-d5-s13005-B400,additive,4,"[0, 1]",1510799399,700,2.8507675155997276
da15671e732ed2a686f6d1188b0f5de7e16f8c9736e0b3de9d7666d02392125e,benchmark-heteroscedastic-d5-s13003-B400,additive,0,[3],1511352095,450,1.6321521122008562
da16646d936fe97af419a4fb962bdc93110f735d3a3bd5670a795ae4ab3604de,benchmark-heteroscedastic-d10-s13502-B100,flow,5,[8],1511416942,350,8.920294154435396
da173403c3e9f27564cb809d2c0b80500b5980f3c1e5c2bf4d2c0863531af2a9,benchmark-linear-d10-s11503-B100,additive,5,"[3, 4, 9]",1511470084,800,3.5079731680452824
da22437bb22467685c620ff67469afcd0fbb07969d8755008f4f03df4d89e3ed,benchmark-linear-d10-s11501-B400,flow,7,"[2, 5]",1512194940,400,10.729636371135712
da2390e362b3e4ea30721c5e2b151cd357f2d5f0dcb459c2c74bc594d645cf2c,benchmark-linear-d10-s11501-B400,flow,0,"[1, 9]",1512280292,450,12.386748569086194
da77c7dfbf88109bed17553a5c8b91445a2904e36c5ccc7b6a79b3202a9bdcfe,benchmark-linear-d5-s11004-B100,flow,2,"[0, 3]",1517799392,550,13.685586795210838
da7af2998444d700b8729024b3f0611e1e4f6bc1bf3117780a699dd115c20d8d,benchmark-nonlinear-d10-s12503-B100,flow,6,"[5, 8]",1518006938,300,8.542633961886168
da93f42d303d51b4f229d44dc76aad526b64382dec6b02a482e8914075938b01,benchmark-linear-d10-s11503-B400,additive,6,"[2, 9]",1519645742,1000,4.335159033536911
daa1e0e5dd0db3b2220e0546e663e946249abb283ce6e183cb8021d7d56ad74d,benchmark-heteroscedastic-d10-s13503-B400,flow,0,[7],1520558310,500,12.707401366904378
dab00f96713eb85fbc4734b70d113adb1d668a9f795f0c1b42dd820de4fd9d70,benchmark-heteroscedastic-d10-s13504-B400,flow,5,[],1521487767,800,18.270119788125157
dab1cc58fb4ce67262d39f626d2acd9161a2f99a43c70ef092684b3504741286,benchmark-heteroscedastic-d10-s13502-B100,additive,6,[8],1521601625,350,1.3544493522495031
dac0bf780904f61f892dc967659690b892f386afcda14e13deaaa83ac5a460af,benchmark-heteroscedastic-d10-s13501-B400,flow,4,[2],1522581369,500,12.891449520364404
dad17e18acac0115afb7756cb45c3fee10d329659f76dab0f4da7841fe1317e6,benchmark-nonlinear-d10-s12502-B100,flow,3,"[4, 7]",1523678745,400,10.168708128854632
dadb5869d4266bb954cf0a68db722e899708d62a3e4abe71e0420a859706444d,benchmark-linear-d10-s11503-B100,flow,9,[7],1524324458,350,9.152185572311282
daefcaef38ee46c547462abd0ac8262a0cf255e4390826d208257b1c12cb5fda,benchmark-heteroscedastic-d10-s13504-B100,flow,4,"[2, 6, 7]",1525664496,350,8.715779738500714
db187bfa5c39b93413e34dc18b0eacd32ec37296ea550e56abf62c875ce5d028,benchmark-heteroscedastic-d5-s13005-B400,flow,2,"[0, 3]",1528331259,350,8.61268480680883
db1abc5f6013353629109206437b2eae4e9e16959fc2487f6f4b28419a07feec,benchmark-heteroscedastic-d10-s13504-B400,flow,3,"[1, 8]",1528478816,750,19.7525352537632
db2000012333a9e97ebdd69963e4f1a93376c26bf8a0cc1b06db0900ad8e9f6f,benchmark-heteroscedastic-d10-s13502-B100,additive,3,"[1, 7]",1528823810,1000,3.864698648452759
db250669068281d649041ecea7237edf1982bf6845c335d83f1dfa4ff01338b5,benchmark-heteroscedastic-d5-s13001-B400,flow,1,"[2, 3]",1529153130,450,12.247992729768157
db2702d82d1b9b1b4de7f83a254df6838132eb3ebab3ed87b2f4d453911875ae,benchmark-nonlinear-d10-s12501-B400,additive,6,[8],1529283289,800,3.1799778193235397
db2e7b433564dbb7c84bada278957f792f83f40fbf88e56edb44ef01eaf5eb42,benchmark-heteroscedastic-d5-s13001-B400,additive,4,[],1529772868,350,0.6126197576522827
db43f491c6cc728212634727aee1c77b1a0b6473352aa7ce4b8f0baab4083118,benchmark-linear-d5-s11004-B100,flow,0,[4],1531180178,350,8.651936648413539
db5248f56903e7bda8f00b2d9519d54362768af34ff3ab6e681b1201187bdfae,benchmark-nonlinear-d10-s12502-B400,flow,6,[8],1532119286,600,15.914487030357122
db8f531ef308eb7e6ec93d3e3864040ca66099b2d6f425c3f6e1e917a466e1f5,benchmark-linear-d10-s11501-B400,flow,2,"[4, 6, 7]",1536119583,450,12.748324252665043
db9fd5b2a5c66c45a2f31beb9864a86055aa539a9c56e3da7b94f3c976b84fb0,benchmark-linear-d10-s11501-B100,flow,9,"[1, 4]",1537201587,300,7.7110390570014715
dbbb567b5bc755d9008a14049c40fb5e455539cb643bde53996622ab67268940,benchmark-heteroscedastic-d5-s41002-B100-semantic,flow,3,"[0, 1, 2]",1539004028,300,5.711149327456951
dbc75a9df646aafc3d62e9bf6d8da71f6c5c4d2f2d85dcb6ca015c2dbbb4248b,benchmark-nonlinear-d10-s12503-B400,flow,1,[8],1539791518,550,14.192557219415903
dbf9ce0aff5cf039b090b418740632e20ff717fb7a24c8ad22b43d5bb06d41b7,benchmark-heteroscedastic-d10-s13504-B100,flow,7,"[3, 4, 6]",1543097867,300,7.7847794238477945
dc05c01281f7f0b5816650527494c279db95ba7306a3db323a06293609ba9d27,benchmark-nonlinear-d10-s12503-B400,flow,2,[],1543880723,300,7.085001157596707
dc181a4190b1c876203917feb3fe937b09d0cc3bde1b9a8c2b2c395e993a8f42,benchmark-nonlinear-d5-s12001-B400,additive,0,[],1545083458,300,0.4943147078156471
dc2eef242ebef2a04239514ecd8a939253e22a950090a5925581c10409dfdcee,benchmark-heteroscedastic-d5-s13001-B100,additive,3,[0],1546579749,550,2.106609545648098
dc328d08b9d29baa3564d20bd1c7a3b90a3347b241fbe050f6836f8e197b6f52,benchmark-nonlinear-d10-s12503-B100,additive,1,[8],1546816777,1000,3.7966055516153574
dca95a38fe8ccbea9940bc57fc6b84e2c7afddb66154469abdaa89081e963944,benchmark-linear-d10-s11501-B100,flow,7,"[2, 5]",1554602553,350,9.313643857836723
dcf133887ad90b36faabdde54a0cf5f7f3db5b9ee4fddb1252e6f9ef47a7067b,benchmark-nonlinear-d5-s12005-B100,additive,2,[0],1559311241,300,1.2191102970391512
dd244794d44f6ece7db99baa88917435920e02acacab9dec57ff679890ddc031,benchmark-heteroscedastic-d10-s13502-B400,flow,6,[8],1562658709,350,8.84337074868381
dd24a4ebd20d1cecec33900f033ba567920f12e03aaed0d1b07a7262ddc9144c,benchmark-linear-d10-s11505-B100,additive,0,[],1562682604,450,0.7654232140630484
dd38cee3e80f2bfff13bf7fda01f9bafd94e8bc59b4cb9c5fb7a1bb830ea25da,benchmark-nonlinear-d5-s12003-B400,flow,2,[0],1564004068,800,18.78050507605076
dd497f0a5c23cecaad1a18ad54e2b536b4df5edbf5e905fc100cbd82c614de9d,benchmark-linear-d10-s11502-B400,additive,0,[6],1565097739,900,3.82781439460814
dd743b168523628d79d32cab6a0bda0929b1c1bd8e38bc3f36dd225884401c4f,benchmark-linear-d10-s11502-B100,flow,0,[6],1567898391,300,8.096516696736217
dd7bc0bd421088653835165d88e018e73ca5c2a6896ea233e6087427f8fe825a,benchmark-linear-d5-s11004-B100,additive,2,"[3, 4]",1568391358,750,2.972088223323226
dd8eba060b06d7c07ee24c450c54444706b0826b78445b2e8f50552f73bff166,benchmark-nonlinear-d5-s12003-B100,additive,4,[],1569634823,1000,1.603075297549367
dd91e200805e12d98ea87add1fa66245c203c1f82a28cd84f3cdadd8a9e2af1b,benchmark-nonlinear-d10-s12503-B100,flow,1,"[0, 7]",1569841665,300,8.278312012553215
ddb40b4b3ffcf02c12bbb84bf242f0b3bf45bfee2183531da1c54464d56b8907,benchmark-linear-d10-s11502-B400,flow,6,[],1572080460,300,6.516039703041315
ddbc9c5c6c253c55ab9be8e92b08d374d02b5b992774e86a5b3536a6b7629a3d,benchmark-heteroscedastic-d5-s13001-B100,flow,1,"[0, 2, 3]",1572641885,350,8.402896735817194
ddcd0b8eb9ca948704410a8a51387f26f1827eff998426da048dbb39b8ff4876,benchmark-nonlinear-d10-s12503-B400,flow,0,"[1, 7, 8]",1573718927,1000,25.725705288350582
ddf42bca2e51cfc723840349abcbb43cdbe48b73d9cd9c4da2c65167f575fcba,benchmark-linear-d10-s11504-B400,flow,9,[],1576283083,350,8.713196901604533
de159d4bb79f716d36e39307238cd7ce3351bf3fa65b1fa4b2b4bf43ebbe6de4,benchmark-nonlinear-d10-s12501-B100,additive,1,[],1578474828,300,0.5247451718896627
de224baf0741e7f30387ddf707779e9300d2fa08e62111f9fd50b7b356ded612,benchmark-linear-d10-s11503-B100,flow,4,"[2, 5]",1579305904,300,7.555658197030425
de2fcf230dc17ede7613627d56587b628f4818f484c7cdbd78cf7f7bb241ef37,benchmark-heteroscedastic-d5-s13003-B100,flow,0,"[3, 4]",1580191524,300,8.027913739904761
de5b43c677c5dc257c01e550df23220c396c8342df4acbadcb2aafb3a972085d,benchmark-nonlinear-d10-s12504-B100,flow,4,[9],1583039431,350,9.0400374494493
de6e33b0a3ac6dd217983e2cda80a3d679932c236270464b7c3c479ab361de4b,benchmark-linear-d10-s11501-B100,additive,6,[3],1584280497,1000,4.145256854593754
de82ee91b6257174bcf974303bed17dc720de7147883804f24649365c2ddfc34,benchmark-nonlinear-d10-s12505-B400,flow,4,"[1, 3]",1585639058,450,12.256491031497717
de88215b615736b482356f4de0a478ed29c89108e76fc5a513a891aaea2ccefc,benchmark-linear-d10-s11504-B400,flow,7,"[5, 6]",1585979740,300,7.450265992432833
dea873daa6b90b7d90fcd194706031b35fbb2bbefde8a178fd34cbcc107808d1,benchmark-linear-d10-s11505-B400,flow,0,[4],1588098011,400,11.18329001404345
dec17d38d33b7f8f144865abfa0ca738c61ed1ec4531217ab4dff72c6cfa1495,benchmark-nonlinear-d10-s12501-B400,flow,4,[],1589738809,1000,25.28090521506965
ded4cf983c89d6a7e67f8245030d02b2c9a77d8755fe3f8a14cb363248770cc0,benchmark-nonlinear-d10-s12501-B100,additive,4,[],1591005081,300,0.5104654431343079
ded6af6de549fc532dd7f3f062c2b64217ff1fc4b3fffeb696619b35363f6a18,benchmark-linear-d10-s11502-B400,flow,1,[5],1591127918,500,12.249473512172699
deec208e5b75cb3280c80eafa981d496e351b24ab4917938fd86b699cae1f4d8,benchmark-nonlinear-d5-s12001-B400,additive,3,[1],1592533135,600,2.3376419842243195
def116a8132d27a54504bb9a3c4b0eae0f69212c973a48c14c14cc915b9b9fc7,benchmark-linear-d10-s11501-B400,flow,9,[],1592858281,300,7.39493902772665
defa82902382f280837df298707381b57de8bc270c26ee945aa79b21ac9bba08,benchmark-linear-d5-s11003-B100,additive,1,[],1593475729,650,1.2043309975415468
df06cb98107227c6acc82afb97f5edba5e53eaf7163a398ce76b5bfad4bbabe5,benchmark-linear-d5-s11004-B400,flow,3,"[0, 4]",1594280857,350,8.811022210866213
df1519a37d511267573aa0cd889b46fde3c36f306b6b9464db0b3c798309497f,benchmark-nonlinear-d5-s12001-B400,flow,4,[1],1595218340,300,6.3774873577058315
df5a3c010be030fd49afe8de8873799025e94b7eaf6d22c9e6f5c323698f5598,benchmark-nonlinear-d10-s12504-B400,flow,4,[9],1599749122,400,9.441050663590431
df5ce3c72a258fa27ebbbe8517379e4a277d3bcb8fa733c93cf1e7b850010d5d,benchmark-nonlinear-d10-s12502-B400,additive,8,"[1, 4]",1599923144,650,2.811263583600521
df64314919d0f3ed494ae4a3bfd72b9a3ca43f816c63ff606e12a662f8f82923,benchmark-linear-d5-s11005-B400,flow,0,[4],1600401738,850,21.487469624727964
df67e5ff6a58167e393cbb06a9c83746f071a921c8e6c2600e550e6e24482065,benchmark-linear-d10-s11505-B100,flow,0,[3],1600644608,400,9.745228743180633
df930967a91587548886505b9efcaa4901b21e7da03659c4bb8e9e2c517d4bfa,benchmark-nonlinear-d10-s12502-B100,additive,1,"[0, 7]",1603471720,350,1.3720538560301065
dfaca22fefa5ede2de2202cedb29e5c727ee7a3ccebc16fe352405d2520d5015,benchmark-linear-d10-s11503-B100,additive,2,"[7, 9]",1605149232,1000,4.246945172548294
dfbaaa80c1beee562dcf6b251f1848f4b5ba2c6df0891966f959cd1041e4a499,benchmark-linear-d5-s11002-B100,flow,1,[],1606068865,550,12.61951057985425
dff533fbebff53e8f030a3e7fed701a747a3f0bc9490ba2656e932ba82108ddf,benchmark-heteroscedastic-d5-s13004-B400,flow,0,"[1, 2]",1609905148,300,8.366650527343154
e000f6835d6e1b1a047c65a138a16ecf38628f3554ff40e6146c7596e7d1aa51,benchmark-linear-d5-s11001-B400,additive,1,[],1610675844,550,0.9228209443390369
e01520fb9c3b3eefbd59e676d9169262d5b1e79a8d8839b37b6e1317bda7d303,benchmark-linear-d5-s11005-B100,additive,3,"[0, 2, 4]",1611997436,600,2.3742091562598944
e02a939294bc7838a42330391e511093af7059eb6f65f3281fdf13a777f6e9cf,benchmark-heteroscedastic-d5-s41001-B100-semantic,additive,1,[],1613403027,300,0.3810879457741976
e02dd7a48db8ff7f8a3baa6d765d3f8463220ad92fc253af7e399046c6d93950,benchmark-heteroscedastic-d10-s13504-B400,flow,9,[],1613617061,350,8.018234055489302
e048688e5694bfee83a89c7e32a3de65cce69bd7b19bdd7e5073a186a53fcfaf,benchmark-heteroscedastic-d10-s13502-B400,additive,9,[],1615358095,550,0.9022753573954105
e04d33b429572608bffdf3928745d045222026828ad22d8d2a1a03f5dfd858dc,benchmark-heteroscedastic-d10-s13503-B400,flow,4,"[3, 6]",1615672245,400,10.337525995448232
e0546746cce4b78a092ad297e21039fba86f878e8e76c20a0942f64a1d477272,benchmark-nonlinear-d10-s12502-B100,flow,8,"[1, 4, 7]",1616144199,300,7.494040245190263
e06604bd66fc9bca01fe5f30a7093dfdc0385479ec507bfdeb073c8253998d2b,benchmark-heteroscedastic-d10-s13502-B400,flow,7,[1],1617298622,400,10.005847008898854
e0ae6f985e7cc72776a4f7cc0d12d72e205f7143d207f62e5624e309e82a85b1,benchmark-heteroscedastic-d10-s13503-B100,flow,9,"[1, 2, 8]",1622044569,300,8.58397188782692
e0b871f383185b66660c19c662dea001920a71763d9e97d7728b2dc9072e3772,benchmark-linear-d10-s11501-B400,additive,2,"[4, 7]",1622700532,1000,4.057487888261676
e0de55fac15ffd3cda4559988faf5c9a409b73f94d073e2703ae900fd82cc694,benchmark-linear-d10-s11501-B100,flow,3,[6],1625183739,300,8.101490883156657
e0f6fc7e4390d60aa0e06c54cc897c1494fcfd1839565473c1eeeac6d37002a5,benchmark-heteroscedastic-d10-s13505-B400,flow,2,"[6, 7, 8]",1626799231,700,18.027258303016424
e10ab18fc718b25c1af2330a44f9aadd9aabf01c225225361c507b13befcf151,benchmark-linear-d10-s11501-B400,flow,0,[1],1628090768,500,13.107288163155317
e10ba8aafe1545c7ed5a28cdf00f1c82620962c8b587d146dc618190cd6819af,benchmark-nonlinear-d5-s12005-B400,additive,1,[0],1628154027,750,2.9480645656585693
e11798634236104cc7258759988396fae6547a4f599f673eeffd27cecbe7ba56,benchmark-nonlinear-d10-s12505-B400,flow,5,"[4, 6]",1628936292,600,13.678419463336468
e13491045eb315a39c00e37215580169a5982aa4c0c23df7db4d1b48f5322012,benchmark-heteroscedastic-d10-s13504-B400,additive,0,"[4, 9]",1630834949,850,3.3326266072690487
e136665a5b6d2857f8ad12a3f53da280684c1e2e4f45ba1b9ead3ecc8f9dca5b,benchmark-heteroscedastic-d10-s13505-B100,additive,1,"[0, 6, 8]",1630955099,900,3.5254833437502384
e1609594091ced0013ebbf26e49aec434c9ecd9d0100b3fd658e8ca177f3315c,benchmark-nonlinear-d10-s12505-B100,flow,3,"[1, 4, 5]",1633719701,850,22.562496261671185
e17e060835f7e73f639a06f8f7a0aaff8135fed930bc4d99aeff8ebaefe05dbb,benchmark-nonlinear-d5-s12005-B100,flow,4,[0],1635649033,500,12.017729645594954
e1bb197fbd132aa57b75ece13b6da944321e70f1067c33035b4b521e02ed1e2c,benchmark-linear-d10-s11501-B400,flow,3,"[1, 2, 4]",1639651712,450,12.21519779600203
e1fa95519ec021842914732cc0479b8b95d7b7e5e8fa7f881058b39d5e99ed5e,benchmark-linear-d10-s11503-B100,additive,9,[7],1643812178,1000,4.105324491858482
e25eb0bb293332e0c130d4091e00109bcb6a93d0a21820906c079b2f89011960,benchmark-linear-d5-s11005-B400,flow,0,"[2, 3, 4]",1650372796,500,12.532940495759249
e2681255361e3764da33ba8653218175bb0156a566da2d50d79c9af0409c600d,benchmark-nonlinear-d10-s12505-B400,additive,2,"[3, 5, 8]",1650987606,1000,3.8659552074968815
e269234daa205f2e30038935767ac3236006efc50a6a1b56632d8f92101ef734,benchmark-heteroscedastic-d10-s13503-B100,flow,3,[0],1651057486,450,11.545010590925813
e287d09fc50e2ce913888025e19367d0137ec2bf8a4b905fa15de0b1d2511c50,benchmark-linear-d10-s11503-B100,additive,0,[7],1653067936,800,3.505634415894747
e28e201639a28b5c04adfe5efa0a8c10788bbd251b7b86b6a6a3d30f8f2c2a82,benchmark-nonlinear-d5-s12001-B400,flow,2,[1],1653481495,600,14.077481834217906
e298c90d6f5722b59fcb4762e51c95920bfcc9d62a8a0ea026bcf1072531fb00,benchmark-nonlinear-d5-s12005-B100,additive,4,[],1654180110,950,1.5441225841641426
e2c26e4c4e1e35bbb215e422117135d4f503c011943849926ccf84fe4399066e,benchmark-linear-d5-s11004-B100,additive,1,"[2, 3]",1656909389,1000,3.9922096133232117
e2f7092d57f4ca8f4905eabbe278727199756cd05bc309baf1f14caa9d878e9d,benchmark-nonlinear-d10-s12501-B100,flow,3,[8],1660356910,400,10.272966062650084
e306a444076dbe3c66f838f709afc3b2469d6dcf402642a8bc8dd0cea6c82fe8,benchmark-nonlinear-d10-s12501-B400,additive,5,[9],1661379653,1000,3.992154736071825
e31469bcfdfa4b7c091b4389bcbd991a9b0c605e33e26fb35d2fd398d29d082f,benchmark-linear-d10-s11503-B100,flow,4,"[0, 2]",1662282173,450,11.955037415027618
e32924fe73a0a23cede0d31676e6eabb87f1c6efca02961bbc2c1c31f1297e2d,benchmark-linear-d5-s11002-B400,additive,2,[],1663640831,400,0.7907179296016693
e3429dc729b8902e107374cfcd7847a67f2c7248ff3c03099a6b1d1b606df9d4,benchmark-heteroscedastic-d10-s13505-B400,flow,4,"[3, 5]",1665310152,450,8.787499532103539
e35f06f6b76184d6ec5a3a999b292cae4e7baff32c70319a24a7579f99013654,benchmark-heteroscedastic-d10-s13502-B400,additive,3,[1],1667172087,1000,3.85011656396091
e38ddf6b26f6a926652a6e0dcd4a2a97a0bb89327437792aae3928f604581339,benchmark-linear-d10-s11502-B400,flow,7,"[3, 9]",1670242156,800,18.594618123024702
e39546a58ebcedf80b4f78968453b5db7d9cd7bf0343ca2d4489900bea61f032,benchmark-nonlinear-d10-s12502-B100,flow,0,"[3, 7]",1670727334,500,11.077821647748351
e3afcb84bb4b665e185b49a8c66885c781ceae7a805cfd5ecea6c7234f31c357,benchmark-linear-d5-s11005-B100,flow,0,"[2, 3, 4]",1672465285,350,9.13369545340538
e3cfcec36cde99e29e35e823860c350041ecec98c082bebf0bd8b3d118d85899,benchmark-nonlinear-d10-s12505-B100,flow,2,"[3, 5, 8]",1674563268,300,8.063481848686934
e3e2e668944f9c68c6caee94621f1a34fc98c823a036933a566d3a37894003df,benchmark-nonlinear-d10-s12503-B100,additive,6,[8],1675814505,1000,3.7885337080806494
e3e8be82cfffeb606a638b8a67c129d73c086162bc0b7e833e58d498d2f2aac6,benchmark-linear-d10-s11501-B100,flow,0,[],1676197507,650,15.95981072448194
e3f72451410a1983f70e418609c85fa8a84090ca9df564f724e72ef8a8d50650,benchmark-nonlinear-d10-s12503-B400,flow,6,"[5, 8]",1677141074,650,18.245078748092055
e463984b3b25eb2420990c63090d843b1153ce1c703c6711278b43206e3f57c7,benchmark-nonlinear-d5-s12002-B400,flow,2,"[1, 3]",1684248652,600,15.789997916668653
e4664c40a904a9f7bac23c716503701879c43c18f7e332ac0a717d65ca8f54e9,benchmark-nonlinear-d5-s12002-B100,flow,4,[],1684425793,550,11.813149189576507
e47677303d12153884dd757c36bb3ba51e4c9e048d809f5bf65d1c170d3595f0,benchmark-heteroscedastic-d10-s13503-B100,additive,2,[8],1685485361,600,2.3453459180891514
e47d895c139c69f0f13bb26a860afa498d8d46c8a4c5dd2fbbe7d5d0bdd79372,benchmark-nonlinear-d5-s12001-B100,flow,3,[2],1685948765,300,7.721122600138187
e483c836399593f3b02f3f73e40c11c9a462fe3d8938f718422154f1c1e9c127,benchmark-nonlinear-d10-s12504-B400,flow,2,"[5, 7, 9]",1686358071,650,17.433218026533723
e48ba7a6da5345b740ef6428593156ef1cb84459a294d1d9a9ba1c7d4d60e442,benchmark-nonlinear-d5-s12002-B400,flow,1,[],1686874023,350,7.685783088207245
e491433ad5ddb562e729dc2e43c8d21aff4d4b123328ba4c019df63e02f4fada,benchmark-linear-d10-s11505-B400,additive,2,"[4, 9]",1687241531,500,1.9645409006625414
e499c16c5f0585c1b1d5ce2a7016f31f2b2e4d71b3bd0d1a3939bed6e9329216,benchmark-nonlinear-d10-s12504-B400,additive,8,"[4, 7]",1687798125,450,1.791289683431387
e4e4baaf6824e1a2409a6d763d3d9ec5a9e79c1703f08900ed99020ac60b1475,benchmark-heteroscedastic-d10-s13505-B400,flow,6,"[0, 7]",1692711600,600,10.733248196542263
e4ef54bce4fd98c29a62de2ef245a453f7cbe4969a474741c47c24c05387936f,benchmark-nonlinear-d10-s12504-B100,flow,4,[],1693406397,400,9.019878786057234
e4f0ad1a4fa3ede6245659464bc728a4a15748dbda7a4073a7b890a37ed6dbec,benchmark-nonlinear-d5-s12003-B400,additive,3,[4],1693494555,1000,4.1052616238594055
e509833c95c2af1a4389d1fb5461ab38f21303418f4498c1a0546b34f66cdd54,benchmark-heteroscedastic-d5-s13004-B100,additive,2,[],1695122237,500,0.8099848981946707
e52d9ed16c2388a0ec0ad1fd05ca2c7a6fb399a6c91de2a65acef6aba0ce44bd,benchmark-linear-d10-s11501-B400,flow,6,[],1697488594,350,8.245164019986987
e5304d96fbfe986e4a0732e2acd9eabf7fdc82ddb0ee5f71c494aff9f393a613,benchmark-heteroscedastic-d10-s13504-B400,additive,2,"[4, 6, 7]",1697664407,600,2.3344258461147547
e58a481fb34edbf95fd3a4d2d3d956ce11c6c6e6219c640e04dac120f948d937,benchmark-linear-d10-s11502-B100,flow,8,"[1, 4, 6]",1703561248,300,7.532527273520827
e5a8350556afa4e503147fac4553dbed1f8649f08c988d09c0c979ae36505477,chambers-B400,flow,5,"[3, 4]",1705522438,1000,19.639796352013946
e5d5d5b4350e6770d7c579f50557865176c4ee2f88b8632741db28116717a693,benchmark-heteroscedastic-d10-s13502-B400,flow,3,[1],1708512693,1000,25.40067183226347
e5da4a421cf27b809aaf23d2e763062f8fe65e1645d75188dd19ca79d8a165e7,benchmark-heteroscedastic-d10-s13502-B100,flow,6,"[0, 8]",1708804675,300,7.386795487254858
e63ec2972efca7d1028cd599af99a94dfc7e460be1486a94e87bf18cb7a646bc,benchmark-nonlinear-d5-s12003-B400,flow,1,"[0, 2, 3]",1715389080,500,11.657573752105236
e67ab9e781a4014b111245c900e9014b751c7e10a9891e9367184a29d8fc8927,benchmark-linear-d5-s11004-B400,flow,0,[4],1719319016,900,22.487577257677913
e69106328a6aa032d95f1b315520a8c4982dc250721e42ef5f97ff148e0940a1,benchmark-linear-d10-s11502-B400,flow,0,[6],1720780339,550,14.184795819222927
e6f0e75256426a3c8003b00b3d0ee69e354f262126dde7a4c6181c1c29431780,benchmark-heteroscedastic-d10-s13504-B400,flow,9,"[4, 7]",1727063891,300,7.3351227436214685
e732ed472d99385413960ae24edb67a1392ac17e085232caccd343ee9c48211e,benchmark-linear-d10-s11502-B400,flow,4,"[0, 2, 5]",1731390792,550,13.43739490583539
e74e1def574046ea5ff9b481e18d4c5c9a03e0578d1456082ec6757b4b46dbd8,benchmark-nonlinear-d10-s12502-B400,flow,3,[7],1733172720,350,8.23080743290484
e7567958c1b5941ce071840c1b64b0a796c675fc6793354dc94364eaa92a6f04,benchmark-linear-d5-s11003-B400,flow,2,[],1733720409,300,7.860583491623402
e75d51d139051698d694f5ffaa488457a74b18603b5e192481e439d089ea032a,benchmark-linear-d10-s11501-B100,flow,9,[1],1734169042,300,8.18477514013648
e773c1221a31ec1748b66978f0ee38b3cc3d358316065f77eb366e2ddd24dc69,benchmark-linear-d10-s11501-B100,flow,5,"[1, 7]",1735639331,350,9.16444892808795
e7a73bda5ee54e519b725456067e714ff739c35ea864b42a412969f0d0b076a9,benchmark-linear-d10-s11504-B100,flow,6,"[3, 8]",1739013083,300,7.599048942327499
e7b1af9c8434629ffa20967a18482906ad7967d9c98911b5ae58d2262a83322c,benchmark-linear-d10-s11502-B100,additive,9,[3],1739698077,850,3.374179072678089
e7f4ed66c9175f9bb40352afd0cf8c9925864ca9c360fa12edbd10fcbb91ced1,benchmark-linear-d10-s11504-B400,flow,7,"[6, 8]",1744104807,400,10.477426797151566
e80bc6d64db7f9fef2e3084c3bae425d2c0ca59906a1346c254a318a28e5f313,benchmark-nonlinear-d5-s12004-B100,flow,3,[],1745602263,300,6.71592085249722
e834d3002891302d04daeb7fabead774affed5bf00f3a39b7a0dae95b43658fb,benchmark-nonlinear-d5-s12003-B100,flow,3,"[0, 1, 2]",1748292353,300,7.291638130322099
e85ba064ba2bbeeb5112843d222636e04b3c60e2e76f16f373bcf019e0ff2613,benchmark-linear-d5-s11002-B100,flow,0,"[1, 4]",1750835301,300,7.51032929494977
e866b3b707eda81e053332e44d21faa9683f95e1ad89f68cde2ae688b12b6a10,benchmark-nonlinear-d10-s12503-B100,flow,8,[],1751561144,300,6.882558485493064
e895e344898e747ef4056a425b055170cef041aa00e54dc65320b82af41fc665,benchmark-heteroscedastic-d10-s13503-B100,flow,0,[],1754653509,350,8.066694993525743
e8abe511579cba77fb7777da18956a6bafb674eaa48a668afe7f52836d698fb6,benchmark-linear-d5-s11003-B100,additive,2,[],1756095762,750,1.2094067875295877
e8b175e9b8e23b0e6522b7fccd66bb8aae9a45f9e111dd568c71a598d0e6b9ef,benchmark-linear-d5-s11002-B400,flow,4,[],1756460522,500,11.026157243177295
e8c3938ce68a0877218774dd11ac682ee9cd9c115ebc121966617173630c74ee,benchmark-heteroscedastic-d10-s13501-B100,flow,0,"[4, 5]",1757647757,850,23.59899282641709
e8e67fd73c6fd355d194dde1911d5c9165f4b94d0dc76c143aaa459d000a8f9c,benchmark-linear-d5-s11005-B400,flow,4,[],1759936472,400,9.348564200103283
e95425dd3b23880886c4faa32d4fa1e857f0192181cc8fb0211a4332e13babf5,benchmark-heteroscedastic-d5-s13004-B400,flow,3,[],1767122398,700,15.478624522686005
e967e313ecbe90a8ee7b46e2c2dca22e35f930a24569b0c6023760e15a1fc79f,benchmark-heteroscedastic-d5-s13003-B100,additive,0,"[3, 4]",1768416020,300,1.2345131356269121
e969b2d152fd072379d414e6f2ad1d7143e851776963b24a1419b9668f5560b1,benchmark-heteroscedastic-d5-s13005-B400,flow,3,[0],1768534738,450,10.518728194758296
e99c4a235777ce1a5adfb4469aa8325b3f136833b1478ffbd571c437c64986cd,benchmark-heteroscedastic-d5-s13001-B100,flow,1,[2],1771850276,350,8.400077927857637
e9b1ff8e4c3971a2cdeb3212cf3291e02e4363b84abb8e8883f5d5ce253dfe1c,benchmark-nonlinear-d5-s12005-B400,flow,4,[0],1773272975,400,10.175160698592663
e9dbd3958f0dd054e4e98096377e856cac1a2cd34632ba095911372f200af74b,benchmark-nonlinear-d10-s12505-B100,flow,8,[2],1776014230,500,13.14268297329545
ea0a35112f53706c4dece24c6e14b4a4afecf505d9f318a40153f15e3c1fa2c9,benchmark-linear-d10-s11503-B100,flow,2,"[6, 9]",1779053842,650,16.631012957543135
ea2b2bbb3df4a9460d2dfe3a73e9935c4c94004b9586a13aa1d807aba4b9075f,benchmark-linear-d5-s11004-B100,flow,3,"[0, 4]",1781214140,300,7.591527050361037
ea2f492b69265b577b5fad649a1eebff4e7c54748a25d772f08a485df9cdf67a,benchmark-nonlinear-d10-s12502-B100,flow,9,"[1, 6]",1781483820,350,9.53515069745481
ea3df6741ae7c276bb29311ab89dfac238c58170f50a0c3af56546215f7df429,benchmark-heteroscedastic-d10-s13501-B100,additive,4,[2],1782445685,950,3.5522525291889906
ea63f1cb4871f3fb28eba4f42bdab83fb4edf5b5f1d846126463e8daa6b1161b,benchmark-heteroscedastic-d5-s13003-B100,flow,4,[3],1784934860,350,8.96206278912723
ea69fe9a3e2026b8740e2e9a21a47139f9b9589ab56afc6db5959295297233ef,benchmark-nonlinear-d10-s12504-B100,flow,6,"[2, 4, 8]",1785331355,300,8.020132230594754
ea6ee33742ff73993b024c806ce0fb2167a269da79979a5b575cf751fbb6d17d,benchmark-heteroscedastic-d5-s13003-B100,flow,4,"[0, 3]",1785652024,300,7.978003326803446
ea78da9bde7b17032f1d01bec3f417288f1e4e813e246c9f24c9c2459816aa5a,benchmark-linear-d5-s11002-B100,flow,3,[0],1786305180,300,8.35820996761322
eaeab87ee70cbd7b3365544579422db6653870fcfaaf0b711073be880e4423c1,benchmark-nonlinear-d10-s12504-B100,flow,1,[],1793767551,550,13.318208983168006
eaeb29b8a939df81aad71caf8afbc5682a937eabab7968893686d54eb7f99e43,benchmark-linear-d5-s11003-B100,flow,0,"[1, 3]",1793796537,300,7.518592139706016
eb46117b609f17a15bd6bc7e6b30d607ee622c965bf7d301fc8b318e588df861,benchmark-nonlinear-d10-s12505-B100,flow,0,"[3, 7, 9]",1799754108,300,7.736927427351475
eb467d9f13613d66592849a632efa3c06e0f2da2f7e582fa93cbb569402c25fb,benchmark-heteroscedastic-d10-s13501-B100,flow,1,"[4, 7, 9]",1799781792,350,9.203118313103914
eb4b37e1bcde0f4ee8e95e2e7ee41665440ad0131600b8e19ca0f5f24da827bd,benchmark-nonlinear-d10-s12503-B100,flow,7,[6],1800091618,400,10.854837881401181
ebc65edad3f0c225f0ada0ad7f8bfc63f6aac5263ba56b362e7c141138743433,benchmark-linear-d5-s11005-B100,flow,3,"[1, 2, 4]",1808162523,350,8.767106192186475
ebc871b78d644fd50b7e30941345a51166b1d9c84c6187d9893b31692fa0e018,benchmark-linear-d10-s11504-B400,flow,9,[5],1808298424,1000,24.532251436263323
ebd1d4386a582eafe8abcc44a8fcf2d5a0b2a3f4d6bf77eef8046aaced409984,benchmark-nonlinear-d10-s12503-B100,additive,0,"[1, 7]",1808913465,750,2.8555071894079447
ec0458a347f5c797e5271d42d5bd2e14f2514b53b22d68e864c15bd771775a5d,benchmark-nonlinear-d10-s12503-B400,additive,4,[9],1812224164,1000,3.8216815907508135
ec13cc15b4b7799862b402c433983423add8f4020562e2a25dfcc8b07cd2b11f,benchmark-linear-d10-s11503-B400,flow,7,[],1813236758,500,11.64849278330803
ec1a6df0a66e64017a755e45ea4cf19390827d41d0742603b9a949a7730f7527,benchmark-heteroscedastic-d10-s13505-B400,additive,9,[],1813671409,800,1.0111399553716183
ec22ea31071884ea1a77aa0c130a583945d69da9c7793da66ae7fa104ed43ab0,benchmark-heteroscedastic-d10-s13503-B100,additive,3,"[6, 9]",1814227506,750,2.916497454047203
ec23744a739af6563fdb206e19c997c3749b44c6f19d4b494d6d979e40a588c5,benchmark-heteroscedastic-d10-s13502-B400,additive,4,[6],1814262859,350,1.3353608828037977
ec2f1c114f715cc16314d4338376730cba3f546536b85220585ff4f361a6d3b4,benchmark-linear-d10-s11503-B400,additive,8,"[0, 3, 7]",1815026706,1000,3.968792501837015
ec3c840c5ea288d4db00c5e01c7c5ebade92bdf99050a10854a905b2660ca1db,benchmark-linear-d10-s11503-B400,additive,7,[],1815905293,500,0.9142207074910402
ec3fbb8aec38d07089c08f5572abdf31632287b2440fe5167279685dbb4b83c7,benchmark-linear-d5-s11001-B100,additive,3,"[0, 2]",1816116107,1000,3.847488483414054
ec53c0f49634d0d545ef9647e66f6eaea998eda664452dd48893907ac41bd43d,benchmark-heteroscedastic-d10-s13501-B400,flow,2,"[4, 9]",1817428213,350,9.213931284844875
ec6e1d6f2c5c0fa7f9349a59b280e53b2710faea688395b2d654a07182d930ef,benchmark-nonlinear-d10-s12505-B400,flow,5,"[1, 3, 6]",1819155824,500,12.904625812545419
ec80869488d016cd57f949886941332e8cddecdd3e61c0c2958c6ba8c49e48a0,benchmark-nonlinear-d10-s12501-B400,flow,2,[],1820362389,550,12.494931546971202
ec923c4b78be9a41f94c8bf5e3b785c830548961e7cc7ee42f93b1673ece7ee9,benchmark-linear-d5-s11002-B100,flow,2,[],1821523020,300,7.251788394525647
ec9ba31a5b35720623cd7ee6ab5f282870603f0067508480db841fa8a7f02726,benchmark-heteroscedastic-d10-s13502-B400,additive,4,[],1822139163,450,0.7348907962441444
ecbb35568fa2f81eb1a051349eeba1c9cfe7907afb9fc979633823e1c64daf75,benchmark-linear-d5-s11003-B100,flow,3,"[0, 2]",1824208215,400,10.691933551803231
eceeda122c314060778cb5adb22ecd615729ce6dfdf2b055e73010305b73d1c6,benchmark-nonlinear-d10-s12504-B400,additive,2,[9],1827592723,850,3.4166005942970514
ecf28aaebfa6854f4c7fe530393b1e7b02af34c27bf53f87cf7c2835cc4804e4,benchmark-linear-d10-s11502-B100,flow,6,[8],1827834543,300,8.264941915869713
ed497bd7de7b5a1f39e969885acddba3078d1dc4283b51ab9fec7c02ae86b594,benchmark-nonlinear-d10-s12502-B400,flow,1,"[0, 7, 8]",1833532376,300,7.3155617415905
ed5181695d3430e938f0f88ebf83f2e6d189dec4c9fc31b3d4b438338bca807e,benchmark-nonlinear-d5-s12001-B100,additive,2,"[0, 3, 4]",1834058090,650,2.6791985854506493
ed7d71b54e2decd888ebf5a971f56f7d0b78ad124d5b84ec398d73689504bc33,benchmark-linear-d5-s11002-B100,additive,3,"[0, 1]",1836937654,850,3.635399118065834
edb6a419e2626c1cf1143650f4fca776d7eb730020623553b2ab2870ab56aafe,benchmark-heteroscedastic-d10-s13504-B100,flow,8,"[2, 7, 9]",1840686106,300,7.886406837031245
ee082dfc682c4c1c54b531d6f2f4379509e6d32a31c7003029a3edf2b66f978e,benchmark-linear-d10-s11503-B100,flow,4,"[5, 6, 8]",1846029821,300,7.810712473466992
ee431ea018ff964f0ba9025580d82e0633e6a40efd184e67628f3f311f3a6369,benchmark-heteroscedastic-d10-s13504-B100,additive,1,"[3, 8]",1849892513,450,1.7647698353976011
ee5bc472cba35b769569b5278b6a4e3e2207daa7df9b0c9ddfe95a1d4243cb49,benchmark-heteroscedastic-d10-s13501-B400,additive,6,[2],1851507827,700,2.7553676571696997
ee91e3e4bec04ab0c7a48f2659ca033a22b111e5efdf5168a9c51cc47f517fed,benchmark-heteroscedastic-d10-s13505-B100,flow,4,"[3, 5]",1855054821,300,8.346394676715136
ee9aa0081fb32c3a2c45954af8e1f3ee5d6247987d8f57334c5680a5bfc381e6,benchmark-nonlinear-d10-s12501-B400,flow,3,"[8, 9]",1855627273,850,24.48460277169943
eeb15f03c17e9034921f386fc92c008369326197968058373c94733f103bc693,benchmark-linear-d5-s11003-B100,flow,4,"[2, 3]",1857117956,700,17.98660189844668
eeb30f89f0fe5195262a33a7f38f56359c241b08a4266caf04ebf6b85c64d646,benchmark-heteroscedastic-d5-s13003-B400,additive,2,"[1, 4]",1857228682,500,2.0563535634428263
eebe927fca4a36bb15210242990070a1a5e3705f9ff7e8116c2e3d695bd8d006,benchmark-heteroscedastic-d5-s41002-B100-semantic,additive,4,"[0, 1, 2]",1857983104,300,0.8437651321291924
eecae44e1910728b67d2377e55ba40c600167b9d8026408250a463e60e344efc,benchmark-linear-d5-s11002-B400,flow,2,[0],1858790479,500,14.181492460891604
eecb3bb2c0821f0d7cddc442e293e568cc91e530891ffccb853bec0e79849103,benchmark-heteroscedastic-d5-s41004-B100-semantic,flow,2,[],1858812851,300,5.469471342861652
ef153966fad5f330b393ecdf6fecd4b6318ce34f99abefbb0fa675c8da6b6abd,benchmark-heteroscedastic-d10-s13501-B400,flow,6,[2],1863661927,400,9.69973474740982
ef206f6f76e9c8da5c5f341bc67a89f7d80394b4f31a9877f00563446f769305,benchmark-linear-d5-s11005-B100,flow,4,[0],1864396656,700,17.425298769026995
ef2c4987f23f53e4e8193c73696f4f417352adb070150e1bdf7a9f280e2d7cc5,benchmark-linear-d10-s11504-B100,flow,3,"[5, 8]",1865173384,300,7.498937629163265
ef47ed859d55db7d8ae12bcdc3286ceb31c506414ed461945004186f159e6e3c,benchmark-linear-d10-s11505-B400,flow,5,"[4, 7, 9]",1866984838,350,8.629836177453399
ef5ac26037fb6d991043c5ee2ec69283df5beeb5be208e16a12daa585274c18f,benchmark-nonlinear-d10-s12501-B100,flow,2,[],1868218977,700,15.743264570832253
efa94b87697e95367d5eb56a872a30c28c1167ed9fc92f117b6663fb1f4ad726,benchmark-nonlinear-d10-s12503-B400,additive,5,[],1873365896,600,0.994265241548419
efbf7322fd6fea2e99296d31a87252185d9357db7efda57c1352b09e14d90080,benchmark-heteroscedastic-d5-s13001-B100,flow,0,"[2, 3, 4]",1874817827,300,7.020542232319713
eff9c7f28b9b8c0791a19b3a3062443a64ac05b4ff24a6822665435ccf57088b,benchmark-heteroscedastic-d10-s13502-B400,flow,8,[6],1878640627,350,9.333157142624259
efff074f0f0ed7816b4122f311d7ec4fda8e631611241d6eaf31b5507503a5fb,benchmark-heteroscedastic-d10-s13503-B100,additive,5,[9],1878984528,700,2.847517693415284
f020b6bec5b2ffde9fee64cbb3b2eda34ea541fefa5e506ac65d31737025af38,benchmark-nonlinear-d5-s12003-B100,additive,3,[],1881192127,1000,1.6637665331363678
f02d1257bf848924112f557c23939221aee3e4cb7e9f6402b009b99b7cc1b357,benchmark-linear-d10-s11505-B400,additive,4,[9],1882002008,950,3.926020672544837
f076aa4dcad0457f7c5b7272eaecd7bd7f3523104957fd375972161c8c38066b,benchmark-heteroscedastic-d5-s13001-B100,flow,3,"[0, 1]",1886825038,300,6.831280279904604
f0a4764bace34f34537b7252de0fa1c1a897ab8dd63efcbed7bc44b9a9f07d29,benchmark-nonlinear-d10-s12504-B100,flow,6,[2],1889826380,350,9.433665351942182
f0e34e9a1284d28ac13e7a6786c7614fd694486bca4c7a79e1c0ad8a022b1271,benchmark-linear-d5-s11001-B100,additive,0,[],1893944987,500,0.870846776291728
f0e4186bc016a8525340b4369a916a6acdd3a85b0759c0987f5e4962ef2360d0,benchmark-linear-d10-s11503-B400,flow,8,"[0, 2]",1893996652,750,19.23714747466147
f0e6d5a0df1c4772c582deeae56cdeed7e8e253582fe85fff5cb5ae05a1add8e,benchmark-heteroscedastic-d10-s13505-B400,additive,8,"[0, 6]",1894176161,1000,2.718710970133543
f14ab8b5ae0bf057309331d69255b0efb8c95f9cd3c618d3d3b4733e6c2e5aab,benchmark-heteroscedastic-d5-s13003-B100,flow,2,"[0, 1, 4]",1900722358,400,10.618727704510093
f14f0883ba9809aaf2bd5519d9e414056bd090af22399c93572f9974f0f94661,benchmark-nonlinear-d10-s12503-B400,additive,6,"[5, 8]",1901004932,1000,3.741221643984318
f1823807e90f39b5fba58cc6c8d1ac7c99c831bea896e88d087eff469e0cb043,benchmark-nonlinear-d10-s12504-B400,flow,7,[4],1904359432,750,20.845766307786107
f18c04bf6d7fe9bd7e6492f85f726a95ac1d218844288d647ddd2cbfbc75fa1b,benchmark-nonlinear-d10-s12503-B400,flow,7,[8],1905001664,400,10.525277288630605
f19c8f5cb8cb48448d07206b019681e7fd2b06bc63aecd45fb21441c0af9033f,benchmark-linear-d10-s11503-B100,additive,8,[0],1906085725,1000,4.212893133983016
f1c0a3d284acc40890f12becef54386458baab9960a499f3dc02031e5e142a82,benchmark-heteroscedastic-d10-s13502-B100,additive,8,[],1908450259,750,1.244052903726697
f1ca7e52b71f4a1d585134b36c29d046f56aa0e86e77ae094bb8af1551dce473,benchmark-heteroscedastic-d10-s13505-B400,flow,6,[0],1909096019,450,8.393056036904454
f1df255b39e260056e7001b5b67ecd366d506e3280c8f567bbe963afdf3f61c3,benchmark-nonlinear-d10-s12504-B100,flow,7,"[2, 4, 5]",1910449500,300,7.647313240915537
f1e4335b73e54546dc56c6e5349edd720c9cb55fe6a33202dc07e3ea7d2f2eea,benchmark-nonlinear-d10-s12502-B100,flow,3,"[0, 7]",1910780764,700,18.114514274522662
f1e6a2569422947f33f1d0ae66e45534e19597f46d2030910f95f72c7f2f2e50,benchmark-nonlinear-d10-s12501-B400,flow,8,[6],1910940247,300,8.5999244004488
f1f08e394610535b0831403a7f079a1ce9161828d5f704bff2019af8175307af,benchmark-nonlinear-d10-s12503-B100,flow,8,"[1, 7, 9]",1911590458,350,9.34038295969367
f1f3c66e24230b783b595477af5bc2de8b7d0c8a38cbca7221b07f097aab07c8,benchmark-nonlinear-d10-s12504-B100,additive,2,[9],1911801455,1000,3.9079841803759336
f1fe1e72c737f4f8e3a9358fa1ae33d9d1066bb38831667304ea720bb25b1255,benchmark-linear-d5-s11005-B400,additive,0,[4],1912479347,1000,4.201621863991022
f21b1d06e1da93c284b93bf9808a153c3b5b5585b7b6c0de25b94ea9ce6b4726,benchmark-linear-d10-s11505-B100,flow,0,[],1914379527,450,10.355894185602665
f22bc289d4ab4efec3336507f318084828a08276328b622f9b49e2f9fb1a96a3,benchmark-heteroscedastic-d10-s13504-B100,flow,5,"[1, 2]",1915470474,300,7.220201347023249
f260d44c4d7dc8a7e7c84ed9e9694038a40fe8e1e164c9c7dc62164d624e1ee7,benchmark-nonlinear-d10-s12502-B100,additive,5,"[3, 4]",1918948429,1000,3.8775774892419577
f26da3884d8c5a9ffaf7decd976a9a811f486b6ad85be97ae1bd8b824f1741cf,benchmark-linear-d10-s11503-B100,flow,7,[9],1919787913,400,10.192452318966389
f26fcce7936b17fac669f66c80b4c701d37d40c642d5790794707aa7315ab3d2,benchmark-linear-d5-s11002-B100,additive,2,[0],1919929576,300,1.2668974921107292
f2dc26a5ad91d0fbbf755c8273edc8e38d533c47fd669846c98a4095a7e9aea6,benchmark-nonlinear-d10-s12503-B400,additive,2,"[1, 5]",1927030438,1000,3.9380221720784903
f2ecda2136c7c32ffba5f42420a3826a1cb284020650313446002b0297461981,benchmark-heteroscedastic-d10-s13505-B100,additive,5,"[0, 1, 8]",1928124962,600,2.313158819451928
f324f7a362dc7760063ede3901c75abda14f7dacba4a5b063c3c69a39e00181b,benchmark-nonlinear-d5-s12001-B400,flow,0,[],1931802532,700,16.7450714930892
f33be5bfef1cfafc9aa828c470228215b1774ef42a040f441dea6e37c64ebf60,benchmark-nonlinear-d10-s12502-B100,flow,1,"[0, 5, 7]",1933305280,500,13.14316832832992
f352df47e0cbd8ee71fc134ed95c6dfbb8873d4e6ae4f5ac284f4d4407110a97,benchmark-linear-d10-s11504-B100,additive,6,[],1934810952,300,0.507867956534028
f37661182f00d6c489b5d5ff9cc7ffb6ec5af6f28990966c79902053be09aac4,benchmark-nonlinear-d10-s12504-B400,flow,7,"[1, 4]",1937137945,700,17.948014814406633
f37736fbb5f50d33cccdd0ec4c20ea176eac427cac93443f1c9f892fe4e1ea2a,benchmark-heteroscedastic-d5-s13004-B400,flow,4,"[0, 3]",1937192700,300,7.904542904347181
f389ee339ed7949f2dbd87b46df60bd0fc2cf3c93216fb2005c97f99b51e2a49,benchmark-nonlinear-d10-s12502-B400,flow,2,"[1, 5, 9]",1938419252,350,9.01948986761272
f3a0160c6a3038d73ee2b31dc6ddd227b2cc243c0fd12846b6ef4bed86bc293b,benchmark-nonlinear-d5-s12005-B400,additive,0,"[1, 4]",1939871245,700,2.676149880513549
f3d2158b9f97c5e8c4f438875041f4fdbf37b9b9f098203e3eff2baa4616430f,benchmark-heteroscedastic-d10-s13504-B400,flow,4,"[6, 7, 9]",1943147916,350,9.020241031423211
f3d2a7ecc300d0b1e6e24efb037f4e032a85b6742780d9d49591ad0404c2c101,chambers-B400,flow,5,"[0, 3, 4]",1943185389,650,13.408462096005678
f45b6da2280e30562fc3e867a6d62fdfd1aff423c618d1c820560924a7b7275e,benchmark-heteroscedastic-d5-s41003-B100-semantic,flow,4,"[0, 1]",1952148899,300,5.9152851309627295
f477b492fd40d539c19bb6065f9a0f2303c71c09a7e70f9347ab4437d661935e,benchmark-linear-d10-s11503-B400,flow,1,"[0, 3, 7]",1954002067,450,11.42371292039752
f486a8aaf1baaa11d12d02404d270e70a32852b22c710e93d7af0d43569891b1,benchmark-nonlinear-d5-s12003-B100,flow,0,"[1, 4]",1954982059,300,6.975753225386143
f48fffa67821ad62cf61e3684afd93b162d4e4c6f257ce309b48c0540a40f0d3,benchmark-linear-d5-s11001-B400,flow,0,[],1955594151,800,17.244485022500157
f4b4d21629373f5db698c82c0b41bc3cdf40960fdd74465873c969a9cae5a56a,benchmark-linear-d5-s11005-B100,flow,0,[4],1958007319,450,10.892737342044711
f4b5c0ecdd2264b059b0fed52ec5f21782733a68d8d4697d2f1cec2a304bfbbe,benchmark-linear-d10-s11503-B100,flow,6,[2],1958068461,700,18.534155206754804
f4d304943df2721a5910028efaa5c441a444e98e1f9a6cf3b4cf7a36e73bf46b,benchmark-linear-d5-s11002-B100,flow,0,[],1959986325,300,7.438249899074435
f4d61e010c4ce11779cfcb6407b43599449915ef402355462d11e0353e1cb927,benchmark-heteroscedastic-d10-s13504-B100,flow,6,[],1960189442,600,13.93621475622058
f4fee207dcd3a1f2ca29222f2ff9b15871181d0ff31d51c0dbe84cb0e0dab787,benchmark-heteroscedastic-d10-s13503-B400,flow,8,[],1962861064,300,7.073173176497221
f52b23b3e2a406bddadb5ce8085eb6d8b2a84a2897ea1eedcc01bfa13b241bc5,benchmark-nonlinear-d10-s12502-B400,flow,9,"[1, 4]",1965761460,550,15.227864556014538
f55e551fe0e178b4a7c5bfed3d95b4af1eb02bfe132a883fbdc717dc327a8d03,benchmark-nonlinear-d10-s12504-B400,flow,6,[2],1969116448,350,8.729027533903718
f568f0f44ce2fc0038d56f708d64ef2636119be5370380ce19dc99cbb581d97f,benchmark-heteroscedastic-d5-s13002-B100,additive,4,"[1, 3]",1969811701,350,1.3758127558976412
f595ad4c078ffabc158a10d5a8a93b64ae1d7362530dd3cb1513f6fb06ff6e95,benchmark-nonlinear-d5-s12002-B100,flow,2,[3],1972743501,400,9.717519339174032
f5a6a96a85100fbf73194796350c90a724647e126e2e28e53f49f03b75716eab,benchmark-nonlinear-d10-s12505-B400,flow,5,"[3, 4]",1973856619,400,10.826724376529455
f5ae5e86f8dc67269a946b0d5d7e18388b1455015e840ac1a426fc80a1e4412f,benchmark-linear-d10-s11505-B100,flow,2,"[1, 4]",1974361735,400,9.461315574124455
f5bf4d36392c3c59b113f6d8a3d25e010a15d5ec720c237dc2fb58559c5c3eb7,benchmark-nonlinear-d5-s12004-B400,flow,1,"[0, 4]",1975471415,350,9.562892027199268
f5dc1655c976611f8099d7c03e42236d195c119f5090df7a7f20c6df198d0cb0,benchmark-nonlinear-d10-s12502-B100,flow,1,"[4, 6, 9]",1977357910,300,7.791565285995603
f5f148a0892c32e4d16937f082aa2be6f9bbc409263a43612d1d42e771c857e4,benchmark-heteroscedastic-d5-s41001-B100-semantic,flow,3,[],1978747041,450,7.694648787379265
f602f7b91118c7a75141a88d37484894e905758f597d4102c0bd04a1b07d95ff,benchmark-linear-d10-s11504-B400,flow,2,"[3, 6]",1979905978,400,11.525498032569885
f60b530e9cf83b8aa1a9c39ef73d1c8f74e93f983c0f46917c42d0ed5a8eeee9,benchmark-nonlinear-d5-s12004-B100,flow,2,[],1980453647,450,9.486171759665012
f6240c19a098917bbb6e96edb0531b5768f2662cc5b09b4336df806dff257700,benchmark-nonlinear-d5-s12003-B100,flow,0,[],1982073882,300,6.932652920484543
f634dd46a8e099e62f78a18f9b31576e49873ae5b2a2c65aa98293e183b93c8f,benchmark-linear-d10-s11502-B100,flow,5,[],1983176007,400,8.836843932047486
f63c3e13b4cd8bbc02ee51cbc3b152ff84039308167f4770fc7fd9c603e8b2ea,benchmark-linear-d10-s11505-B400,additive,4,[],1983659540,300,0.4848907943814993
f661555c457ca7ebbfe045fc55fe07fcf2c5847d015c9911b5e8bab65bdde811,benchmark-nonlinear-d10-s12501-B100,flow,2,[0],1986090333,300,7.916702399030328
f68a2ed4301c6781278e232bc1e3ba720a4a9ad4caac98ebf41f794b9e9981c5,benchmark-heteroscedastic-d5-s41004-B100-semantic,additive,0,[],1988767445,300,0.3701401688158512
f6b4d5c5c4c958307f5f751a5a088f521821555492a18827a132315a1e42d305,chambers-B400,flow,5,"[0, 2, 4]",1991562694,850,16.109427463263273
f6c5f2a6e42f52dc23edf74c3a26fd380e1a42221500b2eba5120b786b478738,benchmark-heteroscedastic-d10-s13505-B100,flow,1,"[0, 6, 8]",1992684199,500,12.179130382835865
f706f13055a7390ecd7fca5afd65d260a8a1993ae5af91b3316e8a125acae0f8,benchmark-nonlinear-d5-s12005-B100,flow,0,[1],1996943665,300,7.736941868439317
f7261055bcfbae9557a3fbc6b6962560cba7f5ffd7959830e34e8fe223959589,benchmark-nonlinear-d5-s12004-B400,flow,4,[],1998983254,500,10.958778334781528
f7772374f82f45b939c643f68967c3c81fc965db81faf824f92ff9a27eec25e0,benchmark-nonlinear-d10-s12504-B100,flow,2,[],2004296565,400,9.472004303708673
f7914049ec269cf8bad82cca2701d4f8c633072ed933d921a54a053d6d9388d2,benchmark-heteroscedastic-d5-s41001-B100-semantic,flow,4,"[0, 2]",2006007882,300,6.8901268523186445
f7987a2257b11c38eec78b596d2c0a06b3e0a7e22964aa99c72201a9346cae7a,benchmark-heteroscedastic-d10-s13502-B100,flow,9,[8],2006481443,450,11.078133588656783
f7bcc68036b26b74d2f6112e78c6eb500eb76a3d88836332ae7e9784ce33b463,benchmark-linear-d10-s11503-B400,flow,0,"[6, 7]",2008860289,600,14.665777938440442
f7d549bb240361fdaa3022ff78d179ffdc6656121983152d3557d3f2d5db3632,benchmark-heteroscedastic-d10-s13501-B100,flow,2,[],2010466748,400,8.315642153844237
f7ef98159310f07396b34c92799382815dca35e9bc32e8f5bf3d8df6310ea8ae,benchmark-nonlinear-d5-s12002-B100,flow,0,"[1, 3, 4]",2012190742,300,8.253807684406638
f81434af69fa3649e4c11ed70844f278b7f449411aaa6fb7981bc413cf0a1dbe,benchmark-linear-d10-s11504-B400,flow,1,"[2, 4]",2014590128,450,11.752419805154204
f81a613de6ad2430fde2ffcaaff70f6209220dcd0c2b941301dd6b3d162dd052,benchmark-heteroscedastic-d5-s41001-B100-semantic,flow,3,[4],2014994750,300,6.6496914476156235
f834e16f204e6c67acf408658ed0a276c68f8130c4e8eb809d26a9d370f16c45,benchmark-heteroscedastic-d10-s13504-B400,additive,4,"[2, 6, 7]",2016731504,850,3.3208752162754536
f83eba0420cce7a837b396b7c76b463d1a3a1976636a111d4e1cd813e69973d6,benchmark-nonlinear-d5-s12003-B100,additive,2,"[0, 1, 3]",2017376773,950,3.6905208248645067
f853bde1f98575fab89c7fbb639ac9e17a77c50c72385667af90d64b70ea3251,benchmark-linear-d10-s11503-B400,flow,1,"[0, 3]",2018754018,450,11.918951850384474
f86d51b1bdac3ad0a8163249c96e5400a4057db54e4648ba5f60adf4ccede190,benchmark-linear-d5-s11005-B100,flow,2,[],2020430258,700,15.925024099647999
f8751d04479f875e7e2d82d371cf0fc52793cd283c35a7c9daf818ae6eedf365,benchmark-nonlinear-d10-s12504-B400,flow,3,[5],2020941061,300,7.219849247485399
f879308c86e67de06b96fcfdd59a361de7d52792d93e60711178db88c530c4bc,benchmark-linear-d5-s11005-B100,additive,0,[],2021208205,350,0.6135947238653898
f8906649b3ac17092bd849629922813c1e61f46a13b4a1154628b94ad58ebd4f,benchmark-nonlinear-d5-s12001-B400,additive,2,"[0, 1]",2022729290,650,2.5233582612127066
f8a377b7f59d19dc92fd4354d7fda8613095f707c614c75af5fc583fb3ba11f6,benchmark-nonlinear-d10-s12502-B400,additive,7,[4],2023978936,700,2.6941216569393873
f8e8a91ec8e4594ae43f453262afd94fb793341913f07db08d74b15c7c72ae5b,benchmark-linear-d5-s11001-B100,additive,0,"[1, 3]",2028513567,500,2.236556902527809
f90c970d1936ef95e16377929452a2bf4d7b703a480dedf8924b8cfef1f07a03,benchmark-nonlinear-d5-s12002-B100,flow,1,"[2, 3]",2030868238,300,7.282086132094264
f963a2c27e38c6cf5a08184a518ec40598bcbb3bd91acdc75b7c6a8b5fa86aed,benchmark-linear-d10-s11501-B100,additive,4,"[1, 3]",2036572867,950,3.9046064615249634
f96cbdf08083192ef9046eb26567d3051a37273690a100a19eecae54ce693312,benchmark-linear-d10-s11502-B400,additive,7,[9],2037169649,1000,4.085346328094602
f97052f147b82e0ff8e96f623cccd0fff484e53a421bf3aef9f35dc38d30d512,benchmark-linear-d5-s11003-B400,flow,0,[1],2037404402,300,7.432258814573288
f9706fdb3c0c4d58f9cc838b6002725d88854be67485404056b30cc8a2ab95db,benchmark-linear-d5-s11004-B100,additive,3,"[0, 4]",2037411804,350,1.4194042012095451
f98fecd40153ea3f35fabfe50ca23a1a487f7b8f39160fc671e8e70f4a822756,benchmark-heteroscedastic-d10-s13504-B100,flow,2,[],2039475413,300,6.558982282876968
f990effd447dd8a2a7e79141c36a39088bec1ac347472a596b2c8838038b6e7c,benchmark-nonlinear-d10-s12505-B400,flow,7,"[0, 1]",2039541758,550,14.294478226453066
f9a952692dc439d23edf2d3201b84355cf154662b1b98a159689333ceebbc006,benchmark-heteroscedastic-d10-s13502-B400,flow,3,"[1, 5, 7]",2041139818,450,12.511036612093449
f9b08f2c8c26ae765392269c0e1837687f871c7ee4b4753de3ccea56d141ab03,benchmark-nonlinear-d10-s12505-B100,flow,4,"[1, 6, 7]",2041614125,400,10.83429566025734
f9fab4dd8a712faff1409024f6c9a4c998f380960ec3e57897dc3c7d19b062d7,benchmark-nonlinear-d5-s12005-B100,flow,1,[0],2046473438,300,7.4120376873761415
fa06117664d91d20f1b76e8a3398ecfaa2b022cafc439d33996410941763b721,benchmark-heteroscedastic-d5-s13004-B100,flow,3,"[1, 2]",2047218039,300,6.9931481294333935
fa3960a2ff9fff6e4583c87445170da4988f665960f87613ddef04bc6ce03361,benchmark-nonlinear-d10-s12505-B100,flow,0,"[3, 7]",2050580643,500,12.031087141484022
fa47f5d8df9cd2247517e6bd09c9282dc5777c8639d82493c0008a9eeb727b17,benchmark-linear-d10-s11501-B100,flow,0,"[1, 9]",2051536345,400,10.839861780405045
fa605c947828cddd9d410c3a768c0263726d812c1d3546ad81be09f6a0ac54df,benchmark-linear-d10-s11502-B100,additive,2,[1],2053135509,1000,4.40436340495944
fa6a7f59ce36f3ac9caedd226e5615ec4961a00dc105c271d8221bfa5590dc60,benchmark-nonlinear-d10-s12502-B100,additive,6,[3],2053799770,800,3.2529996894299984
fa790965f0e3a8e883c4e46b4fda6d26110c99338af8b86bbe84efab6c4df7aa,benchmark-heteroscedastic-d10-s13502-B400,flow,6,[],2054752614,400,9.978515733033419
facaf52867543eeabf558eac429df4025caa684870c96a1289b33a71cc1426dd,benchmark-nonlinear-d10-s12503-B100,flow,1,"[2, 8, 9]",2060121385,400,9.978195779025555
fad3a2a8792f3ea0b87dfd75af58d99131340abda8bf4bc3b6eeb420a78ac267,benchmark-heteroscedastic-d10-s13501-B100,additive,5,[],2060690089,400,0.6284170467406511
fad52fc9d097e7d9c12f4a7ed04398e42cbaabdb6a092e8168f4f73863e9b0e0,benchmark-nonlinear-d5-s12002-B100,flow,3,"[2, 4]",2060791754,300,7.2691482696682215
fafe68bf71f2071a80fdf0c08bbd2837f6413eba7cfc9610d4673f4bf3de9791,benchmark-linear-d10-s11501-B100,flow,5,[7],2063493312,450,11.851807964965701
fb0965bf3c90956fb75023cc0ac69e9f5145587601b3a76129c33f65fd00e903,benchmark-heteroscedastic-d10-s13504-B400,flow,6,[],2064213440,1000,23.777430264279246
fb444bbda1a354b28cd0c756ca807e164211582458088874f1beb68903ecf4ed,benchmark-linear-d10-s11503-B400,flow,7,"[2, 9]",2068073406,1000,26.48308029770851
fb64aef2dffc438b8e1d9878b2c4a6f77c2f567826a0e946e73c62455be66c2b,benchmark-linear-d5-s11005-B400,flow,4,"[2, 3]",2070195955,300,8.132027566432953
fb796ab3e84bba71662628e6e959d84a16131a026acef3effdc8c45d45c32c21,benchmark-heteroscedastic-d10-s13505-B400,flow,5,"[0, 3, 8]",2071554740,350,6.248022617772222
fbae05a3ba8668e2fa1e3ad472a9a28909fb8aa5e0906afa425916935644b3cf,benchmark-nonlinear-d5-s12004-B100,additive,2,[0],2075002276,800,3.249137043952942
fbae6f147387ca7a73508b5786fa515aa61888fda04b37d669298fa88d358b1c,benchmark-linear-d5-s11003-B400,flow,3,[2],2075029269,500,11.758424075320363
fbb6869e29e128e7dad19dfd801cf15a2b4a50bb6f0e908cec676ead6a8a1e3d,benchmark-nonlinear-d5-s12005-B400,flow,0,"[1, 4]",2075559583,500,11.394319931045175
fbba3ad340ac2aa4240f4883bd44d06837e807a4c1eab60c554128fed5642ffb,benchmark-nonlinear-d5-s12004-B100,flow,3,"[2, 4]",2075802324,300,7.321684241294861
fbd4bfaec3e77543fc68dfc6c5025059ef1c4e64a766480c316e136f0977b899,benchmark-nonlinear-d10-s12504-B100,flow,2,"[4, 9]",2077540271,450,11.09495036676526
fc0ff6cab6a5f1175ea305a8b8e035175268633501eeec675141ddccf9824f98,benchmark-linear-d5-s11002-B400,flow,3,[],2081421003,350,8.527128690853715
fc1c259e8046156c976be96b1b443005432bd2b823b012bf6a9d22f0dc542e69,benchmark-nonlinear-d5-s12002-B400,additive,3,[],2082219423,500,0.915513614192605
fc6c882b229d4329f5b0b4c50c8af12ab5743b4e7e34c42b6a5e0a6284c883dd,benchmark-linear-d5-s11003-B100,flow,0,[1],2087487532,300,8.167992863804102
fc92b5b1f75b4890f401136497eba095d7aee911ad8785cdd1c682206c85d93c,benchmark-heteroscedastic-d10-s13503-B100,flow,3,[6],2089989554,300,7.882467929273844
fc9753c00e0b5f128d558a385129097a3881d64f0f1bd99d1667d0c68e4408c0,benchmark-heteroscedastic-d10-s13501-B400,flow,8,"[4, 9]",2090292161,350,9.220507519319654
fcab28dbc1f2907ce7aa0a8e1a2e8ac977bc761f3e2269ab3ff9c3c1459aa05c,benchmark-linear-d5-s11003-B100,flow,3,"[0, 1]",2091591900,300,7.980959303677082
fcf683103d79b5b78e6f593938fc5e051292a9a4534b472cd738f0017f7dc865,benchmark-linear-d10-s11504-B100,additive,4,[5],2096530193,1000,4.164859056472778
fd027f31ab8c74c3b7f6f608fcf4d219d55fa06e640c67ba032df6b12f760388,benchmark-heteroscedastic-d5-s13004-B100,flow,0,[2],2097315634,300,7.012261854484677
fd1ad5e5e645f0055b4e379c7511c728360dbbfc7d7279bb832ddec1276f4732,benchmark-linear-d10-s11501-B400,flow,9,"[0, 1]",2098910694,500,13.6992282923311
fd4c34a075e6f51900789a66a1f0ce6f821f13e6ab974009b8ad3dcd9c9250c6,benchmark-linear-d5-s11004-B100,additive,2,"[0, 3, 4]",2102146209,600,2.42664853669703
fd5388efa7399fac5a1aab0e87a4923e7fc30768bf80b4fbc1e9c805fb1dc1f0,benchmark-nonlinear-d10-s12503-B100,flow,6,"[2, 8]",2102626544,450,12.757874483242631
fd650590b895dc822c08df91cc8d9a0357a16544614c982fc4fe00654460ea86,benchmark-heteroscedastic-d10-s13505-B400,flow,7,[],2103772561,650,12.831289106979966
fd757b68c011fc2f38f3eccb0b7cd551c99943a5b88013bd0bad6ecb4086b701,benchmark-heteroscedastic-d5-s13001-B100,flow,0,[],2104851305,600,12.609690461307764
fda5a3c634036ff289a92476cd4b3c3d1d05c53118a59023205c19c1da8c9cb1,benchmark-nonlinear-d10-s12501-B100,flow,6,[9],2108007367,300,7.887652788311243
fdcd3c471147711478188a3260ea5c859b2cc7b57e75a205b2a67171e409f0fa,benchmark-linear-d5-s11001-B100,additive,0,[4],2110602312,1000,4.521116798743606
fde65692ce2293bc02fbd94adc790590db47be0c3b143fb1179610f392f99ed1,benchmark-linear-d5-s11002-B100,additive,4,[],2112247443,400,0.7132632080465555
fdf493ddada9688f0cae46aff162c7de7859e8d78dcc5f7b7937222990bc3c77,benchmark-heteroscedastic-d10-s13505-B100,flow,2,"[0, 8]",2113180638,300,7.920797821134329
fdfe27d6da2ded9da97265ea16d4fea566325a3ecb844da7efbb216806766e82,benchmark-linear-d10-s11505-B100,flow,1,"[3, 5]",2113808343,300,7.506541650742292
fe18146fc89e4720ff7abb646b9b5b882c1c931eb6b99c976680f6c3ae8196b4,benchmark-linear-d5-s11004-B400,flow,2,[3],2115507312,1000,20.38862230628729
fe4392189d7fdcc05b52ef082530d86d1f42cd8bb546aeb40aac03b42b94d377,benchmark-heteroscedastic-d10-s13504-B400,flow,7,[],2118357529,600,13.723686169832945
fe480f5355edd2b898e45f15db42ab440f1e93fe6d7cdbd412fb8af651dc6797,benchmark-nonlinear-d5-s12004-B100,flow,2,[0],2118651732,350,8.260508194565773
fe4eb7620499c0c25b0d90478e5a5860da11b6f7d405d709c10f8112b918f3e3,benchmark-linear-d10-s11505-B100,flow,2,[],2119087971,500,10.522864213213325
fe9008d24d125ecf33b3c7f9ccd9871bb40b89ffe9b44be4de22cd93590e6406,benchmark-heteroscedastic-d5-s41002-B100-semantic,flow,3,"[1, 2]",2123368659,300,6.140962375327945
fee33a87a07451fe59a3d4da27f10ae5dbfdb14aaab491aaec43d7a9097dbc7a,benchmark-linear-d10-s11505-B100,flow,7,[6],2128820872,450,11.153964010998607
fefe10bcf4ec2b4eee82010b4716c794ce970f5c297f17e588274947b526dc65,benchmark-heteroscedastic-d10-s13501-B100,flow,4,[2],2130579645,300,8.440783662721515
ff132360ba8bd028ca433da66ead981b4902a93cd25205601e7318c2c2560a19,benchmark-heteroscedastic-d5-s13005-B400,additive,0,[4],2131960673,650,2.5767284594476223
ff3976de61863502e34e6e5767de76c87d7c90178e013386c72bdf08493a20e5,benchmark-linear-d10-s11504-B400,additive,3,[6],2134472415,1000,3.932375019416213
ff5061f5f4069429bea04576fe02267abfbb1d7e21aafb811f700b713f6593f8,benchmark-nonlinear-d10-s12505-B400,flow,2,"[3, 4, 8]",2135974390,400,9.87810206413269
ff5a3f5a52951032fc76762d186b4d1208deca871fe2507c500d5b45711fcc50,benchmark-heteroscedastic-d10-s13504-B400,flow,4,"[6, 7]",2136620891,350,9.281049083918333
ff5f96319ebb65f70e140d464727a53a7e6eb71b5ce512cd85986d749cf863ff,benchmark-heteroscedastic-d10-s13503-B100,additive,9,[],2136970802,600,0.9643840435892344
ff6870073f622d21bff92bd4f4dcb83bedf325709d321234efa5dc05bb9b8ff1,benchmark-linear-d5-s11002-B100,flow,3,"[0, 1]",2137550856,450,11.656288232654333
ff6cb1f1ca2aa387bb493319f9421d0c6c3a3e3305d789507d466a0287fc928b,benchmark-heteroscedastic-d5-s13004-B400,additive,4,[0],2137829874,1000,4.161914257332683
ff8cc3e2e2cd53060e7e25ed1f2a68c92702027221a370d6ccd7a5d64d06a4cc,benchmark-heteroscedastic-d5-s13003-B400,flow,4,"[2, 3]",2139931619,450,11.80828364752233
ff8eaa907e696df3f34cf8c2df945c2a8d2634ef0f95311faa52733ef1dbb9dc,benchmark-heteroscedastic-d10-s13504-B400,additive,1,"[3, 8]",2140056209,600,2.3522432018071413
ffa75e98926a3c05d3d1a17e00eb45413fb41486d1dd9a3ce403ef1021826597,benchmark-nonlinear-d5-s12003-B400,flow,1,[3],2141675161,350,8.614806815981865
ffd91a9762e3e5448754dd12c4a67a4e313609a6cf46883d17a605509ed1583e,chambers-B400,flow,5,[4],2144934552,800,14.237561572343111
ffecee2b4f1e2780318d7c0733db1e03016330abaf9dd60a81a3212186e9bde1,benchmark-nonlinear-d5-s12003-B100,flow,2,[1],2146233900,300,7.126508004963398
