run_id_method,study,d,family,seed,budget,method_method,corruption,metadata_variant,stage_method,graph_hash_method,candidate_count_method,wall_seconds_method,audit_pass_method,unique_parent_sets_method,new_parent_sets_method,optimizer_updates_method,peak_vram_bytes_method,canonical_optimizer_updates_method,canonical_fit_seconds_method,flow_peak_vram_bytes_method,llm_edit_attempts_method,llm_edit_invalid_attempts_method,llm_edit_rejected_graphs_method,realized_initial_shd_method,data_id_method,actual_non_test_intervention_rows_method,evaluation_artifact_method,evaluation_sha256_method,dcdi_discovery_seconds_method,data_initializer_seconds_method,llm_initialization_seconds_method,method_component_seconds_method,shd_method,precision_method,recall_method,f1_method,endpoint_method,actual_rows_method,blocks_method,coverage_50_method,coverage_90_method,energy_method,environment_count_method,generated_rows_method,mean_effect_rmse_method,mean_rmse_method,nll_method,sw1_method,variance_rmse_method,width_50_method,width_90_method,run_id_comparison,method_comparison,stage_comparison,graph_hash_comparison,candidate_count_comparison,wall_seconds_comparison,audit_pass_comparison,unique_parent_sets_comparison,new_parent_sets_comparison,optimizer_updates_comparison,peak_vram_bytes_comparison,canonical_optimizer_updates_comparison,canonical_fit_seconds_comparison,flow_peak_vram_bytes_comparison,llm_edit_attempts_comparison,llm_edit_invalid_attempts_comparison,llm_edit_rejected_graphs_comparison,realized_initial_shd_comparison,data_id_comparison,actual_non_test_intervention_rows_comparison,evaluation_artifact_comparison,evaluation_sha256_comparison,dcdi_discovery_seconds_comparison,data_initializer_seconds_comparison,llm_initialization_seconds_comparison,method_component_seconds_comparison,shd_comparison,precision_comparison,recall_comparison,f1_comparison,endpoint_comparison,actual_rows_comparison,blocks_comparison,coverage_50_comparison,coverage_90_comparison,energy_comparison,environment_count_comparison,generated_rows_comparison,mean_effect_rmse_comparison,mean_rmse_comparison,nll_comparison,sw1_comparison,variance_rmse_comparison,width_50_comparison,width_90_comparison,delta,outcome
benchmark-linear-d5-s11001-B100-diagnostic-c0.2-none,controlled,5,linear,11001,100,diagnostic,0.2,none,selected,6045e37cd4effda66909eedf62c94f2c87afa11a191fb9f80bcac296ee28933c,12,78.49475406855345,True,18,7,2750,111618048,7050,182.32248249836263,111618048,0,0,0,1.0,benchmark-linear-d5-s11001-B100,300,runs/evaluation-08f831f27ad04fd2302cf2d211778547712b571b01335be52deb86fff5d668e7.json,33277413bc561dcecf7de8c31627728ebe0dc042b1e5f92a516c1d07034f77f4,0.0,0.0,0.0,78.49475406855345,2.0,0.6666666666666666,0.6666666666666666,0.6666666666666666,T2,2048.0,0.0,0.490234375,0.8812255859375,0.127281904220581,3,2048.0,0.1214247559302866,0.2112249036629994,1.0253666639328003,0.1869382560253143,0.1268614108363787,1.174438993136088,2.835007905960083,benchmark-linear-d5-s11001-B100-fixed-c0.2-none,fixed,selected,dea664c91f19cd814034124ded38a621bf180e44230f39dd0273947a5f956957,1,0.4673830866813659,True,5,0,0,69724160,2400,60.06437856331468,69724160,0,0,0,1.0,benchmark-linear-d5-s11001-B100,300,runs/evaluation-9155adbd3331bc44223f7a5fbaf604dd2770ea97829ac1197944004987d778ff.json,0fd0ed97520a4aaa40ac542f66408ed08b529789ad3aeb9f60281ae4ba53663e,0.0,0.0,0.0,0.4673830866813659,1.0,1.0,0.8333333333333334,0.9090909090909092,T2,2048.0,0.0,0.4480794270833333,0.9044596354166666,0.3099869887034098,3,2048.0,0.2020500489777931,0.2948592031995455,1.2054786682128906,0.2799157351255417,0.1803595585127671,1.2422990798950195,3.0921303431193032,-0.09297747910022738,beneficial
benchmark-linear-d5-s11001-B100-diagnostic-c0.5-none,controlled,5,linear,11001,100,diagnostic,0.5,none,selected,821b50a0622fb6202689edc5da295082ef8fdcb7ca497a340194a5b71ce064c0,12,45.913425389677286,True,19,4,1500,111680000,8100,208.770025966689,111680000,0,0,0,3.0,benchmark-linear-d5-s11001-B100,300,runs/evaluation-15c0f9a5c9f32ca8c05119157eb7426ff668484de3630163ed73d6122ec1f107.json,34cb17aaaf1254653c2648ecf942eddc87b51a02678d07dc7db29fb92266f586,0.0,0.0,0.0,45.913425389677286,2.0,0.7142857142857143,0.8333333333333334,0.7692307692307693,T2,2048.0,0.0,0.4805094401041667,0.8802083333333334,0.1323286294937133,3,2048.0,0.1159047467216253,0.2229671130577723,1.0129987001419067,0.1951435332496961,0.1232393799970547,1.14991561571757,2.849414110183716,benchmark-linear-d5-s11001-B100-fixed-c0.5-none,fixed,selected,e6e256e70a28ca9c44ec38a7d27f0397119460d81723683caaa0f0ebc73178b1,1,9.917770944535732,True,5,1,350,69595648,2400,60.51454628445208,69595648,0,0,0,3.0,benchmark-linear-d5-s11001-B100,300,runs/evaluation-162daa6672947497909b78cf23ab1e7175e8b2e819acf8c8edba96cb53e73440.json,e52d84a63d55bbc293793f433e4c32a12a471eb1bee471f7efc8f2c5678ec6ca,0.0,0.0,0.0,9.917770944535732,3.0,0.6666666666666666,0.6666666666666666,0.6666666666666666,T2,2048.0,0.0,0.4156494140625,0.8915608723958334,0.4485800266265869,3,2048.0,0.3837313953808287,0.4613536794980367,1.450972557067871,0.4027353922526042,0.2935066471497218,1.2394428650538127,3.1227873961130777,-0.20759185900290808,beneficial
benchmark-linear-d5-s11001-B400-diagnostic-c0.2-none,controlled,5,linear,11001,400,diagnostic,0.2,none,selected,2a5173bee3e33e238089a546bc6b5b89f9dbf8afe7268d215db6846639a39462,10,125.71067416109145,True,16,8,4450,111231488,8900,229.68679193407297,111231488,0,0,0,1.0,benchmark-linear-d5-s11001-B400,1200,runs/evaluation-09102047ed2b7a120d8598fd51723376c0cac5fc5fb782d08a89c64760ed7e8a.json,df8ee385dd0eeebbaf5f6a06a6ceb6a73b6a5df229463ed158971ad411c6c3c2,0.0,0.0,0.0,125.71067416109145,0.0,1.0,1.0,1.0,T2,2048.0,0.0,0.5181884765625,0.9047037760416666,0.009487231572469,3,2048.0,0.0211070271378494,0.0268634129315614,0.9274099469184875,0.0487708759804566,0.1019113212823867,1.228235960006714,2.9152828057607016,benchmark-linear-d5-s11001-B400-fixed-c0.2-none,fixed,selected,dea664c91f19cd814034124ded38a621bf180e44230f39dd0273947a5f956957,1,0.4969842340797186,True,5,0,0,69594112,2700,65.65182130038738,69594112,0,0,0,1.0,benchmark-linear-d5-s11001-B400,1200,runs/evaluation-afa256e258eeaaae5edeb99a07c6f66e03966aa59d0816714980f7edeee7cac2.json,66b6cabe2b3cadf06e66ad0041e629ca669eef2554fe0802a315ed823eff5ddf,0.0,0.0,0.0,0.4969842340797186,1.0,1.0,0.8333333333333334,0.9090909090909092,T2,2048.0,0.0,0.4562581380208333,0.8944091796875,0.3381084601084391,3,2048.0,0.2183216110727735,0.297045253838102,1.195680022239685,0.2815396822988987,0.2122875948746999,1.283958633740743,3.0506765842437744,-0.2327688063184421,beneficial
benchmark-linear-d5-s11001-B400-diagnostic-c0.5-none,controlled,5,linear,11001,400,diagnostic,0.5,none,selected,4c64d5eb17e16c2591028bc350f4c54e3a7d7bd34c3d3f2cfa28e7418d38d383,12,66.30119179189205,True,18,5,2450,111664128,9850,253.42895101569596,111664128,0,0,0,3.0,benchmark-linear-d5-s11001-B400,1200,runs/evaluation-af3b44a898ebbf55941638b0c4a9688fdc222ea86c31e17a486ce37aebcaf3e8.json,30d346b59a593525f8c77f5202a0998c7408cccbbdb0072bd5a7c1223a8199a0,0.0,0.0,0.0,66.30119179189205,1.0,0.8571428571428571,1.0,0.9230769230769232,T2,2048.0,0.0,0.5150960286458334,0.9049886067708334,0.0101441542307535,3,2048.0,0.0227573274103073,0.0263027691592772,0.9315105676651,0.048902366310358,0.0967249075571696,1.2185142834981282,2.9124488035837808,benchmark-linear-d5-s11001-B400-fixed-c0.5-none,fixed,selected,e6e256e70a28ca9c44ec38a7d27f0397119460d81723683caaa0f0ebc73178b1,1,25.01539476774633,True,5,1,900,69704192,2600,66.62894057482481,69704192,0,0,0,3.0,benchmark-linear-d5-s11001-B400,1200,runs/evaluation-46eeecab690bd37ca0c68c8baa8bf09c02acead315a24418aef245cb6d74b412.json,dacf30bda951f69ff1ebf2dc524e82a68b0f7d2406a5eee0f04b5414721e0ba4,0.0,0.0,0.0,25.01539476774633,3.0,0.6666666666666666,0.6666666666666666,0.6666666666666666,T2,2048.0,0.0,0.408447265625,0.8559163411458334,0.5202310880025228,3,2048.0,0.4239062501838799,0.4984903037548065,1.4505643844604492,0.4289158384005229,0.271474078297615,1.242808222770691,3.007234732309977,-0.3800134720901649,beneficial
benchmark-linear-d5-s11002-B100-diagnostic-c0.2-none,controlled,5,linear,11002,100,diagnostic,0.2,none,selected,d1c39fe2f69b6fe66ed7a21bbdb57b350382cdaf1cf975f66d1b858bf2e8b0ef,12,119.47994313761592,True,19,10,4250,111408128,7450,194.1555985826999,111408128,0,0,0,1.0,benchmark-linear-d5-s11002-B100,300,runs/evaluation-e2e9368bd0065dbec8b3afa833f1d38ce396d4f98920dfc905299174d41a9777.json,454dc96acd475bb87dfa167aeed48d1074350e32ccc463fc0c5bbb3f5a114eb1,0.0,0.0,0.0,119.47994313761592,3.0,0.6666666666666666,0.4,0.5,T2,2048.0,0.0,0.482666015625,0.8944905598958334,0.0194074312845865,3,2048.0,0.0823992178052608,0.1216489424308141,1.3145521879196167,0.1257361198465029,0.1049417133132616,1.2452807823816936,3.1159187952677407,benchmark-linear-d5-s11002-B100-fixed-c0.2-none,fixed,selected,f7d18e249d7a08253fcd5566bcb83e87e71b05c6a1ffec76829170b6bb20afda,1,0.4918008428066969,True,5,0,0,69574656,1900,47.40237269178033,69574656,0,0,0,1.0,benchmark-linear-d5-s11002-B100,300,runs/evaluation-6b62e6e6c198772104328a557f042acd10a46dcd63486d44f1bd76e2c84ff39f.json,2ad6c9968cafba86c5a7a9f2631384fbfa363d7d2f43b9f63199b0bee155ce28,0.0,0.0,0.0,0.4918008428066969,1.0,1.0,0.8,0.8888888888888888,T2,2048.0,0.0,0.49560546875,0.8990071614583334,-0.0020899772644042,3,2048.0,0.0438900581113929,0.0516459010541439,1.3149851560592651,0.0755040347576141,0.1102963810165723,1.282428781191508,3.1296013991038003,0.05023208508888881,harmful
benchmark-linear-d5-s11002-B100-diagnostic-c0.5-none,controlled,5,linear,11002,100,diagnostic,0.5,none,selected,1f8abb00118a6d6ea08424c00c20e179382ce14a35a98d9bb6fd3668ff301074,12,46.433988282456994,True,19,5,1700,111502848,6750,171.83171575143933,111502848,0,0,0,2.0,benchmark-linear-d5-s11002-B100,300,runs/evaluation-38b700d57f81f63445ea66af2002d4dda686280aa6f8949af0fdc188db8bda51.json,ca7535bd4a15fef5d36faeccce1749e840c5efe71205e57c889fef5fbee79029,0.0,0.0,0.0,46.433988282456994,3.0,0.6,0.6,0.6,T2,2048.0,0.0,0.4700520833333333,0.8900960286458334,0.0178515116373697,3,2048.0,0.0823110123654296,0.1049771209557851,1.3236740827560425,0.1114738980929056,0.1429098124305407,1.2069751024246216,3.069831212361654,benchmark-linear-d5-s11002-B100-fixed-c0.5-none,fixed,selected,cb913931049d58eb874333468d1f910535506fc6da217d42ae21f7f9c3c3c8f1,1,15.301778743043542,True,5,1,550,69702144,2150,53.69858632609248,69702144,0,0,0,2.0,benchmark-linear-d5-s11002-B100,300,runs/evaluation-6c8c7b092a5a1355dc4abbe2ac46ab26d0632ca0d64bc1b508c6376d0477bf60.json,812f56b932dea28183d8d1c3d72952a3bbdde24d5d276247479b03e5b33de321,0.0,0.0,0.0,15.301778743043542,2.0,0.6666666666666666,0.8,0.7272727272727273,T2,2048.0,0.0,0.4385172526041667,0.8636474609375,0.1725942293802897,3,2048.0,0.2947699994230786,0.3422088623046875,1.4176113605499268,0.3044820328553517,0.2431749030947685,1.1985684235890706,3.023715098698934,-0.1930081347624461,beneficial
benchmark-linear-d5-s11002-B400-diagnostic-c0.2-none,controlled,5,linear,11002,400,diagnostic,0.2,none,selected,f7d18e249d7a08253fcd5566bcb83e87e71b05c6a1ffec76829170b6bb20afda,7,22.227733001112934,True,13,2,750,110849536,5300,136.26044546440244,110849536,0,0,0,1.0,benchmark-linear-d5-s11002-B400,1200,runs/evaluation-f00415b0e7389b134b678c7814bcbeecb9d0bcc126a7e73a5f13bc6b7f912a24.json,1b98581021a4d97397083255f3514a861aa77f92a8dd5d5c506e4a02b212f277,0.0,0.0,0.0,22.227733001112934,1.0,1.0,0.8,0.8888888888888888,T2,2048.0,0.0,0.4996744791666667,0.9072265625,-0.0080299377441406,3,2048.0,0.040407498486163,0.027337413902084,1.2907065153121948,0.0580896983544031,0.0569227995971838,1.2868834733963013,3.193134864171346,benchmark-linear-d5-s11002-B400-fixed-c0.2-none,fixed,selected,f7d18e249d7a08253fcd5566bcb83e87e71b05c6a1ffec76829170b6bb20afda,1,0.4912365023046732,True,5,0,0,69593088,2200,57.86475618183613,69593088,0,0,0,1.0,benchmark-linear-d5-s11002-B400,1200,runs/evaluation-f00415b0e7389b134b678c7814bcbeecb9d0bcc126a7e73a5f13bc6b7f912a24.json,1b98581021a4d97397083255f3514a861aa77f92a8dd5d5c506e4a02b212f277,0.0,0.0,0.0,0.4912365023046732,1.0,1.0,0.8,0.8888888888888888,T2,2048.0,0.0,0.4996744791666667,0.9072265625,-0.0080299377441406,3,2048.0,0.040407498486163,0.027337413902084,1.2907065153121948,0.0580896983544031,0.0569227995971838,1.2868834733963013,3.193134864171346,0.0,neutral
benchmark-linear-d5-s11002-B400-diagnostic-c0.5-none,controlled,5,linear,11002,400,diagnostic,0.5,none,selected,2595c1c27ca6cae0aad086c59e269891fd461b9a5d8538d289eab63b6eb31334,10,28.16172472201288,True,17,3,950,111157248,6750,173.9866920504719,111157248,0,0,0,2.0,benchmark-linear-d5-s11002-B400,1200,runs/evaluation-176042402880c6f75b0dc40488e9783d646a3fa44a1a2ad35e1b536f09dd2343.json,266431f48c78800a4aaee714ef6e61c6da5d707d546b575f07a94c909f23c448,0.0,0.0,0.0,28.16172472201288,1.0,0.8333333333333334,1.0,0.9090909090909092,T2,2048.0,0.0,0.5026448567708334,0.9075520833333334,-0.0096673965454101,3,2048.0,0.0397882295076295,0.027523181711634,1.2806631326675415,0.0437987099091211,0.0625735782086849,1.296611746152242,3.195573409398397,benchmark-linear-d5-s11002-B400-fixed-c0.5-none,fixed,selected,cb913931049d58eb874333468d1f910535506fc6da217d42ae21f7f9c3c3c8f1,1,0.467546671628952,True,5,0,0,69517824,2100,53.73126248829067,69517824,0,0,0,2.0,benchmark-linear-d5-s11002-B400,1200,runs/evaluation-05e956cf2a620b8d48bd5f68b9beb09ff98650ea554da64af2d73712cb6c3987.json,6e2c072a1b67dbcddb61be2a3aa03831a2988e158b88035b384117854367ad9a,0.0,0.0,0.0,0.467546671628952,2.0,0.6666666666666666,0.8,0.7272727272727273,T2,2048.0,0.0,0.4571126302083333,0.8695068359375,0.1803580125172933,3,2048.0,0.3057617593486879,0.3378852258125941,1.410386085510254,0.2992978692054748,0.2160694574316342,1.2553682327270508,3.111969232559204,-0.2554991592963537,beneficial
benchmark-linear-d5-s11003-B100-diagnostic-c0.2-none,controlled,5,linear,11003,100,diagnostic,0.2,none,selected,ff228ea56bf4ce068e2c152aba343435254ca6726251eafb0a324cd47b0a33ed,7,64.91348437219858,True,13,6,2350,110909440,5200,135.83756438829005,110909440,0,0,0,1.0,benchmark-linear-d5-s11003-B100,300,runs/evaluation-37ed586e86f708df3c62bc72cbf2a93c9c1d1c30d8cc7298e1d5a5024db2882e.json,142a9149a6e8accadf286e84ebfe93067104da9e72b8ea8dc9f1908297d16788,0.0,0.0,0.0,64.91348437219858,1.0,0.8571428571428571,1.0,0.9230769230769232,T2,2048.0,0.0,0.5076904296875,0.8955485026041666,0.0380786259969075,3,2048.0,0.0417591904930821,0.0911781961719195,0.928016483783722,0.0933418696125348,0.0629931557923555,1.1837653319040935,2.8166226545969644,benchmark-linear-d5-s11003-B100-fixed-c0.2-none,fixed,selected,ff228ea56bf4ce068e2c152aba343435254ca6726251eafb0a324cd47b0a33ed,1,13.587629361078143,True,5,1,500,70072832,2100,54.08296228758991,70072832,0,0,0,1.0,benchmark-linear-d5-s11003-B100,300,runs/evaluation-37ed586e86f708df3c62bc72cbf2a93c9c1d1c30d8cc7298e1d5a5024db2882e.json,142a9149a6e8accadf286e84ebfe93067104da9e72b8ea8dc9f1908297d16788,0.0,0.0,0.0,13.587629361078143,1.0,0.8571428571428571,1.0,0.9230769230769232,T2,2048.0,0.0,0.5076904296875,0.8955485026041666,0.0380786259969075,3,2048.0,0.0417591904930821,0.0911781961719195,0.928016483783722,0.0933418696125348,0.0629931557923555,1.1837653319040935,2.8166226545969644,0.0,neutral
benchmark-linear-d5-s11003-B100-diagnostic-c0.5-none,controlled,5,linear,11003,100,diagnostic,0.5,none,selected,e2583b1a6d6ca67e31674555dcfc954c2291bebdcf674234a8de8de63c5350b0,12,18.309578098356724,True,17,2,650,111559168,6600,169.83332259580493,111559168,0,0,0,3.0,benchmark-linear-d5-s11003-B100,300,runs/evaluation-9f94cd0ade9a9280939b914d9c8f3d6e3154217254390f1a9a23dc5363d7a54b.json,066e288461b6a034f7a90e3e0139ee2874136a03efef3ebe4fcc34dd18c15e4e,0.0,0.0,0.0,18.309578098356724,1.0,0.8571428571428571,1.0,0.9230769230769232,T2,2048.0,0.0,0.4987386067708333,0.8916422526041666,0.0359329382578531,3,2048.0,0.036321493392002,0.09256470327576,0.925236701965332,0.088641233742237,0.0423774644732475,1.162078579266866,2.771343390146891,benchmark-linear-d5-s11003-B100-fixed-c0.5-none,fixed,selected,7643b0eba82044751b5ca9d0d3b01ac44b92312d58683dea60fd1ba537cc81cf,1,7.828534761443734,True,5,1,300,69704704,2050,53.17304211296141,69704704,0,0,0,3.0,benchmark-linear-d5-s11003-B100,300,runs/evaluation-7440f928a9afda4fcb95cfe2837c0039393481ed0eff5f0a7d8a60e60e8f6394.json,ad25a5293f649d657308838f864dbea5be45940060121e9e928d32fe580f29f5,0.0,0.0,0.0,7.828534761443734,3.0,0.6666666666666666,0.6666666666666666,0.6666666666666666,T2,2048.0,0.0,0.4248860677083333,0.8533528645833334,0.6222476164499918,3,2048.0,0.4378404303724592,0.5615289211273193,1.1157389879226685,0.4665527939796448,0.2766472299893697,1.282260775566101,3.039958874384562,-0.3779115602374078,beneficial
benchmark-linear-d5-s11003-B400-diagnostic-c0.2-none,controlled,5,linear,11003,400,diagnostic,0.2,none,selected,79cbb0b7eccdf53283859ce8ee7611287d07e4a45764b9cecd6ca8c5ff872e94,10,75.33900283277035,True,17,7,2650,111269376,7850,205.4586667176336,111269376,0,0,0,1.0,benchmark-linear-d5-s11003-B400,1200,runs/evaluation-4cfe182e4fba4ef92ef50a36158ebf93b714813733317bf0f5f64793db63d55e.json,8a5eec6892b98ac6a8a4d33891ad17616647dbd510674e446f35c8e48eaa51ea,0.0,0.0,0.0,75.33900283277035,1.0,0.8571428571428571,1.0,0.9230769230769232,T2,2048.0,0.0,0.5001220703125,0.9024658203125,0.0258143742879231,3,2048.0,0.031423361823476,0.0508902582029501,0.8892390131950378,0.0577913522720336,0.0634972043335437,1.1552508076032002,2.8612603346506758,benchmark-linear-d5-s11003-B400-fixed-c0.2-none,fixed,selected,ff228ea56bf4ce068e2c152aba343435254ca6726251eafb0a324cd47b0a33ed,1,12.398187544196844,True,5,1,450,70063616,2200,54.94237209111452,70063616,0,0,0,1.0,benchmark-linear-d5-s11003-B400,1200,runs/evaluation-f6b51fa99ae9f0cb7b4ab520b6e1fc33019c9b3f15834c6cc88f44130a20f186.json,c7b38d614bf91e74ba0dd4d0916c7e1a5471e97f1bac25ca81ffd296319e1641,0.0,0.0,0.0,12.398187544196844,1.0,0.8571428571428571,1.0,0.9230769230769232,T2,2048.0,0.0,0.4950764973958333,0.9021402994791666,0.048653761545817,3,2048.0,0.0693556118911638,0.1055035665631294,0.8979304432868958,0.102663516998291,0.0625927504152059,1.152329941590627,2.860371748606364,-0.0448721647262574,beneficial
benchmark-linear-d5-s11003-B400-diagnostic-c0.5-none,controlled,5,linear,11003,400,diagnostic,0.5,none,selected,e2583b1a6d6ca67e31674555dcfc954c2291bebdcf674234a8de8de63c5350b0,12,41.87110133096576,True,17,3,1400,111457280,7850,199.0900928005576,111457280,0,0,0,3.0,benchmark-linear-d5-s11003-B400,1200,runs/evaluation-8f5a57bbb7144f378619e0f6dc7a8e31737feff67b86399afc7aa0565b6cd466.json,404a09fab23c47f49a524c76a26d517d3aeacb1f2452bde9bd8f00edbfca9275,0.0,0.0,0.0,41.87110133096576,1.0,0.8571428571428571,1.0,0.9230769230769232,T2,2048.0,0.0,0.492919921875,0.8970133463541666,0.0535932381947835,3,2048.0,0.0875168273220425,0.1179359542826811,0.8976215720176697,0.1092700486381848,0.0571371180315812,1.153982837994893,2.8361428578694663,benchmark-linear-d5-s11003-B400-fixed-c0.5-none,fixed,selected,7643b0eba82044751b5ca9d0d3b01ac44b92312d58683dea60fd1ba537cc81cf,1,7.814895864576101,True,5,1,300,69633536,2300,58.30896645784378,69633536,0,0,0,3.0,benchmark-linear-d5-s11003-B400,1200,runs/evaluation-84c884c4affd3c63a099f7de780b608033efd325f9856630ed0cc3bf2513fef5.json,41996530f8f44cbb5cbc07562898842885f88ef75f494cd5727e4e86283ebea1,0.0,0.0,0.0,7.814895864576101,3.0,0.6666666666666666,0.6666666666666666,0.6666666666666666,T2,2048.0,0.0,0.4063313802083333,0.855224609375,0.6349735260009766,3,2048.0,0.4390519362149192,0.5603110094865164,1.106882095336914,0.4660980900128682,0.2565126220385234,1.229525605837504,3.029374996821085,-0.35682804137468344,beneficial
benchmark-linear-d5-s11004-B100-diagnostic-c0.2-none,controlled,5,linear,11004,100,diagnostic,0.2,none,selected,f0032fda7618824c19eb04a6a43d295f2c0ea50eb5e8d09647aa0cb2432987fb,7,58.02317805215717,True,13,6,2200,110795776,4700,118.03415129892528,110795776,0,0,0,1.0,benchmark-linear-d5-s11004-B100,300,runs/evaluation-d43e646513dc278be7155c124c6646cd7d0b653537dafc66f1cf541721523df4.json,79df969ba531baec5568d40961b2548baeba2883309be6446836c181041404fb,0.0,0.0,0.0,58.02317805215717,1.0,0.875,1.0,0.9333333333333332,T2,2048.0,0.0,0.4989420572916667,0.9065348307291666,-0.0044646263122558,3,2048.0,0.0597123190938306,0.0592626892030239,1.0616344213485718,0.0664857079585393,0.1009160025666157,1.3029266595840454,3.2284529209136963,benchmark-linear-d5-s11004-B100-fixed-c0.2-none,fixed,selected,f0032fda7618824c19eb04a6a43d295f2c0ea50eb5e8d09647aa0cb2432987fb,1,8.360699731856585,True,5,1,300,69517312,1800,45.1900938116014,69517312,0,0,0,1.0,benchmark-linear-d5-s11004-B100,300,runs/evaluation-d43e646513dc278be7155c124c6646cd7d0b653537dafc66f1cf541721523df4.json,79df969ba531baec5568d40961b2548baeba2883309be6446836c181041404fb,0.0,0.0,0.0,8.360699731856585,1.0,0.875,1.0,0.9333333333333332,T2,2048.0,0.0,0.4989420572916667,0.9065348307291666,-0.0044646263122558,3,2048.0,0.0597123190938306,0.0592626892030239,1.0616344213485718,0.0664857079585393,0.1009160025666157,1.3029266595840454,3.2284529209136963,0.0,neutral
benchmark-linear-d5-s11004-B100-diagnostic-c0.5-none,controlled,5,linear,11004,100,diagnostic,0.5,none,selected,3f87303d48213938484a6433d85a5233c969242f707da8f185cad200dfab79ce,10,62.46148235164583,True,16,6,2350,111106048,6100,153.24447737261653,111106048,0,0,0,4.0,benchmark-linear-d5-s11004-B100,300,runs/evaluation-cf76f12102cb4b1e4d49035e6efb45c09cc8b7d4e6698891599feee6802cb8b2.json,e6edf05aabf2d4e0f2ae19bae5c489dff39f62983cc995b737d160baea23e31e,0.0,0.0,0.0,62.46148235164583,3.0,0.7142857142857143,0.7142857142857143,0.7142857142857143,T2,2048.0,0.0,0.4765625,0.889892578125,0.1643772919972737,3,2048.0,0.1909392499114889,0.3355945001045863,1.1195257902145386,0.3015081733465194,0.0769439923266569,1.3097764650980632,3.248579740524292,benchmark-linear-d5-s11004-B100-fixed-c0.5-none,fixed,selected,2e3cec8046b77e53476ffc4412b148bf997928fc379aa4b55aae8ecedf495ef5,1,23.82945222221315,True,5,3,950,69577216,1800,44.43064063601196,69577216,0,0,0,4.0,benchmark-linear-d5-s11004-B100,300,runs/evaluation-5546b06f6d5f404f8a27c0f1825a0f3fa225562a6165c4c066b97798a149da71.json,4ed99e953d0b38b58981ee91d6f4fac0523f99404e85dc893e7f401caef9bfbf,0.0,0.0,0.0,23.82945222221315,4.0,0.5714285714285714,0.5714285714285714,0.5714285714285714,T2,2048.0,0.0,0.4699300130208333,0.8781331380208334,0.132241408030192,3,2048.0,0.2715911820151137,0.2692922825614611,1.133941650390625,0.246528555949529,0.1322521741191546,1.2705768744150798,3.145650068918864,0.05497961739699042,harmful
benchmark-linear-d5-s11004-B400-diagnostic-c0.2-none,controlled,5,linear,11004,400,diagnostic,0.2,none,selected,f0032fda7618824c19eb04a6a43d295f2c0ea50eb5e8d09647aa0cb2432987fb,7,58.13504523411393,True,12,6,2250,110935040,5000,122.7518172878772,110935040,0,0,0,1.0,benchmark-linear-d5-s11004-B400,1200,runs/evaluation-822dbdff30a83f36865c515e5ecdf3ffdedff1cff2f3604b5986fc65a52ed990.json,99de5d38741c54c81ef1971de5f238b6a410eb4d891b4ff2f45dbcc8e7357ad7,0.0,0.0,0.0,58.13504523411393,1.0,0.875,1.0,0.9333333333333332,T2,2048.0,0.0,0.493896484375,0.9028727213541666,-0.0076069037119547,3,2048.0,0.0629979795113554,0.0468841226150592,1.0439163446426392,0.0533968607584635,0.0342277189095815,1.284658948580424,3.174389044443766,benchmark-linear-d5-s11004-B400-fixed-c0.2-none,fixed,selected,f0032fda7618824c19eb04a6a43d295f2c0ea50eb5e8d09647aa0cb2432987fb,1,10.445699287578464,True,5,1,400,69954560,2400,58.91853164881468,69954560,0,0,0,1.0,benchmark-linear-d5-s11004-B400,1200,runs/evaluation-822dbdff30a83f36865c515e5ecdf3ffdedff1cff2f3604b5986fc65a52ed990.json,99de5d38741c54c81ef1971de5f238b6a410eb4d891b4ff2f45dbcc8e7357ad7,0.0,0.0,0.0,10.445699287578464,1.0,0.875,1.0,0.9333333333333332,T2,2048.0,0.0,0.493896484375,0.9028727213541666,-0.0076069037119547,3,2048.0,0.0629979795113554,0.0468841226150592,1.0439163446426392,0.0533968607584635,0.0342277189095815,1.284658948580424,3.174389044443766,0.0,neutral
benchmark-linear-d5-s11004-B400-diagnostic-c0.5-none,controlled,5,linear,11004,400,diagnostic,0.5,none,selected,3f87303d48213938484a6433d85a5233c969242f707da8f185cad200dfab79ce,10,57.46066589280963,True,15,5,2450,111214592,6700,158.30471801012754,111214592,0,0,0,4.0,benchmark-linear-d5-s11004-B400,1200,runs/evaluation-8fa5642c4e21688818b549a85879eabec9ef0b25e06d238783981d98727c13f7.json,4c0c3b4eebf0d050a2934eb2d7f0341ecd5caa918ddd9a081e8de6bc396200a4,0.0,0.0,0.0,57.46066589280963,3.0,0.7142857142857143,0.7142857142857143,0.7142857142857143,T2,2048.0,0.0,0.48291015625,0.8915201822916666,0.1304279963175455,3,2048.0,0.1798753137487347,0.2931426813205083,1.0885874032974243,0.2620628376801808,0.0682547725737094,1.3150610129038494,3.222022851308187,benchmark-linear-d5-s11004-B400-fixed-c0.5-none,fixed,selected,2e3cec8046b77e53476ffc4412b148bf997928fc379aa4b55aae8ecedf495ef5,1,22.499562000855803,True,5,3,1000,69692416,1750,39.831997802481055,69692416,0,0,0,4.0,benchmark-linear-d5-s11004-B400,1200,runs/evaluation-b10c76df661bc88612b7f66ae30bf1196f6f065c48164b4af78f7acb82cf9c54.json,eb6aeb692a4c3226ef401198553d3327fbc399569606e71b9004081f25ae5a34,0.0,0.0,0.0,22.499562000855803,4.0,0.5714285714285714,0.5714285714285714,0.5714285714285714,T2,2048.0,0.0,0.4733479817708333,0.8779703776041666,0.1077572504679362,3,2048.0,0.2477831119826874,0.2557762016852696,1.0982716083526611,0.233254740635554,0.0987178087234497,1.264539361000061,3.1041927337646484,0.028808097044626807,harmful
benchmark-linear-d5-s11005-B100-diagnostic-c0.2-none,controlled,5,linear,11005,100,diagnostic,0.2,none,selected,8a8c8f0d77af2583ac0a8cfb1732e8fc63df368d4efc9303ed2b491bbd9abcad,7,87.73590413294733,True,15,7,3450,110746624,6800,166.2660600077361,110746624,0,0,0,1.0,benchmark-linear-d5-s11005-B100,300,runs/evaluation-bf9188f53a90dc275755de85416f2fc24f9d821dd8fc2505a3a2b01229449dc0.json,e3cd2c2bfbaba18eeb9d8a7bdc4abfd0571900e2ff5132e60151f624c0b12373,0.0,0.0,0.0,87.73590413294733,1.0,1.0,0.875,0.9333333333333332,T2,2048.0,0.0,0.5013020833333334,0.9049886067708334,0.054442008336385,3,2048.0,0.0325798373862356,0.0943673104047775,1.1556307077407837,0.0981924956043561,0.0884511570135752,1.323678453763326,3.279560168584188,benchmark-linear-d5-s11005-B100-fixed-c0.2-none,fixed,selected,8a8c8f0d77af2583ac0a8cfb1732e8fc63df368d4efc9303ed2b491bbd9abcad,1,12.94119918718934,True,5,1,500,69772800,2000,49.15004467219114,69772800,0,0,0,1.0,benchmark-linear-d5-s11005-B100,300,runs/evaluation-bf9188f53a90dc275755de85416f2fc24f9d821dd8fc2505a3a2b01229449dc0.json,e3cd2c2bfbaba18eeb9d8a7bdc4abfd0571900e2ff5132e60151f624c0b12373,0.0,0.0,0.0,12.94119918718934,1.0,1.0,0.875,0.9333333333333332,T2,2048.0,0.0,0.5013020833333334,0.9049886067708334,0.054442008336385,3,2048.0,0.0325798373862356,0.0943673104047775,1.1556307077407837,0.0981924956043561,0.0884511570135752,1.323678453763326,3.279560168584188,0.0,neutral
benchmark-linear-d5-s11005-B100-diagnostic-c0.5-none,controlled,5,linear,11005,100,diagnostic,0.5,none,selected,6fb6496457c234d313c02e193f8ac1c1445cdcc617480e71c141d1009617d551,10,61.15361602604389,True,17,6,2300,111087616,7350,180.82745414972305,111087616,0,0,0,2.0,benchmark-linear-d5-s11005-B100,300,runs/evaluation-fc1488a1cfdf95a6a190965d051099f8b4d6b5add305e94a86fbcb46a1d2ff87.json,0b812b14ef2ac160f10f367dccf13f61775b3c8916fe79207cd6ba59515eefde,0.0,0.0,0.0,61.15361602604389,1.0,0.875,0.875,0.875,T2,2048.0,0.0,0.502685546875,0.9034016927083334,0.0405483245849609,3,2048.0,0.0359211710088386,0.1071361824870109,1.1294288635253906,0.1023739924033482,0.090793157617251,1.3401513894399006,3.2694472471872964,benchmark-linear-d5-s11005-B100-fixed-c0.5-none,fixed,selected,969e6bf5307389d4d7aa783eea65ff77395b041e9390d899c0e565e822dfa406,1,0.5069672726094723,True,5,0,0,69326848,2650,65.25462986715138,69326848,0,0,0,2.0,benchmark-linear-d5-s11005-B100,300,runs/evaluation-79b673b57585aa677f5ab0fc93e61674503a66bfb1adfc8c7d73933a64fbae2c.json,75f0a7e9c64b0d713190cc54db30ce24190f4e30a4389d1514d3d0393e86e7dd,0.0,0.0,0.0,0.5069672726094723,2.0,0.8571428571428571,0.75,0.8,T2,2048.0,0.0,0.4948323567708333,0.8976643880208334,0.1274943351745605,3,2048.0,0.1019808180002995,0.2276248733202616,1.2233409881591797,0.2076604167620341,0.1187451258301734,1.3553035259246826,3.3072992960611978,-0.10528642435868589,beneficial
benchmark-linear-d5-s11005-B400-diagnostic-c0.2-none,controlled,5,linear,11005,400,diagnostic,0.2,none,selected,8a8c8f0d77af2583ac0a8cfb1732e8fc63df368d4efc9303ed2b491bbd9abcad,7,54.32271015457809,True,14,5,1950,111057920,6350,159.222968775779,111057920,0,0,0,1.0,benchmark-linear-d5-s11005-B400,1200,runs/evaluation-9c314793bb789d252b434e133f49734fd1bd93937e53af69592d652881e41134.json,0e8c06e1d76eaf6f47c94b9fc301b1da43fcc7a0e212a74b58aec25736b23169,0.0,0.0,0.0,54.32271015457809,1.0,1.0,0.875,0.9333333333333332,T2,2048.0,0.0,0.4996337890625,0.9087320963541666,0.0455098152160644,3,2048.0,0.0372254218433131,0.0299136415123939,1.13140869140625,0.051761416097482,0.049117412418127,1.3165870507558186,3.2996420860290527,benchmark-linear-d5-s11005-B400-fixed-c0.2-none,fixed,selected,8a8c8f0d77af2583ac0a8cfb1732e8fc63df368d4efc9303ed2b491bbd9abcad,1,0.5076889507472515,True,5,0,0,69903872,2200,55.02148932591081,69903872,0,0,0,1.0,benchmark-linear-d5-s11005-B400,1200,runs/evaluation-9c314793bb789d252b434e133f49734fd1bd93937e53af69592d652881e41134.json,0e8c06e1d76eaf6f47c94b9fc301b1da43fcc7a0e212a74b58aec25736b23169,0.0,0.0,0.0,0.5076889507472515,1.0,1.0,0.875,0.9333333333333332,T2,2048.0,0.0,0.4996337890625,0.9087320963541666,0.0455098152160644,3,2048.0,0.0372254218433131,0.0299136415123939,1.13140869140625,0.051761416097482,0.049117412418127,1.3165870507558186,3.2996420860290527,0.0,neutral
benchmark-linear-d5-s11005-B400-diagnostic-c0.5-none,controlled,5,linear,11005,400,diagnostic,0.5,none,selected,6fb6496457c234d313c02e193f8ac1c1445cdcc617480e71c141d1009617d551,10,66.58319712989032,True,17,6,2500,111646720,7800,197.0332949962467,111646720,0,0,0,2.0,benchmark-linear-d5-s11005-B400,1200,runs/evaluation-c57812da940d36e7294e93c11f8f9de934325fa9f9ad2dd29a041042398375ef.json,0d8a2d1c09b5817336bbd93dc2eb46a2cbb7fa8831833ef5e49407d81e661840,0.0,0.0,0.0,66.58319712989032,1.0,0.875,0.875,0.875,T2,2048.0,0.0,0.50537109375,0.9138997395833334,0.0265361467997233,3,2048.0,0.0412281544267409,0.0288496986031532,1.1058125495910645,0.04655230914553,0.0815223269164562,1.3329685926437378,3.3496697743733725,benchmark-linear-d5-s11005-B400-fixed-c0.5-none,fixed,selected,969e6bf5307389d4d7aa783eea65ff77395b041e9390d899c0e565e822dfa406,1,0.521878469735384,True,5,0,0,69663744,2350,59.21183078736067,69663744,0,0,0,2.0,benchmark-linear-d5-s11005-B400,1200,runs/evaluation-150a289595c92297cf9c15ffdb56f01767faea0cc272980d9ebc9272418c784e.json,f9cf9fdc75473ac1f3b29e65274f9ec660d547c29871733eec1e0c2081b19f40,0.0,0.0,0.0,0.521878469735384,2.0,0.8571428571428571,0.75,0.8,T2,2048.0,0.0,0.497802734375,0.91064453125,0.1128069559733073,3,2048.0,0.1047930652783263,0.1737288112441698,1.1736904382705688,0.1673355003197988,0.1186509033044179,1.347748597462972,3.3861700693766275,-0.1207831911742688,beneficial
benchmark-nonlinear-d5-s12001-B100-diagnostic-c0.2-none,controlled,5,nonlinear,12001,100,diagnostic,0.2,none,selected,a0c96bba3576b0e5a28349bcf74fe58246ae68edb6f53a62226f7889b7c95414,12,95.8082690052688,True,18,9,3450,111617024,6550,168.3404635451734,111617024,0,0,0,1.0,benchmark-nonlinear-d5-s12001-B100,300,runs/evaluation-feb88a0c06b006c4736dbcf6335a36d3329383308771b0b3b6859e55c3db8947.json,645839b7b7a703e336b1b31db04c52d8387c5342c481e868632d9921f59bd12f,0.0,0.0,0.0,95.8082690052688,2.0,0.8333333333333334,0.7142857142857143,0.7692307692307693,T2,2048.0,0.0,0.4925130208333333,0.905029296875,0.0094659328460693,3,2048.0,0.0701648166240592,0.1157491405804952,1.1125589609146118,0.1125349476933479,0.0976251363754272,1.2998905579249065,3.280968507130941,benchmark-nonlinear-d5-s12001-B100-fixed-c0.2-none,fixed,selected,f92f201e2e3f5d436331a66e10cfca08985ee2012317aa28a00452c58c120583,1,0.4944637678563595,True,5,0,0,69555712,1600,39.1217244900763,69555712,0,0,0,1.0,benchmark-nonlinear-d5-s12001-B100,300,runs/evaluation-c6744cd804c3af071b3b2549ac45e1dc6b00d6f8898a6c2fce0042c7b7974c3c.json,d6c23404e15e46480d7ba76cdb9524ddd758c7ba4e814d52ad128bc5f977f4b6,0.0,0.0,0.0,0.4944637678563595,1.0,1.0,0.8571428571428571,0.9230769230769232,T2,2048.0,0.0,0.5099690755208334,0.9015706380208334,0.0557177861531575,3,2048.0,0.0712831723675252,0.0956155558427174,1.2855736017227173,0.1822355935970942,0.1282225921750068,1.3517372608184814,3.223049720128377,-0.0697006459037463,beneficial
benchmark-nonlinear-d5-s12001-B100-diagnostic-c0.5-none,controlled,5,nonlinear,12001,100,diagnostic,0.5,none,selected,5b3a0f7309c05a9777988e427ab8428ad17be21a1f11031de17a32e5ef79f777,12,31.66439104452729,True,16,3,1200,111465984,5900,143.70015071704984,111465984,0,0,0,4.0,benchmark-nonlinear-d5-s12001-B100,300,runs/evaluation-d1dcd0725e0f3d743a2081d44324f7ab324997adbc8ca70ddd7262ce71689226.json,7a7f20e4fac8365eb55dd6203a6536c39dc32c0d58e088e95dcac5e912193638,0.0,0.0,0.0,31.66439104452729,2.0,0.7142857142857143,0.7142857142857143,0.7142857142857143,T2,2048.0,0.0,0.509521484375,0.8922526041666666,0.0832240581512451,3,2048.0,0.1777567022172529,0.2189010431369145,1.1456209421157837,0.1941653937101364,0.1246655186017354,1.3859062592188518,3.206141471862793,benchmark-nonlinear-d5-s12001-B100-fixed-c0.5-none,fixed,selected,dc1561a2d10f0f90ba87141e1e657a10509a3e5b74bd4ef7830a1e6c1ed55fa8,1,8.24514265358448,True,5,1,300,69526016,1750,43.40579671412706,69526016,0,0,0,4.0,benchmark-nonlinear-d5-s12001-B100,300,runs/evaluation-c109ba986981231045ee7ecbb59e568eef94e756fce0b0e461ccaee896f4060f.json,86a04ed1e7128e117a8ef2e25b77e7f7d6efc7fea92c334f781c92570824cb82,0.0,0.0,0.0,8.24514265358448,4.0,0.5714285714285714,0.5714285714285714,0.5714285714285714,T2,2048.0,0.0,0.4924723307291667,0.882568359375,0.1451764901479085,3,2048.0,0.2071327398827786,0.263845478494962,1.21588397026062,0.2405129174391428,0.1203555862108866,1.348467230796814,3.1613214015960693,-0.046347523729006385,beneficial
benchmark-nonlinear-d5-s12001-B400-diagnostic-c0.2-none,controlled,5,nonlinear,12001,400,diagnostic,0.2,none,selected,1fc1ec68c6b87be9d6813830961996b07fe78d8a6391f26748237fc6f85a5809,12,106.84772466868162,True,19,9,4450,111660032,9000,215.778147302568,111660032,0,0,0,1.0,benchmark-nonlinear-d5-s12001-B400,1200,runs/evaluation-7f4d23ee915bffd78cf413b4d1132458e137577fd63720464792cd4d39f639aa.json,fcf93aa8043592d2735b1199ab3cf8baa30d3b2183c903101251c71a4a75659c,0.0,0.0,0.0,106.84772466868162,2.0,0.7142857142857143,0.7142857142857143,0.7142857142857143,T2,2048.0,0.0,0.4915771484375,0.8965250651041666,0.0217829545338948,3,2048.0,0.1035442843196673,0.1274288569887479,1.0875635147094729,0.1143706267078717,0.0728970778485139,1.2903807163238523,3.1801557540893555,benchmark-nonlinear-d5-s12001-B400-fixed-c0.2-none,fixed,selected,f92f201e2e3f5d436331a66e10cfca08985ee2012317aa28a00452c58c120583,1,0.4769710768014192,True,5,0,0,69574144,2400,58.073580630123615,69574144,0,0,0,1.0,benchmark-nonlinear-d5-s12001-B400,1200,runs/evaluation-3862a367d6a7e6c8ebed9f0af37e1db6fc421cd397aab94866067b53ad3531f5.json,ab0d347160f63bc5427127c08d9b3ca0f92d139bca7ad648c85e2e5883547733,0.0,0.0,0.0,0.4769710768014192,1.0,1.0,0.8571428571428571,0.9230769230769232,T2,2048.0,0.0,0.4943440755208333,0.8935139973958334,0.0632436275482177,3,2048.0,0.0713387795604162,0.1115577593445777,1.2651785612106323,0.1892791936794916,0.0717815309762954,1.2984646161397295,3.159676710764567,-0.07490856697161989,beneficial
benchmark-nonlinear-d5-s12001-B400-diagnostic-c0.5-none,controlled,5,nonlinear,12001,400,diagnostic,0.5,none,selected,6bd14468d1e3d58040c0a260a1b49c20bc631c6620a7af4f40ca7f92c078322b,12,26.15771255455911,True,16,2,900,111536640,8100,202.242460006848,111536640,0,0,0,4.0,benchmark-nonlinear-d5-s12001-B400,1200,runs/evaluation-f154a73517c76648aaca0dea1f4a2e77e1cbd3e9d97e72700617415809f1fc9f.json,65132d3625347320303537593f2d3a750d9eb0bb9db49bd3d2c01962f342c627,0.0,0.0,0.0,26.15771255455911,2.0,0.75,0.8571428571428571,0.8,T2,2048.0,0.0,0.5037027994791666,0.8961588541666666,0.0314211050669352,3,2048.0,0.1239536445908,0.130013421177864,1.0898945331573486,0.1148337225119272,0.0841586254537105,1.331713279088338,3.1988113721211757,benchmark-nonlinear-d5-s12001-B400-fixed-c0.5-none,fixed,selected,dc1561a2d10f0f90ba87141e1e657a10509a3e5b74bd4ef7830a1e6c1ed55fa8,1,15.258494779467584,True,5,1,600,69690880,2950,75.54793428815901,69690880,0,0,0,4.0,benchmark-nonlinear-d5-s12001-B400,1200,runs/evaluation-3eb79c9dc0e33f610bf7de324f89efebcfc8601195aed7fa3cf559e959cc751c.json,82a85da18830370772d3e3aa06f4b7aca730d7261a07c6a2aa223c6a026d1011,0.0,0.0,0.0,15.258494779467584,4.0,0.5714285714285714,0.5714285714285714,0.5714285714285714,T2,2048.0,0.0,0.4766438802083333,0.8758544921875,0.1355288823445638,3,2048.0,0.2047892379080395,0.2551297197739283,1.191573977470398,0.2276506821314493,0.1008305040498574,1.2845038970311482,3.130314588546753,-0.1128169596195221,beneficial
benchmark-nonlinear-d5-s12002-B100-diagnostic-c0.2-none,controlled,5,nonlinear,12002,100,diagnostic,0.2,none,selected,d370f71a4ef43171e97ae9bac26cf98f0c0f7e9a25b1fcb2d741c57911517f8c,12,54.95823121629656,True,18,6,2050,111220224,7800,185.55274684727192,111220224,0,0,0,1.0,benchmark-nonlinear-d5-s12002-B100,300,runs/evaluation-dc02e3e5f34aca13781c34a71a758bfa058db59bbe6d18aabef2ba08a68b5a01.json,0f5773c2e153bdcd12fb4c0a69a25e13dcd043bc1e938c6f48bc4ffb11104528,0.0,0.0,0.0,54.95823121629656,1.0,0.8,1.0,0.8888888888888888,T2,2048.0,0.0,0.5004069010416666,0.9033610026041666,-0.0171181360880533,3,2048.0,0.0716702174359134,0.0791223235428333,1.3288885354995728,0.0979859294990698,0.2058962186177571,1.2758057514826455,3.35732094446818,benchmark-nonlinear-d5-s12002-B100-fixed-c0.2-none,fixed,selected,3f1c51aef036879c5bbe41683c126e95f10d0f90f43eabb8bc310bbdaf47ea16,1,26.780249197036028,True,5,2,1050,69966336,2650,62.7354143075645,69966336,0,0,0,1.0,benchmark-nonlinear-d5-s12002-B100,300,runs/evaluation-5b8e66efce814b6e290760a3f351b3ee9c369e7986adb53c52dac7d35710f1ea.json,825e3042c755a1edc148e51b9cacb2a60e616df002e1d53443d4982d9e756535,0.0,0.0,0.0,26.780249197036028,1.0,0.75,0.75,0.75,T2,2048.0,0.0,0.4778645833333333,0.8881429036458334,0.1088426113128662,3,2048.0,0.2037671812368005,0.2818927019834518,1.4105184078216553,0.2498713135719299,0.1764325400193532,1.239051342010498,3.287586212158203,-0.15188538407286012,beneficial
benchmark-nonlinear-d5-s12002-B100-diagnostic-c0.5-none,controlled,5,nonlinear,12002,100,diagnostic,0.5,none,selected,2dae243fa3a4ae2102785e4158f12ca46f73be1c7099b872b0093cefabd5fab2,12,24.39985624887049,True,18,2,800,111188992,7550,181.7470287401229,111188992,0,0,0,2.0,benchmark-nonlinear-d5-s12002-B100,300,runs/evaluation-1f0256a6e7e16313292d89f7a1d0ff3c2914bbf8f5d1945628f62202ac7e588f.json,d877002dba2a3d1c5937236abacd8ede858dc0c9ac413abb1e73cc81a0151920,0.0,0.0,0.0,24.39985624887049,2.0,0.6666666666666666,1.0,0.8,T2,2048.0,0.0,0.5030924479166666,0.9040120442708334,-0.0178267161051432,3,2048.0,0.0700253473782998,0.084483320514361,1.3266195058822632,0.0950973878304163,0.194686492284139,1.2809727191925049,3.343416770299276,benchmark-nonlinear-d5-s12002-B100-fixed-c0.5-none,fixed,selected,d9eb83a27720b3d377b3f517a9ff37efc2a599502bd7ef3d89f47441681674f8,1,0.4825161229819059,True,5,0,0,69362688,2500,56.76692701689899,69362688,0,0,0,2.0,benchmark-nonlinear-d5-s12002-B100,300,runs/evaluation-faa5710edbb359442d12ce2d7bc2485e4852bfb3c8317a0bea8b3eccbda5d7b5.json,c37bc8a36910c75ec379cc852137c6dc5a2c4e4e514c50044c6171f1b9eea08c,0.0,0.0,0.0,0.4825161229819059,2.0,0.75,0.75,0.75,T2,2048.0,0.0,0.5185139973958334,0.9073893229166666,-0.0061752796173095,3,2048.0,0.1114422886062996,0.0855925443271796,1.3650075197219849,0.1293423349658648,0.2595148185888926,1.3312721252441406,3.40024209022522,-0.03424494713544851,beneficial
benchmark-nonlinear-d5-s12002-B400-diagnostic-c0.2-none,controlled,5,nonlinear,12002,400,diagnostic,0.2,none,selected,8d5fb3476c5ce5b3ea7a828938319c52873cddb11b4a12d6b89d94cca6e160de,10,42.62507068738341,True,16,4,1650,111013888,7750,186.1472160667181,111013888,0,0,0,1.0,benchmark-nonlinear-d5-s12002-B400,1200,runs/evaluation-ebddedf494d9a9147ad1f6392ddc944658e3ec7168b4eb8c025621814b5174bb.json,0f2b7255836ab7b71855103641625bc7046cb54c94cc6cbe99501490ff6161ca,0.0,0.0,0.0,42.62507068738341,0.0,1.0,1.0,1.0,T2,2048.0,0.0,0.490966796875,0.8985595703125,-0.0228192806243896,3,2048.0,0.0609341260086084,0.0409652652839819,1.3002207279205322,0.0554341599345207,0.1261584063371022,1.237977663675944,3.259877602259318,benchmark-nonlinear-d5-s12002-B400-fixed-c0.2-none,fixed,selected,3f1c51aef036879c5bbe41683c126e95f10d0f90f43eabb8bc310bbdaf47ea16,1,16.50658894702792,True,5,2,650,69942784,3150,74.22019592300057,69942784,0,0,0,1.0,benchmark-nonlinear-d5-s12002-B400,1200,runs/evaluation-a7b81de1aa314bb1f3462ce06a8e3a46558cd2257b852a0b3b99d62518a04c3c.json,458f0ffbeb98d284dcdb8e21b22d6cc1b70906f3c963763ad78f120b79dd9533,0.0,0.0,0.0,16.50658894702792,1.0,0.75,0.75,0.75,T2,2048.0,0.0,0.4666748046875,0.8841552734375,0.1096847852071126,3,2048.0,0.2012726958637738,0.279098870853583,1.378595948219299,0.2400721659262975,0.1270506605505943,1.2060846885045369,3.250630776087443,-0.1846380059917768,beneficial
benchmark-nonlinear-d5-s12002-B400-diagnostic-c0.5-none,controlled,5,nonlinear,12002,400,diagnostic,0.5,none,selected,61cbdfd6067a4b078878d2cdb6b39a16b53dfd7092d646de0f9fcbffcd0e0a37,12,34.65822675824165,True,17,3,1200,111321088,8800,213.4709738213569,111321088,0,0,0,2.0,benchmark-nonlinear-d5-s12002-B400,1200,runs/evaluation-10c62b933cfcabb05b62190740f213d9694c55c7b5dd7248ff5f7432faeaa0dd.json,151945a8857f641fb397c6da333269671db8b03e30c0a1b4459c189390858e99,0.0,0.0,0.0,34.65822675824165,1.0,0.8,1.0,0.8888888888888888,T2,2048.0,0.0,0.4982503255208333,0.9010823567708334,-0.0234676202138264,3,2048.0,0.0585027975629207,0.039150151113669,1.3035434484481812,0.0543576292693614,0.1301895678043365,1.2611101071039836,3.286639372507731,benchmark-nonlinear-d5-s12002-B400-fixed-c0.5-none,fixed,selected,d9eb83a27720b3d377b3f517a9ff37efc2a599502bd7ef3d89f47441681674f8,1,0.4766861796379089,True,5,0,0,69556224,3200,74.56239040568471,69556224,0,0,0,2.0,benchmark-nonlinear-d5-s12002-B400,1200,runs/evaluation-dd2f598a0ad17095688f1103547b9700a6b72a31bd2513c26832217f2a8f37ee.json,051dc3c504a782c8cf85d6b5574311ac3649793806d4926bd6e1b5944254e838,0.0,0.0,0.0,0.4766861796379089,2.0,0.75,0.75,0.75,T2,2048.0,0.0,0.50537109375,0.9046630859375,-0.0111838181813557,3,2048.0,0.0913994728037881,0.0547944872329632,1.342778563499451,0.0996608585119247,0.1781933059295018,1.2886698246002195,3.329906463623047,-0.0453032292425633,beneficial
benchmark-nonlinear-d5-s12003-B100-diagnostic-c0.2-none,controlled,5,nonlinear,12003,100,diagnostic,0.2,none,selected,da0683d3f3afad20c3f6f1efc95ec5ed0bb7fa707a6161342b32e2a3ec4b1bda,10,84.59090226702392,True,18,8,3500,111348224,7350,171.19405042752624,111348224,0,0,0,2.0,benchmark-nonlinear-d5-s12003-B100,300,runs/evaluation-5d57d9c24c744a8edfac6410b3bcaf36bfa0910d0ad50810977e020b46bcf32c.json,9ccd822279f0e3da1256ac5a1518418e68b70aa67716e7b84b43612778b092ef,0.0,0.0,0.0,84.59090226702392,1.0,0.8888888888888888,1.0,0.9411764705882352,T2,2048.0,0.0,0.4711100260416667,0.8732096354166666,0.0490109920501709,3,2048.0,0.1080342096226951,0.124870341271162,1.3102378845214844,0.1292341450850168,0.169348786274592,1.1970139741897583,2.988747358322144,benchmark-nonlinear-d5-s12003-B100-fixed-c0.2-none,fixed,selected,3cfc3a763418f9bb3a1b3b0259132e33152ed3073d2a955a7d3d4de9c613f8a0,1,15.615771124139428,True,5,2,650,69860352,1800,40.71392498165369,69860352,0,0,0,2.0,benchmark-nonlinear-d5-s12003-B100,300,runs/evaluation-15c376041ae7517d856e1f61d7ba6cd5910c32b0ec6d696f1f2fdb111d3fef2d.json,00faa27e8953a0226274c88eb9fae0d8f046d3867c5e9be1030cca138a96d0a9,0.0,0.0,0.0,15.615771124139428,2.0,0.7777777777777778,0.875,0.8235294117647058,T2,2048.0,0.0,0.4858805338541667,0.8627115885416666,0.2500326633453369,3,2048.0,0.2301043504326124,0.358629251519839,1.3647226095199585,0.314245380461216,0.1375560561815897,1.35983403523763,3.1708804766337075,-0.18501123537619918,beneficial
benchmark-nonlinear-d5-s12003-B100-diagnostic-c0.5-none,controlled,5,nonlinear,12003,100,diagnostic,0.5,none,selected,89ddee17d3fee94b0dc32267cc5a65bbd48fb7b71517c9361a92c97eaa83be1c,12,54.10806047543883,True,20,5,2100,111703552,8300,193.26075864955783,111703552,0,0,0,4.0,benchmark-nonlinear-d5-s12003-B100,300,runs/evaluation-d7005b1a9b29c4f5785073f8624ce1fb5cedf5fcb440f650a1a4ef024eea5cb3.json,3c2008a4a1805b4e90ceb5b71e6213d9cc7d9dc5a7996f96ee6b71c3d1e7c5c8,0.0,0.0,0.0,54.10806047543883,2.0,0.875,0.875,0.875,T2,2048.0,0.0,0.4864908854166667,0.8823649088541666,0.0685956478118896,3,2048.0,0.1441936328275932,0.1506785824894905,1.3210015296936035,0.152924026052157,0.1674340814352035,1.2496837377548218,3.0835898717244468,benchmark-nonlinear-d5-s12003-B100-fixed-c0.5-none,fixed,selected,7c8efbaa2249ed40326daed72b3a922625409d113dd8b5c335eeba6fef5863c4,1,9.6991324480623,True,5,1,400,69670912,2400,54.274923503398895,69670912,0,0,0,4.0,benchmark-nonlinear-d5-s12003-B100,300,runs/evaluation-b2a40e252641fab021f7122408c515684ad811d9424974245598072f911231cc.json,459bad69625ae12240551ece4c0c6710c883d58d7fb360566661d3e68aa4e351,0.0,0.0,0.0,9.6991324480623,4.0,0.625,0.625,0.625,T2,2048.0,0.0,0.4247639973958333,0.834716796875,0.4071327050526936,3,2048.0,0.3523290195975743,0.4787990252176921,1.4972007274627686,0.4108726431926091,0.2578293854991595,1.2690374453862507,3.149402459462484,-0.2579486171404521,beneficial
benchmark-nonlinear-d5-s12003-B400-diagnostic-c0.2-none,controlled,5,nonlinear,12003,400,diagnostic,0.2,none,selected,c8a52435b09001b3e407db65057a70974ba7f801777d0c9d29c88e754501c543,12,101.66607633978128,True,16,9,4000,111558144,7600,184.1725418474525,111558144,0,0,0,2.0,benchmark-nonlinear-d5-s12003-B400,1200,runs/evaluation-82e385cf6bbf68901ce1472466c9844b20111921e9d8598331e290ee3d0244e9.json,e5ddd5ffe5960f849633d038720d102357d1fc7597ba21e80f7bb4474ae64d03,0.0,0.0,0.0,101.66607633978128,2.0,0.7777777777777778,0.875,0.8235294117647058,T2,2048.0,0.0,0.5042724609375,0.9031982421875,0.0204090277353922,3,2048.0,0.0417375836279228,0.0467952831337849,1.24821937084198,0.0649344722429911,0.1154121371606985,1.285346309343974,3.210530678431193,benchmark-nonlinear-d5-s12003-B400-fixed-c0.2-none,fixed,selected,3cfc3a763418f9bb3a1b3b0259132e33152ed3073d2a955a7d3d4de9c613f8a0,1,20.269585160538558,True,5,2,800,70017536,2500,60.03784754499793,70017536,0,0,0,2.0,benchmark-nonlinear-d5-s12003-B400,1200,runs/evaluation-ddc2d5f790cccd7921f05503d8f2f992a9db04715df9dd37fc1b9c9625f565cc.json,a1e8463a9a230b077b6607c03ed9a53d2081d8be5045d7e005ab4fb2a16ba9c7,0.0,0.0,0.0,20.269585160538558,2.0,0.7777777777777778,0.875,0.8235294117647058,T2,2048.0,0.0,0.4842529296875,0.880126953125,0.2887584368387858,3,2048.0,0.254354237386089,0.4103970378637314,1.2995525598526,0.3582236965497334,0.2125737617413202,1.3772474924723308,3.31367564201355,-0.2932892243067423,beneficial
benchmark-nonlinear-d5-s12003-B400-diagnostic-c0.5-none,controlled,5,nonlinear,12003,400,diagnostic,0.5,none,selected,89ddee17d3fee94b0dc32267cc5a65bbd48fb7b71517c9361a92c97eaa83be1c,12,57.64895639382303,True,20,4,2150,111491584,9850,239.97771048173308,111491584,0,0,0,4.0,benchmark-nonlinear-d5-s12003-B400,1200,runs/evaluation-9b1359f8e8945bc85b9134adb1fbcba968e75bee84add8db9c6ce0afcf8cd9a6.json,34d57c2a55f8915d11e7d7a6b6d80b6d57a88e273c4364a49087670c5e03ab7b,0.0,0.0,0.0,57.64895639382303,2.0,0.875,0.875,0.875,T2,2048.0,0.0,0.5050048828125,0.9023030598958334,0.0459218025207519,3,2048.0,0.1017544596383744,0.1032082761327425,1.275374412536621,0.1142611404259999,0.1184047336379687,1.2875176668167114,3.227758248647054,benchmark-nonlinear-d5-s12003-B400-fixed-c0.5-none,fixed,selected,7c8efbaa2249ed40326daed72b3a922625409d113dd8b5c335eeba6fef5863c4,1,30.32391284033656,True,5,2,1150,69863424,2500,61.82601153478026,69863424,0,0,0,4.0,benchmark-nonlinear-d5-s12003-B400,1200,runs/evaluation-f2f4eb5d23969009220587ede321be59d194f0a4657ca9cbcb7424550812a426.json,625afe474b98d830c683090ba4eb0f78f868ed37aaad71b8636202a533f02c0a,0.0,0.0,0.0,30.32391284033656,4.0,0.625,0.625,0.625,T2,2048.0,0.0,0.4612630208333333,0.8691813151041666,0.3549887339274089,3,2048.0,0.3672548710553573,0.4456736048062642,1.4054911136627195,0.3798483163118362,0.2572066287199656,1.3560763597488403,3.316231648127238,-0.2655871758858363,beneficial
benchmark-nonlinear-d5-s12004-B100-diagnostic-c0.2-none,controlled,5,nonlinear,12004,100,diagnostic,0.2,none,selected,801f1e987ccd1c7e9f2d832b64b9014d9c492ba5caa1647dda483ce487f1640c,10,12.2672687638551,True,17,1,350,110907904,6250,145.8764697816223,110907904,0,0,0,1.0,benchmark-nonlinear-d5-s12004-B100,300,runs/evaluation-d1d2ad77851450676d46229520e6d1082590abd6f2e755dc729b6bc1a7597df6.json,11e8210f4415f2f071d5dfd7c16a44c8fecc619cfcefee8a0e13d419245d6b5c,0.0,0.0,0.0,12.2672687638551,2.0,0.6,0.6,0.6,T2,2048.0,0.0,0.4928385416666667,0.8932698567708334,0.0075392723083496,3,2048.0,0.0612635934010944,0.0624244194477796,1.1723326444625854,0.0736164475480715,0.1139807477593422,1.1559317111968994,2.892747004826864,benchmark-nonlinear-d5-s12004-B100-fixed-c0.2-none,fixed,selected,20c06ccc909415e6f31c6eea9c8eff4befc15e214fed786c97f00f11ad72734b,1,0.4724040329456329,True,5,0,0,69658112,1950,45.41421519592405,69658112,0,0,0,1.0,benchmark-nonlinear-d5-s12004-B100,300,runs/evaluation-d6809f6b1b59234f6d0cc539c9701d0ed354990b0e3eae928f499ea383359a8c.json,5c41b8519ea0a4a79f57b9779dd3bc9a5cbb8371cfbdd7a45cbb9ccc781d0c6a,0.0,0.0,0.0,0.4724040329456329,1.0,0.8,0.8,0.8,T2,2048.0,0.0,0.4937337239583333,0.89599609375,0.0055052439371744,3,2048.0,0.0518101421841168,0.0516183798511823,1.1720341444015503,0.0674145271380742,0.138782595594724,1.159161647160848,2.907000621159872,0.0062019204099973,harmful
benchmark-nonlinear-d5-s12004-B100-diagnostic-c0.5-none,controlled,5,nonlinear,12004,100,diagnostic,0.5,none,selected,801f1e987ccd1c7e9f2d832b64b9014d9c492ba5caa1647dda483ce487f1640c,12,28.578499561175704,True,19,3,950,111278080,7200,169.6401852760464,111278080,0,0,0,2.0,benchmark-nonlinear-d5-s12004-B100,300,runs/evaluation-d1d2ad77851450676d46229520e6d1082590abd6f2e755dc729b6bc1a7597df6.json,11e8210f4415f2f071d5dfd7c16a44c8fecc619cfcefee8a0e13d419245d6b5c,0.0,0.0,0.0,28.578499561175704,2.0,0.6,0.6,0.6,T2,2048.0,0.0,0.4928385416666667,0.8932698567708334,0.0075392723083496,3,2048.0,0.0612635934010944,0.0624244194477796,1.1723326444625854,0.0736164475480715,0.1139807477593422,1.1559317111968994,2.892747004826864,benchmark-nonlinear-d5-s12004-B100-fixed-c0.5-none,fixed,selected,71d61052bc0902fae76e77b7bd7d71db38226dcf49756f590a6edaac057cdce0,1,0.553208077326417,True,5,0,0,69420544,1950,46.22297980263829,69420544,0,0,0,2.0,benchmark-nonlinear-d5-s12004-B100,300,runs/evaluation-dde1e9c407d173c0c34e452bc6194d65010f033a077743a599c28ff69881d788.json,b95efc374d6663282f5098fe09e49331953d6f9d3a7a786fce53150b1e8555ae,0.0,0.0,0.0,0.553208077326417,2.0,0.75,0.6,0.6666666666666666,T2,2048.0,0.0,0.4923909505208333,0.8953857421875,0.0084200700124104,3,2048.0,0.0564577485313711,0.0537232762823502,1.1913816928863523,0.0804845591386159,0.1369215101003646,1.1527615785598757,2.9009533723195395,-0.006868111590544387,beneficial
benchmark-nonlinear-d5-s12004-B400-diagnostic-c0.2-none,controlled,5,nonlinear,12004,400,diagnostic,0.2,none,selected,99f398582ffc97234d6f30ade2868d6da0fb47e9b3c78014f3eeaa7f1bdb3a06,12,33.984401943162084,True,17,3,1200,111394304,8750,204.19472115673125,111394304,0,0,0,1.0,benchmark-nonlinear-d5-s12004-B400,1200,runs/evaluation-a35bfbda30c0ab1cca5886c0553633c92c3bad8b7fb7d88972d812b6b46166cc.json,3d390b6dc6821c683adeccc1fcb9da69d043f0175e9b2afb8a2df75586e7b556,0.0,0.0,0.0,33.984401943162084,0.0,1.0,1.0,1.0,T2,2048.0,0.0,0.5012613932291666,0.89501953125,0.0070259571075439,3,2048.0,0.0390800959164787,0.0617814337213834,1.14183509349823,0.0625603434940179,0.0398811399936676,1.1702697277069092,2.9142067432403564,benchmark-nonlinear-d5-s12004-B400-fixed-c0.2-none,fixed,selected,20c06ccc909415e6f31c6eea9c8eff4befc15e214fed786c97f00f11ad72734b,1,0.4749559834599495,True,5,0,0,69447168,3100,71.33600951731205,69447168,0,0,0,1.0,benchmark-nonlinear-d5-s12004-B400,1200,runs/evaluation-f9937253aee8924a01ad33ba6841debf3b4ffbd1d40db9b3d101e3fc5f392f31.json,182c3ec0e663d5f9232f99a84915605ff8fac2205b2b9c784b913e1cf387beee,0.0,0.0,0.0,0.4749559834599495,1.0,0.8,0.8,0.8,T2,2048.0,0.0,0.4890950520833333,0.8865966796875,0.0190398693084716,3,2048.0,0.0666759010266508,0.1104243732988834,1.154962182044983,0.1026072899500529,0.0574543665473659,1.1477901538213091,2.8709595998128257,-0.040046946456035,beneficial
benchmark-nonlinear-d5-s12004-B400-diagnostic-c0.5-none,controlled,5,nonlinear,12004,400,diagnostic,0.5,none,selected,99f398582ffc97234d6f30ade2868d6da0fb47e9b3c78014f3eeaa7f1bdb3a06,12,12.873981492593884,True,18,1,350,111360512,10100,234.59509064815936,111360512,0,0,0,2.0,benchmark-nonlinear-d5-s12004-B400,1200,runs/evaluation-a35bfbda30c0ab1cca5886c0553633c92c3bad8b7fb7d88972d812b6b46166cc.json,3d390b6dc6821c683adeccc1fcb9da69d043f0175e9b2afb8a2df75586e7b556,0.0,0.0,0.0,12.873981492593884,0.0,1.0,1.0,1.0,T2,2048.0,0.0,0.5012613932291666,0.89501953125,0.0070259571075439,3,2048.0,0.0390800959164787,0.0617814337213834,1.14183509349823,0.0625603434940179,0.0398811399936676,1.1702697277069092,2.9142067432403564,benchmark-nonlinear-d5-s12004-B400-fixed-c0.5-none,fixed,selected,71d61052bc0902fae76e77b7bd7d71db38226dcf49756f590a6edaac057cdce0,1,0.4741928540170192,True,5,0,0,69361152,3000,68.77571314014494,69361152,0,0,0,2.0,benchmark-nonlinear-d5-s12004-B400,1200,runs/evaluation-7d1fdaa9e94940e2e0e3cd2438087064a2aeb1ff4f6cf2b3f77fdee1df0361e9.json,4cedf10599c81b4c7925e6a155d7690508207efb14c43f0cca779fe973a45331,0.0,0.0,0.0,0.4741928540170192,2.0,0.75,0.6,0.6666666666666666,T2,2048.0,0.0,0.4906005859375,0.8909505208333334,0.015114148457845,3,2048.0,0.0636371667608748,0.0967436494926611,1.1738569736480713,0.097142939766248,0.053844701188306,1.1516940593719482,2.902799050013224,-0.03458259627223009,beneficial
benchmark-nonlinear-d5-s12005-B100-diagnostic-c0.2-none,controlled,5,nonlinear,12005,100,diagnostic,0.2,none,selected,3f84c913fd3232e78084829c3b5c74407c2871d030897cf7bacf6254dc24cc22,10,11.227571085095406,True,16,1,300,111032832,5700,136.63693178258836,111032832,0,0,0,1.0,benchmark-nonlinear-d5-s12005-B100,300,runs/evaluation-9984e07eadbfe0d4419a135240ca12823f8bfc807e08501fd45dccff404d9844.json,b057cfd22eaa1bc859bedd3ffeb54e9eb115f6f86ee53dc1ae025ee509d395a8,0.0,0.0,0.0,11.227571085095406,0.0,1.0,1.0,1.0,T2,2048.0,0.0,0.480224609375,0.8818766276041666,0.0225559870402018,3,2048.0,0.0539812640767874,0.0671855409940083,1.216069579124451,0.0834869022170702,0.1332093775272369,1.151422142982483,2.8505077362060547,benchmark-nonlinear-d5-s12005-B100-fixed-c0.2-none,fixed,selected,d0593496132874344e15dcba24672e8b0cc15a4414482781a795e56158d2ea2c,1,0.4631162919104099,True,5,0,0,69642752,1750,39.69909116625786,69642752,0,0,0,1.0,benchmark-nonlinear-d5-s12005-B100,300,runs/evaluation-5be1b4bede9171c628a78231f5bbd3226a8438287db123a7c80f41f61fc43fef.json,551174ffb24abf5e2944c690f52beb7e472039341f6bb78266ef5fdfa5ba66f6,0.0,0.0,0.0,0.4631162919104099,1.0,0.75,0.75,0.75,T2,2048.0,0.0,0.4348551432291667,0.8343098958333334,0.3822412490844726,3,2048.0,0.3300533106944449,0.4364437361558278,1.439294695854187,0.3670018315315246,0.2958952933549881,1.204790115356445,2.916444619496664,-0.28351492931445443,beneficial
benchmark-nonlinear-d5-s12005-B100-diagnostic-c0.5-none,controlled,5,nonlinear,12005,100,diagnostic,0.5,none,selected,3f84c913fd3232e78084829c3b5c74407c2871d030897cf7bacf6254dc24cc22,12,29.42825010046363,True,16,3,950,111557120,5350,128.8251238912344,111557120,0,0,0,2.0,benchmark-nonlinear-d5-s12005-B100,300,runs/evaluation-9984e07eadbfe0d4419a135240ca12823f8bfc807e08501fd45dccff404d9844.json,b057cfd22eaa1bc859bedd3ffeb54e9eb115f6f86ee53dc1ae025ee509d395a8,0.0,0.0,0.0,29.42825010046363,0.0,1.0,1.0,1.0,T2,2048.0,0.0,0.480224609375,0.8818766276041666,0.0225559870402018,3,2048.0,0.0539812640767874,0.0671855409940083,1.216069579124451,0.0834869022170702,0.1332093775272369,1.151422142982483,2.8505077362060547,benchmark-nonlinear-d5-s12005-B100-fixed-c0.5-none,fixed,selected,b1faaa4b72ce9d1c868aff027cd803b1fdde2b14a95e64cf39413e40a5ece025,1,8.340810464695096,True,5,1,300,69700096,1500,36.72729071229696,69700096,0,0,0,2.0,benchmark-nonlinear-d5-s12005-B100,300,runs/evaluation-9277090b5d8ebf701df603cd66f1ad95d0953b3176df6a4f2a77dc977f0ffa43.json,a457ee4dbfaa743651e14e09c47d2009f3da3074f00af0b252ee59c296be11b6,0.0,0.0,0.0,8.340810464695096,2.0,0.75,0.75,0.75,T2,2048.0,0.0,0.4745686848958333,0.885498046875,0.0886252721150716,3,2048.0,0.0978977254023096,0.1892567252119382,1.2587559223175049,0.1812147845824559,0.1431914592782656,1.162208120028178,2.9332032998402915,-0.09772788236538571,beneficial
benchmark-nonlinear-d5-s12005-B400-diagnostic-c0.2-none,controlled,5,nonlinear,12005,400,diagnostic,0.2,none,selected,3f84c913fd3232e78084829c3b5c74407c2871d030897cf7bacf6254dc24cc22,10,12.175262659788132,True,17,1,350,111056896,7750,180.46570450253785,111056896,0,0,0,1.0,benchmark-nonlinear-d5-s12005-B400,1200,runs/evaluation-5d5bf98e8ada72fe4c7381ee38f5178a6eea84fea7d980ec36dc23a5f458191c.json,19b9ae72f67f8df4df4e93ba4b4a937a54f08ca2c43fbec3f083aa7f6c4d8371,0.0,0.0,0.0,12.175262659788132,0.0,1.0,1.0,1.0,T2,2048.0,0.0,0.4843343098958333,0.8855387369791666,0.0144594510396321,3,2048.0,0.053456699197447,0.0433091310163339,1.1871343851089478,0.0568556090195973,0.0827062254150708,1.1409082412719729,2.9112433592478437,benchmark-nonlinear-d5-s12005-B400-fixed-c0.2-none,fixed,selected,d0593496132874344e15dcba24672e8b0cc15a4414482781a795e56158d2ea2c,1,11.75809664092958,True,5,1,500,69946880,2600,59.4011668022722,69946880,0,0,0,1.0,benchmark-nonlinear-d5-s12005-B400,1200,runs/evaluation-02e244f20c7da46fdc31ff86cc3b5d8736e6405021bff4b07c11447c5861c658.json,500032aa8ba46730f990570622ef554d4cea7cd2a297a498d4a16676f464bd18,0.0,0.0,0.0,11.75809664092958,1.0,0.75,0.75,0.75,T2,2048.0,0.0,0.4239095052083333,0.8459065755208334,0.3782134850819905,3,2048.0,0.3235594341713054,0.4299264301856358,1.3882509469985962,0.3608563194672267,0.2408160542448361,1.170885403951009,3.010143438975016,-0.3040007104476294,beneficial
benchmark-nonlinear-d5-s12005-B400-diagnostic-c0.5-none,controlled,5,nonlinear,12005,400,diagnostic,0.5,none,selected,3f84c913fd3232e78084829c3b5c74407c2871d030897cf7bacf6254dc24cc22,12,48.11361950822175,True,19,4,1750,111488512,8750,205.78096801787612,111488512,0,0,0,2.0,benchmark-nonlinear-d5-s12005-B400,1200,runs/evaluation-5d5bf98e8ada72fe4c7381ee38f5178a6eea84fea7d980ec36dc23a5f458191c.json,19b9ae72f67f8df4df4e93ba4b4a937a54f08ca2c43fbec3f083aa7f6c4d8371,0.0,0.0,0.0,48.11361950822175,0.0,1.0,1.0,1.0,T2,2048.0,0.0,0.4843343098958333,0.8855387369791666,0.0144594510396321,3,2048.0,0.053456699197447,0.0433091310163339,1.1871343851089478,0.0568556090195973,0.0827062254150708,1.1409082412719729,2.9112433592478437,benchmark-nonlinear-d5-s12005-B400-fixed-c0.5-none,fixed,selected,b1faaa4b72ce9d1c868aff027cd803b1fdde2b14a95e64cf39413e40a5ece025,1,9.7949696816504,True,5,1,400,69756416,2950,68.55075933039188,69756416,0,0,0,2.0,benchmark-nonlinear-d5-s12005-B400,1200,runs/evaluation-158ec49d8d98ab3dd4f1d8146b0af97574e4b365205e8f7a6191b87e572609ee.json,0731b8cb7aee51a1f4dd83ad8d6a852d34d3c43f1ec20714d3fc74c5715b900c,0.0,0.0,0.0,9.7949696816504,2.0,0.75,0.75,0.75,T2,2048.0,0.0,0.48681640625,0.8804931640625,0.0794627666473388,3,2048.0,0.11272673959305,0.1866990737617015,1.2250953912734983,0.1714632262786229,0.0967422649264335,1.172797918319702,2.944488525390625,-0.1146076172590256,beneficial
benchmark-heteroscedastic-d5-s13001-B100-diagnostic-c0.2-none,controlled,5,heteroscedastic,13001,100,diagnostic,0.2,none,selected,560331d10b09267dbef59966b3c2dc40dd710c1bf3d7490574bc9c4dc9d81428,10,76.82266193628311,True,15,9,3200,111251456,6300,145.5111959129572,111251456,0,0,0,1.0,benchmark-heteroscedastic-d5-s13001-B100,300,runs/evaluation-82850ff1e689c9e68e92acdc8eb6dcb88247ed235d9c67b1e26bbe372fb773e3.json,029e951d17cfdcebbfe8b0126ec400cd99bfefb9ddc1bf5439bf75dec6192097,0.0,0.0,0.0,76.82266193628311,2.0,0.75,0.6,0.6666666666666666,T2,2048.0,0.0,0.5220133463541666,0.9024658203125,0.0292284488677978,3,2048.0,0.1046118189495953,0.1367166861891746,1.3206557035446167,0.1279757680992285,0.0940764422218004,1.2879114151000977,3.270742575327555,benchmark-heteroscedastic-d5-s13001-B100-fixed-c0.2-none,fixed,selected,eaa93f27b86ed1d09ba5246cede0f12a7dd86cfbb631bb671439467529e60e0b,1,7.551550682634115,True,5,1,300,69929984,2600,59.99297963641584,69929984,0,0,0,1.0,benchmark-heteroscedastic-d5-s13001-B100,300,runs/evaluation-e987bed9891b424e01c500a91bad2311cf47edf22332b9ab06d8f160e18c2957.json,297111d062a48aa82323891b20c8a47ae99a88f4e0a2bf881233709e4714df78,0.0,0.0,0.0,7.551550682634115,1.0,1.0,0.8,0.8888888888888888,T2,2048.0,0.0,0.5264485677083334,0.9019775390625,0.0366581281026204,3,2048.0,0.1022517044076306,0.1306000674764315,1.327001452445984,0.1228770762681961,0.096099853515625,1.3137915134429932,3.2681539058685303,0.005098691831032398,neutral
benchmark-heteroscedastic-d5-s13001-B100-diagnostic-c0.5-none,controlled,5,heteroscedastic,13001,100,diagnostic,0.5,none,selected,1d839f3929eeb44bc74d7523d5134c604f5a7d5ea5e7671f0649d569830c46b8,12,37.30468763783574,True,19,4,1400,111503872,8450,197.13272753171623,111503872,0,0,0,2.0,benchmark-heteroscedastic-d5-s13001-B100,300,runs/evaluation-0a7500a0626903d0da565902bbd11e80cbb3ca849ea894c7139eb4f924136f8f.json,62bd85733e825b5fea3e83ce2eafb7ad410495a060491ea2465a961756521133,0.0,0.0,0.0,37.30468763783574,2.0,0.6666666666666666,0.8,0.7272727272727273,T2,2048.0,0.0,0.5050862630208334,0.8955485026041666,0.0298882325490315,3,2048.0,0.0715128136468836,0.0884659998118877,1.3295844793319702,0.0951827441652615,0.1067764982581138,1.2413767576217651,3.172229846318563,benchmark-heteroscedastic-d5-s13001-B100-fixed-c0.5-none,fixed,selected,01689912ee2e697aa228efc5da5d27881c86849650803c26290f35aa94365913,1,14.677409851923583,True,5,1,600,69865984,3050,69.90410620905459,69865984,0,0,0,2.0,benchmark-heteroscedastic-d5-s13001-B100,300,runs/evaluation-cac479db95ede0d8779791d7ee2bd4eb35aeae7ce0da4840807f324da4372548.json,09048d03b5d1bd7b428a321e1fbbb1d6434302c9d55ad0808dbb7f43cf9e070f,0.0,0.0,0.0,14.677409851923583,2.0,0.6666666666666666,0.8,0.7272727272727273,T2,2048.0,0.0,0.5156656901041666,0.905029296875,0.1196611722310384,3,2048.0,0.1802200691562384,0.2455400129159291,1.439844012260437,0.2150790989398956,0.1036097680528958,1.3169938325881958,3.3422762552897134,-0.1198963547746341,beneficial
benchmark-heteroscedastic-d5-s13001-B400-diagnostic-c0.2-none,controlled,5,heteroscedastic,13001,400,diagnostic,0.2,none,selected,eaa93f27b86ed1d09ba5246cede0f12a7dd86cfbb631bb671439467529e60e0b,7,64.84899331815541,True,11,5,2450,110585856,5900,145.43517965637147,110585856,0,0,0,1.0,benchmark-heteroscedastic-d5-s13001-B400,1200,runs/evaluation-32e68b7aea6aa80b46a5a9c8420a1c479708dad5c45b11cfb76d664a4e6daba9.json,51b0cf9ea9a23215223b646ab3f1507397f3c6ef5b082b5c01c332b8a1f7a877,0.0,0.0,0.0,64.84899331815541,1.0,1.0,0.8,0.8888888888888888,T2,2048.0,0.0,0.4932861328125,0.899169921875,0.0137069225311279,3,2048.0,0.075003141974211,0.0796766349424918,1.2912291288375854,0.0840037589271863,0.102148229877154,1.2029325167338054,3.186122417449951,benchmark-heteroscedastic-d5-s13001-B400-fixed-c0.2-none,fixed,selected,eaa93f27b86ed1d09ba5246cede0f12a7dd86cfbb631bb671439467529e60e0b,1,12.759317703545094,True,5,1,450,69699584,3100,75.50261943228543,69699584,0,0,0,1.0,benchmark-heteroscedastic-d5-s13001-B400,1200,runs/evaluation-32e68b7aea6aa80b46a5a9c8420a1c479708dad5c45b11cfb76d664a4e6daba9.json,51b0cf9ea9a23215223b646ab3f1507397f3c6ef5b082b5c01c332b8a1f7a877,0.0,0.0,0.0,12.759317703545094,1.0,1.0,0.8,0.8888888888888888,T2,2048.0,0.0,0.4932861328125,0.899169921875,0.0137069225311279,3,2048.0,0.075003141974211,0.0796766349424918,1.2912291288375854,0.0840037589271863,0.102148229877154,1.2029325167338054,3.186122417449951,0.0,neutral
benchmark-heteroscedastic-d5-s13001-B400-diagnostic-c0.5-none,controlled,5,heteroscedastic,13001,400,diagnostic,0.5,none,selected,af6fef94e37291f9bf1cf52d32f7024748f3ad4c4ab95484588e0c7197147d33,10,51.37757439352572,True,16,4,1900,110871040,8750,216.20177799090743,110871040,0,0,0,2.0,benchmark-heteroscedastic-d5-s13001-B400,1200,runs/evaluation-5453c6897592727fecaecc93ede75b2c57284867412fb1181f4e272a8c35c5dc.json,88523a5bacec3e94bc6616c2dc9bce6d21f817952d403e71c2b761efd15928de,0.0,0.0,0.0,51.37757439352572,1.0,0.8333333333333334,1.0,0.9090909090909092,T2,2048.0,0.0,0.4895833333333333,0.8926595052083334,0.0078192551930745,3,2048.0,0.0621997046081656,0.0608904187877972,1.2766482830047607,0.0654510073363781,0.0907550826668739,1.1892766157786052,3.1264652411142984,benchmark-heteroscedastic-d5-s13001-B400-fixed-c0.5-none,fixed,selected,01689912ee2e697aa228efc5da5d27881c86849650803c26290f35aa94365913,1,9.975020132958887,True,5,1,400,69543936,3150,75.75393920578063,69543936,0,0,0,2.0,benchmark-heteroscedastic-d5-s13001-B400,1200,runs/evaluation-a577ba12e4a41aefaf34f9912aa21b26eaf1f5d90076c3443096cda20ff70c37.json,e3971404cd0e5ae83b6691106d32b01f35631517d0cf12576075cfa3adc4d044,0.0,0.0,0.0,9.975020132958887,2.0,0.6666666666666666,0.8,0.7272727272727273,T2,2048.0,0.0,0.4690348307291667,0.8816324869791666,0.1342545350392659,3,2048.0,0.1797811455343677,0.2553416167696317,1.3654121160507202,0.2166699295242627,0.1068907007575035,1.1751590172449748,3.1251351038614907,-0.1512189221878846,beneficial
benchmark-heteroscedastic-d5-s13002-B100-diagnostic-c0.2-none,controlled,5,heteroscedastic,13002,100,diagnostic,0.2,none,selected,d51a239a80aa88e64d47f35340de8935c738d50bc1daf0293b4f12158c25e31d,7,33.18716853111982,True,14,3,1250,110675968,7000,167.25381231866777,110675968,0,0,0,1.0,benchmark-heteroscedastic-d5-s13002-B100,300,runs/evaluation-54d27edbc6355797082ccfca6fd2f6a7fac4c5a25ca7488f363480117221d59b.json,435e7664860344b8642026f9cd515af90a7d80bf50b3cb39dff22f2d926f555d,0.0,0.0,0.0,33.18716853111982,1.0,0.75,1.0,0.8571428571428571,T2,2048.0,0.0,0.501220703125,0.8958740234375,0.0028773148854573,3,2048.0,0.0557984345104456,0.0873330521086851,1.3496180772781372,0.0869177281856536,0.1174468298753102,1.1796509822209675,3.17720357577006,benchmark-heteroscedastic-d5-s13002-B100-fixed-c0.2-none,fixed,selected,d51a239a80aa88e64d47f35340de8935c738d50bc1daf0293b4f12158c25e31d,1,7.680448522791266,True,5,1,300,69541888,2300,52.04546799324453,69541888,0,0,0,1.0,benchmark-heteroscedastic-d5-s13002-B100,300,runs/evaluation-54d27edbc6355797082ccfca6fd2f6a7fac4c5a25ca7488f363480117221d59b.json,435e7664860344b8642026f9cd515af90a7d80bf50b3cb39dff22f2d926f555d,0.0,0.0,0.0,7.680448522791266,1.0,0.75,1.0,0.8571428571428571,T2,2048.0,0.0,0.501220703125,0.8958740234375,0.0028773148854573,3,2048.0,0.0557984345104456,0.0873330521086851,1.3496180772781372,0.0869177281856536,0.1174468298753102,1.1796509822209675,3.17720357577006,0.0,neutral
benchmark-heteroscedastic-d5-s13002-B100-diagnostic-c0.5-none,controlled,5,heteroscedastic,13002,100,diagnostic,0.5,none,selected,29c00be669be334b72766d81d9cd49e701023cc77599e3f05760e92bd9a88f88,7,36.57245157472789,True,14,3,1350,110674944,7400,176.4921294618398,110674944,0,0,0,2.0,benchmark-heteroscedastic-d5-s13002-B100,300,runs/evaluation-a361ed115a0a26208918615c829c2374ccdd80ddf195f0ace53ddb715cb0e30e.json,cfa39e7e13d77779fd86c32a02abf5c5db784ccdfde3797845ed1f7395522376,0.0,0.0,0.0,36.57245157472789,2.0,0.6666666666666666,0.6666666666666666,0.6666666666666666,T2,2048.0,0.0,0.4958902994791667,0.887939453125,0.0068633556365966,3,2048.0,0.0480608113223003,0.0891383265455563,1.3675130605697632,0.0976817334691683,0.1600588038563728,1.1697891155878704,3.0911014080047607,benchmark-heteroscedastic-d5-s13002-B100-fixed-c0.5-none,fixed,selected,29c00be669be334b72766d81d9cd49e701023cc77599e3f05760e92bd9a88f88,1,7.80888157337904,True,5,1,300,69541888,2450,56.07583891786635,69541888,0,0,0,2.0,benchmark-heteroscedastic-d5-s13002-B100,300,runs/evaluation-a361ed115a0a26208918615c829c2374ccdd80ddf195f0ace53ddb715cb0e30e.json,cfa39e7e13d77779fd86c32a02abf5c5db784ccdfde3797845ed1f7395522376,0.0,0.0,0.0,7.80888157337904,2.0,0.6666666666666666,0.6666666666666666,0.6666666666666666,T2,2048.0,0.0,0.4958902994791667,0.887939453125,0.0068633556365966,3,2048.0,0.0480608113223003,0.0891383265455563,1.3675130605697632,0.0976817334691683,0.1600588038563728,1.1697891155878704,3.0911014080047607,0.0,neutral
benchmark-heteroscedastic-d5-s13002-B400-diagnostic-c0.2-none,controlled,5,heteroscedastic,13002,400,diagnostic,0.2,none,selected,d51a239a80aa88e64d47f35340de8935c738d50bc1daf0293b4f12158c25e31d,7,51.849652545526624,True,11,5,2000,110651904,5550,132.819782435894,110651904,0,0,0,1.0,benchmark-heteroscedastic-d5-s13002-B400,1200,runs/evaluation-bc8aaf2eadb3d6889cd38b236eb7f906d8b03edb4a93ea767f03887c811b36ba.json,78f01f6a1a42344a80d2dadd3d2759f12d5bdd1eeca37c18ba5cd20108dc0d14,0.0,0.0,0.0,51.849652545526624,1.0,0.75,1.0,0.8571428571428571,T2,2048.0,0.0,0.4963785807291667,0.89697265625,0.000436782836914,3,2048.0,0.0552324924368557,0.0748328243692715,1.3391002416610718,0.0751792838176091,0.0863938964903354,1.1726926167805989,3.148935953776041,benchmark-heteroscedastic-d5-s13002-B400-fixed-c0.2-none,fixed,selected,d51a239a80aa88e64d47f35340de8935c738d50bc1daf0293b4f12158c25e31d,1,11.243405358865855,True,5,1,450,69723136,3250,76.34145187214017,69723136,0,0,0,1.0,benchmark-heteroscedastic-d5-s13002-B400,1200,runs/evaluation-bc8aaf2eadb3d6889cd38b236eb7f906d8b03edb4a93ea767f03887c811b36ba.json,78f01f6a1a42344a80d2dadd3d2759f12d5bdd1eeca37c18ba5cd20108dc0d14,0.0,0.0,0.0,11.243405358865855,1.0,0.75,1.0,0.8571428571428571,T2,2048.0,0.0,0.4963785807291667,0.89697265625,0.000436782836914,3,2048.0,0.0552324924368557,0.0748328243692715,1.3391002416610718,0.0751792838176091,0.0863938964903354,1.1726926167805989,3.148935953776041,0.0,neutral
benchmark-heteroscedastic-d5-s13002-B400-diagnostic-c0.5-none,controlled,5,heteroscedastic,13002,400,diagnostic,0.5,none,selected,7953215df46d97b8defe7eeafd7d54c9c52c0db90704750d3045975c9b163551,12,32.037139071151614,True,15,3,1150,111211520,7700,184.495834171772,111211520,0,0,0,2.0,benchmark-heteroscedastic-d5-s13002-B400,1200,runs/evaluation-cc731beb3ca4c2cdbdccb76c00265b70ea3a47f4d60f3b41ff7a5406f52b19d7.json,455b567f9811a86c2e32323023f5d75ff3480fcd92060b8d1386c7c60e29f45d,0.0,0.0,0.0,32.037139071151614,1.0,0.75,1.0,0.8571428571428571,T2,2048.0,0.0,0.4952799479166667,0.8967692057291666,0.0010178089141845,3,2048.0,0.05440870514391,0.0731176013747851,1.3380151987075806,0.0749592880407969,0.0999058795471986,1.169675628344218,3.137920618057251,benchmark-heteroscedastic-d5-s13002-B400-fixed-c0.5-none,fixed,selected,29c00be669be334b72766d81d9cd49e701023cc77599e3f05760e92bd9a88f88,1,13.286236006766558,True,5,1,500,69612544,3300,78.37866104952991,69612544,0,0,0,2.0,benchmark-heteroscedastic-d5-s13002-B400,1200,runs/evaluation-24dd632937a3cbfc202cddcadc369336e79d2acd8fe826cd75ad755c3a649add.json,5ba62cc9707fd8dcc03dea5cf0fa1f0315267961d700c73a84f08df07fcf4d71,0.0,0.0,0.0,13.286236006766558,2.0,0.6666666666666666,0.6666666666666666,0.6666666666666666,T2,2048.0,0.0,0.4933675130208333,0.8976643880208334,0.0058700243631998,3,2048.0,0.05259403192376,0.0716163093845049,1.343805193901062,0.0801777665813763,0.1048146312435468,1.162314256032308,3.150614658991496,-0.005218478540579399,beneficial
benchmark-heteroscedastic-d5-s13003-B100-diagnostic-c0.2-none,controlled,5,heteroscedastic,13003,100,diagnostic,0.2,none,selected,488252b0d6a3fe15960f4389136dcb4cf7682ecb8a83bfec440dca4711e7accf,10,56.17978041246533,True,17,5,1950,111182848,6250,163.33022011443973,111182848,0,0,0,1.0,benchmark-heteroscedastic-d5-s13003-B100,300,runs/evaluation-1f4e50a65a919f3b418ca9e61b6d6d0e29494739bbd84171b8e8f3ed9e97dc83.json,fc1da21ab9cbe53f226af2c89c4a6cbcebe4901a8e73bcc62af5fbef9b791442,0.0,0.0,0.0,56.17978041246533,0.0,1.0,1.0,1.0,T2,2048.0,0.0,0.5002848307291666,0.9090983072916666,0.0089415709177652,3,2048.0,0.1073651743388774,0.0757050377627213,1.2471729516983032,0.0854269464810689,0.1739154160022735,1.2737289269765215,3.330938577651977,benchmark-heteroscedastic-d5-s13003-B100-fixed-c0.2-none,fixed,selected,4876f6b903b0e8bf8d891a27118893aef277512aeed8ce3f01d6a8d556a0ac7b,1,10.200536711141469,True,5,1,350,69576704,1850,48.35915789194405,69576704,0,0,0,1.0,benchmark-heteroscedastic-d5-s13003-B100,300,runs/evaluation-b0f71ba9149d684b2b84beb4e6486e7fc472636d81dbc650a1791936e680c7a9.json,994161177654038c032f5515b6bd2966129e468fecb58c131776fa258d82a608,0.0,0.0,0.0,10.200536711141469,1.0,0.8571428571428571,1.0,0.9230769230769232,T2,2048.0,0.0,0.50390625,0.910888671875,0.0101077556610107,3,2048.0,0.1017224500571139,0.0803549898167451,1.2556428909301758,0.0910263483723004,0.1884310692548751,1.2857052485148113,3.351944843928019,-0.005599401891231509,beneficial
benchmark-heteroscedastic-d5-s13003-B100-diagnostic-c0.5-none,controlled,5,heteroscedastic,13003,100,diagnostic,0.5,none,selected,0fe39205d18cabd85fa6099591e5923d8b24efd993e2f503fe00c34c22f6eb1b,12,54.32749824039638,True,20,5,1850,111496704,7200,188.10559198260307,111496704,0,0,0,3.0,benchmark-heteroscedastic-d5-s13003-B100,300,runs/evaluation-5ac26f756383afeb79c36d427261461e143147700468e15d8efc8a719f4a9da7.json,6e98d4e91126ad423db8efe7e4100c88e565ba766afe412c3dfc1ab4b6f1ca02,0.0,0.0,0.0,54.32749824039638,1.0,0.8571428571428571,1.0,0.9230769230769232,T2,2048.0,0.0,0.4910888671875,0.9045003255208334,0.0179535547892252,3,2048.0,0.1291063236792026,0.0947557917485634,1.2666997909545898,0.0984080781539281,0.1451331476370493,1.2557073831558228,3.2909262975056968,benchmark-heteroscedastic-d5-s13003-B100-fixed-c0.5-none,fixed,selected,c5f34dbfc4bf152f04eb191ec7694e820dfc455d9a369e94ab031ab04d5db46d,1,0.4772241916507482,True,5,0,0,69397504,2050,52.08711662515998,69397504,0,0,0,3.0,benchmark-heteroscedastic-d5-s13003-B100,300,runs/evaluation-44d98274c9ec61b8080f6ebb53a65f2650cbcfd0ce737584819aeae99263e3ab.json,a80c3c58d65f84d87b2a2ebee69577414e089cf80b70a9e41f843c8fc7374bfe,0.0,0.0,0.0,0.4772241916507482,3.0,0.6666666666666666,0.6666666666666666,0.6666666666666666,T2,2048.0,0.0,0.5001220703125,0.9013264973958334,0.0828405221303304,3,2048.0,0.1742394114995494,0.1933064858118693,1.3716243505477903,0.2037013719479243,0.1446294412016868,1.3126681645711262,3.3370391527811685,-0.10529329379399618,beneficial
benchmark-heteroscedastic-d5-s13003-B400-diagnostic-c0.2-none,controlled,5,heteroscedastic,13003,400,diagnostic,0.2,none,selected,8e91ebef9a72ceabd34aba8af8a3c8f4370a795bc6849c0a95691e3de2e0ef77,12,73.37873030267656,True,17,6,2500,111767040,7950,205.06787348166108,111767040,0,0,0,1.0,benchmark-heteroscedastic-d5-s13003-B400,1200,runs/evaluation-6fdbcfc3f0b80731aac7a184279a22a70fa5a5d6f98e3654f86690047f0d2b63.json,f5a93d382f21e8f7777d7846f43920b3a5dde7277590a08be7e86fd670155daa,0.0,0.0,0.0,73.37873030267656,1.0,0.8571428571428571,1.0,0.9230769230769232,T2,2048.0,0.0,0.4939371744791667,0.9014892578125,0.0151806672414143,3,2048.0,0.1011457166789306,0.1089024270574251,1.224185585975647,0.1004943400621414,0.0935868099331855,1.2455753087997437,3.2634876569112143,benchmark-heteroscedastic-d5-s13003-B400-fixed-c0.2-none,fixed,selected,4876f6b903b0e8bf8d891a27118893aef277512aeed8ce3f01d6a8d556a0ac7b,1,16.14725516177714,True,5,1,600,69932544,2950,74.74719156511128,69932544,0,0,0,1.0,benchmark-heteroscedastic-d5-s13003-B400,1200,runs/evaluation-38b143948aa85e4dc682d71911e23c646abdafbb5a91562614c3d9d16b7b8ff3.json,ebd5605b0e074073d082dcf7dc6eceb717959b1c233581ae40d92bc88affe19c,0.0,0.0,0.0,16.14725516177714,1.0,0.8571428571428571,1.0,0.9230769230769232,T2,2048.0,0.0,0.4991048177083333,0.9025065104166666,0.0124075412750244,3,2048.0,0.103111848133345,0.0935409615437189,1.2262976169586182,0.0880072017510732,0.0858556739985942,1.2541612386703491,3.255850632985433,0.012487138311068208,harmful
benchmark-heteroscedastic-d5-s13003-B400-diagnostic-c0.5-none,controlled,5,heteroscedastic,13003,400,diagnostic,0.5,none,selected,1be9a41b540fa1b1152b6276ff198b918dd0bfd90d4be162c8795587285adf0f,12,57.759361412376165,True,16,4,2000,111585792,7650,192.9793649185449,111585792,0,0,0,3.0,benchmark-heteroscedastic-d5-s13003-B400,1200,runs/evaluation-988c3ced0dbe6e4eed857ab6cedbe5e8a7943d76ec853ee8c7afff93f479c299.json,3b7dfafbd7960aa6dc07a185ca242bc5d254806a2fab7fab37e6434bc7de60a6,0.0,0.0,0.0,57.759361412376165,3.0,0.7142857142857143,0.8333333333333334,0.7692307692307693,T2,2048.0,0.0,0.4959716796875,0.8983561197916666,0.0214019616444905,3,2048.0,0.1156952690383614,0.0874530337750911,1.2969740629196167,0.1174457420905431,0.0706840778390566,1.2477669715881348,3.2176829179128013,benchmark-heteroscedastic-d5-s13003-B400-fixed-c0.5-none,fixed,selected,c5f34dbfc4bf152f04eb191ec7694e820dfc455d9a369e94ab031ab04d5db46d,1,0.5073343347758055,True,5,0,0,69512704,2500,61.45032861456275,69512704,0,0,0,3.0,benchmark-heteroscedastic-d5-s13003-B400,1200,runs/evaluation-9e991a3483b75d1fc05abdbad890cfe38432c122ff959050c9eb82fd7a6bd798.json,ff381c300de52d553ab6ec45913c983df86e36da1d4d81cbd4187145fafb398d,0.0,0.0,0.0,0.5073343347758055,3.0,0.6666666666666666,0.6666666666666666,0.6666666666666666,T2,2048.0,0.0,0.4989420572916667,0.8954671223958334,0.0783761342366536,3,2048.0,0.1715010911205134,0.1879186282555262,1.3415426015853882,0.2001065214474996,0.0933471570412318,1.298250675201416,3.2666207949320474,-0.0826607793569565,beneficial
benchmark-heteroscedastic-d5-s13004-B100-diagnostic-c0.2-none,controlled,5,heteroscedastic,13004,100,diagnostic,0.2,none,selected,0d0895cf2de82aab8cecfe1b4fdba9a8a2f008513ee505d6a8d588306a0e65af,12,39.49421475455165,True,16,5,1500,111334912,4950,113.67616845108569,111334912,0,0,0,1.0,benchmark-heteroscedastic-d5-s13004-B100,300,runs/evaluation-1c8e274488f13ece285e3b69b4f33929f0335838c70681916e2c4913ba54ea7f.json,c9485d4f41e1c603d6a19b5ae64b6a99386abee42f64788a42c7d21bd5e28170,0.0,0.0,0.0,39.49421475455165,1.0,0.8333333333333334,1.0,0.9090909090909092,T2,2048.0,0.0,0.5137939453125,0.904541015625,-0.007068395614624,3,2048.0,0.0578448954765259,0.059639765570561,1.3333886861801147,0.0693469469745953,0.061859397838513,1.3357208967208862,3.281747659047445,benchmark-heteroscedastic-d5-s13004-B100-fixed-c0.2-none,fixed,selected,0a429920d8913b5fa08581313e11548990b2d048ad58fe54f75e0ce306c2136b,1,0.4789607804268598,True,5,0,0,69245952,1600,36.9909994378686,69245952,0,0,0,1.0,benchmark-heteroscedastic-d5-s13004-B100,300,runs/evaluation-2e7516a31de090482dbff4c2b0d13b42206310081312b72e47c2ce12d64eade2.json,45e5edd7724f7568c11482bd83dc9a4d0b5165d7e48ba4f60630c602477897e8,0.0,0.0,0.0,0.4789607804268598,1.0,1.0,0.8,0.8888888888888888,T2,2048.0,0.0,0.5191650390625,0.9056396484375,0.0007270971934,3,2048.0,0.06778035745805,0.0738028101623058,1.35124671459198,0.0949874271949132,0.0929590314626693,1.3554816246032717,3.2997492949167886,-0.025640480220317896,beneficial
benchmark-heteroscedastic-d5-s13004-B100-diagnostic-c0.5-none,controlled,5,heteroscedastic,13004,100,diagnostic,0.5,none,selected,0d0895cf2de82aab8cecfe1b4fdba9a8a2f008513ee505d6a8d588306a0e65af,12,25.938750259578228,True,17,3,900,111333376,5450,124.2826202530414,111333376,0,0,0,2.0,benchmark-heteroscedastic-d5-s13004-B100,300,runs/evaluation-1c8e274488f13ece285e3b69b4f33929f0335838c70681916e2c4913ba54ea7f.json,c9485d4f41e1c603d6a19b5ae64b6a99386abee42f64788a42c7d21bd5e28170,0.0,0.0,0.0,25.938750259578228,1.0,0.8333333333333334,1.0,0.9090909090909092,T2,2048.0,0.0,0.5137939453125,0.904541015625,-0.007068395614624,3,2048.0,0.0578448954765259,0.059639765570561,1.3333886861801147,0.0693469469745953,0.061859397838513,1.3357208967208862,3.281747659047445,benchmark-heteroscedastic-d5-s13004-B100-fixed-c0.5-none,fixed,selected,8b6399063e82cfe1e21cb4ec9bb919e889beee7cef538a2b6256256f87bd2c8a,1,0.4487817343324423,True,5,0,0,69296640,1850,42.16372377797961,69296640,0,0,0,2.0,benchmark-heteroscedastic-d5-s13004-B100,300,runs/evaluation-1910bf752970cd7ed13f35551832d878c940fbd7a458f84e53700fde86b621bb.json,f9d2b4eb9b0034c09067a2370bb0f45a37bd81a82092cbbb701c0c7f5acca722,0.0,0.0,0.0,0.4487817343324423,2.0,0.75,0.6,0.6666666666666666,T2,2048.0,0.0,0.4986979166666667,0.8982747395833334,0.124595562616984,3,2048.0,0.2387046221355915,0.240233339369297,1.4308931827545166,0.2431195825338363,0.1059934298197428,1.3624831835428874,3.35967755317688,-0.173772635559241,beneficial
benchmark-heteroscedastic-d5-s13004-B400-diagnostic-c0.2-none,controlled,5,heteroscedastic,13004,400,diagnostic,0.2,none,selected,d3233500d0ad7792a043e2714571cc7bcd86cd5a7862af0aac4b6d4c9d3f0ab8,12,56.329825131222606,True,16,4,2050,111607296,8750,218.25419098511335,111607296,0,0,0,1.0,benchmark-heteroscedastic-d5-s13004-B400,1200,runs/evaluation-cdd18881f721c33e813207376ce93f28c172b9303adfe07f466bbba9306b4fa8.json,68e3faf8d269f2b172d22499461f2e0b460226da93877e4243a5fe1cba91199f,0.0,0.0,0.0,56.329825131222606,1.0,0.8,0.8,0.8,T2,2048.0,0.0,0.5066731770833334,0.9027099609375,0.005749225616455,3,2048.0,0.0794775266105349,0.0968707924087842,1.3330740928649902,0.0929863775769869,0.104428860048453,1.3209866285324097,3.289900620778402,benchmark-heteroscedastic-d5-s13004-B400-fixed-c0.2-none,fixed,selected,0a429920d8913b5fa08581313e11548990b2d048ad58fe54f75e0ce306c2136b,1,0.5707027297466993,True,5,0,0,69643776,3150,77.33407277427614,69643776,0,0,0,1.0,benchmark-heteroscedastic-d5-s13004-B400,1200,runs/evaluation-5a3e5313ca912917dc076bffbc612ff7ff4cfa59d5b10defedb238f272e2eec0.json,0edcaac19c7dbd1626649a5a4f0179451cc27240443032a86c5e0db8ed920ce9,0.0,0.0,0.0,0.5707027297466993,1.0,1.0,0.8,0.8888888888888888,T2,2048.0,0.0,0.5091552734375,0.9036458333333334,0.008293867111206,3,2048.0,0.0735411962981834,0.0939281284809112,1.336601734161377,0.1029115319252014,0.1045585200190544,1.3258642355600994,3.2971898714701333,-0.009925154348214504,beneficial
benchmark-heteroscedastic-d5-s13004-B400-diagnostic-c0.5-none,controlled,5,heteroscedastic,13004,400,diagnostic,0.5,none,selected,d3233500d0ad7792a043e2714571cc7bcd86cd5a7862af0aac4b6d4c9d3f0ab8,10,18.342476462945346,True,15,2,600,111235584,7500,183.3441533856094,111235584,0,0,0,2.0,benchmark-heteroscedastic-d5-s13004-B400,1200,runs/evaluation-cdd18881f721c33e813207376ce93f28c172b9303adfe07f466bbba9306b4fa8.json,68e3faf8d269f2b172d22499461f2e0b460226da93877e4243a5fe1cba91199f,0.0,0.0,0.0,18.342476462945346,1.0,0.8,0.8,0.8,T2,2048.0,0.0,0.5066731770833334,0.9027099609375,0.005749225616455,3,2048.0,0.0794775266105349,0.0968707924087842,1.3330740928649902,0.0929863775769869,0.104428860048453,1.3209866285324097,3.289900620778402,benchmark-heteroscedastic-d5-s13004-B400-fixed-c0.5-none,fixed,selected,8b6399063e82cfe1e21cb4ec9bb919e889beee7cef538a2b6256256f87bd2c8a,1,0.4500999096781015,True,5,0,0,69456896,2550,61.79924722015858,69456896,0,0,0,2.0,benchmark-heteroscedastic-d5-s13004-B400,1200,runs/evaluation-201dc72410c20dd02c3f22fb6b96bc1868c32644a3a5c15b5d37fb1626f9b2f0.json,96e416b0f1ade3e80277906d3d13a781cd41280d9a7e0ed8187928c40e8ab253,0.0,0.0,0.0,0.4500999096781015,2.0,0.75,0.6,0.6666666666666666,T2,2048.0,0.0,0.4824625651041667,0.8914388020833334,0.1246012051900227,3,2048.0,0.2273591904894848,0.2380120530724525,1.411045789718628,0.2377475102742513,0.114833245674769,1.3108316659927368,3.3031717936197915,-0.14476113269726443,beneficial
benchmark-heteroscedastic-d5-s13005-B100-diagnostic-c0.2-none,controlled,5,heteroscedastic,13005,100,diagnostic,0.2,none,selected,2d261bb2e4a62464503110b8885e21c3e2e8b117d4912af1a795acbb35afadb9,10,35.63713023997843,True,17,4,1300,111172608,7800,191.68831030651927,111172608,0,0,0,1.0,benchmark-heteroscedastic-d5-s13005-B100,300,runs/evaluation-bd6684499e275f63f850e1ae2869350266f50cbde595a5debf759de4b4e45dfe.json,e419a6c5dfbc29296aec1a5c12d87712461d1460eb2031a476140db923e8c938,0.0,0.0,0.0,35.63713023997843,1.0,0.8,1.0,0.8888888888888888,T2,2048.0,0.0,0.5088297526041666,0.9027506510416666,0.02447509765625,3,2048.0,0.0659411182739414,0.0678450390696525,1.2423762083053589,0.0774541720747947,0.1457347869873047,1.2283460299173992,3.110692342122396,benchmark-heteroscedastic-d5-s13005-B100-fixed-c0.2-none,fixed,selected,194b34cc3e8a852f680a8f7213e66a580190c3f3f98356033a8048d0134297fe,1,0.4815744943916797,True,5,0,0,69490688,2400,56.55056863278151,69490688,0,0,0,1.0,benchmark-heteroscedastic-d5-s13005-B100,300,runs/evaluation-437044428968517d3fcf35b60661d75d3b936152085de0c8538bc753c32a653f.json,4f3ac4769d4550ec54b44b41d55ab8a9f04b5d2d5609ed1840b158113744fed1,0.0,0.0,0.0,0.4815744943916797,1.0,0.8,1.0,0.8888888888888888,T2,2048.0,0.0,0.5035807291666666,0.9037679036458334,0.0244356791178385,3,2048.0,0.0695202126179761,0.0660187986989816,1.2371160984039309,0.0769439091285069,0.1445433298746744,1.214182456334432,3.11776606241862,0.0005102629462877956,neutral
benchmark-heteroscedastic-d5-s13005-B100-diagnostic-c0.5-none,controlled,5,heteroscedastic,13005,100,diagnostic,0.5,none,selected,77b183e93525346dfb8ce20882db844d93b2ecdf360bfc6f8767f5a2f6f08ece,10,10.843857364729049,True,14,1,300,111112192,6850,167.65335605852306,111112192,0,0,0,1.0,benchmark-heteroscedastic-d5-s13005-B100,300,runs/evaluation-ae20795e09c09954016d321216e1e8510229cbfbbe9636ceb28106f97a2eb0ef.json,a05d6019695453a56c0bde729acf618f659e159e1321fc874d609a1328f35f98,0.0,0.0,0.0,10.843857364729049,0.0,1.0,1.0,1.0,T2,2048.0,0.0,0.5070393880208334,0.8995768229166666,0.0271022319793701,3,2048.0,0.0684126796051904,0.0701578098038832,1.2397266626358032,0.0787728130817413,0.1416124925017357,1.2223225831985474,3.086202700932821,benchmark-heteroscedastic-d5-s13005-B100-fixed-c0.5-none,fixed,selected,768065e0d2f04a80c8b5f13a90a327eb0ed37b3e9a7a6d8147dc32f859025806,1,0.4785947781056165,True,5,0,0,69594624,3400,83.85106585547328,69594624,0,0,0,1.0,benchmark-heteroscedastic-d5-s13005-B100,300,runs/evaluation-c9149045fa12c32db93971e0eefb0b590871381c039d4f74b31fbcccc20f5bd3.json,9ee5694dc05df5e4ff18693d249eddff67894917490c166d8a78b9348a7bc95e,0.0,0.0,0.0,0.4785947781056165,1.0,0.75,0.75,0.75,T2,2048.0,0.0,0.4807535807291667,0.890869140625,0.1855116685231526,3,2048.0,0.1718616850511914,0.3306300491094589,1.3116018772125244,0.2789763708909352,0.1479731077949206,1.216320554415385,3.2040696144104004,-0.20020355780919388,beneficial
benchmark-heteroscedastic-d5-s13005-B400-diagnostic-c0.2-none,controlled,5,heteroscedastic,13005,400,diagnostic,0.2,none,selected,194b34cc3e8a852f680a8f7213e66a580190c3f3f98356033a8048d0134297fe,7,48.5744737200439,True,13,5,1950,110742528,5500,126.81157045811416,110742528,0,0,0,1.0,benchmark-heteroscedastic-d5-s13005-B400,1200,runs/evaluation-93449b51c41f1ed9f10a124dd376e7c41eda8f03a994addc2916a730e3d93dd3.json,d7b7b1a8eb9874614b28f57d22b7a882347d13fd6fa35e5004dd582b662a756f,0.0,0.0,0.0,48.5744737200439,1.0,0.8,1.0,0.8888888888888888,T2,2048.0,0.0,0.5108642578125,0.9106038411458334,0.0216906865437825,3,2048.0,0.0555064061833872,0.0576428299148877,1.217623591423035,0.0668634002407391,0.1148564567168553,1.234282811482747,3.1805032094319663,benchmark-heteroscedastic-d5-s13005-B400-fixed-c0.2-none,fixed,selected,194b34cc3e8a852f680a8f7213e66a580190c3f3f98356033a8048d0134297fe,1,0.4652747865766287,True,5,0,0,69490176,2350,52.35563373751938,69490176,0,0,0,1.0,benchmark-heteroscedastic-d5-s13005-B400,1200,runs/evaluation-93449b51c41f1ed9f10a124dd376e7c41eda8f03a994addc2916a730e3d93dd3.json,d7b7b1a8eb9874614b28f57d22b7a882347d13fd6fa35e5004dd582b662a756f,0.0,0.0,0.0,0.4652747865766287,1.0,0.8,1.0,0.8888888888888888,T2,2048.0,0.0,0.5108642578125,0.9106038411458334,0.0216906865437825,3,2048.0,0.0555064061833872,0.0576428299148877,1.217623591423035,0.0668634002407391,0.1148564567168553,1.234282811482747,3.1805032094319663,0.0,neutral
benchmark-heteroscedastic-d5-s13005-B400-diagnostic-c0.5-none,controlled,5,heteroscedastic,13005,400,diagnostic,0.5,none,selected,77b183e93525346dfb8ce20882db844d93b2ecdf360bfc6f8767f5a2f6f08ece,10,27.497404938563704,True,15,3,1100,110961152,6350,142.2750347983092,110961152,0,0,0,1.0,benchmark-heteroscedastic-d5-s13005-B400,1200,runs/evaluation-b3e8568432b1e1a70a92a98d887d4295248377edb7f60f332bdccd49eebdb416.json,2441fcfbf6ba85d6cb03422937ecf5a6b4d0608c5f5bc4c7b1833ac65fe3383c,0.0,0.0,0.0,27.497404938563704,0.0,1.0,1.0,1.0,T2,2048.0,0.0,0.5062255859375,0.9095458984375,0.0205046335856119,3,2048.0,0.059779447026855,0.0572498825689156,1.2154985666275024,0.0639824147025744,0.0943871214985847,1.2195297082265215,3.1651811599731445,benchmark-heteroscedastic-d5-s13005-B400-fixed-c0.5-none,fixed,selected,768065e0d2f04a80c8b5f13a90a327eb0ed37b3e9a7a6d8147dc32f859025806,1,0.4794017169624567,True,5,0,0,69360640,2200,50.00221127271652,69360640,0,0,0,1.0,benchmark-heteroscedastic-d5-s13005-B400,1200,runs/evaluation-340ddbc774658a4e93ee2d7690e3007b50f79ebc848394e525ea99ed0941e64b.json,eab1b01493fd759129cb86d45aacf8ef3d8fde115cbe5de4de143ca8ba9845b1,0.0,0.0,0.0,0.4794017169624567,1.0,0.75,0.75,0.75,T2,2048.0,0.0,0.4815673828125,0.8982340494791666,0.1856879393259684,3,2048.0,0.1749360513761085,0.3185918182134628,1.261912822723389,0.2687305361032486,0.0969919425745805,1.224357008934021,3.18319567044576,-0.2047481214006742,beneficial
benchmark-linear-d10-s11501-B100-diagnostic-c0.2-none,controlled,10,linear,11501,100,diagnostic,0.2,none,selected,cae911d56a564bd1c6cc3eccf71135d20175862df1e5fa5f97dc59ff24b94163,12,122.39515964128076,True,24,10,3850,113674240,9600,248.42708620242772,113674240,0,0,0,3.0,benchmark-linear-d10-s11501-B100,600,runs/evaluation-6bb531c7a850561bfe699a6ebcb70cdf7cfdeef15b28fc75cfef004ecbb2a262.json,bda79dd99c4a3bad5c9b2efaa22a656934b1d97bea2bf1018a633df9192495d7,0.0,0.0,0.0,122.39515964128076,4.0,0.8,0.8571428571428571,0.8275862068965517,T2,2048.0,0.0,0.4991500377655029,0.8925871650377909,0.0408654610315958,6,2048.0,0.0714208852716431,0.0675157373771071,1.1432126760482788,0.0806220782299836,0.1079779478410879,1.31453675031662,3.174010833104452,benchmark-linear-d10-s11501-B100-fixed-c0.2-none,fixed,selected,60fba77c2750c3c53c499da37258e48af7a178251a5feb31164e63dc5e836b76,1,34.841140795499086,True,10,4,1250,71245312,3950,100.6251008696854,71245312,0,0,0,3.0,benchmark-linear-d10-s11501-B100,600,runs/evaluation-8bebddca01b58f0a130fc217c6b5da951440ae4f3d7e7aa1b5ba0c68e6da9612.json,94994cead10289e744a7fb6c239973a5b80e2904c416ff53c299f4c04ea3e741,0.0,0.0,0.0,34.841140795499086,3.0,0.8571428571428571,0.8571428571428571,0.8571428571428571,T2,2048.0,0.0,0.4758210430542628,0.8769259949525198,0.1399719317754109,6,2048.0,0.1154086068579018,0.2009193177024523,1.1924636363983154,0.1916698018709818,0.1590402089059353,1.2795307834943137,3.1185518503189087,-0.11104772364099819,beneficial
benchmark-linear-d10-s11501-B100-diagnostic-c0.5-none,controlled,10,linear,11501,100,diagnostic,0.5,none,selected,4b3f0a5bd8e2cacac09bebc035b7519f83dff7d77c9458d077745a7777aa9ef8,10,106.24145082570612,True,24,10,3400,113111552,9500,246.6802907641977,113111552,0,0,0,7.0,benchmark-linear-d10-s11501-B100,600,runs/evaluation-1a1517bdfc8e52c8670046b6f651752969f086c46ab7c767a54fec02e7c43f1e.json,f75789f17758b056e2e09031d4c340006698cbaa8327341f1a0972396d36335b,0.0,0.0,0.0,106.24145082570612,6.0,0.7692307692307693,0.7142857142857143,0.7407407407407407,T2,2048.0,0.0,0.4984266509612401,0.8988986611366272,0.1138909657796223,6,2048.0,0.1384446886478242,0.1472765297318498,1.1513336896896362,0.1593883757789929,0.2013644513984521,1.3414759039878843,3.2894036769866943,benchmark-linear-d10-s11501-B100-fixed-c0.5-none,fixed,selected,718dc589998badbcb85e435d2cae92151ecaf5d3a3fc64b2eaf0ec081541aa93,1,42.1427552793175,True,10,4,1550,71123968,4450,115.39890840277076,71123968,0,0,0,7.0,benchmark-linear-d10-s11501-B100,600,runs/evaluation-01b1be13573d2b57f197f954240b09147ec21c22a0ae8835f33ad9c9a4c654ea.json,3e7b99e4b55f6865dceced3e79387abbe2b7c2f01e16fc3ccc348eaeb061d7b6,0.0,0.0,0.0,42.1427552793175,7.0,0.6923076923076923,0.6428571428571429,0.6666666666666666,T2,2048.0,0.0,0.4951533575852712,0.8954626023769379,0.1240804592768351,6,2048.0,0.1405063459084292,0.1649278495460748,1.1547759771347046,0.171031321088473,0.1993072206775347,1.3357757528622944,3.268209894498189,-0.011642945309480096,beneficial
benchmark-linear-d10-s11501-B400-diagnostic-c0.2-none,controlled,10,linear,11501,400,diagnostic,0.2,none,selected,96273587d3f4d116f4fc854a5b00820ca54aba847f2921f0f083523f2906428b,12,141.05761944688857,True,24,10,4550,114311168,10600,275.3350995145738,114311168,0,0,0,3.0,benchmark-linear-d10-s11501-B400,2400,runs/evaluation-d823d1e3983403e61008e4cfc55700da864feb063a8cc021879bc3aadd918ff8.json,0fe3518d6818b5f2feff047f42cc6b887baa01235815f02d0a6331467b03ee92,0.0,0.0,0.0,141.05761944688857,1.0,0.9333333333333332,1.0,0.9655172413793104,T2,2048.0,0.0,0.5018084496259689,0.900571475426356,0.0288354953130086,6,2048.0,0.0497256789897934,0.053627673536539,1.0620237588882446,0.0572809701164563,0.0651486180722713,1.316536049048106,3.239166180292765,benchmark-linear-d10-s11501-B400-fixed-c0.2-none,fixed,selected,60fba77c2750c3c53c499da37258e48af7a178251a5feb31164e63dc5e836b76,1,52.962665755301714,True,10,4,1900,71444992,4450,113.57553531602024,71444992,0,0,0,3.0,benchmark-linear-d10-s11501-B400,2400,runs/evaluation-15945308342b054f9d6a99dd994081f7232e5f481a1d19b607fde8a353fd7f32.json,060304c06ea690a1d4281f775d9f172de2c024e6b4268dc46577df9f4829ab35,0.0,0.0,0.0,52.962665755301714,3.0,0.8571428571428571,0.8571428571428571,0.8571428571428571,T2,2048.0,0.0,0.4806496053934097,0.8815194666385651,0.1360780398050944,6,2048.0,0.1187063949496051,0.1963846186796824,1.1661959886550903,0.1885142525037129,0.1470589799185594,1.29081263144811,3.144293069839477,-0.1312332823872566,beneficial
benchmark-linear-d10-s11501-B400-diagnostic-c0.5-none,controlled,10,linear,11501,400,diagnostic,0.5,none,selected,75b824f705406a4638ce62f854d13f795c3a1ac5efaa5a002494bde0a661e3d1,12,120.88638852909207,True,23,10,3850,114569728,10000,258.92722232081,114569728,0,0,0,7.0,benchmark-linear-d10-s11501-B400,2400,runs/evaluation-d8a4421342de0d7feb9dad396345710c2cc5def99ce8538acba138adc93f779e.json,4a249ad83f4442ea06b96a3a3256ca82701d6ce131df3009150b385da8ac2722,0.0,0.0,0.0,120.88638852909207,8.0,0.6428571428571429,0.6428571428571429,0.6428571428571429,T2,2048.0,0.0,0.495777279138565,0.8986726105213165,0.1071624358495076,6,2048.0,0.1313139703021829,0.15215914696455,1.1259775161743164,0.1552101771036783,0.1437205299735069,1.329755961894989,3.2765488624572754,benchmark-linear-d10-s11501-B400-fixed-c0.5-none,fixed,selected,718dc589998badbcb85e435d2cae92151ecaf5d3a3fc64b2eaf0ec081541aa93,1,41.159323977306485,True,10,3,1450,71588864,4950,130.35720898024738,71588864,0,0,0,7.0,benchmark-linear-d10-s11501-B400,2400,runs/evaluation-503ef470fbc8395e53d5abc9609e8f37241fd1ee1e4f9b85383eef3e424d43df.json,b4248a4f40c24dc0cb82cb1a011f016f1d6bcacbea43fa8cafa52f2291bfe82f,0.0,0.0,0.0,41.159323977306485,7.0,0.6923076923076923,0.6428571428571429,0.6666666666666666,T2,2048.0,0.0,0.4968080967664718,0.8999927739302317,0.1094161669413248,6,2048.0,0.1355659444315937,0.1481179799884557,1.1302945613861084,0.1568653645614783,0.1633199869344631,1.3323423465092976,3.292032321294149,-0.0016551874577999948,neutral
benchmark-linear-d10-s11502-B100-diagnostic-c0.2-none,controlled,10,linear,11502,100,diagnostic,0.2,none,selected,5baa608e273a259254e83387af3ecb4c56dbe53fcd097947bf9290f90dfaed0d,12,72.87648168951273,True,26,5,1850,112325632,10950,283.57759978063405,112325632,0,0,0,2.0,benchmark-linear-d10-s11502-B100,600,runs/evaluation-cd9de758228cf57dfa7e1adb7bde2b074e75958b71f4e79febc41ac25f3eab1d.json,f1180568166be5f9101a5bdecd15c831bd0a830848dc355a6c0e17ee1c30f1ea,0.0,0.0,0.0,72.87648168951273,3.0,0.7272727272727273,0.8,0.7619047619047619,T2,2048.0,0.0,0.514521857102712,0.9063223401705424,0.0191078583399454,6,2048.0,0.04342845184597,0.0521695141990979,1.041967272758484,0.0598807701220115,0.0925313315043846,1.371274749437968,3.2833578983942666,benchmark-linear-d10-s11502-B100-fixed-c0.2-none,fixed,selected,75b56c6eb8fa1ab6bfc4e517b98bf231ca379b78f3f98f8a797b8aa9b0151fb5,1,10.136453775689006,True,10,1,300,69450240,4000,102.40214965492488,69450240,0,0,0,2.0,benchmark-linear-d10-s11502-B100,600,runs/evaluation-743354cd78ab04b8b43f9320dc15d9385ae3a7f248ab32928e6b642a1a9cce35.json,31cb5e4faa580b3e96dc793514ef7714537492a7ae33df1ca5219b7da9820ee3,0.0,0.0,0.0,10.136453775689006,2.0,0.8181818181818182,0.9,0.8571428571428571,T2,2048.0,0.0,0.5161404112974802,0.905960649251938,0.0282645225524902,6,2048.0,0.0551483292009141,0.0495658970127503,1.043745517730713,0.0573897206534942,0.0978539281835158,1.37539937098821,3.2803584734598794,0.0024910494685172965,neutral
benchmark-linear-d10-s11502-B100-diagnostic-c0.5-none,controlled,10,linear,11502,100,diagnostic,0.5,none,selected,cbea8da6b28c706d0dd90daeb9485627157435b67cdbc6ef447246320335f0c9,12,119.91252509132028,True,23,10,3950,112360960,10200,255.93214798904955,112360960,0,0,0,3.0,benchmark-linear-d10-s11502-B100,600,runs/evaluation-902a7fad709bfea22f61b12b8b8093120a3d9cd103dafc31cc00f421c485bf91.json,a6500500ac98a86f84d5c7c7a9df69150ca116a1c62b38a6bddd29517043ddc7,0.0,0.0,0.0,119.91252509132028,3.0,0.7692307692307693,1.0,0.8695652173913043,T2,2048.0,0.0,0.5148112078507742,0.9073712428410848,0.0360068480173746,6,2048.0,0.0438230053010182,0.0549656705309947,1.054986834526062,0.0604388502736886,0.1033770392338434,1.3686492045720418,3.2932523488998413,benchmark-linear-d10-s11502-B100-fixed-c0.5-none,fixed,selected,b8f5ff0dfc0c03f20d00c34c4cb8708137b0c45fe481b58383c59c244f89a9ba,1,35.32598461396992,True,10,3,1350,69610496,4750,118.13125738501547,69610496,0,0,0,3.0,benchmark-linear-d10-s11502-B100,600,runs/evaluation-708d558e7be7d1cf524ee54ab6217893729cad9d5c49f53b781ad87dd1a3b80a.json,20e3027d81670774c5582687772f97160861580bbc473ccf33b5cc9fac64af70,0.0,0.0,0.0,35.32598461396992,3.0,0.8181818181818182,0.9,0.8571428571428571,T2,2048.0,0.0,0.5027578920125961,0.9030219316482544,0.1313069661458333,6,2048.0,0.1072334258299387,0.1647347075243791,1.1620252132415771,0.1610129947463671,0.1270765289664268,1.3797410329182942,3.30154820283254,-0.1005741444726785,beneficial
benchmark-linear-d10-s11502-B400-diagnostic-c0.2-none,controlled,10,linear,11502,400,diagnostic,0.2,none,selected,75b56c6eb8fa1ab6bfc4e517b98bf231ca379b78f3f98f8a797b8aa9b0151fb5,7,46.72359034605324,True,19,4,1300,111053824,8850,217.9020375870168,111053824,0,0,0,2.0,benchmark-linear-d10-s11502-B400,2400,runs/evaluation-a5127ba89b22fc866d77f9872d168d038d9878d2d1a9ded4f4587b9e313b53f8.json,422bc2e7624e379156dee2d9343e32de0dc2762400fa392d1229d06b354438f8,0.0,0.0,0.0,46.72359034605324,2.0,0.8181818181818182,0.9,0.8571428571428571,T2,2048.0,0.0,0.5161042412122091,0.9117928942044576,0.0271439552307128,6,2048.0,0.0530080309561086,0.0384105071425437,1.0254381895065308,0.052537428215146,0.109369657933712,1.371751308441162,3.342055837313334,benchmark-linear-d10-s11502-B400-fixed-c0.2-none,fixed,selected,75b56c6eb8fa1ab6bfc4e517b98bf231ca379b78f3f98f8a797b8aa9b0151fb5,1,17.19715939834714,True,10,1,550,69882368,5300,128.93060795217752,69882368,0,0,0,2.0,benchmark-linear-d10-s11502-B400,2400,runs/evaluation-a5127ba89b22fc866d77f9872d168d038d9878d2d1a9ded4f4587b9e313b53f8.json,422bc2e7624e379156dee2d9343e32de0dc2762400fa392d1229d06b354438f8,0.0,0.0,0.0,17.19715939834714,2.0,0.8181818181818182,0.9,0.8571428571428571,T2,2048.0,0.0,0.5161042412122091,0.9117928942044576,0.0271439552307128,6,2048.0,0.0530080309561086,0.0384105071425437,1.0254381895065308,0.052537428215146,0.109369657933712,1.371751308441162,3.342055837313334,0.0,neutral
benchmark-linear-d10-s11502-B400-diagnostic-c0.5-none,controlled,10,linear,11502,400,diagnostic,0.5,none,selected,7d5c2bec76e93b2fae6272f3b0e3b0ba5a9b4c9246598d691723ec9c76fc045b,12,167.13845068775117,True,24,11,5450,112690176,11650,296.08557073771954,112690176,0,0,0,3.0,benchmark-linear-d10-s11502-B400,2400,runs/evaluation-c42d290e552f4424592e32f7556bb52104c6bb44ca2daf669f0d04b575740eed.json,5e16085d9329745ef253f2f0b42398f6c396fdb5bb91f7d0c0704a2a332c0343,0.0,0.0,0.0,167.13845068775117,5.0,0.6428571428571429,0.9,0.75,T2,2048.0,0.0,0.5115650395552317,0.9105631609757742,0.0277988115946451,6,2048.0,0.0536447963390625,0.038655669738849,1.026197910308838,0.0516310247282187,0.1004454726353287,1.3563959797223408,3.328749656677246,benchmark-linear-d10-s11502-B400-fixed-c0.5-none,fixed,selected,b8f5ff0dfc0c03f20d00c34c4cb8708137b0c45fe481b58383c59c244f89a9ba,1,49.592105120420456,True,10,3,1850,69806080,4700,114.86814891546965,69806080,0,0,0,3.0,benchmark-linear-d10-s11502-B400,2400,runs/evaluation-7eae67b4613ed4e878b2e6ffd839a7222a6c502e88fe358e1615cc37e66bd9f5.json,2a0276c94e67fcd95aeaef9d0f5ade5f081f772ae3d825a711d9d1b90828c7d0,0.0,0.0,0.0,49.592105120420456,3.0,0.8181818181818182,0.9,0.8571428571428571,T2,2048.0,0.0,0.5044487863779068,0.9094419181346892,0.1289825042088826,6,2048.0,0.1069556917492358,0.1535293515771627,1.1423616409301758,0.1535816732794046,0.1315676091859738,1.381097376346588,3.358315984408061,-0.10195064855118591,beneficial
benchmark-linear-d10-s11503-B100-diagnostic-c0.2-none,controlled,10,linear,11503,100,diagnostic,0.2,none,selected,a7bbe3c01d3632bc9995ab4c8f62000847bd58664e34957a4f9737477a7bbc95,10,134.01431597024202,True,25,10,4400,113164288,11800,305.46996287442744,113164288,0,0,0,3.0,benchmark-linear-d10-s11503-B100,600,runs/evaluation-fa32ebcf3b2acb560db54c59bbf26af155083ddf30826b8933999a56b857f938.json,985e79dcfc3a821a5792fa13f4d21c44f9e95e09f0f381d48570d7404a7eec99,0.0,0.0,0.0,134.01431597024202,2.0,0.9375,0.9375,0.9375,T2,2048.0,0.0,0.506293406089147,0.9035915831724802,0.0801783005396525,6,2048.0,0.0776936046714251,0.1170541731019814,0.7787918448448181,0.1189399895568688,0.1199159591148297,1.2750577628612518,3.103423357009888,benchmark-linear-d10-s11503-B100-fixed-c0.2-none,fixed,selected,fe6677a5eff3d3a988d9415ff9f07f077c4050e289a096f39ee8b853889b529f,1,44.50521820411086,True,10,4,1600,71555072,4700,121.53525156714022,71555072,0,0,0,3.0,benchmark-linear-d10-s11503-B100,600,runs/evaluation-e3448675f1ae9b2cdaaef4aeb1bc8427f3a4fccc70c1528b78d5bcb02fa52716.json,eb223810195e15fc5c3dcfd0ee2c6dbdf27d5b34b53eeaa14711d5618ba6357a,0.0,0.0,0.0,44.50521820411086,3.0,0.875,0.875,0.875,T2,2048.0,0.0,0.4788954009612401,0.8794940114021301,0.1566463311513265,6,2048.0,0.153931402609339,0.1776657104492187,0.8482381701469421,0.1686330375572045,0.1524621521433194,1.207261065642039,2.985481023788452,-0.04969304800033569,beneficial
benchmark-linear-d10-s11503-B100-diagnostic-c0.5-none,controlled,10,linear,11503,100,diagnostic,0.5,none,selected,f530b2ea5e74c65bac6dab647e8fa039bfd71f53a47275f804d9185501645dcc,12,130.40437112562358,True,26,10,4050,114213376,11100,292.80191330984235,114213376,0,0,0,6.0,benchmark-linear-d10-s11503-B100,600,runs/evaluation-fa015364dad77a6fd764003274fdb34cf3ec79f15888a0e1ad5152839820e86f.json,d5bf692fe382949475622999c94239f607d992a5cee9ca9ed364fd778d4b0be6,0.0,0.0,0.0,130.40437112562358,4.0,0.8235294117647058,0.875,0.8484848484848485,T2,2048.0,0.0,0.5128309528032938,0.9051558971405028,0.0887686014175415,6,2048.0,0.0770508624209166,0.1327756394942601,0.7848851084709167,0.1283684372901916,0.1490175674359003,1.2955810527006786,3.132550915082296,benchmark-linear-d10-s11503-B100-fixed-c0.5-none,fixed,selected,f9302d304edd1658ded4e1c25e80a91f5e1db15a7d95b47e825b11212710e09f,1,51.50324614904821,True,10,5,1900,70978560,4350,112.66882179863752,70978560,0,0,0,6.0,benchmark-linear-d10-s11503-B100,600,runs/evaluation-8373f72a68918eafe5d6e75d8ef19233390350f4a33a91fef34f21b03d7937c6.json,0d979a09979b8b82808812a825ef0d324a4610ab736c55c0ece43bafcbbef820,0.0,0.0,0.0,51.50324614904821,6.0,0.7058823529411765,0.75,0.7272727272727273,T2,2048.0,0.0,0.495596428712209,0.8893771767616272,0.185256560643514,6,2048.0,0.160354290307656,0.2478195379177729,0.8404688239097595,0.2215299854675928,0.1921887435019016,1.278128484884898,3.103081703186035,-0.09316154817740122,beneficial
benchmark-linear-d10-s11503-B400-diagnostic-c0.2-none,controlled,10,linear,11503,400,diagnostic,0.2,none,selected,2132871c6269300c9bc8c2569eabee2d90ff28b04371fdc2ca89c94c9a142f0d,12,169.82426339015365,True,26,12,5500,114025984,13150,347.1509679798037,114025984,0,0,0,3.0,benchmark-linear-d10-s11503-B400,2400,runs/evaluation-676516085344c7b2198e81be46b5093940e0d29f60f8456574c415b67a6f5425.json,5875c9f4be7a373082477cd7d80daefc2b4c2cd048a57173a6fa07609d47f164,0.0,0.0,0.0,169.82426339015365,3.0,0.8823529411764706,0.9375,0.9090909090909092,T2,2048.0,0.0,0.4991681277751922,0.9003273447354635,0.0367363691329956,6,2048.0,0.051930542791973,0.0722713799526294,0.7409240007400513,0.0710035655647516,0.079228867466251,1.2364030679066975,3.0334238608678183,benchmark-linear-d10-s11503-B400-fixed-c0.2-none,fixed,selected,fe6677a5eff3d3a988d9415ff9f07f077c4050e289a096f39ee8b853889b529f,1,36.9355482570827,True,10,3,1400,71455232,5200,135.7349645011127,71455232,0,0,0,3.0,benchmark-linear-d10-s11503-B400,2400,runs/evaluation-a0463142b476ae4e8a2e325f4a50be1e73d362ad209cc5207630c1668e2b25f8.json,7d919859df476ba179c75bde1139db6828711714e5db8e76ad5f5cc845907ef4,0.0,0.0,0.0,36.9355482570827,3.0,0.875,0.875,0.875,T2,2048.0,0.0,0.4782172342141469,0.882080078125,0.1744516690572103,6,2048.0,0.1683975054004072,0.1612932138765851,0.8196590542793274,0.1614984975506862,0.1819822664062182,1.213868002096812,3.0234766006469727,-0.09049493198593461,beneficial
benchmark-linear-d10-s11503-B400-diagnostic-c0.5-none,controlled,10,linear,11503,400,diagnostic,0.5,none,selected,f530b2ea5e74c65bac6dab647e8fa039bfd71f53a47275f804d9185501645dcc,12,192.05404601804912,True,27,11,6900,114227200,15150,387.1969084795565,114227200,0,0,0,6.0,benchmark-linear-d10-s11503-B400,2400,runs/evaluation-afb31be22984d048bdf17f76297d688614da20741885fb743c040b11a31dc612.json,f28b6055ae05b1f0dc5b1fa15f445ed7df72b8a6422d39031ca852a6b62db54f,0.0,0.0,0.0,192.05404601804912,4.0,0.8235294117647058,0.875,0.8484848484848485,T2,2048.0,0.0,0.5019079297780991,0.9022533297538756,0.0716333786646525,6,2048.0,0.0802877434608001,0.1092358554402987,0.7603115439414978,0.1049692599723736,0.1153290271759033,1.255623032649358,3.0766990184783936,benchmark-linear-d10-s11503-B400-fixed-c0.5-none,fixed,selected,f9302d304edd1658ded4e1c25e80a91f5e1db15a7d95b47e825b11212710e09f,1,81.3797820135951,True,10,6,3150,71134720,5600,144.695205880329,71134720,0,0,0,6.0,benchmark-linear-d10-s11503-B400,2400,runs/evaluation-dc44e38b6d96b597a8d1804921a0ade42830ac681bb846d15abd2bc6a92ffb4b.json,83272887b69dff4aef4f804fc0b7d30e5d3735535d0f51c2dd8599e16b0343ed,0.0,0.0,0.0,81.3797820135951,6.0,0.7058823529411765,0.75,0.7272727272727273,T2,2048.0,0.0,0.4727104951937993,0.876645694176356,0.2023024559020996,6,2048.0,0.1634899626088917,0.2542153671383858,0.8172764182090759,0.2289883159101009,0.1696415233115355,1.215031345685323,2.979915142059326,-0.12401905593772732,beneficial
benchmark-linear-d10-s11504-B100-diagnostic-c0.2-none,controlled,10,linear,11504,100,diagnostic,0.2,none,selected,737163648ce64a1ac4472d0a31f8a34fea0f304e0c381ccbd57bc41893c4b93e,7,102.104169735685,True,20,9,3500,111716352,7950,206.1207417678088,111716352,0,0,0,1.0,benchmark-linear-d10-s11504-B100,600,runs/evaluation-e6f58967d8411520cf006c415844cf87c5ba3e9561e5e202349d21cf66eef46f.json,f505ee230f22b054d981a3030212c0fecbdffc354c2e87a0f42702cba35c4ecd,0.0,0.0,0.0,102.104169735685,1.0,0.9230769230769232,0.9230769230769232,0.9230769230769232,T2,2048.0,0.0,0.4785698801279068,0.8805610040823618,0.0572881301244099,6,2048.0,0.1266365425436951,0.1341223337997993,0.9250909686088562,0.1241545627514521,0.1011151447892189,1.2337758739789326,3.0291181802749634,benchmark-linear-d10-s11504-B100-fixed-c0.2-none,fixed,selected,737163648ce64a1ac4472d0a31f8a34fea0f304e0c381ccbd57bc41893c4b93e,1,19.56811978109181,True,10,2,700,70524928,4050,105.75918236374856,70524928,0,0,0,1.0,benchmark-linear-d10-s11504-B100,600,runs/evaluation-e6f58967d8411520cf006c415844cf87c5ba3e9561e5e202349d21cf66eef46f.json,f505ee230f22b054d981a3030212c0fecbdffc354c2e87a0f42702cba35c4ecd,0.0,0.0,0.0,19.56811978109181,1.0,0.9230769230769232,0.9230769230769232,0.9230769230769232,T2,2048.0,0.0,0.4785698801279068,0.8805610040823618,0.0572881301244099,6,2048.0,0.1266365425436951,0.1341223337997993,0.9250909686088562,0.1241545627514521,0.1011151447892189,1.2337758739789326,3.0291181802749634,0.0,neutral
benchmark-linear-d10-s11504-B100-diagnostic-c0.5-none,controlled,10,linear,11504,100,diagnostic,0.5,none,selected,e2503e254476902790b85a4e4118ce1d8deddf054f06da84316d8953d006db87,12,82.71473599411547,True,24,7,2300,113262080,9800,249.62468828447163,113262080,0,0,0,6.0,benchmark-linear-d10-s11504-B100,600,runs/evaluation-837af67b6e8e9e3ad16c3436999f81561622dfa42f8597ad482b0553a170bd81.json,a5879a2238c8b4ed113a2b7e686a17a94bb7a206ef41dde2115132b2fdbbbe0b,0.0,0.0,0.0,82.71473599411547,4.0,0.7857142857142857,0.8461538461538461,0.8148148148148148,T2,2048.0,0.0,0.4832266420125961,0.892279734214147,0.0693178574244181,6,2048.0,0.1084429628442498,0.1262283325195312,0.9375564455986024,0.1239474887649218,0.1126954791446526,1.254996160666148,3.1247400840123496,benchmark-linear-d10-s11504-B100-fixed-c0.5-none,fixed,selected,13fdda6a9dfc57a33bcab81a76351f9fee556a82e4ddae399b43185b1e984156,1,54.96801921352744,True,10,4,2050,70352896,4250,107.96812218986452,70352896,0,0,0,6.0,benchmark-linear-d10-s11504-B100,600,runs/evaluation-c60784e5bbcdcf1490e79de8907d63a1412c7b8a0aa9b5315de352340479bc4c.json,81b489d9b636d0dde10c8df691ce95acd9deb52c41baa06ebbcf3bee676898e7,0.0,0.0,0.0,54.96801921352744,6.0,0.6923076923076923,0.6923076923076923,0.6923076923076923,T2,2048.0,0.0,0.4843659649292628,0.8925781150658926,0.2214824755986531,6,2048.0,0.2032270629045263,0.2331291499237219,0.987941563129425,0.2287750393152237,0.1664635886748632,1.30737566947937,3.2108741203943887,-0.10482755055030189,beneficial
benchmark-linear-d10-s11504-B400-diagnostic-c0.2-none,controlled,10,linear,11504,400,diagnostic,0.2,none,selected,c2431dfa51a6462f075459a87a98491962e45a309a4c2656ec33ab70a95dc3a6,10,103.31431996449828,True,22,9,3300,112327680,9850,250.0878199711442,112327680,0,0,0,1.0,benchmark-linear-d10-s11504-B400,2400,runs/evaluation-58db81b34d415df35c4224ec6abfbbf8e967308e0f222e0502e199c82621bcdc.json,32458a1ed34b5e477227e50666a0221ceafeb9329adea734c6f37d9f0229884f,0.0,0.0,0.0,103.31431996449828,2.0,0.8461538461538461,0.8461538461538461,0.8461538461538461,T2,2048.0,0.0,0.4932273576656977,0.8953088919321696,0.0320247411727905,6,2048.0,0.1016437783021264,0.1156940876195828,0.8997887969017029,0.1060130583743254,0.0927040794243415,1.2735897103945415,3.141429384549459,benchmark-linear-d10-s11504-B400-fixed-c0.2-none,fixed,selected,737163648ce64a1ac4472d0a31f8a34fea0f304e0c381ccbd57bc41893c4b93e,1,18.439160155132413,True,10,2,700,69700608,5550,140.85468180850148,69700608,0,0,0,1.0,benchmark-linear-d10-s11504-B400,2400,runs/evaluation-b71fef828a3244432bf12872de65ba7541000c7aab29f3358bd83e7a3a8d9e23.json,5a7637321a51f004a255a57148ea676c9533a3b2e4303b7d3ec980ea1c315e57,0.0,0.0,0.0,18.439160155132413,1.0,0.9230769230769232,0.9230769230769232,0.9230769230769232,T2,2048.0,0.0,0.4807400206724803,0.8854709267616272,0.0519877672195434,6,2048.0,0.1147650627157202,0.1385046324382225,0.8990299105644226,0.1234473399817943,0.0975473467260599,1.2414154211680095,3.062764406204224,-0.017434281607468904,beneficial
benchmark-linear-d10-s11504-B400-diagnostic-c0.5-none,controlled,10,linear,11504,400,diagnostic,0.5,none,selected,30d4c27e2ebb887f347ee2d6420313043b90350881598fe33739dcf0abd6bc0a,12,104.56852453574538,True,25,9,3350,112950272,10600,266.1574401333928,112950272,0,0,0,6.0,benchmark-linear-d10-s11504-B400,2400,runs/evaluation-d83e967e5db93b2d83b2a2efcc7630ebc920cea6a433865a99452d85c398a3d8.json,0eea21322f5d3c3f3abf0387c66d3a5039a3d02ddf00299242d4b774e6b6ecd2,0.0,0.0,0.0,104.56852453574538,6.0,0.7142857142857143,0.7692307692307693,0.7407407407407407,T2,2048.0,0.0,0.4879738142093022,0.892768015464147,0.1261124610900879,6,2048.0,0.1513943234326163,0.1775506318857272,0.9421987533569336,0.1691181063652038,0.1273591077576081,1.2863973379135132,3.166459639867147,benchmark-linear-d10-s11504-B400-fixed-c0.5-none,fixed,selected,13fdda6a9dfc57a33bcab81a76351f9fee556a82e4ddae399b43185b1e984156,1,42.22202665545046,True,10,4,1600,69881856,5000,126.80644094385208,69881856,0,0,0,6.0,benchmark-linear-d10-s11504-B400,2400,runs/evaluation-76880ccf87cdc0a94d88b70481c4cee94095fb91127cd34105f7357325fb3200.json,9ebe7e5626b0f669e98a114fcf883ebf963a00a3366dfc225f72b0fa994772a3,0.0,0.0,0.0,42.22202665545046,6.0,0.6923076923076923,0.6923076923076923,0.6923076923076923,T2,2048.0,0.0,0.4822772045930226,0.889277716477712,0.2275349299112955,6,2048.0,0.2082504049875307,0.2435386714835961,0.9604350328445436,0.2339840879042943,0.1477663026501735,1.3052449822425842,3.179492076237997,-0.06486598153909051,beneficial
benchmark-linear-d10-s11505-B100-diagnostic-c0.2-none,controlled,10,linear,11505,100,diagnostic,0.2,none,selected,795c62f2b5835792e45eda9fcad11112c4962fcd45cf2511cfdf5ff0b6abde3b,12,165.22680222056806,True,28,12,6000,112995328,13950,345.23399500735104,112995328,0,0,0,3.0,benchmark-linear-d10-s11505-B100,600,runs/evaluation-550ebd600bea6839dac631b3cd8cd4636c415b5e4e1893244a1b2271bca0ff3e.json,74db16487d5f46ed1a8870c1188f420cb5a1e403987a59425f4b4caf91da31e1,0.0,0.0,0.0,165.22680222056806,4.0,0.8125,0.8125,0.8125,T2,2048.0,0.0,0.4949453870455424,0.8899287482102712,0.1603236595789591,6,2048.0,0.1114880482155638,0.1600021782020727,0.9124494791030884,0.1455454938113689,0.1171529466907183,1.3291978637377422,3.120567321777344,benchmark-linear-d10-s11505-B100-fixed-c0.2-none,fixed,selected,95d9b87695fae2ff22e38bf4fa04a2ea47ace8e54cf7c74b9274a677a6c2c067,1,40.16493045352399,True,10,3,1500,70198784,5100,128.37146493792534,70198784,0,0,0,3.0,benchmark-linear-d10-s11505-B100,600,runs/evaluation-b0a134ded7c9e08fe7cc751c94476bbbaf6328330172ce81854bfed336386d7c.json,3ad125447792fb59335df69ae7b3a61fb1e477164ce85a58470851967c7ecc94,0.0,0.0,0.0,40.16493045352399,3.0,0.875,0.875,0.875,T2,2048.0,0.0,0.4890950570503871,0.8837709923585256,0.1577906608581543,6,2048.0,0.0985572130588611,0.1494018615533908,0.9131507873535156,0.1417640236516793,0.1200482249259948,1.3092878063519795,3.0655938386917114,0.003781470159689576,neutral
benchmark-linear-d10-s11505-B100-diagnostic-c0.5-none,controlled,10,linear,11505,100,diagnostic,0.5,none,selected,6248b8a147e64b1c164819dccb2fc80106f3f8e012833d7268bd65121570b88e,12,69.66781400889158,True,23,5,2000,112634368,10600,262.87484838441014,112634368,0,0,0,6.0,benchmark-linear-d10-s11505-B100,600,runs/evaluation-dbb086802a58ec10a0334de19b6de04a3ac9ce72fd641bbd2203a845f29c12b2.json,0fc3c6c77f33d6b8548d5f40dbc573aee728dfd4713878f442252e51dbf9f801,0.0,0.0,0.0,69.66781400889158,6.0,0.8125,0.8125,0.8125,T2,2048.0,0.0,0.4977213641007741,0.8877857526143392,0.0471896330515543,6,2048.0,0.0631840107499697,0.0772301126271486,0.9664110541343688,0.0910170997182528,0.1171176147957642,1.2857110500335691,3.027132034301758,benchmark-linear-d10-s11505-B100-fixed-c0.5-none,fixed,selected,2b6a9e00cbc4b9d3e15d11c46aadb095bb016fde10f7ed8c51f2b86c2c8bc73c,1,53.14357662014663,True,10,4,2050,69858304,4600,113.33708672598004,69858304,0,0,0,6.0,benchmark-linear-d10-s11505-B100,600,runs/evaluation-4b0d4796c045ef1768c7bd98259d82159609a5ef53b73c6ba028c0e7386e9559.json,b350655d27d9ce78653f48b751e156b7396f2f9809ea77c9e6bc1fd7a64776f4,0.0,0.0,0.0,53.14357662014663,6.0,0.8,0.75,0.7741935483870968,T2,2048.0,0.0,0.4625289340813954,0.8537597755591074,0.1841736237208048,6,2048.0,0.1225214545453047,0.1859373226761818,1.0664855241775513,0.2167206729451815,0.2420136481523513,1.231909414132436,2.892101446787516,-0.1257035732269287,beneficial
benchmark-linear-d10-s11505-B400-diagnostic-c0.2-none,controlled,10,linear,11505,400,diagnostic,0.2,none,selected,24e2fde9867a0ddb06c121378b9c83c774f4f128b62f523aa15489356c4670bd,10,137.7205378320068,True,24,10,4750,112239616,12300,303.49758430570364,112239616,0,0,0,3.0,benchmark-linear-d10-s11505-B400,2400,runs/evaluation-9033f061b5d03de944f80e6b27e9e95d43da9cd4973338ce8fc2c05a0c7e9bec.json,b3853f58bfd30d325902dc5ea10e4ce6fc6dbd40c42ed3bee2c3ba534c61eb75,0.0,0.0,0.0,137.7205378320068,2.0,0.9375,0.9375,0.9375,T2,2048.0,0.0,0.4967357615629832,0.8954626023769379,0.0286213954289754,6,2048.0,0.0389646656540146,0.0422640964388847,0.8804141879081726,0.05605292879045,0.069888982300957,1.2752976616223652,3.0849745670954385,benchmark-linear-d10-s11505-B400-fixed-c0.2-none,fixed,selected,95d9b87695fae2ff22e38bf4fa04a2ea47ace8e54cf7c74b9274a677a6c2c067,1,35.84779102541506,True,10,3,1350,69762560,5200,127.96257583238184,69762560,0,0,0,3.0,benchmark-linear-d10-s11505-B400,2400,runs/evaluation-1473d46f5da3f57b2a373ba43c1b8236310e05be161c09808e7d9bb371ef6e4e.json,43c1e3a3afefb0bc546a32be003a6e7544e0f59d0e16003b50c7a31dff68a56e,0.0,0.0,0.0,35.84779102541506,3.0,0.875,0.875,0.875,T2,2048.0,0.0,0.4863281299670537,0.897406687339147,0.1567129294077555,6,2048.0,0.0992039987323111,0.1523927605400482,0.8819538950920105,0.1350105628371238,0.0935881473124027,1.2985324064890544,3.172350645065308,-0.07895763404667379,beneficial
benchmark-linear-d10-s11505-B400-diagnostic-c0.5-none,controlled,10,linear,11505,400,diagnostic,0.5,none,selected,8ec5289ce68c560365a6f15774d0ea7839527d90291b70c6b63c46063399697e,12,143.69415049627423,True,22,9,4400,113019904,11100,285.5660165902227,113019904,0,0,0,6.0,benchmark-linear-d10-s11505-B400,2400,runs/evaluation-fd7b832a6a3c37a3f2176ba50d41dd5795fef61c73d2ec8c6208dbe655c615c3.json,5299982b10f5f289d207d0750d81a4bb53d78ad1fc713e5427ca97977ea6f1c6,0.0,0.0,0.0,143.69415049627423,6.0,0.7647058823529411,0.8125,0.7878787878787878,T2,2048.0,0.0,0.479727288087209,0.8748372395833334,0.0881402095158894,6,2048.0,0.1028754911946184,0.11374273772041,0.9331040382385254,0.1142543318370978,0.141605757176876,1.2376066048940022,2.99873161315918,benchmark-linear-d10-s11505-B400-fixed-c0.5-none,fixed,selected,2b6a9e00cbc4b9d3e15d11c46aadb095bb016fde10f7ed8c51f2b86c2c8bc73c,1,54.50491335988045,True,10,3,2150,70159360,5350,131.48502028547227,70159360,0,0,0,6.0,benchmark-linear-d10-s11505-B400,2400,runs/evaluation-143fa39ffbf13f4840ee84b4217992d7615edc336f7b927d2eef9dd233d0f566.json,538853cfb036a658cb91fcaa7fe89c645de44e1e9a4399125e567ccbb58958e8,0.0,0.0,0.0,54.50491335988045,6.0,0.8,0.75,0.7741935483870968,T2,2048.0,0.0,0.4698079377412796,0.8725857237974802,0.1685596307118733,6,2048.0,0.123042116135248,0.1713664717972278,1.0327948331832886,0.2049852510293325,0.2172999034325281,1.2449868321418762,3.0083124240239463,-0.0907309191922347,beneficial
benchmark-nonlinear-d10-s12501-B100-diagnostic-c0.2-none,controlled,10,nonlinear,12501,100,diagnostic,0.2,none,selected,7c691a650ec1949eabc527e6cbea64d2ae9370e95421afefae01688c6623d266,10,105.1405772306025,True,24,10,3450,112378880,9300,233.4066839814186,112378880,0,0,0,2.0,benchmark-nonlinear-d10-s12501-B100,600,runs/evaluation-9145f0aed6510591e27c3ee12111abbcfe694a057db9cc30e5990982c1ff40b4.json,e1d50b3ab8dcb26f252ea0fb3865e25245a16394fdc09e65e9c94b0c126e966e,0.0,0.0,0.0,105.1405772306025,1.0,0.8888888888888888,1.0,0.9411764705882352,T2,2048.0,0.0,0.5221444467703501,0.9037091434001924,0.0105265776316324,6,2048.0,0.0665137196477121,0.0736511728415886,1.2133054733276367,0.0741663457204898,0.0985015096763769,1.299705406030019,3.213710904121399,benchmark-nonlinear-d10-s12501-B100-fixed-c0.2-none,fixed,selected,c570e548f39e4b7fe4c10d35869f8687bcc3f8210d6f6ac2191ae618816bdd27,1,18.68551607057452,True,10,2,650,70636032,4050,100.207371160388,70636032,0,0,0,2.0,benchmark-nonlinear-d10-s12501-B100,600,runs/evaluation-b7ef273d8a59a5c94abb16fa7100e830d1455e1368e6e3aa163aff70d92ce089.json,336f28459950fa89dfb17501ddcc307db0da7e5f5082b0f584d09107eabd4402,0.0,0.0,0.0,18.68551607057452,2.0,0.7777777777777778,0.875,0.8235294117647058,T2,2048.0,0.0,0.5074598540862402,0.898256649573644,0.1140404939651489,6,2048.0,0.1614004668686884,0.1719638109207153,1.2279359102249146,0.151511937379837,0.1156028266996145,1.3036594192186992,3.2387364705403647,-0.07734559165934721,beneficial
benchmark-nonlinear-d10-s12501-B100-diagnostic-c0.5-none,controlled,10,nonlinear,12501,100,diagnostic,0.5,none,selected,e6c8a719569b3a2e59d9270214332c37b0a235c2233f022b59f5a12a792870b4,10,76.66132207214832,True,23,6,2100,112287232,10050,258.4688884560019,112287232,0,0,0,4.0,benchmark-nonlinear-d10-s12501-B100,600,runs/evaluation-8407e476c7a760745c0fbc4978525c5697798868bfedb54beb318e323d200afc.json,d7f40d6579869fc8ad0d155904c33e1f79f186092db92344fd8d2da6c4561f55,0.0,0.0,0.0,76.66132207214832,3.0,0.8571428571428571,0.75,0.8,T2,2048.0,0.0,0.5232747495174408,0.9021448294321696,0.068774143854777,6,2048.0,0.1299774175450448,0.142257384955883,1.2739580869674685,0.1348599580427011,0.1240675076842308,1.31839923063914,3.236786444981893,benchmark-nonlinear-d10-s12501-B100-fixed-c0.5-none,fixed,selected,64e7b94e76680ee74691788c86cc6b7d0262869acba3f2f10b0fb80eeac642b1,1,42.719741862267256,True,10,2,1450,70712320,4750,121.45404212549327,70712320,0,0,0,4.0,benchmark-nonlinear-d10-s12501-B100,600,runs/evaluation-ce31644c94d7fd33b974c405eb36176c6e15dbe3841f78122e304d6ed20c7490.json,00e1ec82d7fcf0370f1c9401600b5de1ef89404db556ed625ab81be4ea2bfb20,0.0,0.0,0.0,42.719741862267256,4.0,0.7142857142857143,0.625,0.6666666666666666,T2,2048.0,0.0,0.5086805522441864,0.8976779679457346,0.1722206274668375,6,2048.0,0.2001077382416927,0.2156123661746581,1.2885884046554563,0.1957101436952749,0.1465546463926633,1.3201061487197876,3.262956738471985,-0.0608501856525738,beneficial
benchmark-nonlinear-d10-s12501-B400-diagnostic-c0.2-none,controlled,10,nonlinear,12501,400,diagnostic,0.2,none,selected,7c691a650ec1949eabc527e6cbea64d2ae9370e95421afefae01688c6623d266,10,154.49988786317408,True,24,11,5200,112628224,12400,316.6024977825582,112628224,0,0,0,2.0,benchmark-nonlinear-d10-s12501-B400,2400,runs/evaluation-7ebf0c915c70eefa258727faeaaea94f57d6e71ed78a7f8a0cef8b1d6801e9aa.json,3e4f8ab50f0c70ed395dd72b80abb7ad453743aebc8410734125d2f178727bdc,0.0,0.0,0.0,154.49988786317408,1.0,0.8888888888888888,1.0,0.9411764705882352,T2,2048.0,0.0,0.5154170393943787,0.906367560227712,0.0030166705449422,6,2048.0,0.0551758090896151,0.0488161050404111,1.1868321895599363,0.0569995815555254,0.0999846197664737,1.2814238866170249,3.248582045237223,benchmark-nonlinear-d10-s12501-B400-fixed-c0.2-none,fixed,selected,c570e548f39e4b7fe4c10d35869f8687bcc3f8210d6f6ac2191ae618816bdd27,1,10.855044677853584,True,10,1,350,70786048,5450,135.8495884425938,70786048,0,0,0,2.0,benchmark-nonlinear-d10-s12501-B400,2400,runs/evaluation-7cb2f3b189eb0b82b6ada27428b8fb1a42a37385936a168d32a85abe34774c05.json,393cdaab2d18f1134c9892b5485416fb16c768c2cf0c4da705d65f859c1a30ff,0.0,0.0,0.0,10.855044677853584,2.0,0.7777777777777778,0.875,0.8235294117647058,T2,2048.0,0.0,0.4967990517616272,0.8952094117800394,0.1434273719787597,6,2048.0,0.1589189186653747,0.1993211954832077,1.2072601318359375,0.1693783774971962,0.1135289886345466,1.286375880241394,3.26627786954244,-0.1123787959416708,beneficial
benchmark-nonlinear-d10-s12501-B400-diagnostic-c0.5-none,controlled,10,nonlinear,12501,400,diagnostic,0.5,none,selected,e6c8a719569b3a2e59d9270214332c37b0a235c2233f022b59f5a12a792870b4,10,76.85284897312522,True,21,5,2350,112353280,10600,263.87808529660106,112353280,0,0,0,4.0,benchmark-nonlinear-d10-s12501-B400,2400,runs/evaluation-412458c05ac483441089a67338cda8df77a83a591e09d27d514ced31834866a5.json,58f7c381d596f007c3329f837f63d9217607b890c91a0917df5895e567baba58,0.0,0.0,0.0,76.85284897312522,3.0,0.8571428571428571,0.75,0.8,T2,2048.0,0.0,0.5142957965532938,0.9065393606821696,0.0542219479878743,6,2048.0,0.1228526424653547,0.1206559184938669,1.2414953708648682,0.1225931420922279,0.1357030197978019,1.2871012687683103,3.281001607577006,benchmark-nonlinear-d10-s12501-B400-fixed-c0.5-none,fixed,selected,64e7b94e76680ee74691788c86cc6b7d0262869acba3f2f10b0fb80eeac642b1,1,34.19346428476274,True,10,2,1300,70959616,5900,146.24726141430438,70959616,0,0,0,4.0,benchmark-nonlinear-d10-s12501-B400,2400,runs/evaluation-53af12e6f28ad23ce8565acd826191ebae406c6e13fc0a5b0076dbf819873844.json,a52e606bf6eb2c3acf4f6820cbe69f6f768a91a5335d0411e69e67d8e0afad87,0.0,0.0,0.0,34.19346428476274,4.0,0.7142857142857143,0.625,0.6666666666666666,T2,2048.0,0.0,0.496084709962209,0.8971082965532938,0.1862742106119791,6,2048.0,0.2006686129926919,0.2319019921123981,1.2619234323501587,0.2060034250219663,0.1399296695987383,1.2894641160964966,3.282419244448344,-0.08341028292973841,beneficial
benchmark-nonlinear-d10-s12502-B100-diagnostic-c0.2-none,controlled,10,nonlinear,12502,100,diagnostic,0.2,none,selected,c9167c03258c433bf375ae000d597c6bbc78f75be25fb7b69ab9430b825b1543,12,134.15355182625353,True,27,11,4250,114524672,11950,300.8779972512275,114524672,0,0,0,2.0,benchmark-nonlinear-d10-s12502-B100,600,runs/evaluation-f35580263477c388f97d64ddcbe95251c7ce637031ce93c6a244d4cd9cf287f6.json,e676c405f3b262863d751c13bd130c3347c6e8898ce9fc1a769242198f22f183,0.0,0.0,0.0,134.15355182625353,2.0,0.875,0.9333333333333332,0.9032258064516128,T2,2048.0,0.0,0.5079662303129832,0.8996401329835256,-0.0032771031061808,6,2048.0,0.0564763933857553,0.0982284620404243,1.2369667291641235,0.0899527408182621,0.0911634763081868,1.3010512987772624,3.230622092882792,benchmark-nonlinear-d10-s12502-B100-fixed-c0.2-none,fixed,selected,6641893762e88c930049462c104290e40961d109b7b84aeb0a5ef2fc0bbcba20,1,18.617802910506725,True,10,1,650,71091712,4950,121.87693912908436,71091712,0,0,0,2.0,benchmark-nonlinear-d10-s12502-B100,600,runs/evaluation-2e17ba77310828e984717cb6c16274bfdb685bde3ed0e27c425a52fc70953e00.json,23fceb9f645caf44a2d575ce18267f074b7ffb6380180c057439d2bbd256ead2,0.0,0.0,0.0,18.617802910506725,2.0,0.9333333333333332,0.9333333333333332,0.9333333333333332,T2,2048.0,0.0,0.5102719962596893,0.901303897301356,-0.0045462052027384,6,2048.0,0.052542829308249,0.0902523063123226,1.239583969116211,0.0878788704673449,0.0953661762177944,1.3064988255500791,3.242017984390259,0.0020738703509172035,neutral
benchmark-nonlinear-d10-s12502-B100-diagnostic-c0.5-none,controlled,10,nonlinear,12502,100,diagnostic,0.5,none,selected,35d5ca416cd5f63f511e40cdf0beacbd6281e76e84f51ff4d954ba0d4c67de2b,12,83.68463083542883,True,23,8,2550,114436096,9450,234.93387044034895,114436096,0,0,0,6.0,benchmark-nonlinear-d10-s12502-B100,600,runs/evaluation-d55348603d616a84c5474fc7f51093f420d79453afeefbafa959062b51474b88.json,572a7cb71aad3a1645b5745ba9d31f614a083138c3a11c29382fa27d4e2da72a,0.0,0.0,0.0,83.68463083542883,6.0,0.7333333333333333,0.7333333333333333,0.7333333333333333,T2,2048.0,0.0,0.5092411835988363,0.899233212073644,0.0301239887873331,6,2048.0,0.1013381254796065,0.1442513105769952,1.281602144241333,0.1436774904529253,0.0865311448772748,1.315506438414256,3.246665040651957,benchmark-nonlinear-d10-s12502-B100-fixed-c0.5-none,fixed,selected,0469c92992aca1c0fabd6511516a6db300d121139519327d3257cb96e25d6e1a,1,32.01157207228243,True,10,3,1150,71294976,4800,120.31617694348095,71294976,0,0,0,6.0,benchmark-nonlinear-d10-s12502-B100,600,runs/evaluation-d4eb52cb1d143a51ea4b515de5bdde6a4dc62500a2864424c012d51a88c12cfb.json,71c1b093499d34a20f5bc4ccaa98b39dac9e12fffbb93051c065b2ed5521e209,0.0,0.0,0.0,32.01157207228243,6.0,0.75,0.8,0.7741935483870968,T2,2048.0,0.0,0.50927734375,0.8970630963643392,0.0257368087768554,6,2048.0,0.0885462452295442,0.1268395806352297,1.2969051599502563,0.1326412434379259,0.0882230922579765,1.3099099397659302,3.2214009761810303,0.01103624701499939,harmful
benchmark-nonlinear-d10-s12502-B400-diagnostic-c0.2-none,controlled,10,nonlinear,12502,400,diagnostic,0.2,none,selected,6641893762e88c930049462c104290e40961d109b7b84aeb0a5ef2fc0bbcba20,7,106.88064053840937,True,21,8,3700,112077312,10550,264.94842151366174,112077312,0,0,0,2.0,benchmark-nonlinear-d10-s12502-B400,2400,runs/evaluation-7bb7476f769aa21db4f2ef1b6ca587b9aa0d00eac2dc2c5679bcc9d219aeb30b.json,b8393949f00ea1a7cbd35f05ad7599b08e2e680372fd591a31ee86c7084bb924,0.0,0.0,0.0,106.88064053840937,2.0,0.9333333333333332,0.9333333333333332,0.9333333333333332,T2,2048.0,0.0,0.5036892493565878,0.901123066743215,-0.0190564393997192,6,2048.0,0.0511090760538715,0.0565693645427624,1.1980873346328735,0.0634505984683831,0.0747370775789022,1.283248484134674,3.222199281056722,benchmark-nonlinear-d10-s12502-B400-fixed-c0.2-none,fixed,selected,6641893762e88c930049462c104290e40961d109b7b84aeb0a5ef2fc0bbcba20,1,17.681116864085197,True,10,1,600,70446080,5100,127.5438863877207,70446080,0,0,0,2.0,benchmark-nonlinear-d10-s12502-B400,2400,runs/evaluation-7bb7476f769aa21db4f2ef1b6ca587b9aa0d00eac2dc2c5679bcc9d219aeb30b.json,b8393949f00ea1a7cbd35f05ad7599b08e2e680372fd591a31ee86c7084bb924,0.0,0.0,0.0,17.681116864085197,2.0,0.9333333333333332,0.9333333333333332,0.9333333333333332,T2,2048.0,0.0,0.5036892493565878,0.901123066743215,-0.0190564393997192,6,2048.0,0.0511090760538715,0.0565693645427624,1.1980873346328735,0.0634505984683831,0.0747370775789022,1.283248484134674,3.222199281056722,0.0,neutral
benchmark-nonlinear-d10-s12502-B400-diagnostic-c0.5-none,controlled,10,nonlinear,12502,400,diagnostic,0.5,none,selected,0469c92992aca1c0fabd6511516a6db300d121139519327d3257cb96e25d6e1a,7,79.84041171520948,True,18,7,2500,112140800,8500,217.56862517818809,112140800,0,0,0,6.0,benchmark-nonlinear-d10-s12502-B400,2400,runs/evaluation-52d3d228450276acb8e721db917c0bca0250200eaccde6f5ef0dd29d83c50cb3.json,3a9707f2fd97c908b3e325e0237eba30064f1ec37338669562071eb3c33ef3f1,0.0,0.0,0.0,79.84041171520948,6.0,0.75,0.8,0.7741935483870968,T2,2048.0,0.0,0.496844266851743,0.8960865239302317,0.0065789222717285,6,2048.0,0.0922552637241251,0.1006772542993227,1.2511451244354248,0.1141354752083619,0.0663344742109378,1.2699954509735107,3.19548491636912,benchmark-nonlinear-d10-s12502-B400-fixed-c0.5-none,fixed,selected,0469c92992aca1c0fabd6511516a6db300d121139519327d3257cb96e25d6e1a,1,48.58092728070915,True,10,4,1750,70795776,5000,127.13477778807282,70795776,0,0,0,6.0,benchmark-nonlinear-d10-s12502-B400,2400,runs/evaluation-52d3d228450276acb8e721db917c0bca0250200eaccde6f5ef0dd29d83c50cb3.json,3a9707f2fd97c908b3e325e0237eba30064f1ec37338669562071eb3c33ef3f1,0.0,0.0,0.0,48.58092728070915,6.0,0.75,0.8,0.7741935483870968,T2,2048.0,0.0,0.496844266851743,0.8960865239302317,0.0065789222717285,6,2048.0,0.0922552637241251,0.1006772542993227,1.2511451244354248,0.1141354752083619,0.0663344742109378,1.2699954509735107,3.19548491636912,0.0,neutral
benchmark-nonlinear-d10-s12503-B100-diagnostic-c0.2-none,controlled,10,nonlinear,12503,100,diagnostic,0.2,none,selected,f67cc8dd71034486807e1887a4b5318b49597d176e1fb5933d25ccdba830c4d3,12,72.00286746397614,True,25,5,2100,112773120,10400,263.7468268033117,112773120,0,0,0,2.0,benchmark-nonlinear-d10-s12503-B100,600,runs/evaluation-b8919be401b88458c2c1d8019baaf949cb6f9a53da18c6d4eb48d34b23aa51a6.json,6b1fcd8cf96c278f7598a01de4c6704fd166ae3e319ff9c6a42802fe86643eb3,0.0,0.0,0.0,72.00286746397614,0.0,1.0,1.0,1.0,T2,2048.0,0.0,0.5176052699486414,0.9078685541947684,0.0091976722081502,6,2048.0,0.0469568062317888,0.0529268775135278,1.025206446647644,0.0623730942606925,0.1102282019952933,1.3616943955421448,3.140901207923889,benchmark-nonlinear-d10-s12503-B100-fixed-c0.2-none,fixed,selected,2449697c771f897c9015f32b9aa487fc489979cab9f735b210df0786369ecf04,1,33.847348840907216,True,10,2,1350,69547008,4200,106.0104937441647,69547008,0,0,0,2.0,benchmark-nonlinear-d10-s12503-B100,600,runs/evaluation-267dcd68e560cc2f9b4311e08e39c09820d1866c7c785ef9d3fde6541dcd4588.json,d8b9742d525dc697214888da10fd84ed17c8d12de273bc6eeb35bc8a67296c7c,0.0,0.0,0.0,33.847348840907216,2.0,0.9,0.8181818181818182,0.8571428571428571,T2,2048.0,0.0,0.5016366442044576,0.902877241373062,0.1458704074223836,6,2048.0,0.1612360052914246,0.1925408653914928,1.1288801431655884,0.1972807248433431,0.1331136313577493,1.3789312442143755,3.168409983317057,-0.1349076305826506,beneficial
benchmark-nonlinear-d10-s12503-B100-diagnostic-c0.5-none,controlled,10,nonlinear,12503,100,diagnostic,0.5,none,selected,1fbd3b40468164f8c09d31f740efd77fc780d9ae462aa09c983eee968f48800c,12,83.478466168046,True,25,5,2300,112655872,10650,275.1528256665915,112655872,0,0,0,5.0,benchmark-nonlinear-d10-s12503-B100,600,runs/evaluation-edf653e2daf6fd7d93ff526e02c03a6f00fb03e63e8993ad1c458aebce135e11.json,e7f6eaa51facca9f5cacf3486f09086fbcce80ba11c96179d327599f281f47bf,0.0,0.0,0.0,83.478466168046,4.0,0.8181818181818182,0.8181818181818182,0.8181818181818182,T2,2048.0,0.0,0.5023781210184097,0.9000470141569773,0.0511034727096557,6,2048.0,0.0855447100393119,0.113955108448863,1.0599675178527832,0.1258536664148171,0.1117463248471419,1.3326064546902974,3.1028911670049037,benchmark-nonlinear-d10-s12503-B100-fixed-c0.5-none,fixed,selected,50899c4b74bc9551c12eb71cc4792cd6d0ff8f314abc6aa92b114a61ddd87f7f,1,64.9996290076524,True,10,4,2400,69942272,4900,127.98134734667838,69942272,0,0,0,5.0,benchmark-nonlinear-d10-s12503-B100,600,runs/evaluation-e25a8e98723caff05a3938e08fd0ae43b2b44febaa01ddae720ed907ec5abae1.json,f8874375ace44bb13cb2ccc36484cc7b5a31fece2fb285cd9fe2984afd207367,0.0,0.0,0.0,64.9996290076524,5.0,0.7272727272727273,0.7272727272727273,0.7272727272727273,T2,2048.0,0.0,0.4677101423343022,0.8810764054457346,0.261067787806193,6,2048.0,0.2052228901988899,0.2606975100934505,1.1372164487838743,0.2378459398945172,0.1805207096040249,1.313652495543162,3.132198611895243,-0.11199227347970009,beneficial
benchmark-nonlinear-d10-s12503-B400-diagnostic-c0.2-none,controlled,10,nonlinear,12503,400,diagnostic,0.2,none,selected,f67cc8dd71034486807e1887a4b5318b49597d176e1fb5933d25ccdba830c4d3,12,123.6960192359984,True,26,10,4100,113502208,13600,340.70284063741565,113502208,0,0,0,2.0,benchmark-nonlinear-d10-s12503-B400,2400,runs/evaluation-3729fa4c93295b86a64579fc47076492b3a4f38282491aa02c9ce207386a46b1.json,37dcf86a12fd622d46d136b5ddbbb3ad0853161544f58618030634b2a43b5830,0.0,0.0,0.0,123.6960192359984,0.0,1.0,1.0,1.0,T2,2048.0,0.0,0.5029929925998052,0.9031123419602712,0.0039754311243693,6,2048.0,0.0452365721444548,0.0447417702525854,0.9997183680534364,0.049978332594037,0.0561573995898167,1.3149763345718384,3.10408353805542,benchmark-nonlinear-d10-s12503-B400-fixed-c0.2-none,fixed,selected,2449697c771f897c9015f32b9aa487fc489979cab9f735b210df0786369ecf04,1,36.23373759165406,True,10,2,1450,70337536,6350,158.00689882598817,70337536,0,0,0,2.0,benchmark-nonlinear-d10-s12503-B400,2400,runs/evaluation-cc584ae450883ea418d576d98207597490735936fb98f0f69dd3b0227acb4656.json,f6eef8186514d89cb4fc6a1d647c906280630e7e791ba8b37b8031d2f45f25eb,0.0,0.0,0.0,36.23373759165406,2.0,0.9,0.8181818181818182,0.8571428571428571,T2,2048.0,0.0,0.4915907233953476,0.8976689179738363,0.1580845912297566,6,2048.0,0.162018321114901,0.2078595447043577,1.1096556186676023,0.2059977129101753,0.1080346548308928,1.3538789351781209,3.1393346786499023,-0.1560193803161383,beneficial
benchmark-nonlinear-d10-s12503-B400-diagnostic-c0.5-none,controlled,10,nonlinear,12503,400,diagnostic,0.5,none,selected,414577f06176aacfbe7c9449a5803fccdf76c21e6f0872e533ac454de561fd7a,10,89.47670904174447,True,24,6,2500,112611328,13400,346.71032004617155,112611328,0,0,0,5.0,benchmark-nonlinear-d10-s12503-B400,2400,runs/evaluation-ed08b24c3af1a021d833e1846eb17a1eddeb72fa4206aa48e4efdafa127a2c71.json,823b4cb4c8ea2823ae9ed6371a55b556f8c6bfdf00db0ccf608f0d66fea8db69,0.0,0.0,0.0,89.47670904174447,4.0,0.8181818181818182,0.8181818181818182,0.8181818181818182,T2,2048.0,0.0,0.4914279480775197,0.8992422620455424,0.0467477242151896,6,2048.0,0.0881561828839192,0.1069260612130165,1.0296823978424072,0.1194361311693986,0.0653644533207019,1.2980931599934895,3.0964377323786416,benchmark-nonlinear-d10-s12503-B400-fixed-c0.5-none,fixed,selected,50899c4b74bc9551c12eb71cc4792cd6d0ff8f314abc6aa92b114a61ddd87f7f,1,85.94484930112958,True,10,4,3100,70600704,6100,159.11125895008445,70600704,0,0,0,5.0,benchmark-nonlinear-d10-s12503-B400,2400,runs/evaluation-d0607f0b1df7a698bfee5c54bcdfa9bb90c062f472f82f713da17c50c8b51641.json,122739a2a28524d92cbd2d9d808676fb425e2586c669ebd5db3148ea2bab4f38,0.0,0.0,0.0,85.94484930112958,5.0,0.7272727272727273,0.7272727272727273,0.7272727272727273,T2,2048.0,0.0,0.4720232983430226,0.8801088730494181,0.252930998802185,6,2048.0,0.2055564664837413,0.2507630648712317,1.0999412536621094,0.2300141317149003,0.1575355765720208,1.3252377112706502,3.1177701552708945,-0.1105780005455017,beneficial
benchmark-nonlinear-d10-s12504-B100-diagnostic-c0.2-none,controlled,10,nonlinear,12504,100,diagnostic,0.2,none,selected,c1a942285b827d3140988b6e7743c7f3abbf08058114bf7a48c44cda34f99340,7,77.75816179811954,True,21,7,2600,112314368,8150,205.7397676128894,112314368,0,0,0,2.0,benchmark-nonlinear-d10-s12504-B100,600,runs/evaluation-6298a941f371b5bc32f59f624986c964499c97389092479bc6b1de613bb14110.json,72e7d39249ac91263c7f4425d8da1d093d64e0c8637ce00e0bd74598ea1c6ee9,0.0,0.0,0.0,77.75816179811954,2.0,0.9090909090909092,0.9090909090909092,0.9090909090909092,T2,2048.0,0.0,0.481101706624031,0.8896845976511637,0.0647968053817749,6,2048.0,0.0492798557526021,0.085446906586488,1.1637343168258667,0.1266660429537296,0.1043866723775863,1.2677822311719258,3.1028918822606406,benchmark-nonlinear-d10-s12504-B100-fixed-c0.2-none,fixed,selected,c1a942285b827d3140988b6e7743c7f3abbf08058114bf7a48c44cda34f99340,1,24.13496945425868,True,10,2,900,71107584,4050,102.30711284838615,71107584,0,0,0,2.0,benchmark-nonlinear-d10-s12504-B100,600,runs/evaluation-6298a941f371b5bc32f59f624986c964499c97389092479bc6b1de613bb14110.json,72e7d39249ac91263c7f4425d8da1d093d64e0c8637ce00e0bd74598ea1c6ee9,0.0,0.0,0.0,24.13496945425868,2.0,0.9090909090909092,0.9090909090909092,0.9090909090909092,T2,2048.0,0.0,0.481101706624031,0.8896845976511637,0.0647968053817749,6,2048.0,0.0492798557526021,0.085446906586488,1.1637343168258667,0.1266660429537296,0.1043866723775863,1.2677822311719258,3.1028918822606406,0.0,neutral
benchmark-nonlinear-d10-s12504-B100-diagnostic-c0.5-none,controlled,10,nonlinear,12504,100,diagnostic,0.5,none,selected,d72e9968f29568210a89768a979507449f980bb65613f7608947004ac850cff4,10,141.8321951981634,True,26,10,4300,113210368,10500,284.29822338186204,113210368,0,0,0,6.0,benchmark-nonlinear-d10-s12504-B100,600,runs/evaluation-55c37b2586f3438b38d08110f68f0e5a90f13de1786054279d94284721bfa95d.json,cd5729fb297969508020fed00481f17597834cd8c8ca44aea5fc69b35bf67f56,0.0,0.0,0.0,141.8321951981634,5.0,0.7272727272727273,0.7272727272727273,0.7272727272727273,T2,2048.0,0.0,0.4766348401705424,0.8904260794321696,0.0770328044891357,6,2048.0,0.0882424174780191,0.1234879481295744,1.1446083784103394,0.1325825241704782,0.105295855551958,1.2677023808161418,3.1245967149734497,benchmark-nonlinear-d10-s12504-B100-fixed-c0.5-none,fixed,selected,648c56de9caa57e77e09298af7e97c1ad93754d202c7aa626732f16f414eccc1,1,40.57393090426922,True,10,4,1400,70983168,3650,97.45483044534922,70983168,0,0,0,6.0,benchmark-nonlinear-d10-s12504-B100,600,runs/evaluation-288cf81facd5fe212ce2bfa97242dcf87313b038285fa9fc025e11feace740da.json,ed790f520d0a4bcae284d18a976e3d742532aacc9500ac779763dcf05fe02472,0.0,0.0,0.0,40.57393090426922,6.0,0.6363636363636364,0.6363636363636364,0.6363636363636364,T2,2048.0,0.0,0.475115751226743,0.8851273159186045,0.1004769802093505,6,2048.0,0.1109349240189268,0.1533653276662031,1.1896945238113403,0.1632515316208203,0.1281418999036153,1.2635933955510457,3.09819765885671,-0.030669007450342095,beneficial
benchmark-nonlinear-d10-s12504-B400-diagnostic-c0.2-none,controlled,10,nonlinear,12504,400,diagnostic,0.2,none,selected,b5a059a2706d186f51e27e0bb4c2332087e3fd836c4e7e0dcfd3716e5edac34d,12,183.13120558299124,True,27,15,6700,113779712,12700,310.9190942980349,113779712,0,0,0,2.0,benchmark-nonlinear-d10-s12504-B400,2400,runs/evaluation-09c2c04edd19499095462826e3c8e26f0b46abafbcdb2a7c156f13db26c95e2e.json,7542f8c1097717d2bfcc5e63eb10de4928bf9040c92a162af62d5a9dbc32b226,0.0,0.0,0.0,183.13120558299124,3.0,0.8333333333333334,0.9090909090909092,0.8695652173913043,T2,2048.0,0.0,0.5052987535794576,0.8967556556065878,0.0219897429148356,6,2048.0,0.0408760405846222,0.049987192886571,1.117824912071228,0.0619798519959052,0.0981205354134241,1.3372889558474224,3.146399974822998,benchmark-nonlinear-d10-s12504-B400-fixed-c0.2-none,fixed,selected,c1a942285b827d3140988b6e7743c7f3abbf08058114bf7a48c44cda34f99340,1,32.43836193904281,True,10,2,1250,70986240,5100,122.83152469061316,70986240,0,0,0,2.0,benchmark-nonlinear-d10-s12504-B400,2400,runs/evaluation-7a629d7b752e6f6b55911982b3ca54e9c3f57c449f7aae0ec086e8db10b9c74b.json,e82d0c9114785631cf11e3aaa34a93e81b5724ed360846e606e5db0f8e045018,0.0,0.0,0.0,32.43836193904281,2.0,0.9090909090909092,0.9090909090909092,0.9090909090909092,T2,2048.0,0.0,0.5001446803410848,0.8951280415058136,0.0545514027277628,6,2048.0,0.0416639988171574,0.0580451569209496,1.142586588859558,0.1119562784830729,0.113969733317693,1.320705672105153,3.1458211739857997,-0.04997642648716769,beneficial
benchmark-nonlinear-d10-s12504-B400-diagnostic-c0.5-none,controlled,10,nonlinear,12504,400,diagnostic,0.5,none,selected,769e31131476ad8a7ccaa3dd2f0fc830d84eb4c950db3bedf0af6432e8dcc098,12,141.15078740939498,True,24,9,4650,113931776,11100,277.0221645850688,113931776,0,0,0,6.0,benchmark-nonlinear-d10-s12504-B400,2400,runs/evaluation-02a2c39d32112bc64bb9670d1e87ad09cf84b80b5efd3f550c37e9be66e1c95c.json,9852c0935dd4ef67e2a49b5c43fc4d538179a76228f73ea66ec398ed1b602c47,0.0,0.0,0.0,141.15078740939498,4.0,0.75,0.8181818181818182,0.782608695652174,T2,2048.0,0.0,0.5057689646879832,0.9032027721405028,0.0332585970560709,6,2048.0,0.0628555638525769,0.0632950759803255,1.1094998121261597,0.0687983470658461,0.090714239825805,1.3404553731282551,3.217496871948242,benchmark-nonlinear-d10-s12504-B400-fixed-c0.5-none,fixed,selected,648c56de9caa57e77e09298af7e97c1ad93754d202c7aa626732f16f414eccc1,1,42.34772837162018,True,10,4,1500,70877184,4500,110.39233092218636,70877184,0,0,0,6.0,benchmark-nonlinear-d10-s12504-B400,2400,runs/evaluation-fb5977a4a88c8b8d2e5b49eb87ce1e8dc3e657f0f636d54240227b43fb290b26.json,2aa8be3ed388890f8f5eee2927f78eab734fc80f961e3168f027ea3203f20952,0.0,0.0,0.0,42.34772837162018,6.0,0.6363636363636364,0.6363636363636364,0.6363636363636364,T2,2048.0,0.0,0.4827835659186045,0.8907244602839152,0.0818470319112141,6,2048.0,0.1083825693317065,0.1217924710363149,1.1598752737045288,0.1427139602601528,0.1039756176372369,1.27815047899882,3.1309568881988525,-0.07391561319430669,beneficial
benchmark-nonlinear-d10-s12505-B100-diagnostic-c0.2-none,controlled,10,nonlinear,12505,100,diagnostic,0.2,none,selected,ef7b1a72ec3159b0049a8cb5f2b0a1061561da81901ebab5757568eec5c9a01a,12,139.5397918485105,True,24,11,4500,113305600,10600,269.39294792898,113305600,0,0,0,3.0,benchmark-nonlinear-d10-s12505-B100,600,runs/evaluation-5672ee90151555860a4aa532746415fa90514420f4045b53c21aee1af8c994ca.json,bc5b0c607aaefaba9a6e6d1c9948b8c3f542b38be105a12f34ca929feb6f0312,0.0,0.0,0.0,139.5397918485105,5.0,0.7647058823529411,0.7647058823529411,0.7647058823529411,T2,2048.0,0.0,0.4986527065436045,0.9032389322916666,0.0846954981486002,6,2048.0,0.1250447188128486,0.1627958342432975,1.2579166889190674,0.1704726728300253,0.1600528048972288,1.3121737241744995,3.301751414934794,benchmark-nonlinear-d10-s12505-B100-fixed-c0.2-none,fixed,selected,635b20a06dcc3e7813556f0a6e0dd5cdf76e3123f5964bc667bd192989d2c0f3,1,25.360043454915285,True,10,3,950,70947328,5200,127.45423616655172,70947328,0,0,0,3.0,benchmark-nonlinear-d10-s12505-B100,600,runs/evaluation-a052c146575377200721b7e8eba2febbb272db2f76c432c6862e25dc64a9a356.json,9d00db43c029fd0350caf7ce90222ec502efe7e875bcf0c5bfb3898c93f54f85,0.0,0.0,0.0,25.360043454915285,3.0,0.8823529411764706,0.8823529411764706,0.8823529411764706,T2,2048.0,0.0,0.5036440292994181,0.9061415096124014,0.0977157354354858,6,2048.0,0.1267552059517103,0.1729227378964424,1.2497230768203735,0.1851599713166555,0.2715390051404635,1.3338579336802163,3.3643842935562134,-0.014687298486630196,beneficial
benchmark-nonlinear-d10-s12505-B100-diagnostic-c0.5-none,controlled,10,nonlinear,12505,100,diagnostic,0.5,none,selected,0d797cd0e813e0cc85cdc8f8e480f7b64909e58b00714d630ac4cb2dcce79389,12,106.41169070079924,True,26,9,3350,113780224,11250,288.10607920214534,113780224,0,0,0,6.0,benchmark-nonlinear-d10-s12505-B100,600,runs/evaluation-e14db3dce8e513cd4cf4cd23327abb6f9cb01c08e902bd024f218281d266581a.json,b6f62069c9412ab2fdd4991d5da538fa484a4d8fb5dbfb4c12aab6a21d620cdc,0.0,0.0,0.0,106.41169070079924,7.0,0.75,0.7058823529411765,0.7272727272727273,T2,2048.0,0.0,0.4971336175998052,0.9031304319699606,0.0579333305358886,6,2048.0,0.1348564901080577,0.1690719301501909,1.2772345542907717,0.1623203170796235,0.1318538164099057,1.3021531303723652,3.2641226053237915,benchmark-nonlinear-d10-s12505-B100-fixed-c0.5-none,fixed,selected,2ea441dd505243368ce89c7c15d3cf601c87ed8c390b311965d7942f2e034a8c,1,47.20822148211301,True,10,4,1700,70788608,4550,115.70866821706296,70788608,0,0,0,6.0,benchmark-nonlinear-d10-s12505-B100,600,runs/evaluation-4c512a4e8e744b91691d3c1d590c2db2f655fff7d80a94001af54474e5d15f7b.json,9b07bfe520e4ef19bdd8320389d7443af4b0b2a7910fa2ad5562c642c2c91fbd,0.0,0.0,0.0,47.20822148211301,6.0,0.8125,0.7647058823529411,0.7878787878787878,T2,2048.0,0.0,0.4948549717664718,0.8998661637306213,0.0529730319976806,6,2048.0,0.1240302451922899,0.1568328142166137,1.274446964263916,0.1519169211387634,0.1208895059923331,1.2918245395024617,3.2278905312220254,0.010403395940860094,harmful
benchmark-nonlinear-d10-s12505-B400-diagnostic-c0.2-none,controlled,10,nonlinear,12505,400,diagnostic,0.2,none,selected,fe0a80d8ffcf8ed3c5798925141c09dc9a7fa1737e4ab82c6a3cd3eeb0c37121,12,158.3191951084882,True,24,12,5350,113779200,11600,299.51897258497775,113779200,0,0,0,3.0,benchmark-nonlinear-d10-s12505-B400,2400,runs/evaluation-2e5ab84a0c0a08602f7e383282d976c82239b9713d06ab90910ef0530b2607e8.json,d1deedd98e957d01d8aea113f6dc3c211f65098b07ffef2159333ebdeb649275,0.0,0.0,0.0,158.3191951084882,4.0,0.7777777777777778,0.8235294117647058,0.8,T2,2048.0,0.0,0.4910662720600764,0.894883910814921,0.0285638570785522,6,2048.0,0.0951698253150767,0.1227432762583096,1.200513243675232,0.1138313114643096,0.0914992627998193,1.2679628133773804,3.157177368799845,benchmark-nonlinear-d10-s12505-B400-fixed-c0.2-none,fixed,selected,635b20a06dcc3e7813556f0a6e0dd5cdf76e3123f5964bc667bd192989d2c0f3,1,33.773963099345565,True,10,3,1250,70793728,5000,125.98324003070591,70793728,0,0,0,3.0,benchmark-nonlinear-d10-s12505-B400,2400,runs/evaluation-4cf57a26c000709b28267b123704aeef4c61002363350474d36a05f20355d845.json,0b951df973fbf24a2bd7d5a3d09f4fb2a47a65841d19ea381fff81632516dd59,0.0,0.0,0.0,33.773963099345565,3.0,0.8823529411764706,0.8823529411764706,0.8823529411764706,T2,2048.0,0.0,0.4968804369370143,0.8982837994893392,0.0688445568084716,6,2048.0,0.1206105918960473,0.1402996275573969,1.2191270589828491,0.1548761799931526,0.1374677916367848,1.2993885080019634,3.215970277786255,-0.041044868528842995,beneficial
benchmark-nonlinear-d10-s12505-B400-diagnostic-c0.5-none,controlled,10,nonlinear,12505,400,diagnostic,0.5,none,selected,add7a24f29ae571d436f6c9c6bcd7a00c32dfa8512eae6a946e9a665a97c75f3,12,132.10212906450033,True,27,9,4250,113739264,13050,336.5315050780773,113739264,0,0,0,6.0,benchmark-nonlinear-d10-s12505-B400,2400,runs/evaluation-81ac2e963ea0a89b51a231f8a5b8b53ffac0486b4f77a68bac9969d812747b2c.json,768dce783d08ef88b16399b1d820e35c18f95f57a4aa4e12e57de56fe90aaf7f,0.0,0.0,0.0,132.10212906450033,6.0,0.8125,0.7647058823529411,0.7878787878787878,T2,2048.0,0.0,0.4965277860562007,0.8987539907296499,0.0352742274602254,6,2048.0,0.0988764607017765,0.12654008778433,1.2379302978515625,0.1286025842030843,0.0937293022871017,1.285347859064738,3.190399169921875,benchmark-nonlinear-d10-s12505-B400-fixed-c0.5-none,fixed,selected,2ea441dd505243368ce89c7c15d3cf601c87ed8c390b311965d7942f2e034a8c,1,33.336773646995425,True,10,3,1200,70858240,4650,121.17191306874156,70858240,0,0,0,6.0,benchmark-nonlinear-d10-s12505-B400,2400,runs/evaluation-603d3a400a3fd06912f22f6ffe65c279e8365fb029c911e972dc738460517d6b.json,02ada51c3681498b805e6f8b99bc41144c1adf087f0d7ad4ddabe263d5fa28c7,0.0,0.0,0.0,33.336773646995425,6.0,0.8125,0.7647058823529411,0.7878787878787878,T2,2048.0,0.0,0.4930826872587204,0.8951823016007742,0.0539462566375732,6,2048.0,0.125500849733757,0.1564602522800366,1.2477346658706665,0.1497662054995695,0.101929726699988,1.2820717493693037,3.1766908963521323,-0.02116362129648522,beneficial
benchmark-heteroscedastic-d10-s13501-B100-diagnostic-c0.2-none,controlled,10,heteroscedastic,13501,100,diagnostic,0.2,none,selected,e9d3b00352a05b59e000a0ffd6ade235616d19c5b97124f36a4c300467c9a8e9,7,73.36361831240356,True,21,7,2450,111587840,8350,208.2556186299771,111587840,0,0,0,2.0,benchmark-heteroscedastic-d10-s13501-B100,600,runs/evaluation-27c308df0e00bd449b1d120d61be76bd6bbd572b1086441e838391c991665e32.json,da892f8a0bd0c6139ff16e77fe34e6c2ae20e780a8a4f4f356731883dc1bdbf7,0.0,0.0,0.0,73.36361831240356,2.0,0.9090909090909092,0.9090909090909092,0.9090909090909092,T2,2048.0,0.0,0.4979202896356582,0.9010959168275198,0.0010595719019571,6,2048.0,0.0512288861795129,0.0572861886272827,1.22920024394989,0.0769641262789567,0.0936352759599685,1.2918307582537334,3.230634609858195,benchmark-heteroscedastic-d10-s13501-B100-fixed-c0.2-none,fixed,selected,e9d3b00352a05b59e000a0ffd6ade235616d19c5b97124f36a4c300467c9a8e9,1,8.764889251440763,True,10,1,300,70056960,4100,102.85647964663804,70056960,0,0,0,2.0,benchmark-heteroscedastic-d10-s13501-B100,600,runs/evaluation-27c308df0e00bd449b1d120d61be76bd6bbd572b1086441e838391c991665e32.json,da892f8a0bd0c6139ff16e77fe34e6c2ae20e780a8a4f4f356731883dc1bdbf7,0.0,0.0,0.0,8.764889251440763,2.0,0.9090909090909092,0.9090909090909092,0.9090909090909092,T2,2048.0,0.0,0.4979202896356582,0.9010959168275198,0.0010595719019571,6,2048.0,0.0512288861795129,0.0572861886272827,1.22920024394989,0.0769641262789567,0.0936352759599685,1.2918307582537334,3.230634609858195,0.0,neutral
benchmark-heteroscedastic-d10-s13501-B100-diagnostic-c0.5-none,controlled,10,heteroscedastic,13501,100,diagnostic,0.5,none,selected,594e7e42593b9a010a55aa83e9ea3ec14784ed9e9a683dd682bf180d270da572,10,64.74993568658829,True,23,6,1900,112298496,9350,235.52151737734675,112298496,0,0,0,5.0,benchmark-heteroscedastic-d10-s13501-B100,600,runs/evaluation-3ea417d8bea98e2316d856e5f47e26494c7330e54b5589bf85c79c36d400db4c.json,640f5e9d8d8693a740918fd5f9a329715ff2e85e5e9fe7cb7704b920aa11b28d,0.0,0.0,0.0,64.74993568658829,4.0,0.8181818181818182,0.8181818181818182,0.8181818181818182,T2,2048.0,0.0,0.4973958383003871,0.8993598222732544,0.0044474204381306,6,2048.0,0.0518924434955386,0.0604309104382991,1.2361688613891602,0.0818303835888703,0.0924452071388562,1.2898217837015789,3.2189395427703857,benchmark-heteroscedastic-d10-s13501-B100-fixed-c0.5-none,fixed,selected,8c96c0c555a1ab764c5a70a1270cef64b7a91e3c2736f9bc55e86d314c06d4e4,1,33.7381416130811,True,10,3,1250,70592000,4450,111.87971250340344,70592000,0,0,0,5.0,benchmark-heteroscedastic-d10-s13501-B100,600,runs/evaluation-11ca8c89ffe9dfaecc574eae8edee1c9673ab66b6e5f00633fb62b842fd9f073.json,3912de32d5ca855c96405e4ebbd3cf3e7b8f2bf908660db60115590d04fcbb63,0.0,0.0,0.0,33.7381416130811,5.0,0.7272727272727273,0.7272727272727273,0.7272727272727273,T2,2048.0,0.0,0.4839680989583333,0.8887170851230621,0.0399212837219238,6,2048.0,0.097709131299554,0.1129546159257491,1.2478309869766235,0.1169962224860986,0.0964749827980995,1.2544012268384297,3.1401455402374268,-0.035165838897228296,beneficial
benchmark-heteroscedastic-d10-s13501-B400-diagnostic-c0.2-none,controlled,10,heteroscedastic,13501,400,diagnostic,0.2,none,selected,e9d3b00352a05b59e000a0ffd6ade235616d19c5b97124f36a4c300467c9a8e9,7,64.88461317680776,True,21,6,2050,110992896,9800,248.8673733044416,110992896,0,0,0,2.0,benchmark-heteroscedastic-d10-s13501-B400,2400,runs/evaluation-980ae2f758ada7a3c75f649306980ab402f91d52ebde995801eef680ec0c6917.json,2943110de18c37d324ecb82f7d45fbb2d1ef7abb76dcce173a6302bebadbda8a,0.0,0.0,0.0,64.88461317680776,2.0,0.9090909090909092,0.9090909090909092,0.9090909090909092,T2,2048.0,0.0,0.4973506232102712,0.9027235408624014,-0.0022085905075073,6,2048.0,0.0399145472485109,0.0476026441901922,1.2121962308883667,0.0684701291223367,0.057521853595972,1.2881839275360107,3.226761102676392,benchmark-heteroscedastic-d10-s13501-B400-fixed-c0.2-none,fixed,selected,e9d3b00352a05b59e000a0ffd6ade235616d19c5b97124f36a4c300467c9a8e9,1,19.408649880439043,True,10,1,650,70083072,5500,138.60718492046,70083072,0,0,0,2.0,benchmark-heteroscedastic-d10-s13501-B400,2400,runs/evaluation-980ae2f758ada7a3c75f649306980ab402f91d52ebde995801eef680ec0c6917.json,2943110de18c37d324ecb82f7d45fbb2d1ef7abb76dcce173a6302bebadbda8a,0.0,0.0,0.0,19.408649880439043,2.0,0.9090909090909092,0.9090909090909092,0.9090909090909092,T2,2048.0,0.0,0.4973506232102712,0.9027235408624014,-0.0022085905075073,6,2048.0,0.0399145472485109,0.0476026441901922,1.2121962308883667,0.0684701291223367,0.057521853595972,1.2881839275360107,3.226761102676392,0.0,neutral
benchmark-heteroscedastic-d10-s13501-B400-diagnostic-c0.5-none,controlled,10,heteroscedastic,13501,400,diagnostic,0.5,none,selected,c8b747e86c0c2dd58bf458c050cd3728cd5a7ccc7759815af440ed20be96ec5b,12,99.77183573320508,True,26,8,3000,112418304,12400,316.49226582050323,112418304,0,0,0,5.0,benchmark-heteroscedastic-d10-s13501-B400,2400,runs/evaluation-5c26834229d7f36f2545679e5f0759c3c5da87cfeb0b62f8f35530da7ec10532.json,922b43ca13decb172046d3b334fb5e405f5f158fdb5a6d5bdc63d3a8f047bfab,0.0,0.0,0.0,99.77183573320508,4.0,0.75,0.8181818181818182,0.782608695652174,T2,2048.0,0.0,0.4888057013352712,0.8987720807393392,0.0304570198059082,6,2048.0,0.0890404498380712,0.0990827723095814,1.2108925580978394,0.0945317856967449,0.0763982062538464,1.270496666431427,3.2135473489761357,benchmark-heteroscedastic-d10-s13501-B400-fixed-c0.5-none,fixed,selected,8c96c0c555a1ab764c5a70a1270cef64b7a91e3c2736f9bc55e86d314c06d4e4,1,39.60811541602016,True,10,3,1400,69937152,5350,134.31164490245283,69937152,0,0,0,5.0,benchmark-heteroscedastic-d10-s13501-B400,2400,runs/evaluation-45c69b7482812b89575914e0774c68ae6922aedee62097ea14984c2cae1f93f0.json,239f0713f8fbc50e1d793c9bb0aeb6dd5e9d0ba114729e0b746e564d0f82b068,0.0,0.0,0.0,39.60811541602016,5.0,0.7272727272727273,0.7272727272727273,0.7272727272727273,T2,2048.0,0.0,0.4875849982102712,0.8986726105213165,0.0421433051427205,6,2048.0,0.09161189588061,0.1256563204030195,1.2255433797836304,0.1231152092417081,0.0732463958362738,1.2694420218467712,3.211203694343567,-0.028583423544963196,beneficial
benchmark-heteroscedastic-d10-s13502-B100-diagnostic-c0.2-none,controlled,10,heteroscedastic,13502,100,diagnostic,0.2,none,selected,38b058374b9ec35822820eaf88e6a472d14d74b315cec0311cd413ff00003fce,10,82.81337110511959,True,21,6,2650,111915520,9700,239.2993188798428,111915520,0,0,0,1.0,benchmark-heteroscedastic-d10-s13502-B100,600,runs/evaluation-5f8815fdd4c0647ac9c8958baa2483bebba77f8e065f46f9a293f0ecefc4b346.json,e8e4864e639e5b9d17e21b3c8a705e45205c16961cf43cfc9b2a8bdc0e5b949e,0.0,0.0,0.0,82.81337110511959,0.0,1.0,1.0,1.0,T2,2048.0,0.0,0.516719122727712,0.9049840966860452,0.0246647596359252,6,2048.0,0.0546101001878726,0.0744950224955876,1.2010033130645752,0.0752101329465707,0.139525738855203,1.259438673655192,3.1270002921422324,benchmark-heteroscedastic-d10-s13502-B100-fixed-c0.2-none,fixed,selected,04bf9c9463df34193dc5256b70ca529c381cbb73755a0084758dde68c1639062,1,1.598183836787939,True,10,0,0,69756416,4550,111.46815340779722,69756416,0,0,0,1.0,benchmark-heteroscedastic-d10-s13502-B100,600,runs/evaluation-f0fc4dd37ef094b3a6a643794e304fb801022797a33a4f125f6b4f2c185f58c6.json,0b6f5c1d80cd732a27bc69f20fca0fe3113ad49d8d8e638534823fdfbfbb159d,0.0,0.0,0.0,1.598183836787939,1.0,0.8571428571428571,0.8571428571428571,0.8571428571428571,T2,2048.0,0.0,0.4989239772160848,0.8971987167994181,0.1549748579661051,6,2048.0,0.1324446908124952,0.2062018699944019,1.220240354537964,0.1841992909709612,0.1723863507310549,1.2578686873118083,3.1455314556757608,-0.10898915802439049,beneficial
benchmark-heteroscedastic-d10-s13502-B100-diagnostic-c0.5-none,controlled,10,heteroscedastic,13502,100,diagnostic,0.5,none,selected,75f151dda14af42fe76f2fd0daed2baf8c36db6d79aa25acdfef74d4f0dbb668,12,75.88664864003658,True,23,6,2250,112813568,9400,232.7204712703824,112813568,0,0,0,4.0,benchmark-heteroscedastic-d10-s13502-B100,600,runs/evaluation-3fbc2b4a67b66584ac6817e4de8261ef9ce2eb1b05ec09e7de87fe3b2362a555.json,f44b1b96376ebe91cfd1e406d312415dd5521190e2375a8eb72a840d9c8ffd46,0.0,0.0,0.0,75.88664864003658,2.0,0.7777777777777778,1.0,0.875,T2,2048.0,0.0,0.5155526697635651,0.9043059249718984,0.0254697402318318,6,2048.0,0.0567742621892793,0.076098362604777,1.2024366855621338,0.0779974001149336,0.1551221907138824,1.2538193662961323,3.1171913146972656,benchmark-heteroscedastic-d10-s13502-B100-fixed-c0.5-none,fixed,selected,a724aa7901985f68d1996bd2ed9484c814f9bdda605694b3b68604e2e7f70e7d,1,9.51617198996246,True,10,1,300,70067712,3550,87.25018757022917,70067712,0,0,0,4.0,benchmark-heteroscedastic-d10-s13502-B100,600,runs/evaluation-a54a32efad2ff81ae03144c8ab7f422c8d7af47ac5f6288025618230ef5e7fdb.json,c6f5af22d8901621408961832e95e7a8024df89a46f53941f1c96b3f0e785bf5,0.0,0.0,0.0,9.51617198996246,4.0,0.625,0.7142857142857143,0.6666666666666666,T2,2048.0,0.0,0.4914279629786809,0.8935004274050394,0.193205197652181,6,2048.0,0.1681874038871135,0.2515075989067554,1.261578917503357,0.2254435867071151,0.1844917784134546,1.242770532766978,3.127088268597921,-0.1474461865921815,beneficial
benchmark-heteroscedastic-d10-s13502-B400-diagnostic-c0.2-none,controlled,10,heteroscedastic,13502,400,diagnostic,0.2,none,selected,38b058374b9ec35822820eaf88e6a472d14d74b315cec0311cd413ff00003fce,10,91.56937986984848,True,24,6,2950,111881728,13600,339.19154778309166,111881728,0,0,0,1.0,benchmark-heteroscedastic-d10-s13502-B400,2400,runs/evaluation-1e41b082767880c82f5c4524c33f4f5eba7cd330e90fda8d3400407c710cbf1f.json,728ae66809ccb0dbeebda3c323a67f330aacfeea28282083f19de9199b95355e,0.0,0.0,0.0,91.56937986984848,0.0,1.0,1.0,1.0,T2,2048.0,0.0,0.5078215450048447,0.905228227376938,0.0225825707117716,6,2048.0,0.0354635327457471,0.0552149321883916,1.1687577962875366,0.0578148296723763,0.0760081764310598,1.226828118165334,3.145830710728964,benchmark-heteroscedastic-d10-s13502-B400-fixed-c0.2-none,fixed,selected,04bf9c9463df34193dc5256b70ca529c381cbb73755a0084758dde68c1639062,1,1.6613514255732298,True,10,0,0,69785600,6700,162.78311606682837,69785600,0,0,0,1.0,benchmark-heteroscedastic-d10-s13502-B400,2400,runs/evaluation-d8976e5ad6dd7f86beddbf70ace927dc48bccfd62e7fe5813666717cd050c0ab.json,203581f9978156c0e778943c88d71a9f32dab51fdc8afd7fbe10989fd7c52022,0.0,0.0,0.0,1.6613514255732298,1.0,0.8571428571428571,0.8571428571428571,0.8571428571428571,T2,2048.0,0.0,0.493399163087209,0.8970178663730621,0.1589459975560506,6,2048.0,0.1247232467970548,0.2040376563866933,1.1927858591079712,0.1794110710422198,0.1244100506107012,1.2356889645258586,3.166370749473572,-0.12159624136984348,beneficial
benchmark-heteroscedastic-d10-s13502-B400-diagnostic-c0.5-none,controlled,10,heteroscedastic,13502,400,diagnostic,0.5,none,selected,75f151dda14af42fe76f2fd0daed2baf8c36db6d79aa25acdfef74d4f0dbb668,12,67.48345955274999,True,22,4,1900,112651776,12400,314.0809037461877,112651776,0,0,0,4.0,benchmark-heteroscedastic-d10-s13502-B400,2400,runs/evaluation-559c76a31f73822644aff8867baf12486f9c0a81c88033d698aa8c8834df0e34.json,f2f93d790be9c6fc7a749310d86c2bf585499e6058180b94d589556902f97fd0,0.0,0.0,0.0,67.48345955274999,2.0,0.7777777777777778,1.0,0.875,T2,2048.0,0.0,0.5045844167470932,0.9038538138071696,0.025410771369934,6,2048.0,0.0355736725643022,0.0632697977125644,1.1717722415924072,0.0625490465511878,0.0784493070095777,1.2183582584063213,3.141254186630249,benchmark-heteroscedastic-d10-s13502-B400-fixed-c0.5-none,fixed,selected,a724aa7901985f68d1996bd2ed9484c814f9bdda605694b3b68604e2e7f70e7d,1,10.89633415453136,True,10,1,350,70049792,6150,153.8801081050187,70049792,0,0,0,4.0,benchmark-heteroscedastic-d10-s13502-B400,2400,runs/evaluation-f6e6bfc5ccb697a813eda9f9fdf6d13fb1a2c6bacf2f5b6c7b219faf92fa07f1.json,adc38a457c14c73c934b9eb128c772c6dc803108bca72dc359eb544e09d09d4b,0.0,0.0,0.0,10.89633415453136,4.0,0.625,0.7142857142857143,0.6666666666666666,T2,2048.0,0.0,0.4895019481579463,0.8919270733992258,0.1876640717188517,6,2048.0,0.1777418399072454,0.2446248643100261,1.2443585395812988,0.21819860364,0.1641195441285769,1.2314407229423523,3.1568294763565063,-0.15564955708881217,beneficial
benchmark-heteroscedastic-d10-s13503-B100-diagnostic-c0.2-none,controlled,10,heteroscedastic,13503,100,diagnostic,0.2,none,selected,b3202e31076a73c969c1c416919a7c9db6e66048ecb25211a81d7f7ce56e22b4,12,138.0905203614384,True,26,11,4450,112566272,11000,283.7969335876405,112566272,0,0,0,2.0,benchmark-heteroscedastic-d10-s13503-B100,600,runs/evaluation-0012d3392e301b8e6a2151aa7c33072504f298bd049dde79d730483b591ed1d2.json,742c7dde312a7b6f9f102498abb84117b51f9ba557e43cc4a48a8936a2018cd7,0.0,0.0,0.0,138.0905203614384,1.0,1.0,0.9166666666666666,0.9565217391304348,T2,2048.0,0.0,0.5071524232625961,0.8975332776705424,0.0294538338979085,6,2048.0,0.0533561353631152,0.0825495806833108,1.2474812269210815,0.0816298040250937,0.1063466009994347,1.2927971482276917,3.1983728806177774,benchmark-heteroscedastic-d10-s13503-B100-fixed-c0.2-none,fixed,selected,95324a20a40b7cde85cc7df08da1ccc834d0465b4b4ff83830bbeeb39cd8aec3,1,17.262310653924942,True,10,2,600,69860864,4650,117.64492731168866,69860864,0,0,0,2.0,benchmark-heteroscedastic-d10-s13503-B100,600,runs/evaluation-f737b17df0aa3831d0039cafe92e3a255d2c3ad50999ccffa5f9a909b323cd85.json,cf61067c0d2e568c89c66f629834af8d7d72939249202d9ed623f9a4df3b8ef1,0.0,0.0,0.0,17.262310653924942,2.0,0.9090909090909092,0.8333333333333334,0.8695652173913043,T2,2048.0,0.0,0.4923954755067825,0.8897750377655029,0.0491799513498942,6,2048.0,0.0857985991413661,0.1165999863296747,1.2615231275558472,0.1163782998919487,0.1225047719975312,1.2461478114128113,3.1331367095311484,-0.034748495866854995,beneficial
benchmark-heteroscedastic-d10-s13503-B100-diagnostic-c0.5-none,controlled,10,heteroscedastic,13503,100,diagnostic,0.5,none,selected,49f489ff986ed4bb313c11ce669d391302893715c6457916a9fe580a00fe0d84,7,36.207520347088575,True,21,3,1000,111216640,8650,222.5719564910978,111216640,0,0,0,4.0,benchmark-heteroscedastic-d10-s13503-B100,600,runs/evaluation-714e4a816652e4bd4b75128fd82b6a166c525b59036c7d7b5df4573a13cc06c0.json,6a3e6fd28a92e5153b976b911f916e994b1f9720c6e171d5098dc0faf7546f70,0.0,0.0,0.0,36.207520347088575,4.0,0.8333333333333334,0.8333333333333334,0.8333333333333334,T2,2048.0,0.0,0.5076045344273249,0.898193359375,0.0296471118927001,6,2048.0,0.0550954761150838,0.0801704283803701,1.264525294303894,0.0872191277643044,0.113836379100879,1.292339324951172,3.1978337367375693,benchmark-heteroscedastic-d10-s13503-B100-fixed-c0.5-none,fixed,selected,49f489ff986ed4bb313c11ce669d391302893715c6457916a9fe580a00fe0d84,1,32.20483837462962,True,10,3,1200,69716992,4100,107.08126628957687,69716992,0,0,0,4.0,benchmark-heteroscedastic-d10-s13503-B100,600,runs/evaluation-714e4a816652e4bd4b75128fd82b6a166c525b59036c7d7b5df4573a13cc06c0.json,6a3e6fd28a92e5153b976b911f916e994b1f9720c6e171d5098dc0faf7546f70,0.0,0.0,0.0,32.20483837462962,4.0,0.8333333333333334,0.8333333333333334,0.8333333333333334,T2,2048.0,0.0,0.5076045344273249,0.898193359375,0.0296471118927001,6,2048.0,0.0550954761150838,0.0801704283803701,1.264525294303894,0.0872191277643044,0.113836379100879,1.292339324951172,3.1978337367375693,0.0,neutral
benchmark-heteroscedastic-d10-s13503-B400-diagnostic-c0.2-none,controlled,10,heteroscedastic,13503,400,diagnostic,0.2,none,selected,69aa820d770faa327cb205ee39a82cc69c606384a5fd07e9abd11839da60095f,12,167.93749425187707,True,28,13,5750,112827392,14300,363.9169558286667,112827392,0,0,0,2.0,benchmark-heteroscedastic-d10-s13503-B400,2400,runs/evaluation-6e494bad03067ca51176694eacbb0e814b411694157d64a322f39867377a9318.json,7b793ede98f635f51c10e23c37fb2ea44d05fbeeaf90e674aba6dae968cf6db6,0.0,0.0,0.0,167.93749425187707,2.0,0.9090909090909092,0.8333333333333334,0.8695652173913043,T2,2048.0,0.0,0.4965549111366272,0.897081176439921,0.0329077243804931,6,2048.0,0.0747964538805439,0.0899731069803237,1.2360455989837646,0.0834311681489149,0.0759022713949282,1.2528781294822693,3.1780852476755777,benchmark-heteroscedastic-d10-s13503-B400-fixed-c0.2-none,fixed,selected,95324a20a40b7cde85cc7df08da1ccc834d0465b4b4ff83830bbeeb39cd8aec3,1,28.24913047812879,True,10,2,1000,69763072,5800,145.1997585017234,69763072,0,0,0,2.0,benchmark-heteroscedastic-d10-s13503-B400,2400,runs/evaluation-7bcbe82d68201b0244ab28507690e7b2d292f8b0c767efab66a73eb2c6a05ad1.json,9e2be4da6fcbcd29ca5c72cd78d5bdace8d2d57323c4ae23fb5dbcb13cb4ca1a,0.0,0.0,0.0,28.24913047812879,2.0,0.9090909090909092,0.8333333333333334,0.8695652173913043,T2,2048.0,0.0,0.4849446713924408,0.8869990706443787,0.0477478106816609,6,2048.0,0.0954878135148394,0.1123417640725771,1.252995491027832,0.1111015503605206,0.1052876493583123,1.2199416756629944,3.1130795081456504,-0.027670382211605712,beneficial
benchmark-heteroscedastic-d10-s13503-B400-diagnostic-c0.5-none,controlled,10,heteroscedastic,13503,400,diagnostic,0.5,none,selected,899ee1f78d665d34c29f5e038778ec4af8830680a294fd22152f5a4e5c4175a5,12,60.52635636180639,True,22,4,1550,113005056,10150,260.4521682076156,113005056,0,0,0,4.0,benchmark-heteroscedastic-d10-s13503-B400,2400,runs/evaluation-6d1520dd5e0edc82685831a21557d637d587b40a675374baac60664175a8a909.json,72efc368260e5e0224a158020635131730a1a2cb98d36d7f43a79af0acdf0edc,0.0,0.0,0.0,60.52635636180639,4.0,0.7692307692307693,0.8333333333333334,0.8,T2,2048.0,0.0,0.4914008229970932,0.8946849703788757,0.0340329806009928,6,2048.0,0.0733419172214641,0.0929389751205841,1.2370092868804932,0.0860912799835205,0.0783950307716925,1.2381089131037395,3.151277224222819,benchmark-heteroscedastic-d10-s13503-B400-fixed-c0.5-none,fixed,selected,49f489ff986ed4bb313c11ce669d391302893715c6457916a9fe580a00fe0d84,1,23.47450871579349,True,10,2,850,69853184,4950,128.47510478273034,69853184,0,0,0,4.0,benchmark-heteroscedastic-d10-s13503-B400,2400,runs/evaluation-bb4cc2e0172e5f10f35a7d12edfafeaa2b83d87b3d4b60d187d9dc5636dd0daf.json,cbcc7bd6d0c10920cf485fb2468c905309b40306678b0ef8be3e0b4e1753e8c0,0.0,0.0,0.0,23.47450871579349,4.0,0.8333333333333334,0.8333333333333334,0.8333333333333334,T2,2048.0,0.0,0.4886971960465113,0.8924244145552317,0.0196384191513061,6,2048.0,0.0462650859117996,0.0515427303810914,1.2459291219711304,0.0714151908953984,0.0800108655045429,1.228811005751292,3.128064235051473,0.014676089088122096,harmful
benchmark-heteroscedastic-d10-s13504-B100-diagnostic-c0.2-none,controlled,10,heteroscedastic,13504,100,diagnostic,0.2,none,selected,eed785de38323f65ab06cc9743a2832e3535358f41e21a86f6a05fd2a6e6b30f,10,88.68706414289773,True,22,9,2850,112210432,7950,200.75581293925643,112210432,0,0,0,3.0,benchmark-heteroscedastic-d10-s13504-B100,600,runs/evaluation-d5dc320996b18c5d9e87cd2ed5f466f144363ff8721d470bedeab494359433e3.json,3952ab4d45acc4cd1bf3389597772d064bb84cb5fa4d5c22ad738a3a5509271b,0.0,0.0,0.0,88.68706414289773,3.0,0.8823529411764706,0.8823529411764706,0.8823529411764706,T2,2048.0,0.0,0.4921151647965113,0.8932924667994181,0.1064273516337076,6,2048.0,0.1355787261166552,0.1860118272403876,1.2704814672470093,0.1637039023141066,0.1735693104565143,1.2995578050613403,3.2100403706232705,benchmark-heteroscedastic-d10-s13504-B100-fixed-c0.2-none,fixed,selected,3e36ad32b3fff41afb14a629db3161747405c190ba13a4ec504d072108b6c8e3,1,25.24194698408246,True,10,3,950,69796864,4100,104.58886065334082,69796864,0,0,0,3.0,benchmark-heteroscedastic-d10-s13504-B100,600,runs/evaluation-72c5e5f50bff35a86b9ef252e6c4faae8413e4d0ef6ab8a9f7b29078c58519fe.json,ccaccc8ec7f1d1cfff14c6b3659edd92e67e7f9bf2313109d3a111112fa832f8,0.0,0.0,0.0,25.24194698408246,3.0,0.8823529411764706,0.8823529411764706,0.8823529411764706,T2,2048.0,0.0,0.4943033953507741,0.8969726661841074,0.0856924454371134,6,2048.0,0.1300586273220255,0.1561963663746913,1.2725833654403689,0.1431296380857626,0.1752110918362935,1.2924389044443767,3.23422634601593,0.02057426422834399,harmful
benchmark-heteroscedastic-d10-s13504-B100-diagnostic-c0.5-none,controlled,10,heteroscedastic,13504,100,diagnostic,0.5,none,selected,f76abdc2d45278c0496763e8c7d1359af0207cd8e47e1f9cf60f0f0a0503332f,12,84.80072239786386,True,22,7,2450,112709632,8350,211.80107079073787,112709632,0,0,0,6.0,benchmark-heteroscedastic-d10-s13504-B100,600,runs/evaluation-c228dc90f9f18861a4431f0a0059febdd3dcd335bb81dc0c1ed01db83c004bb5.json,3ecf3ffe46abea58463a9c6455d6eb3f2998bbc0e66f1d15126c0c740fda3adc,0.0,0.0,0.0,84.80072239786386,5.0,0.875,0.8235294117647058,0.8484848484848485,T2,2048.0,0.0,0.4997829894224803,0.9044234851996104,0.1581872304280599,6,2048.0,0.1419416601738995,0.2120092834035555,1.2856285572052002,0.2011737364033858,0.2229549015561739,1.3320227265357971,3.330796718597412,benchmark-heteroscedastic-d10-s13504-B100-fixed-c0.5-none,fixed,selected,dbdaa17b54631eefd7271407799992b6b48d3536111addd77b26250f9fc5a95e,1,51.00355162285268,True,10,6,2000,69747712,3200,79.57536988891661,69747712,0,0,0,6.0,benchmark-heteroscedastic-d10-s13504-B100,600,runs/evaluation-82d69e3bb464cf68865f0e129a93fe8bbcc2c53a62a13ffb617014a9006c13ec.json,62147a701a6a0f1f1afcdd18f01bd0dc9bf99248a12857045ce25ba72b775b64,0.0,0.0,0.0,51.00355162285268,6.0,0.8125,0.7647058823529411,0.7878787878787878,T2,2048.0,0.0,0.5031557480494181,0.9075159231821696,0.1407528718312581,6,2048.0,0.1309278086592704,0.1896260157227516,1.292980432510376,0.1857271591822306,0.2180232753356298,1.3356298208236694,3.34621810913086,0.015446577221155194,harmful
benchmark-heteroscedastic-d10-s13504-B400-diagnostic-c0.2-none,controlled,10,heteroscedastic,13504,400,diagnostic,0.2,none,selected,3e36ad32b3fff41afb14a629db3161747405c190ba13a4ec504d072108b6c8e3,7,61.96793966926634,True,17,6,2050,111295488,7200,178.13115432672203,111295488,0,0,0,3.0,benchmark-heteroscedastic-d10-s13504-B400,2400,runs/evaluation-232c58f610768d288b20238196369161f84645329ffefe681edc3528d0b75263.json,003e9c16ce6c7c59782406491fac69578eab08d5d97a03a76401a89072d4dccb,0.0,0.0,0.0,61.96793966926634,3.0,0.8823529411764706,0.8823529411764706,0.8823529411764706,T2,2048.0,0.0,0.5045030464728674,0.8999204337596893,0.0974836746851603,6,2048.0,0.1348210815174203,0.1671266841391722,1.2369598150253296,0.1486191389461358,0.1454072607060273,1.33204448223114,3.2750820318857827,benchmark-heteroscedastic-d10-s13504-B400-fixed-c0.2-none,fixed,selected,3e36ad32b3fff41afb14a629db3161747405c190ba13a4ec504d072108b6c8e3,1,28.051656752824783,True,10,3,1050,70329344,4850,120.65929245948792,70329344,0,0,0,3.0,benchmark-heteroscedastic-d10-s13504-B400,2400,runs/evaluation-232c58f610768d288b20238196369161f84645329ffefe681edc3528d0b75263.json,003e9c16ce6c7c59782406491fac69578eab08d5d97a03a76401a89072d4dccb,0.0,0.0,0.0,28.051656752824783,3.0,0.8823529411764706,0.8823529411764706,0.8823529411764706,T2,2048.0,0.0,0.5045030464728674,0.8999204337596893,0.0974836746851603,6,2048.0,0.1348210815174203,0.1671266841391722,1.2369598150253296,0.1486191389461358,0.1454072607060273,1.33204448223114,3.2750820318857827,0.0,neutral
benchmark-heteroscedastic-d10-s13504-B400-diagnostic-c0.5-none,controlled,10,heteroscedastic,13504,400,diagnostic,0.5,none,selected,f206b82e26f6c6bbc99b31badc88bd899b3483d0cc9c529c9d3524202850f319,12,102.2587393373251,True,24,8,3200,113072128,11200,276.2464311271906,113072128,0,0,0,6.0,benchmark-heteroscedastic-d10-s13504-B400,2400,runs/evaluation-a81374ef4058d518efe5714171a73d828bc3b1a37cb2a8f2d1a3940904b52755.json,be4d1cbaca80c3c3aa245c00281a5b5b9f572eb1d0d8c88695b5605e78bd9925,0.0,0.0,0.0,102.2587393373251,5.0,0.8235294117647058,0.8235294117647058,0.8235294117647058,T2,2048.0,0.0,0.5136357148488363,0.904739946126938,0.0416591962178548,6,2048.0,0.0763099710843342,0.0861311337600151,1.23418390750885,0.09763112043341,0.1111373466749986,1.330732027689616,3.2685042222340903,benchmark-heteroscedastic-d10-s13504-B400-fixed-c0.5-none,fixed,selected,dbdaa17b54631eefd7271407799992b6b48d3536111addd77b26250f9fc5a95e,1,77.83615396916866,True,10,6,3200,70006784,4850,117.4963624086231,70006784,0,0,0,6.0,benchmark-heteroscedastic-d10-s13504-B400,2400,runs/evaluation-56042f2ae5173cf5ed6aafdd14f11683ad831d1e3a4e2c1724529fc6c8dde3ca.json,3f0aabe5a968b9a36ea3bcc4ca4028c06ee1fd5c5d48e1be86ccced43dc5ef6c,0.0,0.0,0.0,77.83615396916866,6.0,0.8125,0.7647058823529411,0.7878787878787878,T2,2048.0,0.0,0.5165563573439916,0.906485120455424,0.1216501394907633,6,2048.0,0.131541432052369,0.1671336125582456,1.2698698043823242,0.1709147567550341,0.2114045719305674,1.370901783307393,3.3617276350657144,-0.07328363632162409,beneficial
benchmark-heteroscedastic-d10-s13505-B100-diagnostic-c0.2-none,controlled,10,heteroscedastic,13505,100,diagnostic,0.2,none,selected,9230aad47eff9869fe7196dc55c3b72cf3da5378a4246f289e86a8a7c967df1f,10,113.06093788146973,True,24,9,3750,112824320,11250,283.2190378196537,112824320,0,0,0,3.0,benchmark-heteroscedastic-d10-s13505-B100,600,runs/evaluation-508390bf039cbb2c412f319d8f06d94d6ce8126b4b79bd6411c3e9dfa303cb60.json,8edb919e49eeb3a3a68c740e43006e21898967f32651437c5c08245d62229518,0.0,0.0,0.0,113.06093788146973,2.0,0.9375,0.9375,0.9375,T2,2048.0,0.0,0.4919343243042628,0.8983922998110453,0.0494518677393595,6,2048.0,0.1017610368270027,0.1188614455362161,1.1487176418304443,0.110550961146752,0.1134388918677965,1.2323275009791057,3.03431502978007,benchmark-heteroscedastic-d10-s13505-B100-fixed-c0.2-none,fixed,selected,5708583b9b9db07b72afb04f22d9f520a3772161ed44ca955b38e9b773d711d2,1,30.44763843715191,True,10,3,1100,70911488,5000,125.07424220070244,70911488,0,0,0,3.0,benchmark-heteroscedastic-d10-s13505-B100,600,runs/evaluation-52e10f42a6eb5b060a981604ea048dd06a8557c20db96c21591bd866dd2a0820.json,59639c79e0bdc7dfc88f6e6578ebaf4de340d340f4e768b7599f479383c8c0f3,0.0,0.0,0.0,30.44763843715191,3.0,0.875,0.875,0.875,T2,2048.0,0.0,0.4848361661036809,0.896837035814921,0.1473483244578043,6,2048.0,0.1424555955296977,0.2204508706927299,1.17364501953125,0.1871225734551747,0.1561152140299479,1.2611047824223836,3.0723653634389243,-0.07657161230842269,beneficial
benchmark-heteroscedastic-d10-s13505-B100-diagnostic-c0.5-none,controlled,10,heteroscedastic,13505,100,diagnostic,0.5,none,selected,3a391c3e224af60e30fdc64cf41c8c362999cd1bc62fe100d522b58c42bdbdda,12,98.8445521108806,True,25,8,3150,113722368,11150,279.97539344616234,113722368,0,0,0,7.0,benchmark-heteroscedastic-d10-s13505-B100,600,runs/evaluation-bc224b93741758aa3ee0a9a8baa3db3435b225c72a9b335165c5041783a995ee.json,db69791a74f8b91617e6bed83d18dcc774bc539c8edf833c089663dcad08471e,0.0,0.0,0.0,98.8445521108806,4.0,0.875,0.875,0.875,T2,2048.0,0.0,0.4841760694980621,0.899224172035853,0.0912691354751586,6,2048.0,0.1251259087705897,0.1599833356837431,1.1599273681640625,0.1435533910989761,0.1478328530987104,1.2285033464431765,3.0928003787994385,benchmark-heteroscedastic-d10-s13505-B100-fixed-c0.5-none,fixed,selected,614e53b36de8f69b603ee6a3f2c81fc53d539b0abd779e99c489f0181b57883b,1,18.022639306262136,True,10,2,600,70755840,4550,113.16226940788329,70755840,0,0,0,7.0,benchmark-heteroscedastic-d10-s13505-B100,600,runs/evaluation-3dcfcaeff52fc2a93a5a5630df690240d9d57d233e5aec4ac17f708f5b369e0f.json,767e6c545abf102cf8d2b8542d3c4091c33004737d9eef2482bd397ec9b09e06,0.0,0.0,0.0,18.022639306262136,7.0,0.6875,0.6875,0.6875,T2,2048.0,0.0,0.4806043853362401,0.8912037213643392,0.1843307813008626,6,2048.0,0.2191453366857408,0.257014845808347,1.1983728408813477,0.2228249572217464,0.2089789609114329,1.2716373602549236,3.122790257136027,-0.07927156612277028,beneficial
benchmark-heteroscedastic-d10-s13505-B400-diagnostic-c0.2-none,controlled,10,heteroscedastic,13505,400,diagnostic,0.2,none,selected,9230aad47eff9869fe7196dc55c3b72cf3da5378a4246f289e86a8a7c967df1f,10,100.3796629011631,True,25,9,4750,112671232,14050,266.1654435954988,112671232,0,0,0,3.0,benchmark-heteroscedastic-d10-s13505-B400,2400,runs/evaluation-22eb8bef6e509d2e2460082b71e6a91e28de6647543ba969e69eb3ca968dfdc4.json,213e6f482ff66ce29dfe456d4b06ce9b7ca3e2f589ebfdf9b33f9b47c814bb28,0.0,0.0,0.0,100.3796629011631,2.0,0.9375,0.9375,0.9375,T2,2048.0,0.0,0.499656394124031,0.8992332220077515,0.0420058965682983,6,2048.0,0.0965571917668873,0.1024247395495573,1.1149177551269531,0.100882975384593,0.0854543621341387,1.241869827111562,3.030314445495605,benchmark-heteroscedastic-d10-s13505-B400-fixed-c0.2-none,fixed,selected,5708583b9b9db07b72afb04f22d9f520a3772161ed44ca955b38e9b773d711d2,1,9.691594164818524,True,10,1,450,70519808,6100,117.22178717888892,70519808,0,0,0,3.0,benchmark-heteroscedastic-d10-s13505-B400,2400,runs/evaluation-d55bd7270d0a1ddef56311341f2542171e93f8b68a4f4d52e5c7e2de2ef52376.json,8e9eb112807b0b5cbe6bd8af51461c46ceaf43248d2c06c7297f2d0ba6c087a6,0.0,0.0,0.0,9.691594164818524,3.0,0.875,0.875,0.875,T2,2048.0,0.0,0.4852882673343022,0.891474982102712,0.1086366176605224,6,2048.0,0.1396472120108898,0.1750083528459072,1.1398539543151855,0.1563543925682703,0.1224823879698912,1.243557592233022,3.0219682852427163,-0.055471417183677305,beneficial
benchmark-heteroscedastic-d10-s13505-B400-diagnostic-c0.5-none,controlled,10,heteroscedastic,13505,400,diagnostic,0.5,none,selected,3a391c3e224af60e30fdc64cf41c8c362999cd1bc62fe100d522b58c42bdbdda,12,54.30261615663767,True,28,4,2150,113399808,14800,287.82898368500173,113399808,0,0,0,7.0,benchmark-heteroscedastic-d10-s13505-B400,2400,runs/evaluation-a73608cf18145bf47f17199c0947834d81f9bbab873033c3c04dd6e40a9d06de.json,e4ec2f291ef14405f663be67f0ac4a30c36d2f738cd27bfd451afe3a80523e12,0.0,0.0,0.0,54.30261615663767,4.0,0.875,0.875,0.875,T2,2048.0,0.0,0.4977484891812007,0.8992151419321696,0.0819010734558105,6,2048.0,0.1165762088862698,0.1523944127062956,1.1368091106414795,0.1347646191716194,0.113853508606553,1.2538970311482749,3.0699406464894614,benchmark-heteroscedastic-d10-s13505-B400-fixed-c0.5-none,fixed,selected,614e53b36de8f69b603ee6a3f2c81fc53d539b0abd779e99c489f0181b57883b,1,16.31881462596357,True,10,2,850,70599680,5550,111.37845290265976,70599680,0,0,0,7.0,benchmark-heteroscedastic-d10-s13505-B400,2400,runs/evaluation-3f4a81702ac3403adb1390388f9bc7782b396107c6f42b3193f42c3a7c1b9578.json,40eeb49132753c2c216beb2a4709b8a2b11a7add62bc83d4c4caf754213e848e,0.0,0.0,0.0,16.31881462596357,7.0,0.6875,0.6875,0.6875,T2,2048.0,0.0,0.484637235601743,0.8874692618846893,0.1928365230560302,6,2048.0,0.2174359398487916,0.2705388156076272,1.1959012746810913,0.2307926478485266,0.1679510933657487,1.2764291365941365,3.0960367918014526,-0.09602802867690721,beneficial
