run_id,study,d,family,seed,budget,method,corruption,metadata_variant,stage,graph_hash,candidate_count,wall_seconds,audit_pass,unique_parent_sets,new_parent_sets,optimizer_updates,peak_vram_bytes,canonical_optimizer_updates,canonical_fit_seconds,flow_peak_vram_bytes,llm_edit_attempts,llm_edit_invalid_attempts,llm_edit_rejected_graphs,realized_initial_shd,data_id,actual_non_test_intervention_rows,evaluation_artifact,evaluation_sha256,dcdi_discovery_seconds,data_initializer_seconds,llm_initialization_seconds,method_component_seconds,shd,precision,recall,f1,actual_rows,blocks,coverage_50,coverage_90,endpoint,energy,environment,generated_rows,marginal_w1,mean_effect_rmse,mean_rmse,nll,non_target_nodes,outcome_means_actual,outcome_means_generated,sw1,variance_rmse,width_50,width_90
chambers-B400-data_only-c-1-none,real,6,real,34001,400,data_only,-1.0,none,selected,ca39719adc74c5186bd76f89ea07a33ca120ce6494c1a7d3ca9ae6745c9a52c3,11,197.09407315589488,True,16,16,10900,111228416,10900,193.33389989100397,111228416,0,0,0,,chambers-B400,7856,runs/evaluation-1b60120927869ce9d6785c59cf62cfbc381729e2267cacbd14fb2c2b5595d222.json,440806bd70b2d1f6dba4125d515aee076b4ede1ad4696152a6c3d7a6ff72a51e,0.0,0.006986634805798531,0.0,197.10105979070067,,,,,1024,103,0.4767252802848816,0.9005534052848816,observational,0.04918551445007324,uniform_reference,2048,"[0.05661127716302872, 0.06893813610076904, 0.1516813188791275, 0.08291099220514297, 0.07124461978673935, 0.07667341083288193]",2.3868642641941676e-08,0.0819733589887619,0.7613751888275146,"[0, 1, 2, 3, 4, 5]","[0.013324935920536518, -0.012884654104709625, -0.0932072252035141, -0.053829580545425415, 0.05066528171300888, 0.055166617035865784]","[0.030018454417586327, -0.0646478682756424, 0.0580245666205883, 0.01036845613270998, -0.018074337393045425, -0.01994733326137066]",0.07824718207120895,0.06516969203948975,1.6293061971664429,3.1964945793151855
chambers-B400-data_only-c-1-none,real,6,real,34001,400,data_only,-1.0,none,selected,ca39719adc74c5186bd76f89ea07a33ca120ce6494c1a7d3ca9ae6745c9a52c3,11,197.09407315589488,True,16,16,10900,111228416,10900,193.33389989100397,111228416,0,0,0,,chambers-B400,7856,runs/evaluation-1b60120927869ce9d6785c59cf62cfbc381729e2267cacbd14fb2c2b5595d222.json,440806bd70b2d1f6dba4125d515aee076b4ede1ad4696152a6c3d7a6ff72a51e,0.0,0.006986634805798531,0.0,197.10105979070067,,,,,344,35,0.47848835587501526,0.8906976580619812,T1,-0.01595449447631836,uniform_red_mid,2048,"[0.0680321678519249, 0.05526013672351837, 0.08420784771442413, 0.0682145431637764, 0.0679650604724884]",0.09481840108275692,0.027526430785655975,0.6976003050804138,"[1, 2, 3, 4, 5]","[0.04501188173890114, 0.03215307369828224, 1.678566336631775, -0.02134696952998638, 0.00017296713485848159]","[0.008760623633861542, 0.03931982070207596, 1.6337863206863403, -0.0027215960435569286, -0.008244398981332779]",0.05831422656774521,0.05840113386511803,1.6201168298721313,3.1706318855285645
chambers-B400-data_only-c-1-none,real,6,real,34001,400,data_only,-1.0,none,selected,ca39719adc74c5186bd76f89ea07a33ca120ce6494c1a7d3ca9ae6745c9a52c3,11,197.09407315589488,True,16,16,10900,111228416,10900,193.33389989100397,111228416,0,0,0,,chambers-B400,7856,runs/evaluation-1b60120927869ce9d6785c59cf62cfbc381729e2267cacbd14fb2c2b5595d222.json,440806bd70b2d1f6dba4125d515aee076b4ede1ad4696152a6c3d7a6ff72a51e,0.0,0.006986634805798531,0.0,197.10105979070067,,,,,344,35,0.5034883618354797,0.9069767594337463,T1,0.00145721435546875,uniform_green_mid,2048,"[0.04776123911142349, 0.058380238711833954, 0.0667785108089447, 0.04172477126121521, 0.04037899523973465]",0.10753604446868006,0.037400078028440475,0.7288235425949097,"[0, 2, 3, 4, 5]","[0.019725140184164047, 0.09414813667535782, 1.7384015321731567, 0.04652220755815506, -0.07822829484939575]","[-0.015219135209918022, 0.0645570382475853, 1.6749224662780762, 0.018128052353858948, -0.08605606853961945]",0.054248373955488205,0.03169675171375275,1.6865901947021484,3.231717824935913
chambers-B400-data_only-c-1-none,real,6,real,34001,400,data_only,-1.0,none,selected,ca39719adc74c5186bd76f89ea07a33ca120ce6494c1a7d3ca9ae6745c9a52c3,11,197.09407315589488,True,16,16,10900,111228416,10900,193.33389989100397,111228416,0,0,0,,chambers-B400,7856,runs/evaluation-1b60120927869ce9d6785c59cf62cfbc381729e2267cacbd14fb2c2b5595d222.json,440806bd70b2d1f6dba4125d515aee076b4ede1ad4696152a6c3d7a6ff72a51e,0.0,0.006986634805798531,0.0,197.10105979070067,,,,,344,35,0.4651162624359131,0.8941860198974609,T1,0.004161357879638672,uniform_blue_mid,2048,"[0.06774453818798065, 0.11268511414527893, 0.08361182361841202, 0.038313522934913635, 0.04909072816371918]",0.08758112965519407,0.0490429550409317,0.7007348537445068,"[0, 1, 3, 4, 5]","[0.022502196952700615, 0.03666339069604874, 1.747560739517212, -0.02131078392267227, -0.11217360198497772]","[0.005911889486014843, -0.04437022656202316, 1.6978459358215332, 0.004248187877237797, -0.0667913556098938]",0.0715019628405571,0.06325380504131317,1.6284364461898804,3.2405288219451904
chambers-B400-data_only-c-1-none,real,6,real,34001,400,data_only,-1.0,none,selected,ca39719adc74c5186bd76f89ea07a33ca120ce6494c1a7d3ca9ae6745c9a52c3,11,197.09407315589488,True,16,16,10900,111228416,10900,193.33389989100397,111228416,0,0,0,,chambers-B400,7856,runs/evaluation-1b60120927869ce9d6785c59cf62cfbc381729e2267cacbd14fb2c2b5595d222.json,440806bd70b2d1f6dba4125d515aee076b4ede1ad4696152a6c3d7a6ff72a51e,0.0,0.006986634805798531,0.0,197.10105979070067,,,,,1000,100,0.5027999877929688,0.9035999774932861,T2,0.005189180374145508,uniform_red_strong,2048,"[0.07153704017400742, 0.07575541734695435, 0.26535096764564514, 0.028902512043714523, 0.0833262950181961]",0.17093201494294236,0.132314071059227,0.8791677355766296,"[1, 2, 3, 4, 5]","[0.015027378685772419, -0.004459570627659559, 3.3085484504699707, 0.018694790080189705, -0.06119004264473915]","[-0.049309104681015015, 0.06960257887840271, 3.042057991027832, 0.025446226820349693, 0.021562203764915466]",0.11708265542984009,0.020531469956040382,1.6274265050888062,3.114949941635132
chambers-B400-data_only-c-1-none,real,6,real,34001,400,data_only,-1.0,none,selected,ca39719adc74c5186bd76f89ea07a33ca120ce6494c1a7d3ca9ae6745c9a52c3,11,197.09407315589488,True,16,16,10900,111228416,10900,193.33389989100397,111228416,0,0,0,,chambers-B400,7856,runs/evaluation-1b60120927869ce9d6785c59cf62cfbc381729e2267cacbd14fb2c2b5595d222.json,440806bd70b2d1f6dba4125d515aee076b4ede1ad4696152a6c3d7a6ff72a51e,0.0,0.006986634805798531,0.0,197.10105979070067,,,,,1000,100,0.49059998989105225,0.9052000045776367,T2,-0.018584012985229492,uniform_green_strong,2048,"[0.052374135702848434, 0.07215888798236847, 0.17475491762161255, 0.04027748852968216, 0.06142711639404297]",0.08786424315855985,0.08538323640823364,1.1711599826812744,"[0, 2, 3, 4, 5]","[0.06371600180864334, -0.020397061482071877, 3.344261884689331, 0.05874716490507126, -0.035868074744939804]","[0.021798744797706604, 0.048430055379867554, 3.5024099349975586, 0.023221081122756004, 0.02483079768717289]",0.07647323608398438,0.13972820341587067,1.6545292139053345,3.270421266555786
chambers-B400-data_only-c-1-none,real,6,real,34001,400,data_only,-1.0,none,selected,ca39719adc74c5186bd76f89ea07a33ca120ce6494c1a7d3ca9ae6745c9a52c3,11,197.09407315589488,True,16,16,10900,111228416,10900,193.33389989100397,111228416,0,0,0,,chambers-B400,7856,runs/evaluation-1b60120927869ce9d6785c59cf62cfbc381729e2267cacbd14fb2c2b5595d222.json,440806bd70b2d1f6dba4125d515aee076b4ede1ad4696152a6c3d7a6ff72a51e,0.0,0.006986634805798531,0.0,197.10105979070067,,,,,1000,100,0.4931999742984772,0.9025999903678894,T2,0.04870176315307617,uniform_blue_strong,2048,"[0.0638255700469017, 0.06410025805234909, 0.11722817271947861, 0.04630604386329651, 0.1307069957256317]",0.10825969899040172,0.0807536244392395,1.1034553050994873,"[0, 1, 3, 4, 5]","[0.03323739767074585, 0.01804976351559162, 3.4065489768981934, 0.0015813971403986216, -0.0996035635471344]","[0.02104414999485016, -0.0058567095547914505, 3.520962953567505, 0.04276926442980766, 0.03115784004330635]",0.07790078222751617,0.10068093240261078,1.632196068763733,3.241745710372925
chambers-B400-dcdi-c-1-none,real,6,real,34001,400,dcdi,-1.0,none,selected,d109e9678cb9c8bdf0b538bc457ca194df21127941c0b1df4a23e6042aec9b92,1,13.75403467938304,True,6,1,650,69675008,4450,77.76678654551506,69675008,0,0,0,,chambers-B400,7856,runs/evaluation-f73e393ecbd14c1ac5b14b4b285575d66be9bcdb7cff072ca25f557575eaa92c.json,4d70527bc5b4ec9a011585de49b1ef307ec686a14e66b06d290a0753c95b8ad6,421.8114196881652,0.0,0.0,435.5654543675482,,,,,1024,103,0.4768880307674408,0.9002279043197632,observational,0.0496213436126709,uniform_reference,2048,"[0.05661127716302872, 0.06893813610076904, 0.1516813188791275, 0.08291099220514297, 0.07124461978673935, 0.10587070137262344]",2.0591146874000596e-08,0.08721159398555756,0.7998324632644653,"[0, 1, 2, 3, 4, 5]","[0.013324935920536518, -0.012884654104709625, -0.0932072252035141, -0.053829580545425415, 0.05066528171300888, 0.055166617035865784]","[0.030018454417586327, -0.0646478682756424, 0.0580245666205883, 0.01036845613270998, -0.018074337393045425, -0.04952093958854675]",0.08259648829698563,0.06494195759296417,1.6315950155258179,3.197554111480713
chambers-B400-dcdi-c-1-none,real,6,real,34001,400,dcdi,-1.0,none,selected,d109e9678cb9c8bdf0b538bc457ca194df21127941c0b1df4a23e6042aec9b92,1,13.75403467938304,True,6,1,650,69675008,4450,77.76678654551506,69675008,0,0,0,,chambers-B400,7856,runs/evaluation-f73e393ecbd14c1ac5b14b4b285575d66be9bcdb7cff072ca25f557575eaa92c.json,4d70527bc5b4ec9a011585de49b1ef307ec686a14e66b06d290a0753c95b8ad6,421.8114196881652,0.0,0.0,435.5654543675482,,,,,344,35,0.47848835587501526,0.890116274356842,T1,-0.0161898136138916,uniform_red_mid,2048,"[0.0680321678519249, 0.05526013672351837, 0.08420784771442413, 0.0682145431637764, 0.06625201553106308]",0.10535263762088237,0.028400130569934845,0.7013869881629944,"[1, 2, 3, 4, 5]","[0.04501188173890114, 0.03215307369828224, 1.678566336631775, -0.02134696952998638, 0.00017296713485848159]","[0.008760623633861542, 0.03931982070207596, 1.6337863206863403, -0.0027215960435569286, 0.017925916239619255]",0.058676742017269135,0.05823679268360138,1.619078516960144,3.170734167098999
chambers-B400-dcdi-c-1-none,real,6,real,34001,400,dcdi,-1.0,none,selected,d109e9678cb9c8bdf0b538bc457ca194df21127941c0b1df4a23e6042aec9b92,1,13.75403467938304,True,6,1,650,69675008,4450,77.76678654551506,69675008,0,0,0,,chambers-B400,7856,runs/evaluation-f73e393ecbd14c1ac5b14b4b285575d66be9bcdb7cff072ca25f557575eaa92c.json,4d70527bc5b4ec9a011585de49b1ef307ec686a14e66b06d290a0753c95b8ad6,421.8114196881652,0.0,0.0,435.5654543675482,,,,,344,35,0.5034883618354797,0.9110465049743652,T1,0.001148223876953125,uniform_green_mid,2048,"[0.04776123911142349, 0.058380238711833954, 0.0667785108089447, 0.04172477126121521, 0.03979434445500374]",0.1168410331009168,0.03806333988904953,0.7702013850212097,"[0, 2, 3, 4, 5]","[0.019725140184164047, 0.09414813667535782, 1.7384015321731567, 0.04652220755815506, -0.07822829484939575]","[-0.015219135209918022, 0.0645570382475853, 1.6749224662780762, 0.018128052353858948, -0.06057796627283096]",0.05527050048112869,0.03125203028321266,1.6837695837020874,3.2329862117767334
chambers-B400-dcdi-c-1-none,real,6,real,34001,400,dcdi,-1.0,none,selected,d109e9678cb9c8bdf0b538bc457ca194df21127941c0b1df4a23e6042aec9b92,1,13.75403467938304,True,6,1,650,69675008,4450,77.76678654551506,69675008,0,0,0,,chambers-B400,7856,runs/evaluation-f73e393ecbd14c1ac5b14b4b285575d66be9bcdb7cff072ca25f557575eaa92c.json,4d70527bc5b4ec9a011585de49b1ef307ec686a14e66b06d290a0753c95b8ad6,421.8114196881652,0.0,0.0,435.5654543675482,,,,,344,35,0.4633720815181732,0.8941860198974609,T1,0.0036411285400390625,uniform_blue_mid,2048,"[0.06774453818798065, 0.11268511414527893, 0.08361182361841202, 0.038313522934913635, 0.04367824271321297]",0.09383452505516314,0.047678086906671524,0.7075038552284241,"[0, 1, 3, 4, 5]","[0.022502196952700615, 0.03666339069604874, 1.747560739517212, -0.02131078392267227, -0.11217360198497772]","[0.005911889486014843, -0.04437022656202316, 1.6978459358215332, 0.004248187877237797, -0.07476381957530975]",0.07086160778999329,0.06336244940757751,1.6297085285186768,3.2405354976654053
chambers-B400-dcdi-c-1-none,real,6,real,34001,400,dcdi,-1.0,none,selected,d109e9678cb9c8bdf0b538bc457ca194df21127941c0b1df4a23e6042aec9b92,1,13.75403467938304,True,6,1,650,69675008,4450,77.76678654551506,69675008,0,0,0,,chambers-B400,7856,runs/evaluation-f73e393ecbd14c1ac5b14b4b285575d66be9bcdb7cff072ca25f557575eaa92c.json,4d70527bc5b4ec9a011585de49b1ef307ec686a14e66b06d290a0753c95b8ad6,421.8114196881652,0.0,0.0,435.5654543675482,,,,,1000,100,0.498199999332428,0.9005999565124512,T2,0.00986623764038086,uniform_red_strong,2048,"[0.07153704017400742, 0.07575541734695435, 0.26535096764564514, 0.028902512043714523, 0.15246064960956573]",0.19365449474954027,0.14426417648792267,1.6440505981445312,"[1, 2, 3, 4, 5]","[0.015027378685772419, -0.004459570627659559, 3.3085484504699707, 0.018694790080189705, -0.06119004264473915]","[-0.049309104681015015, 0.06960257887840271, 3.042057991027832, 0.025446226820349693, 0.09169429540634155]",0.12973055243492126,0.018643584102392197,1.6234649419784546,3.1134731769561768
chambers-B400-dcdi-c-1-none,real,6,real,34001,400,dcdi,-1.0,none,selected,d109e9678cb9c8bdf0b538bc457ca194df21127941c0b1df4a23e6042aec9b92,1,13.75403467938304,True,6,1,650,69675008,4450,77.76678654551506,69675008,0,0,0,,chambers-B400,7856,runs/evaluation-f73e393ecbd14c1ac5b14b4b285575d66be9bcdb7cff072ca25f557575eaa92c.json,4d70527bc5b4ec9a011585de49b1ef307ec686a14e66b06d290a0753c95b8ad6,421.8114196881652,0.0,0.0,435.5654543675482,,,,,1000,100,0.4875999987125397,0.9019999504089355,T2,-0.01879429817199707,uniform_green_strong,2048,"[0.052374135702848434, 0.07215888798236847, 0.17475491762161255, 0.04027748852968216, 0.04750266671180725]",0.07158700811290922,0.08211234211921692,0.6836197972297668,"[0, 2, 3, 4, 5]","[0.06371600180864334, -0.020397061482071877, 3.344261884689331, 0.05874716490507126, -0.035868074744939804]","[0.021798744797706604, 0.048430055379867554, 3.5024099349975586, 0.023221081122756004, -0.066609688103199]",0.07472716271877289,0.14146116375923157,1.643365740776062,3.263200521469116
chambers-B400-dcdi-c-1-none,real,6,real,34001,400,dcdi,-1.0,none,selected,d109e9678cb9c8bdf0b538bc457ca194df21127941c0b1df4a23e6042aec9b92,1,13.75403467938304,True,6,1,650,69675008,4450,77.76678654551506,69675008,0,0,0,,chambers-B400,7856,runs/evaluation-f73e393ecbd14c1ac5b14b4b285575d66be9bcdb7cff072ca25f557575eaa92c.json,4d70527bc5b4ec9a011585de49b1ef307ec686a14e66b06d290a0753c95b8ad6,421.8114196881652,0.0,0.0,435.5654543675482,,,,,1000,100,0.49639999866485596,0.9023999571800232,T2,0.04435992240905762,uniform_blue_strong,2048,"[0.0638255700469017, 0.06410025805234909, 0.11722817271947861, 0.04630604386329651, 0.05496801808476448]",0.0906776273608264,0.060541726648807526,0.6971127986907959,"[0, 1, 3, 4, 5]","[0.03323739767074585, 0.01804976351559162, 3.4065489768981934, 0.0015813971403986216, -0.0996035635471344]","[0.02104414999485016, -0.0058567095547914505, 3.520962953567505, 0.04276926442980766, -0.046506401151418686]",0.06275272369384766,0.09981554746627808,1.642128586769104,3.2498700618743896
chambers-B400-fixed-c-1-coherent,real,6,real,34001,400,fixed,-1.0,coherent,selected,9dbbe9516011bf59e3263d330aeed9737af1156a76e711002fcdae7e036422e9,1,0.3400163911283016,True,6,0,0,16503704064,4600,78.5958860218525,69300224,0,0,0,,chambers-B400,7856,runs/evaluation-b9fd6197c66c8a958f8f36013850e9de1564f73744a21e9365bcc823e603decf.json,09d0db3d43547932b5b41f278e455d398030ef382ab4840bde7bf4f844027325,0.0,0.006986634805798531,18.925400072708726,19.272403098642826,,,,,1024,103,0.4757487177848816,0.9021810293197632,observational,0.051223039627075195,uniform_reference,2048,"[0.05661127716302872, 0.06893813610076904, 0.1516813188791275, 0.08291099220514297, 0.07124461978673935, 0.11953145265579224]",2.1631959172593308e-08,0.08994759619235992,0.7948119044303894,"[0, 1, 2, 3, 4, 5]","[0.013324935920536518, -0.012884654104709625, -0.0932072252035141, -0.053829580545425415, 0.05066528171300888, 0.055166617035865784]","[0.030018454417586327, -0.0646478682756424, 0.0580245666205883, 0.01036845613270998, -0.018074337393045425, -0.06259473413228989]",0.08416931331157684,0.06469397991895676,1.6330045461654663,3.202543258666992
chambers-B400-fixed-c-1-coherent,real,6,real,34001,400,fixed,-1.0,coherent,selected,9dbbe9516011bf59e3263d330aeed9737af1156a76e711002fcdae7e036422e9,1,0.3400163911283016,True,6,0,0,16503704064,4600,78.5958860218525,69300224,0,0,0,,chambers-B400,7856,runs/evaluation-b9fd6197c66c8a958f8f36013850e9de1564f73744a21e9365bcc823e603decf.json,09d0db3d43547932b5b41f278e455d398030ef382ab4840bde7bf4f844027325,0.0,0.006986634805798531,18.925400072708726,19.272403098642826,,,,,344,35,0.4819767475128174,0.8906976580619812,T1,-0.014958620071411133,uniform_red_mid,2048,"[0.0680321678519249, 0.05526013672351837, 0.08420784771442413, 0.0682145431637764, 0.08270381391048431]",0.09481801719788585,0.03556841239333153,0.7595463395118713,"[1, 2, 3, 4, 5]","[0.04501188173890114, 0.03215307369828224, 1.678566336631775, -0.02134696952998638, 0.00017296713485848159]","[0.008760623633861542, 0.03931982070207596, 1.6337863206863403, -0.0027215960435569286, -0.05089452117681503]",0.061069317162036896,0.05980048328638077,1.6212409734725952,3.174852132797241
chambers-B400-fixed-c-1-coherent,real,6,real,34001,400,fixed,-1.0,coherent,selected,9dbbe9516011bf59e3263d330aeed9737af1156a76e711002fcdae7e036422e9,1,0.3400163911283016,True,6,0,0,16503704064,4600,78.5958860218525,69300224,0,0,0,,chambers-B400,7856,runs/evaluation-b9fd6197c66c8a958f8f36013850e9de1564f73744a21e9365bcc823e603decf.json,09d0db3d43547932b5b41f278e455d398030ef382ab4840bde7bf4f844027325,0.0,0.006986634805798531,18.925400072708726,19.272403098642826,,,,,344,35,0.5005813837051392,0.909302294254303,T1,0.0019969940185546875,uniform_green_mid,2048,"[0.04776123911142349, 0.058380238711833954, 0.0667785108089447, 0.04172477126121521, 0.057104360312223434]",0.12771091393262335,0.04351228475570679,0.8242092132568359,"[0, 2, 3, 4, 5]","[0.019725140184164047, 0.09414813667535782, 1.7384015321731567, 0.04652220755815506, -0.07822829484939575]","[-0.015219135209918022, 0.0645570382475853, 1.6749224662780762, 0.018128052353858948, -0.027889061719179153]",0.058890633285045624,0.03240751847624779,1.6821730136871338,3.234079122543335
chambers-B400-fixed-c-1-coherent,real,6,real,34001,400,fixed,-1.0,coherent,selected,9dbbe9516011bf59e3263d330aeed9737af1156a76e711002fcdae7e036422e9,1,0.3400163911283016,True,6,0,0,16503704064,4600,78.5958860218525,69300224,0,0,0,,chambers-B400,7856,runs/evaluation-b9fd6197c66c8a958f8f36013850e9de1564f73744a21e9365bcc823e603decf.json,09d0db3d43547932b5b41f278e455d398030ef382ab4840bde7bf4f844027325,0.0,0.006986634805798531,18.925400072708726,19.272403098642826,,,,,344,35,0.4662790596485138,0.8959302306175232,T1,0.0046672821044921875,uniform_blue_mid,2048,"[0.06774453818798065, 0.11268511414527893, 0.08361182361841202, 0.038313522934913635, 0.07047585397958755]",0.108750676598472,0.05455964058637619,0.7452710270881653,"[0, 1, 3, 4, 5]","[0.022502196952700615, 0.03666339069604874, 1.747560739517212, -0.02131078392267227, -0.11217360198497772]","[0.005911889486014843, -0.04437022656202316, 1.6978459358215332, 0.004248187877237797, -0.04205039516091347]",0.07423846423625946,0.06369322538375854,1.6316288709640503,3.24409556388855
chambers-B400-fixed-c-1-coherent,real,6,real,34001,400,fixed,-1.0,coherent,selected,9dbbe9516011bf59e3263d330aeed9737af1156a76e711002fcdae7e036422e9,1,0.3400163911283016,True,6,0,0,16503704064,4600,78.5958860218525,69300224,0,0,0,,chambers-B400,7856,runs/evaluation-b9fd6197c66c8a958f8f36013850e9de1564f73744a21e9365bcc823e603decf.json,09d0db3d43547932b5b41f278e455d398030ef382ab4840bde7bf4f844027325,0.0,0.006986634805798531,18.925400072708726,19.272403098642826,,,,,1000,100,0.5013999938964844,0.9070000052452087,T2,0.003015756607055664,uniform_red_strong,2048,"[0.07153704017400742, 0.07575541734695435, 0.26535096764564514, 0.028902512043714523, 0.0435783751308918]",0.17095529476696184,0.12830094993114471,0.7296618819236755,"[1, 2, 3, 4, 5]","[0.015027378685772419, -0.004459570627659559, 3.3085484504699707, 0.018694790080189705, -0.06119004264473915]","[-0.049309104681015015, 0.06960257887840271, 3.042057991027832, 0.025446226820349693, -0.020959198474884033]",0.11229075491428375,0.02482379414141178,1.6289417743682861,3.123324155807495
chambers-B400-fixed-c-1-coherent,real,6,real,34001,400,fixed,-1.0,coherent,selected,9dbbe9516011bf59e3263d330aeed9737af1156a76e711002fcdae7e036422e9,1,0.3400163911283016,True,6,0,0,16503704064,4600,78.5958860218525,69300224,0,0,0,,chambers-B400,7856,runs/evaluation-b9fd6197c66c8a958f8f36013850e9de1564f73744a21e9365bcc823e603decf.json,09d0db3d43547932b5b41f278e455d398030ef382ab4840bde7bf4f844027325,0.0,0.006986634805798531,18.925400072708726,19.272403098642826,,,,,1000,100,0.4875999987125397,0.9045999646186829,T2,-0.019197702407836914,uniform_green_strong,2048,"[0.052374135702848434, 0.07215888798236847, 0.17475491762161255, 0.04027748852968216, 0.039718762040138245]",0.08656458615281083,0.08118857443332672,0.7266221046447754,"[0, 2, 3, 4, 5]","[0.06371600180864334, -0.020397061482071877, 3.344261884689331, 0.05874716490507126, -0.035868074744939804]","[0.021798744797706604, 0.048430055379867554, 3.5024099349975586, 0.023221081122756004, -0.02205573208630085]",0.07351934164762497,0.13999755680561066,1.647307276725769,3.272520065307617
chambers-B400-fixed-c-1-coherent,real,6,real,34001,400,fixed,-1.0,coherent,selected,9dbbe9516011bf59e3263d330aeed9737af1156a76e711002fcdae7e036422e9,1,0.3400163911283016,True,6,0,0,16503704064,4600,78.5958860218525,69300224,0,0,0,,chambers-B400,7856,runs/evaluation-b9fd6197c66c8a958f8f36013850e9de1564f73744a21e9365bcc823e603decf.json,09d0db3d43547932b5b41f278e455d398030ef382ab4840bde7bf4f844027325,0.0,0.006986634805798531,18.925400072708726,19.272403098642826,,,,,1000,100,0.49799999594688416,0.9047999978065491,T2,0.04619455337524414,uniform_blue_strong,2048,"[0.0638255700469017, 0.06410025805234909, 0.11722817271947861, 0.04630604386329651, 0.10077578574419022]",0.11307114879936801,0.07161042839288712,0.7453966736793518,"[0, 1, 3, 4, 5]","[0.03323739767074585, 0.01804976351559162, 3.4065489768981934, 0.0015813971403986216, -0.0996035635471344]","[0.02104414999485016, -0.0058567095547914505, 3.520962953567505, 0.04276926442980766, 0.00105961412191391]",0.07118594646453857,0.10070327669382095,1.6460663080215454,3.257007598876953
chambers-B400-diagnostic-c-1-coherent,real,6,real,34001,400,diagnostic,-1.0,coherent,selected,ca39719adc74c5186bd76f89ea07a33ca120ce6494c1a7d3ca9ae6745c9a52c3,11,3.8359905928373337,True,16,0,0,16503704064,10900,193.33389989100397,110824960,0,0,0,,chambers-B400,7856,runs/evaluation-1b60120927869ce9d6785c59cf62cfbc381729e2267cacbd14fb2c2b5595d222.json,440806bd70b2d1f6dba4125d515aee076b4ede1ad4696152a6c3d7a6ff72a51e,0.0,0.006986634805798531,18.925400072708726,22.768377300351858,,,,,1024,103,0.4767252802848816,0.9005534052848816,observational,0.04918551445007324,uniform_reference,2048,"[0.05661127716302872, 0.06893813610076904, 0.1516813188791275, 0.08291099220514297, 0.07124461978673935, 0.07667341083288193]",2.3868642641941676e-08,0.0819733589887619,0.7613751888275146,"[0, 1, 2, 3, 4, 5]","[0.013324935920536518, -0.012884654104709625, -0.0932072252035141, -0.053829580545425415, 0.05066528171300888, 0.055166617035865784]","[0.030018454417586327, -0.0646478682756424, 0.0580245666205883, 0.01036845613270998, -0.018074337393045425, -0.01994733326137066]",0.07824718207120895,0.06516969203948975,1.6293061971664429,3.1964945793151855
chambers-B400-diagnostic-c-1-coherent,real,6,real,34001,400,diagnostic,-1.0,coherent,selected,ca39719adc74c5186bd76f89ea07a33ca120ce6494c1a7d3ca9ae6745c9a52c3,11,3.8359905928373337,True,16,0,0,16503704064,10900,193.33389989100397,110824960,0,0,0,,chambers-B400,7856,runs/evaluation-1b60120927869ce9d6785c59cf62cfbc381729e2267cacbd14fb2c2b5595d222.json,440806bd70b2d1f6dba4125d515aee076b4ede1ad4696152a6c3d7a6ff72a51e,0.0,0.006986634805798531,18.925400072708726,22.768377300351858,,,,,344,35,0.47848835587501526,0.8906976580619812,T1,-0.01595449447631836,uniform_red_mid,2048,"[0.0680321678519249, 0.05526013672351837, 0.08420784771442413, 0.0682145431637764, 0.0679650604724884]",0.09481840108275692,0.027526430785655975,0.6976003050804138,"[1, 2, 3, 4, 5]","[0.04501188173890114, 0.03215307369828224, 1.678566336631775, -0.02134696952998638, 0.00017296713485848159]","[0.008760623633861542, 0.03931982070207596, 1.6337863206863403, -0.0027215960435569286, -0.008244398981332779]",0.05831422656774521,0.05840113386511803,1.6201168298721313,3.1706318855285645
chambers-B400-diagnostic-c-1-coherent,real,6,real,34001,400,diagnostic,-1.0,coherent,selected,ca39719adc74c5186bd76f89ea07a33ca120ce6494c1a7d3ca9ae6745c9a52c3,11,3.8359905928373337,True,16,0,0,16503704064,10900,193.33389989100397,110824960,0,0,0,,chambers-B400,7856,runs/evaluation-1b60120927869ce9d6785c59cf62cfbc381729e2267cacbd14fb2c2b5595d222.json,440806bd70b2d1f6dba4125d515aee076b4ede1ad4696152a6c3d7a6ff72a51e,0.0,0.006986634805798531,18.925400072708726,22.768377300351858,,,,,344,35,0.5034883618354797,0.9069767594337463,T1,0.00145721435546875,uniform_green_mid,2048,"[0.04776123911142349, 0.058380238711833954, 0.0667785108089447, 0.04172477126121521, 0.04037899523973465]",0.10753604446868006,0.037400078028440475,0.7288235425949097,"[0, 2, 3, 4, 5]","[0.019725140184164047, 0.09414813667535782, 1.7384015321731567, 0.04652220755815506, -0.07822829484939575]","[-0.015219135209918022, 0.0645570382475853, 1.6749224662780762, 0.018128052353858948, -0.08605606853961945]",0.054248373955488205,0.03169675171375275,1.6865901947021484,3.231717824935913
chambers-B400-diagnostic-c-1-coherent,real,6,real,34001,400,diagnostic,-1.0,coherent,selected,ca39719adc74c5186bd76f89ea07a33ca120ce6494c1a7d3ca9ae6745c9a52c3,11,3.8359905928373337,True,16,0,0,16503704064,10900,193.33389989100397,110824960,0,0,0,,chambers-B400,7856,runs/evaluation-1b60120927869ce9d6785c59cf62cfbc381729e2267cacbd14fb2c2b5595d222.json,440806bd70b2d1f6dba4125d515aee076b4ede1ad4696152a6c3d7a6ff72a51e,0.0,0.006986634805798531,18.925400072708726,22.768377300351858,,,,,344,35,0.4651162624359131,0.8941860198974609,T1,0.004161357879638672,uniform_blue_mid,2048,"[0.06774453818798065, 0.11268511414527893, 0.08361182361841202, 0.038313522934913635, 0.04909072816371918]",0.08758112965519407,0.0490429550409317,0.7007348537445068,"[0, 1, 3, 4, 5]","[0.022502196952700615, 0.03666339069604874, 1.747560739517212, -0.02131078392267227, -0.11217360198497772]","[0.005911889486014843, -0.04437022656202316, 1.6978459358215332, 0.004248187877237797, -0.0667913556098938]",0.0715019628405571,0.06325380504131317,1.6284364461898804,3.2405288219451904
chambers-B400-diagnostic-c-1-coherent,real,6,real,34001,400,diagnostic,-1.0,coherent,selected,ca39719adc74c5186bd76f89ea07a33ca120ce6494c1a7d3ca9ae6745c9a52c3,11,3.8359905928373337,True,16,0,0,16503704064,10900,193.33389989100397,110824960,0,0,0,,chambers-B400,7856,runs/evaluation-1b60120927869ce9d6785c59cf62cfbc381729e2267cacbd14fb2c2b5595d222.json,440806bd70b2d1f6dba4125d515aee076b4ede1ad4696152a6c3d7a6ff72a51e,0.0,0.006986634805798531,18.925400072708726,22.768377300351858,,,,,1000,100,0.5027999877929688,0.9035999774932861,T2,0.005189180374145508,uniform_red_strong,2048,"[0.07153704017400742, 0.07575541734695435, 0.26535096764564514, 0.028902512043714523, 0.0833262950181961]",0.17093201494294236,0.132314071059227,0.8791677355766296,"[1, 2, 3, 4, 5]","[0.015027378685772419, -0.004459570627659559, 3.3085484504699707, 0.018694790080189705, -0.06119004264473915]","[-0.049309104681015015, 0.06960257887840271, 3.042057991027832, 0.025446226820349693, 0.021562203764915466]",0.11708265542984009,0.020531469956040382,1.6274265050888062,3.114949941635132
chambers-B400-diagnostic-c-1-coherent,real,6,real,34001,400,diagnostic,-1.0,coherent,selected,ca39719adc74c5186bd76f89ea07a33ca120ce6494c1a7d3ca9ae6745c9a52c3,11,3.8359905928373337,True,16,0,0,16503704064,10900,193.33389989100397,110824960,0,0,0,,chambers-B400,7856,runs/evaluation-1b60120927869ce9d6785c59cf62cfbc381729e2267cacbd14fb2c2b5595d222.json,440806bd70b2d1f6dba4125d515aee076b4ede1ad4696152a6c3d7a6ff72a51e,0.0,0.006986634805798531,18.925400072708726,22.768377300351858,,,,,1000,100,0.49059998989105225,0.9052000045776367,T2,-0.018584012985229492,uniform_green_strong,2048,"[0.052374135702848434, 0.07215888798236847, 0.17475491762161255, 0.04027748852968216, 0.06142711639404297]",0.08786424315855985,0.08538323640823364,1.1711599826812744,"[0, 2, 3, 4, 5]","[0.06371600180864334, -0.020397061482071877, 3.344261884689331, 0.05874716490507126, -0.035868074744939804]","[0.021798744797706604, 0.048430055379867554, 3.5024099349975586, 0.023221081122756004, 0.02483079768717289]",0.07647323608398438,0.13972820341587067,1.6545292139053345,3.270421266555786
chambers-B400-diagnostic-c-1-coherent,real,6,real,34001,400,diagnostic,-1.0,coherent,selected,ca39719adc74c5186bd76f89ea07a33ca120ce6494c1a7d3ca9ae6745c9a52c3,11,3.8359905928373337,True,16,0,0,16503704064,10900,193.33389989100397,110824960,0,0,0,,chambers-B400,7856,runs/evaluation-1b60120927869ce9d6785c59cf62cfbc381729e2267cacbd14fb2c2b5595d222.json,440806bd70b2d1f6dba4125d515aee076b4ede1ad4696152a6c3d7a6ff72a51e,0.0,0.006986634805798531,18.925400072708726,22.768377300351858,,,,,1000,100,0.4931999742984772,0.9025999903678894,T2,0.04870176315307617,uniform_blue_strong,2048,"[0.0638255700469017, 0.06410025805234909, 0.11722817271947861, 0.04630604386329651, 0.1307069957256317]",0.10825969899040172,0.0807536244392395,1.1034553050994873,"[0, 1, 3, 4, 5]","[0.03323739767074585, 0.01804976351559162, 3.4065489768981934, 0.0015813971403986216, -0.0996035635471344]","[0.02104414999485016, -0.0058567095547914505, 3.520962953567505, 0.04276926442980766, 0.03115784004330635]",0.07790078222751617,0.10068093240261078,1.632196068763733,3.241745710372925
chambers-B400-random-c-1-coherent,real,6,real,34001,400,random,-1.0,coherent,selected,b99dd07f81eb104dbbe2865b0b770f374f695e50cc5a840f22746e1fa46e724e,12,50.05685080587864,True,15,4,2500,16503704064,10100,181.38982759416103,70429696,0,0,0,,chambers-B400,7856,runs/evaluation-c1d4574055552c5d3bd67ef4e35a6a3fcef5b8970b2af86de7e38c9386a5f66f.json,a606a58ac5ea799f56fdf225d93ea378f8e1f6ec68703fa5f378538e3c15c033,0.0,0.006986634805798531,18.925400072708726,68.98923751339316,,,,,1024,103,0.4775390625,0.9039713740348816,observational,0.05174756050109863,uniform_reference,2048,"[0.05661127716302872, 0.06893813610076904, 0.1516813188791275, 0.08291099220514297, 0.07124461978673935, 0.13114628195762634]",1.788608176846053e-08,0.09247498214244843,0.8152167201042175,"[0, 1, 2, 3, 4, 5]","[0.013324935920536518, -0.012884654104709625, -0.0932072252035141, -0.053829580545425415, 0.05066528171300888, 0.055166617035865784]","[0.030018454417586327, -0.0646478682756424, 0.0580245666205883, 0.01036845613270998, -0.018074337393045425, -0.07380641996860504]",0.08620151877403259,0.0654960572719574,1.636110544204712,3.209714412689209
chambers-B400-random-c-1-coherent,real,6,real,34001,400,random,-1.0,coherent,selected,b99dd07f81eb104dbbe2865b0b770f374f695e50cc5a840f22746e1fa46e724e,12,50.05685080587864,True,15,4,2500,16503704064,10100,181.38982759416103,70429696,0,0,0,,chambers-B400,7856,runs/evaluation-c1d4574055552c5d3bd67ef4e35a6a3fcef5b8970b2af86de7e38c9386a5f66f.json,a606a58ac5ea799f56fdf225d93ea378f8e1f6ec68703fa5f378538e3c15c033,0.0,0.006986634805798531,18.925400072708726,68.98923751339316,,,,,344,35,0.47965115308761597,0.8918604850769043,T1,-0.01597452163696289,uniform_red_mid,2048,"[0.0680321678519249, 0.05526013672351837, 0.08420784771442413, 0.0682145431637764, 0.0646490752696991]",0.10576852815519794,0.02735053189098835,0.6944615244865417,"[1, 2, 3, 4, 5]","[0.04501188173890114, 0.03215307369828224, 1.678566336631775, -0.02134696952998638, 0.00017296713485848159]","[0.008760623633861542, 0.03931982070207596, 1.6337863206863403, -0.0027215960435569286, -0.0045797149650752544]",0.05800884962081909,0.06038388982415199,1.6240170001983643,3.1773641109466553
chambers-B400-random-c-1-coherent,real,6,real,34001,400,random,-1.0,coherent,selected,b99dd07f81eb104dbbe2865b0b770f374f695e50cc5a840f22746e1fa46e724e,12,50.05685080587864,True,15,4,2500,16503704064,10100,181.38982759416103,70429696,0,0,0,,chambers-B400,7856,runs/evaluation-c1d4574055552c5d3bd67ef4e35a6a3fcef5b8970b2af86de7e38c9386a5f66f.json,a606a58ac5ea799f56fdf225d93ea378f8e1f6ec68703fa5f378538e3c15c033,0.0,0.006986634805798531,18.925400072708726,68.98923751339316,,,,,344,35,0.5029069781303406,0.9122092723846436,T1,0.0013353824615478516,uniform_green_mid,2048,"[0.04776123911142349, 0.058380238711833954, 0.0667785108089447, 0.04172477126121521, 0.0513853020966053]",0.12771837935078342,0.041147880256175995,0.8051408529281616,"[0, 2, 3, 4, 5]","[0.019725140184164047, 0.09414813667535782, 1.7384015321731567, 0.04652220755815506, -0.07822829484939575]","[-0.015219135209918022, 0.0645570382475853, 1.6749224662780762, 0.018128052353858948, -0.03907237574458122]",0.057916611433029175,0.0367971733212471,1.688560128211975,3.2385830879211426
chambers-B400-random-c-1-coherent,real,6,real,34001,400,random,-1.0,coherent,selected,b99dd07f81eb104dbbe2865b0b770f374f695e50cc5a840f22746e1fa46e724e,12,50.05685080587864,True,15,4,2500,16503704064,10100,181.38982759416103,70429696,0,0,0,,chambers-B400,7856,runs/evaluation-c1d4574055552c5d3bd67ef4e35a6a3fcef5b8970b2af86de7e38c9386a5f66f.json,a606a58ac5ea799f56fdf225d93ea378f8e1f6ec68703fa5f378538e3c15c033,0.0,0.006986634805798531,18.925400072708726,68.98923751339316,,,,,344,35,0.4633720815181732,0.8965116143226624,T1,0.0038313865661621094,uniform_blue_mid,2048,"[0.06774453818798065, 0.11268511414527893, 0.08361182361841202, 0.038313522934913635, 0.03389545530080795]",0.0964210663838142,0.045673176646232605,0.6952425837516785,"[0, 1, 3, 4, 5]","[0.022502196952700615, 0.03666339069604874, 1.747560739517212, -0.02131078392267227, -0.11217360198497772]","[0.005911889486014843, -0.04437022656202316, 1.6978459358215332, 0.004248187877237797, -0.09064023941755295]",0.06972576677799225,0.06392158567905426,1.6313927173614502,3.245699405670166
chambers-B400-random-c-1-coherent,real,6,real,34001,400,random,-1.0,coherent,selected,b99dd07f81eb104dbbe2865b0b770f374f695e50cc5a840f22746e1fa46e724e,12,50.05685080587864,True,15,4,2500,16503704064,10100,181.38982759416103,70429696,0,0,0,,chambers-B400,7856,runs/evaluation-c1d4574055552c5d3bd67ef4e35a6a3fcef5b8970b2af86de7e38c9386a5f66f.json,a606a58ac5ea799f56fdf225d93ea378f8e1f6ec68703fa5f378538e3c15c033,0.0,0.006986634805798531,18.925400072708726,68.98923751339316,,,,,1000,100,0.5062000155448914,0.9106000065803528,T2,0.005587100982666016,uniform_red_strong,2048,"[0.07153704017400742, 0.07575541734695435, 0.26535096764564514, 0.028902512043714523, 0.08597768098115921]",0.18220290458871907,0.13231255114078522,1.0089865922927856,"[1, 2, 3, 4, 5]","[0.015027378685772419, -0.004459570627659559, 3.3085484504699707, 0.018694790080189705, -0.06119004264473915]","[-0.049309104681015015, 0.06960257887840271, 3.042057991027832, 0.025446226820349693, 0.02155008539557457]",0.1174316257238388,0.04241768270730972,1.6368772983551025,3.1399800777435303
chambers-B400-random-c-1-coherent,real,6,real,34001,400,random,-1.0,coherent,selected,b99dd07f81eb104dbbe2865b0b770f374f695e50cc5a840f22746e1fa46e724e,12,50.05685080587864,True,15,4,2500,16503704064,10100,181.38982759416103,70429696,0,0,0,,chambers-B400,7856,runs/evaluation-c1d4574055552c5d3bd67ef4e35a6a3fcef5b8970b2af86de7e38c9386a5f66f.json,a606a58ac5ea799f56fdf225d93ea378f8e1f6ec68703fa5f378538e3c15c033,0.0,0.006986634805798531,18.925400072708726,68.98923751339316,,,,,1000,100,0.4893999993801117,0.9053999781608582,T2,-0.01958918571472168,uniform_green_strong,2048,"[0.052374135702848434, 0.07215888798236847, 0.17475491762161255, 0.04027748852968216, 0.03398904204368591]",0.08664354674275358,0.08096334338188171,0.7216797471046448,"[0, 2, 3, 4, 5]","[0.06371600180864334, -0.020397061482071877, 3.344261884689331, 0.05874716490507126, -0.035868074744939804]","[0.021798744797706604, 0.048430055379867554, 3.5024099349975586, 0.023221081122756004, -0.03300779312849045]",0.07362263649702072,0.1392822265625,1.6528633832931519,3.2769970893859863
chambers-B400-random-c-1-coherent,real,6,real,34001,400,random,-1.0,coherent,selected,b99dd07f81eb104dbbe2865b0b770f374f695e50cc5a840f22746e1fa46e724e,12,50.05685080587864,True,15,4,2500,16503704064,10100,181.38982759416103,70429696,0,0,0,,chambers-B400,7856,runs/evaluation-c1d4574055552c5d3bd67ef4e35a6a3fcef5b8970b2af86de7e38c9386a5f66f.json,a606a58ac5ea799f56fdf225d93ea378f8e1f6ec68703fa5f378538e3c15c033,0.0,0.006986634805798531,18.925400072708726,68.98923751339316,,,,,1000,100,0.4959999918937683,0.9057999849319458,T2,0.04398465156555176,uniform_blue_strong,2048,"[0.0638255700469017, 0.06410025805234909, 0.11722817271947861, 0.04630604386329651, 0.05020172894001007]",0.0967923002324359,0.05937400087714195,0.8389241695404053,"[0, 1, 3, 4, 5]","[0.03323739767074585, 0.01804976351559162, 3.4065489768981934, 0.0015813971403986216, -0.0996035635471344]","[0.02104414999485016, -0.0058567095547914505, 3.520962953567505, 0.04276926442980766, -0.05356915295124054]",0.06283928453922272,0.10024242848157883,1.6421858072280884,3.2582802772521973
chambers-B400-llm_edit-c-1-coherent,real,6,real,34001,400,llm_edit,-1.0,coherent,selected,9dbbe9516011bf59e3263d330aeed9737af1156a76e711002fcdae7e036422e9,1,39.12058649212122,True,6,0,0,16638653952,4600,78.5958860218525,69300224,2,0,6,,chambers-B400,7856,runs/evaluation-b9fd6197c66c8a958f8f36013850e9de1564f73744a21e9365bcc823e603decf.json,09d0db3d43547932b5b41f278e455d398030ef382ab4840bde7bf4f844027325,0.0,0.006986634805798531,18.925400072708726,58.052973199635744,,,,,1024,103,0.4757487177848816,0.9021810293197632,observational,0.051223039627075195,uniform_reference,2048,"[0.05661127716302872, 0.06893813610076904, 0.1516813188791275, 0.08291099220514297, 0.07124461978673935, 0.11953145265579224]",2.1631959172593308e-08,0.08994759619235992,0.7948119044303894,"[0, 1, 2, 3, 4, 5]","[0.013324935920536518, -0.012884654104709625, -0.0932072252035141, -0.053829580545425415, 0.05066528171300888, 0.055166617035865784]","[0.030018454417586327, -0.0646478682756424, 0.0580245666205883, 0.01036845613270998, -0.018074337393045425, -0.06259473413228989]",0.08416931331157684,0.06469397991895676,1.6330045461654663,3.202543258666992
chambers-B400-llm_edit-c-1-coherent,real,6,real,34001,400,llm_edit,-1.0,coherent,selected,9dbbe9516011bf59e3263d330aeed9737af1156a76e711002fcdae7e036422e9,1,39.12058649212122,True,6,0,0,16638653952,4600,78.5958860218525,69300224,2,0,6,,chambers-B400,7856,runs/evaluation-b9fd6197c66c8a958f8f36013850e9de1564f73744a21e9365bcc823e603decf.json,09d0db3d43547932b5b41f278e455d398030ef382ab4840bde7bf4f844027325,0.0,0.006986634805798531,18.925400072708726,58.052973199635744,,,,,344,35,0.4819767475128174,0.8906976580619812,T1,-0.014958620071411133,uniform_red_mid,2048,"[0.0680321678519249, 0.05526013672351837, 0.08420784771442413, 0.0682145431637764, 0.08270381391048431]",0.09481801719788585,0.03556841239333153,0.7595463395118713,"[1, 2, 3, 4, 5]","[0.04501188173890114, 0.03215307369828224, 1.678566336631775, -0.02134696952998638, 0.00017296713485848159]","[0.008760623633861542, 0.03931982070207596, 1.6337863206863403, -0.0027215960435569286, -0.05089452117681503]",0.061069317162036896,0.05980048328638077,1.6212409734725952,3.174852132797241
chambers-B400-llm_edit-c-1-coherent,real,6,real,34001,400,llm_edit,-1.0,coherent,selected,9dbbe9516011bf59e3263d330aeed9737af1156a76e711002fcdae7e036422e9,1,39.12058649212122,True,6,0,0,16638653952,4600,78.5958860218525,69300224,2,0,6,,chambers-B400,7856,runs/evaluation-b9fd6197c66c8a958f8f36013850e9de1564f73744a21e9365bcc823e603decf.json,09d0db3d43547932b5b41f278e455d398030ef382ab4840bde7bf4f844027325,0.0,0.006986634805798531,18.925400072708726,58.052973199635744,,,,,344,35,0.5005813837051392,0.909302294254303,T1,0.0019969940185546875,uniform_green_mid,2048,"[0.04776123911142349, 0.058380238711833954, 0.0667785108089447, 0.04172477126121521, 0.057104360312223434]",0.12771091393262335,0.04351228475570679,0.8242092132568359,"[0, 2, 3, 4, 5]","[0.019725140184164047, 0.09414813667535782, 1.7384015321731567, 0.04652220755815506, -0.07822829484939575]","[-0.015219135209918022, 0.0645570382475853, 1.6749224662780762, 0.018128052353858948, -0.027889061719179153]",0.058890633285045624,0.03240751847624779,1.6821730136871338,3.234079122543335
chambers-B400-llm_edit-c-1-coherent,real,6,real,34001,400,llm_edit,-1.0,coherent,selected,9dbbe9516011bf59e3263d330aeed9737af1156a76e711002fcdae7e036422e9,1,39.12058649212122,True,6,0,0,16638653952,4600,78.5958860218525,69300224,2,0,6,,chambers-B400,7856,runs/evaluation-b9fd6197c66c8a958f8f36013850e9de1564f73744a21e9365bcc823e603decf.json,09d0db3d43547932b5b41f278e455d398030ef382ab4840bde7bf4f844027325,0.0,0.006986634805798531,18.925400072708726,58.052973199635744,,,,,344,35,0.4662790596485138,0.8959302306175232,T1,0.0046672821044921875,uniform_blue_mid,2048,"[0.06774453818798065, 0.11268511414527893, 0.08361182361841202, 0.038313522934913635, 0.07047585397958755]",0.108750676598472,0.05455964058637619,0.7452710270881653,"[0, 1, 3, 4, 5]","[0.022502196952700615, 0.03666339069604874, 1.747560739517212, -0.02131078392267227, -0.11217360198497772]","[0.005911889486014843, -0.04437022656202316, 1.6978459358215332, 0.004248187877237797, -0.04205039516091347]",0.07423846423625946,0.06369322538375854,1.6316288709640503,3.24409556388855
chambers-B400-llm_edit-c-1-coherent,real,6,real,34001,400,llm_edit,-1.0,coherent,selected,9dbbe9516011bf59e3263d330aeed9737af1156a76e711002fcdae7e036422e9,1,39.12058649212122,True,6,0,0,16638653952,4600,78.5958860218525,69300224,2,0,6,,chambers-B400,7856,runs/evaluation-b9fd6197c66c8a958f8f36013850e9de1564f73744a21e9365bcc823e603decf.json,09d0db3d43547932b5b41f278e455d398030ef382ab4840bde7bf4f844027325,0.0,0.006986634805798531,18.925400072708726,58.052973199635744,,,,,1000,100,0.5013999938964844,0.9070000052452087,T2,0.003015756607055664,uniform_red_strong,2048,"[0.07153704017400742, 0.07575541734695435, 0.26535096764564514, 0.028902512043714523, 0.0435783751308918]",0.17095529476696184,0.12830094993114471,0.7296618819236755,"[1, 2, 3, 4, 5]","[0.015027378685772419, -0.004459570627659559, 3.3085484504699707, 0.018694790080189705, -0.06119004264473915]","[-0.049309104681015015, 0.06960257887840271, 3.042057991027832, 0.025446226820349693, -0.020959198474884033]",0.11229075491428375,0.02482379414141178,1.6289417743682861,3.123324155807495
chambers-B400-llm_edit-c-1-coherent,real,6,real,34001,400,llm_edit,-1.0,coherent,selected,9dbbe9516011bf59e3263d330aeed9737af1156a76e711002fcdae7e036422e9,1,39.12058649212122,True,6,0,0,16638653952,4600,78.5958860218525,69300224,2,0,6,,chambers-B400,7856,runs/evaluation-b9fd6197c66c8a958f8f36013850e9de1564f73744a21e9365bcc823e603decf.json,09d0db3d43547932b5b41f278e455d398030ef382ab4840bde7bf4f844027325,0.0,0.006986634805798531,18.925400072708726,58.052973199635744,,,,,1000,100,0.4875999987125397,0.9045999646186829,T2,-0.019197702407836914,uniform_green_strong,2048,"[0.052374135702848434, 0.07215888798236847, 0.17475491762161255, 0.04027748852968216, 0.039718762040138245]",0.08656458615281083,0.08118857443332672,0.7266221046447754,"[0, 2, 3, 4, 5]","[0.06371600180864334, -0.020397061482071877, 3.344261884689331, 0.05874716490507126, -0.035868074744939804]","[0.021798744797706604, 0.048430055379867554, 3.5024099349975586, 0.023221081122756004, -0.02205573208630085]",0.07351934164762497,0.13999755680561066,1.647307276725769,3.272520065307617
chambers-B400-llm_edit-c-1-coherent,real,6,real,34001,400,llm_edit,-1.0,coherent,selected,9dbbe9516011bf59e3263d330aeed9737af1156a76e711002fcdae7e036422e9,1,39.12058649212122,True,6,0,0,16638653952,4600,78.5958860218525,69300224,2,0,6,,chambers-B400,7856,runs/evaluation-b9fd6197c66c8a958f8f36013850e9de1564f73744a21e9365bcc823e603decf.json,09d0db3d43547932b5b41f278e455d398030ef382ab4840bde7bf4f844027325,0.0,0.006986634805798531,18.925400072708726,58.052973199635744,,,,,1000,100,0.49799999594688416,0.9047999978065491,T2,0.04619455337524414,uniform_blue_strong,2048,"[0.0638255700469017, 0.06410025805234909, 0.11722817271947861, 0.04630604386329651, 0.10077578574419022]",0.11307114879936801,0.07161042839288712,0.7453966736793518,"[0, 1, 3, 4, 5]","[0.03323739767074585, 0.01804976351559162, 3.4065489768981934, 0.0015813971403986216, -0.0996035635471344]","[0.02104414999485016, -0.0058567095547914505, 3.520962953567505, 0.04276926442980766, 0.00105961412191391]",0.07118594646453857,0.10070327669382095,1.6460663080215454,3.257007598876953
chambers-B400-fixed-c-1-anonymous,real,6,real,34001,400,fixed,-1.0,anonymous,selected,5a4b8e82950af3fe6b52b5e5ea067df0c5b972b52bf2bf1568249bb8e69efadf,3,29.82520999573171,True,8,2,1550,16502818304,6150,107.8004031572491,69758464,0,0,0,,chambers-B400,7856,runs/evaluation-6c0fe4ec846fd678c77766b7ca294dee707cb0c9be0a35d761e9113fce625cee.json,f7021dbbb0ed67af8fd432b68a727a98d25cee5f2ff19db007a71069c08b95a8,0.0,0.006986634805798531,19.595798943191767,49.42799557372928,,,,,1024,103,0.47802734375,0.9010416865348816,observational,0.04985523223876953,uniform_reference,2048,"[0.05661127716302872, 0.06893813610076904, 0.1516813188791275, 0.08291099220514297, 0.07124461978673935, 0.09876443445682526]",2.6267589584310454e-08,0.0856764018535614,0.7735993266105652,"[0, 1, 2, 3, 4, 5]","[0.013324935920536518, -0.012884654104709625, -0.0932072252035141, -0.053829580545425415, 0.05066528171300888, 0.055166617035865784]","[0.030018454417586327, -0.0646478682756424, 0.0580245666205883, 0.01036845613270998, -0.018074337393045425, -0.041616588830947876]",0.0810871422290802,0.06472911685705185,1.6335642337799072,3.199068784713745
chambers-B400-fixed-c-1-anonymous,real,6,real,34001,400,fixed,-1.0,anonymous,selected,5a4b8e82950af3fe6b52b5e5ea067df0c5b972b52bf2bf1568249bb8e69efadf,3,29.82520999573171,True,8,2,1550,16502818304,6150,107.8004031572491,69758464,0,0,0,,chambers-B400,7856,runs/evaluation-6c0fe4ec846fd678c77766b7ca294dee707cb0c9be0a35d761e9113fce625cee.json,f7021dbbb0ed67af8fd432b68a727a98d25cee5f2ff19db007a71069c08b95a8,0.0,0.006986634805798531,19.595798943191767,49.42799557372928,,,,,344,35,0.4819767475128174,0.8912790417671204,T1,-0.01459193229675293,uniform_red_mid,2048,"[0.0680321678519249, 0.05526013672351837, 0.08420784771442413, 0.0682145431637764, 0.08804970979690552]",0.09136549034138487,0.03877859562635422,0.7997416853904724,"[1, 2, 3, 4, 5]","[0.04501188173890114, 0.03215307369828224, 1.678566336631775, -0.02134696952998638, 0.00017296713485848159]","[0.008760623633861542, 0.03931982070207596, 1.6337863206863403, -0.0027215960435569286, -0.06148112192749977]",0.06268537044525146,0.0591893307864666,1.6196606159210205,3.1730093955993652
chambers-B400-fixed-c-1-anonymous,real,6,real,34001,400,fixed,-1.0,anonymous,selected,5a4b8e82950af3fe6b52b5e5ea067df0c5b972b52bf2bf1568249bb8e69efadf,3,29.82520999573171,True,8,2,1550,16502818304,6150,107.8004031572491,69758464,0,0,0,,chambers-B400,7856,runs/evaluation-6c0fe4ec846fd678c77766b7ca294dee707cb0c9be0a35d761e9113fce625cee.json,f7021dbbb0ed67af8fd432b68a727a98d25cee5f2ff19db007a71069c08b95a8,0.0,0.006986634805798531,19.595798943191767,49.42799557372928,,,,,344,35,0.5011627674102783,0.9110465049743652,T1,0.0017066001892089844,uniform_green_mid,2048,"[0.04776123911142349, 0.058380238711833954, 0.0667785108089447, 0.04172477126121521, 0.049840379506349564]",0.11962532653237129,0.04099408909678459,0.7988988161087036,"[0, 2, 3, 4, 5]","[0.019725140184164047, 0.09414813667535782, 1.7384015321731567, 0.04652220755815506, -0.07822829484939575]","[-0.015219135209918022, 0.0645570382475853, 1.6749224662780762, 0.018128052353858948, -0.0398874431848526]",0.05721649155020714,0.031570397317409515,1.6804379224777222,3.233196258544922
chambers-B400-fixed-c-1-anonymous,real,6,real,34001,400,fixed,-1.0,anonymous,selected,5a4b8e82950af3fe6b52b5e5ea067df0c5b972b52bf2bf1568249bb8e69efadf,3,29.82520999573171,True,8,2,1550,16502818304,6150,107.8004031572491,69758464,0,0,0,,chambers-B400,7856,runs/evaluation-6c0fe4ec846fd678c77766b7ca294dee707cb0c9be0a35d761e9113fce625cee.json,f7021dbbb0ed67af8fd432b68a727a98d25cee5f2ff19db007a71069c08b95a8,0.0,0.006986634805798531,19.595798943191767,49.42799557372928,,,,,344,35,0.46569767594337463,0.8941860198974609,T1,0.004242420196533203,uniform_blue_mid,2048,"[0.06774453818798065, 0.11268511414527893, 0.08361182361841202, 0.038313522934913635, 0.0596531517803669]",0.09797575239198686,0.0517837256193161,0.7347955703735352,"[0, 1, 3, 4, 5]","[0.022502196952700615, 0.03666339069604874, 1.747560739517212, -0.02131078392267227, -0.11217360198497772]","[0.005911889486014843, -0.04437022656202316, 1.6978459358215332, 0.004248187877237797, -0.053511328995227814]",0.07298929244279861,0.06335949152708054,1.628658652305603,3.2421822547912598
chambers-B400-fixed-c-1-anonymous,real,6,real,34001,400,fixed,-1.0,anonymous,selected,5a4b8e82950af3fe6b52b5e5ea067df0c5b972b52bf2bf1568249bb8e69efadf,3,29.82520999573171,True,8,2,1550,16502818304,6150,107.8004031572491,69758464,0,0,0,,chambers-B400,7856,runs/evaluation-6c0fe4ec846fd678c77766b7ca294dee707cb0c9be0a35d761e9113fce625cee.json,f7021dbbb0ed67af8fd432b68a727a98d25cee5f2ff19db007a71069c08b95a8,0.0,0.006986634805798531,19.595798943191767,49.42799557372928,,,,,1000,100,0.5005999803543091,0.9047999978065491,T2,0.0029201507568359375,uniform_red_strong,2048,"[0.07153704017400742, 0.07575541734695435, 0.26535096764564514, 0.028902512043714523, 0.026521850377321243]",0.16197393590948314,0.12704159319400787,0.71942538022995,"[1, 2, 3, 4, 5]","[0.015027378685772419, -0.004459570627659559, 3.3085484504699707, 0.018694790080189705, -0.06119004264473915]","[-0.049309104681015015, 0.06960257887840271, 3.042057991027832, 0.025446226820349693, -0.05791950970888138]",0.11022625118494034,0.020979829132556915,1.6270889043807983,3.117520332336426
chambers-B400-fixed-c-1-anonymous,real,6,real,34001,400,fixed,-1.0,anonymous,selected,5a4b8e82950af3fe6b52b5e5ea067df0c5b972b52bf2bf1568249bb8e69efadf,3,29.82520999573171,True,8,2,1550,16502818304,6150,107.8004031572491,69758464,0,0,0,,chambers-B400,7856,runs/evaluation-6c0fe4ec846fd678c77766b7ca294dee707cb0c9be0a35d761e9113fce625cee.json,f7021dbbb0ed67af8fd432b68a727a98d25cee5f2ff19db007a71069c08b95a8,0.0,0.006986634805798531,19.595798943191767,49.42799557372928,,,,,1000,100,0.4867999851703644,0.902999997138977,T2,-0.018700599670410156,uniform_green_strong,2048,"[0.052374135702848434, 0.07215888798236847, 0.17475491762161255, 0.04027748852968216, 0.05050143599510193]",0.06960550977691075,0.08228693902492523,0.6957225203514099,"[0, 2, 3, 4, 5]","[0.06371600180864334, -0.020397061482071877, 3.344261884689331, 0.05874716490507126, -0.035868074744939804]","[0.021798744797706604, 0.048430055379867554, 3.5024099349975586, 0.023221081122756004, -0.06886149197816849]",0.07503408193588257,0.14111311733722687,1.642617106437683,3.2649848461151123
chambers-B400-fixed-c-1-anonymous,real,6,real,34001,400,fixed,-1.0,anonymous,selected,5a4b8e82950af3fe6b52b5e5ea067df0c5b972b52bf2bf1568249bb8e69efadf,3,29.82520999573171,True,8,2,1550,16502818304,6150,107.8004031572491,69758464,0,0,0,,chambers-B400,7856,runs/evaluation-6c0fe4ec846fd678c77766b7ca294dee707cb0c9be0a35d761e9113fce625cee.json,f7021dbbb0ed67af8fd432b68a727a98d25cee5f2ff19db007a71069c08b95a8,0.0,0.006986634805798531,19.595798943191767,49.42799557372928,,,,,1000,100,0.49619999527931213,0.9039999842643738,T2,0.04429173469543457,uniform_blue_strong,2048,"[0.0638255700469017, 0.06410025805234909, 0.11722817271947861, 0.04630604386329651, 0.05373547971248627]",0.08790596299468945,0.060516588389873505,0.7019366025924683,"[0, 1, 3, 4, 5]","[0.03323739767074585, 0.01804976351559162, 3.4065489768981934, 0.0015813971403986216, -0.0996035635471344]","[0.02104414999485016, -0.0058567095547914505, 3.520962953567505, 0.04276926442980766, -0.04664985463023186]",0.06324488669633865,0.09986502677202225,1.6422560214996338,3.2514095306396484
chambers-B400-diagnostic-c-1-anonymous,real,6,real,34001,400,diagnostic,-1.0,anonymous,selected,1c40ef39b9aed679f821f59dbd60e5c8dffe180dd38464ce72712cf73d020805,11,48.31446134112775,True,16,3,2400,16502818304,11250,206.00688067264855,110884864,0,0,0,,chambers-B400,7856,runs/evaluation-57caae872cdbb349544498071bcaabf39a26eeb9939b0f55a1cd0a80ad032fc6.json,492be0b9adde6ce8cc5bf0fcf242eead9ce6e0dde2648de42d711d0148677146,0.0,0.006986634805798531,19.595798943191767,67.91724691912532,,,,,1024,103,0.4783528745174408,0.9016927480697632,observational,0.04981875419616699,uniform_reference,2048,"[0.05661127716302872, 0.06893813610076904, 0.1516813188791275, 0.08291099220514297, 0.07124461978673935, 0.09617733210325241]",1.5458271533900714e-08,0.08529409021139145,0.7686858177185059,"[0, 1, 2, 3, 4, 5]","[0.013324935920536518, -0.012884654104709625, -0.0932072252035141, -0.053829580545425415, 0.05066528171300888, 0.055166617035865784]","[0.030018454417586327, -0.0646478682756424, 0.0580245666205883, 0.01036845613270998, -0.018074337393045425, -0.03956883028149605]",0.08048255741596222,0.06469503790140152,1.6342376470565796,3.200770139694214
chambers-B400-diagnostic-c-1-anonymous,real,6,real,34001,400,diagnostic,-1.0,anonymous,selected,1c40ef39b9aed679f821f59dbd60e5c8dffe180dd38464ce72712cf73d020805,11,48.31446134112775,True,16,3,2400,16502818304,11250,206.00688067264855,110884864,0,0,0,,chambers-B400,7856,runs/evaluation-57caae872cdbb349544498071bcaabf39a26eeb9939b0f55a1cd0a80ad032fc6.json,492be0b9adde6ce8cc5bf0fcf242eead9ce6e0dde2648de42d711d0148677146,0.0,0.006986634805798531,19.595798943191767,67.91724691912532,,,,,344,35,0.48255813121795654,0.8930232524871826,T1,-0.01558065414428711,uniform_red_mid,2048,"[0.0680321678519249, 0.05526013672351837, 0.08420784771442413, 0.0682145431637764, 0.08085034042596817]",0.09305741972985773,0.033079296350479126,0.7538649439811707,"[1, 2, 3, 4, 5]","[0.04501188173890114, 0.03215307369828224, 1.678566336631775, -0.02134696952998638, 0.00017296713485848159]","[0.008760623633861542, 0.03931982070207596, 1.6337863206863403, -0.0027215960435569286, -0.041702184826135635]",0.060398951172828674,0.05997784063220024,1.6218452453613281,3.178931951522827
chambers-B400-diagnostic-c-1-anonymous,real,6,real,34001,400,diagnostic,-1.0,anonymous,selected,1c40ef39b9aed679f821f59dbd60e5c8dffe180dd38464ce72712cf73d020805,11,48.31446134112775,True,16,3,2400,16502818304,11250,206.00688067264855,110884864,0,0,0,,chambers-B400,7856,runs/evaluation-57caae872cdbb349544498071bcaabf39a26eeb9939b0f55a1cd0a80ad032fc6.json,492be0b9adde6ce8cc5bf0fcf242eead9ce6e0dde2648de42d711d0148677146,0.0,0.006986634805798531,19.595798943191767,67.91724691912532,,,,,344,35,0.5034883618354797,0.9075581431388855,T1,0.001382589340209961,uniform_green_mid,2048,"[0.04776123911142349, 0.058380238711833954, 0.0667785108089447, 0.04172477126121521, 0.04422931373119354]",0.11071666849748343,0.03731130436062813,0.728763997554779,"[0, 2, 3, 4, 5]","[0.019725140184164047, 0.09414813667535782, 1.7384015321731567, 0.04652220755815506, -0.07822829484939575]","[-0.015219135209918022, 0.0645570382475853, 1.6749224662780762, 0.018128052353858948, -0.08353033661842346]",0.054376453161239624,0.03307494893670082,1.6854534149169922,3.236107349395752
chambers-B400-diagnostic-c-1-anonymous,real,6,real,34001,400,diagnostic,-1.0,anonymous,selected,1c40ef39b9aed679f821f59dbd60e5c8dffe180dd38464ce72712cf73d020805,11,48.31446134112775,True,16,3,2400,16502818304,11250,206.00688067264855,110884864,0,0,0,,chambers-B400,7856,runs/evaluation-57caae872cdbb349544498071bcaabf39a26eeb9939b0f55a1cd0a80ad032fc6.json,492be0b9adde6ce8cc5bf0fcf242eead9ce6e0dde2648de42d711d0148677146,0.0,0.006986634805798531,19.595798943191767,67.91724691912532,,,,,344,35,0.46802324056625366,0.8970929980278015,T1,0.0052013397216796875,uniform_blue_mid,2048,"[0.06774453818798065, 0.11268511414527893, 0.08361182361841202, 0.038313522934913635, 0.07903142273426056]",0.10397108410715562,0.05696054548025131,0.7629963755607605,"[0, 1, 3, 4, 5]","[0.022502196952700615, 0.03666339069604874, 1.747560739517212, -0.02131078392267227, -0.11217360198497772]","[0.005911889486014843, -0.04437022656202316, 1.6978459358215332, 0.004248187877237797, -0.03307866305112839]",0.07570187747478485,0.06389656662940979,1.63066828250885,3.2475411891937256
chambers-B400-diagnostic-c-1-anonymous,real,6,real,34001,400,diagnostic,-1.0,anonymous,selected,1c40ef39b9aed679f821f59dbd60e5c8dffe180dd38464ce72712cf73d020805,11,48.31446134112775,True,16,3,2400,16502818304,11250,206.00688067264855,110884864,0,0,0,,chambers-B400,7856,runs/evaluation-57caae872cdbb349544498071bcaabf39a26eeb9939b0f55a1cd0a80ad032fc6.json,492be0b9adde6ce8cc5bf0fcf242eead9ce6e0dde2648de42d711d0148677146,0.0,0.006986634805798531,19.595798943191767,67.91724691912532,,,,,1000,100,0.5013999938964844,0.9071999788284302,T2,0.0038199424743652344,uniform_red_strong,2048,"[0.07153704017400742, 0.07575541734695435, 0.26535096764564514, 0.028902512043714523, 0.0451558381319046]",0.1660363973642946,0.12796078622341156,0.7241354584693909,"[1, 2, 3, 4, 5]","[0.015027378685772419, -0.004459570627659559, 3.3085484504699707, 0.018694790080189705, -0.06119004264473915]","[-0.049309104681015015, 0.06960257887840271, 3.042057991027832, 0.025446226820349693, -0.026799943298101425]",0.1120835542678833,0.028779733926057816,1.6302919387817383,3.1296327114105225
chambers-B400-diagnostic-c-1-anonymous,real,6,real,34001,400,diagnostic,-1.0,anonymous,selected,1c40ef39b9aed679f821f59dbd60e5c8dffe180dd38464ce72712cf73d020805,11,48.31446134112775,True,16,3,2400,16502818304,11250,206.00688067264855,110884864,0,0,0,,chambers-B400,7856,runs/evaluation-57caae872cdbb349544498071bcaabf39a26eeb9939b0f55a1cd0a80ad032fc6.json,492be0b9adde6ce8cc5bf0fcf242eead9ce6e0dde2648de42d711d0148677146,0.0,0.006986634805798531,19.595798943191767,67.91724691912532,,,,,1000,100,0.49559998512268066,0.9097999930381775,T2,-0.018787860870361328,uniform_green_strong,2048,"[0.052374135702848434, 0.07215888798236847, 0.17475491762161255, 0.04027748852968216, 0.0637810155749321]",0.0951294829544645,0.08581507205963135,1.1714458465576172,"[0, 2, 3, 4, 5]","[0.06371600180864334, -0.020397061482071877, 3.344261884689331, 0.05874716490507126, -0.035868074744939804]","[0.021798744797706604, 0.048430055379867554, 3.5024099349975586, 0.023221081122756004, 0.02780291810631752]",0.07756981253623962,0.13988280296325684,1.6638672351837158,3.2879345417022705
chambers-B400-diagnostic-c-1-anonymous,real,6,real,34001,400,diagnostic,-1.0,anonymous,selected,1c40ef39b9aed679f821f59dbd60e5c8dffe180dd38464ce72712cf73d020805,11,48.31446134112775,True,16,3,2400,16502818304,11250,206.00688067264855,110884864,0,0,0,,chambers-B400,7856,runs/evaluation-57caae872cdbb349544498071bcaabf39a26eeb9939b0f55a1cd0a80ad032fc6.json,492be0b9adde6ce8cc5bf0fcf242eead9ce6e0dde2648de42d711d0148677146,0.0,0.006986634805798531,19.595798943191767,67.91724691912532,,,,,1000,100,0.4989999830722809,0.9063999652862549,T2,0.046037912368774414,uniform_blue_strong,2048,"[0.0638255700469017, 0.06410025805234909, 0.11722817271947861, 0.04630604386329651, 0.09056079387664795]",0.1004523122952173,0.0687907487154007,0.7402528524398804,"[0, 1, 3, 4, 5]","[0.03323739767074585, 0.01804976351559162, 3.4065489768981934, 0.0015813971403986216, -0.0996035635471344]","[0.02104414999485016, -0.0058567095547914505, 3.520962953567505, 0.04276926442980766, -0.009306036867201328]",0.06953147053718567,0.10117974877357483,1.6469948291778564,3.2603232860565186
chambers-B400-random-c-1-anonymous,real,6,real,34001,400,random,-1.0,anonymous,selected,1c40ef39b9aed679f821f59dbd60e5c8dffe180dd38464ce72712cf73d020805,11,2.1180611476302147,True,15,0,0,16502818304,10600,192.59841857664287,69942272,0,0,0,,chambers-B400,7856,runs/evaluation-57caae872cdbb349544498071bcaabf39a26eeb9939b0f55a1cd0a80ad032fc6.json,492be0b9adde6ce8cc5bf0fcf242eead9ce6e0dde2648de42d711d0148677146,0.0,0.006986634805798531,19.595798943191767,21.72084672562778,,,,,1024,103,0.4783528745174408,0.9016927480697632,observational,0.04981875419616699,uniform_reference,2048,"[0.05661127716302872, 0.06893813610076904, 0.1516813188791275, 0.08291099220514297, 0.07124461978673935, 0.09617733210325241]",1.5458271533900714e-08,0.08529409021139145,0.7686858177185059,"[0, 1, 2, 3, 4, 5]","[0.013324935920536518, -0.012884654104709625, -0.0932072252035141, -0.053829580545425415, 0.05066528171300888, 0.055166617035865784]","[0.030018454417586327, -0.0646478682756424, 0.0580245666205883, 0.01036845613270998, -0.018074337393045425, -0.03956883028149605]",0.08048255741596222,0.06469503790140152,1.6342376470565796,3.200770139694214
chambers-B400-random-c-1-anonymous,real,6,real,34001,400,random,-1.0,anonymous,selected,1c40ef39b9aed679f821f59dbd60e5c8dffe180dd38464ce72712cf73d020805,11,2.1180611476302147,True,15,0,0,16502818304,10600,192.59841857664287,69942272,0,0,0,,chambers-B400,7856,runs/evaluation-57caae872cdbb349544498071bcaabf39a26eeb9939b0f55a1cd0a80ad032fc6.json,492be0b9adde6ce8cc5bf0fcf242eead9ce6e0dde2648de42d711d0148677146,0.0,0.006986634805798531,19.595798943191767,21.72084672562778,,,,,344,35,0.48255813121795654,0.8930232524871826,T1,-0.01558065414428711,uniform_red_mid,2048,"[0.0680321678519249, 0.05526013672351837, 0.08420784771442413, 0.0682145431637764, 0.08085034042596817]",0.09305741972985773,0.033079296350479126,0.7538649439811707,"[1, 2, 3, 4, 5]","[0.04501188173890114, 0.03215307369828224, 1.678566336631775, -0.02134696952998638, 0.00017296713485848159]","[0.008760623633861542, 0.03931982070207596, 1.6337863206863403, -0.0027215960435569286, -0.041702184826135635]",0.060398951172828674,0.05997784063220024,1.6218452453613281,3.178931951522827
chambers-B400-random-c-1-anonymous,real,6,real,34001,400,random,-1.0,anonymous,selected,1c40ef39b9aed679f821f59dbd60e5c8dffe180dd38464ce72712cf73d020805,11,2.1180611476302147,True,15,0,0,16502818304,10600,192.59841857664287,69942272,0,0,0,,chambers-B400,7856,runs/evaluation-57caae872cdbb349544498071bcaabf39a26eeb9939b0f55a1cd0a80ad032fc6.json,492be0b9adde6ce8cc5bf0fcf242eead9ce6e0dde2648de42d711d0148677146,0.0,0.006986634805798531,19.595798943191767,21.72084672562778,,,,,344,35,0.5034883618354797,0.9075581431388855,T1,0.001382589340209961,uniform_green_mid,2048,"[0.04776123911142349, 0.058380238711833954, 0.0667785108089447, 0.04172477126121521, 0.04422931373119354]",0.11071666849748343,0.03731130436062813,0.728763997554779,"[0, 2, 3, 4, 5]","[0.019725140184164047, 0.09414813667535782, 1.7384015321731567, 0.04652220755815506, -0.07822829484939575]","[-0.015219135209918022, 0.0645570382475853, 1.6749224662780762, 0.018128052353858948, -0.08353033661842346]",0.054376453161239624,0.03307494893670082,1.6854534149169922,3.236107349395752
chambers-B400-random-c-1-anonymous,real,6,real,34001,400,random,-1.0,anonymous,selected,1c40ef39b9aed679f821f59dbd60e5c8dffe180dd38464ce72712cf73d020805,11,2.1180611476302147,True,15,0,0,16502818304,10600,192.59841857664287,69942272,0,0,0,,chambers-B400,7856,runs/evaluation-57caae872cdbb349544498071bcaabf39a26eeb9939b0f55a1cd0a80ad032fc6.json,492be0b9adde6ce8cc5bf0fcf242eead9ce6e0dde2648de42d711d0148677146,0.0,0.006986634805798531,19.595798943191767,21.72084672562778,,,,,344,35,0.46802324056625366,0.8970929980278015,T1,0.0052013397216796875,uniform_blue_mid,2048,"[0.06774453818798065, 0.11268511414527893, 0.08361182361841202, 0.038313522934913635, 0.07903142273426056]",0.10397108410715562,0.05696054548025131,0.7629963755607605,"[0, 1, 3, 4, 5]","[0.022502196952700615, 0.03666339069604874, 1.747560739517212, -0.02131078392267227, -0.11217360198497772]","[0.005911889486014843, -0.04437022656202316, 1.6978459358215332, 0.004248187877237797, -0.03307866305112839]",0.07570187747478485,0.06389656662940979,1.63066828250885,3.2475411891937256
chambers-B400-random-c-1-anonymous,real,6,real,34001,400,random,-1.0,anonymous,selected,1c40ef39b9aed679f821f59dbd60e5c8dffe180dd38464ce72712cf73d020805,11,2.1180611476302147,True,15,0,0,16502818304,10600,192.59841857664287,69942272,0,0,0,,chambers-B400,7856,runs/evaluation-57caae872cdbb349544498071bcaabf39a26eeb9939b0f55a1cd0a80ad032fc6.json,492be0b9adde6ce8cc5bf0fcf242eead9ce6e0dde2648de42d711d0148677146,0.0,0.006986634805798531,19.595798943191767,21.72084672562778,,,,,1000,100,0.5013999938964844,0.9071999788284302,T2,0.0038199424743652344,uniform_red_strong,2048,"[0.07153704017400742, 0.07575541734695435, 0.26535096764564514, 0.028902512043714523, 0.0451558381319046]",0.1660363973642946,0.12796078622341156,0.7241354584693909,"[1, 2, 3, 4, 5]","[0.015027378685772419, -0.004459570627659559, 3.3085484504699707, 0.018694790080189705, -0.06119004264473915]","[-0.049309104681015015, 0.06960257887840271, 3.042057991027832, 0.025446226820349693, -0.026799943298101425]",0.1120835542678833,0.028779733926057816,1.6302919387817383,3.1296327114105225
chambers-B400-random-c-1-anonymous,real,6,real,34001,400,random,-1.0,anonymous,selected,1c40ef39b9aed679f821f59dbd60e5c8dffe180dd38464ce72712cf73d020805,11,2.1180611476302147,True,15,0,0,16502818304,10600,192.59841857664287,69942272,0,0,0,,chambers-B400,7856,runs/evaluation-57caae872cdbb349544498071bcaabf39a26eeb9939b0f55a1cd0a80ad032fc6.json,492be0b9adde6ce8cc5bf0fcf242eead9ce6e0dde2648de42d711d0148677146,0.0,0.006986634805798531,19.595798943191767,21.72084672562778,,,,,1000,100,0.49559998512268066,0.9097999930381775,T2,-0.018787860870361328,uniform_green_strong,2048,"[0.052374135702848434, 0.07215888798236847, 0.17475491762161255, 0.04027748852968216, 0.0637810155749321]",0.0951294829544645,0.08581507205963135,1.1714458465576172,"[0, 2, 3, 4, 5]","[0.06371600180864334, -0.020397061482071877, 3.344261884689331, 0.05874716490507126, -0.035868074744939804]","[0.021798744797706604, 0.048430055379867554, 3.5024099349975586, 0.023221081122756004, 0.02780291810631752]",0.07756981253623962,0.13988280296325684,1.6638672351837158,3.2879345417022705
chambers-B400-random-c-1-anonymous,real,6,real,34001,400,random,-1.0,anonymous,selected,1c40ef39b9aed679f821f59dbd60e5c8dffe180dd38464ce72712cf73d020805,11,2.1180611476302147,True,15,0,0,16502818304,10600,192.59841857664287,69942272,0,0,0,,chambers-B400,7856,runs/evaluation-57caae872cdbb349544498071bcaabf39a26eeb9939b0f55a1cd0a80ad032fc6.json,492be0b9adde6ce8cc5bf0fcf242eead9ce6e0dde2648de42d711d0148677146,0.0,0.006986634805798531,19.595798943191767,21.72084672562778,,,,,1000,100,0.4989999830722809,0.9063999652862549,T2,0.046037912368774414,uniform_blue_strong,2048,"[0.0638255700469017, 0.06410025805234909, 0.11722817271947861, 0.04630604386329651, 0.09056079387664795]",0.1004523122952173,0.0687907487154007,0.7402528524398804,"[0, 1, 3, 4, 5]","[0.03323739767074585, 0.01804976351559162, 3.4065489768981934, 0.0015813971403986216, -0.0996035635471344]","[0.02104414999485016, -0.0058567095547914505, 3.520962953567505, 0.04276926442980766, -0.009306036867201328]",0.06953147053718567,0.10117974877357483,1.6469948291778564,3.2603232860565186
chambers-B400-llm_edit-c-1-anonymous,real,6,real,34001,400,llm_edit,-1.0,anonymous,selected,5a4b8e82950af3fe6b52b5e5ea067df0c5b972b52bf2bf1568249bb8e69efadf,3,37.029081135988235,True,8,0,0,16742893056,6150,107.8004031572491,69428224,2,0,6,,chambers-B400,7856,runs/evaluation-6c0fe4ec846fd678c77766b7ca294dee707cb0c9be0a35d761e9113fce625cee.json,f7021dbbb0ed67af8fd432b68a727a98d25cee5f2ff19db007a71069c08b95a8,0.0,0.006986634805798531,19.595798943191767,56.6318667139858,,,,,1024,103,0.47802734375,0.9010416865348816,observational,0.04985523223876953,uniform_reference,2048,"[0.05661127716302872, 0.06893813610076904, 0.1516813188791275, 0.08291099220514297, 0.07124461978673935, 0.09876443445682526]",2.6267589584310454e-08,0.0856764018535614,0.7735993266105652,"[0, 1, 2, 3, 4, 5]","[0.013324935920536518, -0.012884654104709625, -0.0932072252035141, -0.053829580545425415, 0.05066528171300888, 0.055166617035865784]","[0.030018454417586327, -0.0646478682756424, 0.0580245666205883, 0.01036845613270998, -0.018074337393045425, -0.041616588830947876]",0.0810871422290802,0.06472911685705185,1.6335642337799072,3.199068784713745
chambers-B400-llm_edit-c-1-anonymous,real,6,real,34001,400,llm_edit,-1.0,anonymous,selected,5a4b8e82950af3fe6b52b5e5ea067df0c5b972b52bf2bf1568249bb8e69efadf,3,37.029081135988235,True,8,0,0,16742893056,6150,107.8004031572491,69428224,2,0,6,,chambers-B400,7856,runs/evaluation-6c0fe4ec846fd678c77766b7ca294dee707cb0c9be0a35d761e9113fce625cee.json,f7021dbbb0ed67af8fd432b68a727a98d25cee5f2ff19db007a71069c08b95a8,0.0,0.006986634805798531,19.595798943191767,56.6318667139858,,,,,344,35,0.4819767475128174,0.8912790417671204,T1,-0.01459193229675293,uniform_red_mid,2048,"[0.0680321678519249, 0.05526013672351837, 0.08420784771442413, 0.0682145431637764, 0.08804970979690552]",0.09136549034138487,0.03877859562635422,0.7997416853904724,"[1, 2, 3, 4, 5]","[0.04501188173890114, 0.03215307369828224, 1.678566336631775, -0.02134696952998638, 0.00017296713485848159]","[0.008760623633861542, 0.03931982070207596, 1.6337863206863403, -0.0027215960435569286, -0.06148112192749977]",0.06268537044525146,0.0591893307864666,1.6196606159210205,3.1730093955993652
chambers-B400-llm_edit-c-1-anonymous,real,6,real,34001,400,llm_edit,-1.0,anonymous,selected,5a4b8e82950af3fe6b52b5e5ea067df0c5b972b52bf2bf1568249bb8e69efadf,3,37.029081135988235,True,8,0,0,16742893056,6150,107.8004031572491,69428224,2,0,6,,chambers-B400,7856,runs/evaluation-6c0fe4ec846fd678c77766b7ca294dee707cb0c9be0a35d761e9113fce625cee.json,f7021dbbb0ed67af8fd432b68a727a98d25cee5f2ff19db007a71069c08b95a8,0.0,0.006986634805798531,19.595798943191767,56.6318667139858,,,,,344,35,0.5011627674102783,0.9110465049743652,T1,0.0017066001892089844,uniform_green_mid,2048,"[0.04776123911142349, 0.058380238711833954, 0.0667785108089447, 0.04172477126121521, 0.049840379506349564]",0.11962532653237129,0.04099408909678459,0.7988988161087036,"[0, 2, 3, 4, 5]","[0.019725140184164047, 0.09414813667535782, 1.7384015321731567, 0.04652220755815506, -0.07822829484939575]","[-0.015219135209918022, 0.0645570382475853, 1.6749224662780762, 0.018128052353858948, -0.0398874431848526]",0.05721649155020714,0.031570397317409515,1.6804379224777222,3.233196258544922
chambers-B400-llm_edit-c-1-anonymous,real,6,real,34001,400,llm_edit,-1.0,anonymous,selected,5a4b8e82950af3fe6b52b5e5ea067df0c5b972b52bf2bf1568249bb8e69efadf,3,37.029081135988235,True,8,0,0,16742893056,6150,107.8004031572491,69428224,2,0,6,,chambers-B400,7856,runs/evaluation-6c0fe4ec846fd678c77766b7ca294dee707cb0c9be0a35d761e9113fce625cee.json,f7021dbbb0ed67af8fd432b68a727a98d25cee5f2ff19db007a71069c08b95a8,0.0,0.006986634805798531,19.595798943191767,56.6318667139858,,,,,344,35,0.46569767594337463,0.8941860198974609,T1,0.004242420196533203,uniform_blue_mid,2048,"[0.06774453818798065, 0.11268511414527893, 0.08361182361841202, 0.038313522934913635, 0.0596531517803669]",0.09797575239198686,0.0517837256193161,0.7347955703735352,"[0, 1, 3, 4, 5]","[0.022502196952700615, 0.03666339069604874, 1.747560739517212, -0.02131078392267227, -0.11217360198497772]","[0.005911889486014843, -0.04437022656202316, 1.6978459358215332, 0.004248187877237797, -0.053511328995227814]",0.07298929244279861,0.06335949152708054,1.628658652305603,3.2421822547912598
chambers-B400-llm_edit-c-1-anonymous,real,6,real,34001,400,llm_edit,-1.0,anonymous,selected,5a4b8e82950af3fe6b52b5e5ea067df0c5b972b52bf2bf1568249bb8e69efadf,3,37.029081135988235,True,8,0,0,16742893056,6150,107.8004031572491,69428224,2,0,6,,chambers-B400,7856,runs/evaluation-6c0fe4ec846fd678c77766b7ca294dee707cb0c9be0a35d761e9113fce625cee.json,f7021dbbb0ed67af8fd432b68a727a98d25cee5f2ff19db007a71069c08b95a8,0.0,0.006986634805798531,19.595798943191767,56.6318667139858,,,,,1000,100,0.5005999803543091,0.9047999978065491,T2,0.0029201507568359375,uniform_red_strong,2048,"[0.07153704017400742, 0.07575541734695435, 0.26535096764564514, 0.028902512043714523, 0.026521850377321243]",0.16197393590948314,0.12704159319400787,0.71942538022995,"[1, 2, 3, 4, 5]","[0.015027378685772419, -0.004459570627659559, 3.3085484504699707, 0.018694790080189705, -0.06119004264473915]","[-0.049309104681015015, 0.06960257887840271, 3.042057991027832, 0.025446226820349693, -0.05791950970888138]",0.11022625118494034,0.020979829132556915,1.6270889043807983,3.117520332336426
chambers-B400-llm_edit-c-1-anonymous,real,6,real,34001,400,llm_edit,-1.0,anonymous,selected,5a4b8e82950af3fe6b52b5e5ea067df0c5b972b52bf2bf1568249bb8e69efadf,3,37.029081135988235,True,8,0,0,16742893056,6150,107.8004031572491,69428224,2,0,6,,chambers-B400,7856,runs/evaluation-6c0fe4ec846fd678c77766b7ca294dee707cb0c9be0a35d761e9113fce625cee.json,f7021dbbb0ed67af8fd432b68a727a98d25cee5f2ff19db007a71069c08b95a8,0.0,0.006986634805798531,19.595798943191767,56.6318667139858,,,,,1000,100,0.4867999851703644,0.902999997138977,T2,-0.018700599670410156,uniform_green_strong,2048,"[0.052374135702848434, 0.07215888798236847, 0.17475491762161255, 0.04027748852968216, 0.05050143599510193]",0.06960550977691075,0.08228693902492523,0.6957225203514099,"[0, 2, 3, 4, 5]","[0.06371600180864334, -0.020397061482071877, 3.344261884689331, 0.05874716490507126, -0.035868074744939804]","[0.021798744797706604, 0.048430055379867554, 3.5024099349975586, 0.023221081122756004, -0.06886149197816849]",0.07503408193588257,0.14111311733722687,1.642617106437683,3.2649848461151123
chambers-B400-llm_edit-c-1-anonymous,real,6,real,34001,400,llm_edit,-1.0,anonymous,selected,5a4b8e82950af3fe6b52b5e5ea067df0c5b972b52bf2bf1568249bb8e69efadf,3,37.029081135988235,True,8,0,0,16742893056,6150,107.8004031572491,69428224,2,0,6,,chambers-B400,7856,runs/evaluation-6c0fe4ec846fd678c77766b7ca294dee707cb0c9be0a35d761e9113fce625cee.json,f7021dbbb0ed67af8fd432b68a727a98d25cee5f2ff19db007a71069c08b95a8,0.0,0.006986634805798531,19.595798943191767,56.6318667139858,,,,,1000,100,0.49619999527931213,0.9039999842643738,T2,0.04429173469543457,uniform_blue_strong,2048,"[0.0638255700469017, 0.06410025805234909, 0.11722817271947861, 0.04630604386329651, 0.05373547971248627]",0.08790596299468945,0.060516588389873505,0.7019366025924683,"[0, 1, 3, 4, 5]","[0.03323739767074585, 0.01804976351559162, 3.4065489768981934, 0.0015813971403986216, -0.0996035635471344]","[0.02104414999485016, -0.0058567095547914505, 3.520962953567505, 0.04276926442980766, -0.04664985463023186]",0.06324488669633865,0.09986502677202225,1.6422560214996338,3.2514095306396484
chambers-B400-fixed-c-1-shuffled,real,6,real,34001,400,fixed,-1.0,shuffled,selected,9dbbe9516011bf59e3263d330aeed9737af1156a76e711002fcdae7e036422e9,1,0.31186949275434017,True,6,0,0,16508127744,4600,78.5958860218525,69300224,0,0,0,,chambers-B400,7856,runs/evaluation-b9fd6197c66c8a958f8f36013850e9de1564f73744a21e9365bcc823e603decf.json,09d0db3d43547932b5b41f278e455d398030ef382ab4840bde7bf4f844027325,0.0,0.006986634805798531,28.93579982034862,29.25465594790876,,,,,1024,103,0.4757487177848816,0.9021810293197632,observational,0.051223039627075195,uniform_reference,2048,"[0.05661127716302872, 0.06893813610076904, 0.1516813188791275, 0.08291099220514297, 0.07124461978673935, 0.11953145265579224]",2.1631959172593308e-08,0.08994759619235992,0.7948119044303894,"[0, 1, 2, 3, 4, 5]","[0.013324935920536518, -0.012884654104709625, -0.0932072252035141, -0.053829580545425415, 0.05066528171300888, 0.055166617035865784]","[0.030018454417586327, -0.0646478682756424, 0.0580245666205883, 0.01036845613270998, -0.018074337393045425, -0.06259473413228989]",0.08416931331157684,0.06469397991895676,1.6330045461654663,3.202543258666992
chambers-B400-fixed-c-1-shuffled,real,6,real,34001,400,fixed,-1.0,shuffled,selected,9dbbe9516011bf59e3263d330aeed9737af1156a76e711002fcdae7e036422e9,1,0.31186949275434017,True,6,0,0,16508127744,4600,78.5958860218525,69300224,0,0,0,,chambers-B400,7856,runs/evaluation-b9fd6197c66c8a958f8f36013850e9de1564f73744a21e9365bcc823e603decf.json,09d0db3d43547932b5b41f278e455d398030ef382ab4840bde7bf4f844027325,0.0,0.006986634805798531,28.93579982034862,29.25465594790876,,,,,344,35,0.4819767475128174,0.8906976580619812,T1,-0.014958620071411133,uniform_red_mid,2048,"[0.0680321678519249, 0.05526013672351837, 0.08420784771442413, 0.0682145431637764, 0.08270381391048431]",0.09481801719788585,0.03556841239333153,0.7595463395118713,"[1, 2, 3, 4, 5]","[0.04501188173890114, 0.03215307369828224, 1.678566336631775, -0.02134696952998638, 0.00017296713485848159]","[0.008760623633861542, 0.03931982070207596, 1.6337863206863403, -0.0027215960435569286, -0.05089452117681503]",0.061069317162036896,0.05980048328638077,1.6212409734725952,3.174852132797241
chambers-B400-fixed-c-1-shuffled,real,6,real,34001,400,fixed,-1.0,shuffled,selected,9dbbe9516011bf59e3263d330aeed9737af1156a76e711002fcdae7e036422e9,1,0.31186949275434017,True,6,0,0,16508127744,4600,78.5958860218525,69300224,0,0,0,,chambers-B400,7856,runs/evaluation-b9fd6197c66c8a958f8f36013850e9de1564f73744a21e9365bcc823e603decf.json,09d0db3d43547932b5b41f278e455d398030ef382ab4840bde7bf4f844027325,0.0,0.006986634805798531,28.93579982034862,29.25465594790876,,,,,344,35,0.5005813837051392,0.909302294254303,T1,0.0019969940185546875,uniform_green_mid,2048,"[0.04776123911142349, 0.058380238711833954, 0.0667785108089447, 0.04172477126121521, 0.057104360312223434]",0.12771091393262335,0.04351228475570679,0.8242092132568359,"[0, 2, 3, 4, 5]","[0.019725140184164047, 0.09414813667535782, 1.7384015321731567, 0.04652220755815506, -0.07822829484939575]","[-0.015219135209918022, 0.0645570382475853, 1.6749224662780762, 0.018128052353858948, -0.027889061719179153]",0.058890633285045624,0.03240751847624779,1.6821730136871338,3.234079122543335
chambers-B400-fixed-c-1-shuffled,real,6,real,34001,400,fixed,-1.0,shuffled,selected,9dbbe9516011bf59e3263d330aeed9737af1156a76e711002fcdae7e036422e9,1,0.31186949275434017,True,6,0,0,16508127744,4600,78.5958860218525,69300224,0,0,0,,chambers-B400,7856,runs/evaluation-b9fd6197c66c8a958f8f36013850e9de1564f73744a21e9365bcc823e603decf.json,09d0db3d43547932b5b41f278e455d398030ef382ab4840bde7bf4f844027325,0.0,0.006986634805798531,28.93579982034862,29.25465594790876,,,,,344,35,0.4662790596485138,0.8959302306175232,T1,0.0046672821044921875,uniform_blue_mid,2048,"[0.06774453818798065, 0.11268511414527893, 0.08361182361841202, 0.038313522934913635, 0.07047585397958755]",0.108750676598472,0.05455964058637619,0.7452710270881653,"[0, 1, 3, 4, 5]","[0.022502196952700615, 0.03666339069604874, 1.747560739517212, -0.02131078392267227, -0.11217360198497772]","[0.005911889486014843, -0.04437022656202316, 1.6978459358215332, 0.004248187877237797, -0.04205039516091347]",0.07423846423625946,0.06369322538375854,1.6316288709640503,3.24409556388855
chambers-B400-fixed-c-1-shuffled,real,6,real,34001,400,fixed,-1.0,shuffled,selected,9dbbe9516011bf59e3263d330aeed9737af1156a76e711002fcdae7e036422e9,1,0.31186949275434017,True,6,0,0,16508127744,4600,78.5958860218525,69300224,0,0,0,,chambers-B400,7856,runs/evaluation-b9fd6197c66c8a958f8f36013850e9de1564f73744a21e9365bcc823e603decf.json,09d0db3d43547932b5b41f278e455d398030ef382ab4840bde7bf4f844027325,0.0,0.006986634805798531,28.93579982034862,29.25465594790876,,,,,1000,100,0.5013999938964844,0.9070000052452087,T2,0.003015756607055664,uniform_red_strong,2048,"[0.07153704017400742, 0.07575541734695435, 0.26535096764564514, 0.028902512043714523, 0.0435783751308918]",0.17095529476696184,0.12830094993114471,0.7296618819236755,"[1, 2, 3, 4, 5]","[0.015027378685772419, -0.004459570627659559, 3.3085484504699707, 0.018694790080189705, -0.06119004264473915]","[-0.049309104681015015, 0.06960257887840271, 3.042057991027832, 0.025446226820349693, -0.020959198474884033]",0.11229075491428375,0.02482379414141178,1.6289417743682861,3.123324155807495
chambers-B400-fixed-c-1-shuffled,real,6,real,34001,400,fixed,-1.0,shuffled,selected,9dbbe9516011bf59e3263d330aeed9737af1156a76e711002fcdae7e036422e9,1,0.31186949275434017,True,6,0,0,16508127744,4600,78.5958860218525,69300224,0,0,0,,chambers-B400,7856,runs/evaluation-b9fd6197c66c8a958f8f36013850e9de1564f73744a21e9365bcc823e603decf.json,09d0db3d43547932b5b41f278e455d398030ef382ab4840bde7bf4f844027325,0.0,0.006986634805798531,28.93579982034862,29.25465594790876,,,,,1000,100,0.4875999987125397,0.9045999646186829,T2,-0.019197702407836914,uniform_green_strong,2048,"[0.052374135702848434, 0.07215888798236847, 0.17475491762161255, 0.04027748852968216, 0.039718762040138245]",0.08656458615281083,0.08118857443332672,0.7266221046447754,"[0, 2, 3, 4, 5]","[0.06371600180864334, -0.020397061482071877, 3.344261884689331, 0.05874716490507126, -0.035868074744939804]","[0.021798744797706604, 0.048430055379867554, 3.5024099349975586, 0.023221081122756004, -0.02205573208630085]",0.07351934164762497,0.13999755680561066,1.647307276725769,3.272520065307617
chambers-B400-fixed-c-1-shuffled,real,6,real,34001,400,fixed,-1.0,shuffled,selected,9dbbe9516011bf59e3263d330aeed9737af1156a76e711002fcdae7e036422e9,1,0.31186949275434017,True,6,0,0,16508127744,4600,78.5958860218525,69300224,0,0,0,,chambers-B400,7856,runs/evaluation-b9fd6197c66c8a958f8f36013850e9de1564f73744a21e9365bcc823e603decf.json,09d0db3d43547932b5b41f278e455d398030ef382ab4840bde7bf4f844027325,0.0,0.006986634805798531,28.93579982034862,29.25465594790876,,,,,1000,100,0.49799999594688416,0.9047999978065491,T2,0.04619455337524414,uniform_blue_strong,2048,"[0.0638255700469017, 0.06410025805234909, 0.11722817271947861, 0.04630604386329651, 0.10077578574419022]",0.11307114879936801,0.07161042839288712,0.7453966736793518,"[0, 1, 3, 4, 5]","[0.03323739767074585, 0.01804976351559162, 3.4065489768981934, 0.0015813971403986216, -0.0996035635471344]","[0.02104414999485016, -0.0058567095547914505, 3.520962953567505, 0.04276926442980766, 0.00105961412191391]",0.07118594646453857,0.10070327669382095,1.6460663080215454,3.257007598876953
chambers-B400-diagnostic-c-1-shuffled,real,6,real,34001,400,diagnostic,-1.0,shuffled,selected,ca39719adc74c5186bd76f89ea07a33ca120ce6494c1a7d3ca9ae6745c9a52c3,11,3.4457589481025934,True,16,0,0,16508127744,10900,193.33389989100397,110824960,0,0,0,,chambers-B400,7856,runs/evaluation-1b60120927869ce9d6785c59cf62cfbc381729e2267cacbd14fb2c2b5595d222.json,440806bd70b2d1f6dba4125d515aee076b4ede1ad4696152a6c3d7a6ff72a51e,0.0,0.006986634805798531,28.93579982034862,32.38854540325701,,,,,1024,103,0.4767252802848816,0.9005534052848816,observational,0.04918551445007324,uniform_reference,2048,"[0.05661127716302872, 0.06893813610076904, 0.1516813188791275, 0.08291099220514297, 0.07124461978673935, 0.07667341083288193]",2.3868642641941676e-08,0.0819733589887619,0.7613751888275146,"[0, 1, 2, 3, 4, 5]","[0.013324935920536518, -0.012884654104709625, -0.0932072252035141, -0.053829580545425415, 0.05066528171300888, 0.055166617035865784]","[0.030018454417586327, -0.0646478682756424, 0.0580245666205883, 0.01036845613270998, -0.018074337393045425, -0.01994733326137066]",0.07824718207120895,0.06516969203948975,1.6293061971664429,3.1964945793151855
chambers-B400-diagnostic-c-1-shuffled,real,6,real,34001,400,diagnostic,-1.0,shuffled,selected,ca39719adc74c5186bd76f89ea07a33ca120ce6494c1a7d3ca9ae6745c9a52c3,11,3.4457589481025934,True,16,0,0,16508127744,10900,193.33389989100397,110824960,0,0,0,,chambers-B400,7856,runs/evaluation-1b60120927869ce9d6785c59cf62cfbc381729e2267cacbd14fb2c2b5595d222.json,440806bd70b2d1f6dba4125d515aee076b4ede1ad4696152a6c3d7a6ff72a51e,0.0,0.006986634805798531,28.93579982034862,32.38854540325701,,,,,344,35,0.47848835587501526,0.8906976580619812,T1,-0.01595449447631836,uniform_red_mid,2048,"[0.0680321678519249, 0.05526013672351837, 0.08420784771442413, 0.0682145431637764, 0.0679650604724884]",0.09481840108275692,0.027526430785655975,0.6976003050804138,"[1, 2, 3, 4, 5]","[0.04501188173890114, 0.03215307369828224, 1.678566336631775, -0.02134696952998638, 0.00017296713485848159]","[0.008760623633861542, 0.03931982070207596, 1.6337863206863403, -0.0027215960435569286, -0.008244398981332779]",0.05831422656774521,0.05840113386511803,1.6201168298721313,3.1706318855285645
chambers-B400-diagnostic-c-1-shuffled,real,6,real,34001,400,diagnostic,-1.0,shuffled,selected,ca39719adc74c5186bd76f89ea07a33ca120ce6494c1a7d3ca9ae6745c9a52c3,11,3.4457589481025934,True,16,0,0,16508127744,10900,193.33389989100397,110824960,0,0,0,,chambers-B400,7856,runs/evaluation-1b60120927869ce9d6785c59cf62cfbc381729e2267cacbd14fb2c2b5595d222.json,440806bd70b2d1f6dba4125d515aee076b4ede1ad4696152a6c3d7a6ff72a51e,0.0,0.006986634805798531,28.93579982034862,32.38854540325701,,,,,344,35,0.5034883618354797,0.9069767594337463,T1,0.00145721435546875,uniform_green_mid,2048,"[0.04776123911142349, 0.058380238711833954, 0.0667785108089447, 0.04172477126121521, 0.04037899523973465]",0.10753604446868006,0.037400078028440475,0.7288235425949097,"[0, 2, 3, 4, 5]","[0.019725140184164047, 0.09414813667535782, 1.7384015321731567, 0.04652220755815506, -0.07822829484939575]","[-0.015219135209918022, 0.0645570382475853, 1.6749224662780762, 0.018128052353858948, -0.08605606853961945]",0.054248373955488205,0.03169675171375275,1.6865901947021484,3.231717824935913
chambers-B400-diagnostic-c-1-shuffled,real,6,real,34001,400,diagnostic,-1.0,shuffled,selected,ca39719adc74c5186bd76f89ea07a33ca120ce6494c1a7d3ca9ae6745c9a52c3,11,3.4457589481025934,True,16,0,0,16508127744,10900,193.33389989100397,110824960,0,0,0,,chambers-B400,7856,runs/evaluation-1b60120927869ce9d6785c59cf62cfbc381729e2267cacbd14fb2c2b5595d222.json,440806bd70b2d1f6dba4125d515aee076b4ede1ad4696152a6c3d7a6ff72a51e,0.0,0.006986634805798531,28.93579982034862,32.38854540325701,,,,,344,35,0.4651162624359131,0.8941860198974609,T1,0.004161357879638672,uniform_blue_mid,2048,"[0.06774453818798065, 0.11268511414527893, 0.08361182361841202, 0.038313522934913635, 0.04909072816371918]",0.08758112965519407,0.0490429550409317,0.7007348537445068,"[0, 1, 3, 4, 5]","[0.022502196952700615, 0.03666339069604874, 1.747560739517212, -0.02131078392267227, -0.11217360198497772]","[0.005911889486014843, -0.04437022656202316, 1.6978459358215332, 0.004248187877237797, -0.0667913556098938]",0.0715019628405571,0.06325380504131317,1.6284364461898804,3.2405288219451904
chambers-B400-diagnostic-c-1-shuffled,real,6,real,34001,400,diagnostic,-1.0,shuffled,selected,ca39719adc74c5186bd76f89ea07a33ca120ce6494c1a7d3ca9ae6745c9a52c3,11,3.4457589481025934,True,16,0,0,16508127744,10900,193.33389989100397,110824960,0,0,0,,chambers-B400,7856,runs/evaluation-1b60120927869ce9d6785c59cf62cfbc381729e2267cacbd14fb2c2b5595d222.json,440806bd70b2d1f6dba4125d515aee076b4ede1ad4696152a6c3d7a6ff72a51e,0.0,0.006986634805798531,28.93579982034862,32.38854540325701,,,,,1000,100,0.5027999877929688,0.9035999774932861,T2,0.005189180374145508,uniform_red_strong,2048,"[0.07153704017400742, 0.07575541734695435, 0.26535096764564514, 0.028902512043714523, 0.0833262950181961]",0.17093201494294236,0.132314071059227,0.8791677355766296,"[1, 2, 3, 4, 5]","[0.015027378685772419, -0.004459570627659559, 3.3085484504699707, 0.018694790080189705, -0.06119004264473915]","[-0.049309104681015015, 0.06960257887840271, 3.042057991027832, 0.025446226820349693, 0.021562203764915466]",0.11708265542984009,0.020531469956040382,1.6274265050888062,3.114949941635132
chambers-B400-diagnostic-c-1-shuffled,real,6,real,34001,400,diagnostic,-1.0,shuffled,selected,ca39719adc74c5186bd76f89ea07a33ca120ce6494c1a7d3ca9ae6745c9a52c3,11,3.4457589481025934,True,16,0,0,16508127744,10900,193.33389989100397,110824960,0,0,0,,chambers-B400,7856,runs/evaluation-1b60120927869ce9d6785c59cf62cfbc381729e2267cacbd14fb2c2b5595d222.json,440806bd70b2d1f6dba4125d515aee076b4ede1ad4696152a6c3d7a6ff72a51e,0.0,0.006986634805798531,28.93579982034862,32.38854540325701,,,,,1000,100,0.49059998989105225,0.9052000045776367,T2,-0.018584012985229492,uniform_green_strong,2048,"[0.052374135702848434, 0.07215888798236847, 0.17475491762161255, 0.04027748852968216, 0.06142711639404297]",0.08786424315855985,0.08538323640823364,1.1711599826812744,"[0, 2, 3, 4, 5]","[0.06371600180864334, -0.020397061482071877, 3.344261884689331, 0.05874716490507126, -0.035868074744939804]","[0.021798744797706604, 0.048430055379867554, 3.5024099349975586, 0.023221081122756004, 0.02483079768717289]",0.07647323608398438,0.13972820341587067,1.6545292139053345,3.270421266555786
chambers-B400-diagnostic-c-1-shuffled,real,6,real,34001,400,diagnostic,-1.0,shuffled,selected,ca39719adc74c5186bd76f89ea07a33ca120ce6494c1a7d3ca9ae6745c9a52c3,11,3.4457589481025934,True,16,0,0,16508127744,10900,193.33389989100397,110824960,0,0,0,,chambers-B400,7856,runs/evaluation-1b60120927869ce9d6785c59cf62cfbc381729e2267cacbd14fb2c2b5595d222.json,440806bd70b2d1f6dba4125d515aee076b4ede1ad4696152a6c3d7a6ff72a51e,0.0,0.006986634805798531,28.93579982034862,32.38854540325701,,,,,1000,100,0.4931999742984772,0.9025999903678894,T2,0.04870176315307617,uniform_blue_strong,2048,"[0.0638255700469017, 0.06410025805234909, 0.11722817271947861, 0.04630604386329651, 0.1307069957256317]",0.10825969899040172,0.0807536244392395,1.1034553050994873,"[0, 1, 3, 4, 5]","[0.03323739767074585, 0.01804976351559162, 3.4065489768981934, 0.0015813971403986216, -0.0996035635471344]","[0.02104414999485016, -0.0058567095547914505, 3.520962953567505, 0.04276926442980766, 0.03115784004330635]",0.07790078222751617,0.10068093240261078,1.632196068763733,3.241745710372925
chambers-B400-random-c-1-shuffled,real,6,real,34001,400,random,-1.0,shuffled,selected,b99dd07f81eb104dbbe2865b0b770f374f695e50cc5a840f22746e1fa46e724e,12,2.175492575392127,True,15,0,0,16508127744,10100,181.38982759416103,69975040,0,0,0,,chambers-B400,7856,runs/evaluation-c1d4574055552c5d3bd67ef4e35a6a3fcef5b8970b2af86de7e38c9386a5f66f.json,a606a58ac5ea799f56fdf225d93ea378f8e1f6ec68703fa5f378538e3c15c033,0.0,0.006986634805798531,28.93579982034862,31.118279030546546,,,,,1024,103,0.4775390625,0.9039713740348816,observational,0.05174756050109863,uniform_reference,2048,"[0.05661127716302872, 0.06893813610076904, 0.1516813188791275, 0.08291099220514297, 0.07124461978673935, 0.13114628195762634]",1.788608176846053e-08,0.09247498214244843,0.8152167201042175,"[0, 1, 2, 3, 4, 5]","[0.013324935920536518, -0.012884654104709625, -0.0932072252035141, -0.053829580545425415, 0.05066528171300888, 0.055166617035865784]","[0.030018454417586327, -0.0646478682756424, 0.0580245666205883, 0.01036845613270998, -0.018074337393045425, -0.07380641996860504]",0.08620151877403259,0.0654960572719574,1.636110544204712,3.209714412689209
chambers-B400-random-c-1-shuffled,real,6,real,34001,400,random,-1.0,shuffled,selected,b99dd07f81eb104dbbe2865b0b770f374f695e50cc5a840f22746e1fa46e724e,12,2.175492575392127,True,15,0,0,16508127744,10100,181.38982759416103,69975040,0,0,0,,chambers-B400,7856,runs/evaluation-c1d4574055552c5d3bd67ef4e35a6a3fcef5b8970b2af86de7e38c9386a5f66f.json,a606a58ac5ea799f56fdf225d93ea378f8e1f6ec68703fa5f378538e3c15c033,0.0,0.006986634805798531,28.93579982034862,31.118279030546546,,,,,344,35,0.47965115308761597,0.8918604850769043,T1,-0.01597452163696289,uniform_red_mid,2048,"[0.0680321678519249, 0.05526013672351837, 0.08420784771442413, 0.0682145431637764, 0.0646490752696991]",0.10576852815519794,0.02735053189098835,0.6944615244865417,"[1, 2, 3, 4, 5]","[0.04501188173890114, 0.03215307369828224, 1.678566336631775, -0.02134696952998638, 0.00017296713485848159]","[0.008760623633861542, 0.03931982070207596, 1.6337863206863403, -0.0027215960435569286, -0.0045797149650752544]",0.05800884962081909,0.06038388982415199,1.6240170001983643,3.1773641109466553
chambers-B400-random-c-1-shuffled,real,6,real,34001,400,random,-1.0,shuffled,selected,b99dd07f81eb104dbbe2865b0b770f374f695e50cc5a840f22746e1fa46e724e,12,2.175492575392127,True,15,0,0,16508127744,10100,181.38982759416103,69975040,0,0,0,,chambers-B400,7856,runs/evaluation-c1d4574055552c5d3bd67ef4e35a6a3fcef5b8970b2af86de7e38c9386a5f66f.json,a606a58ac5ea799f56fdf225d93ea378f8e1f6ec68703fa5f378538e3c15c033,0.0,0.006986634805798531,28.93579982034862,31.118279030546546,,,,,344,35,0.5029069781303406,0.9122092723846436,T1,0.0013353824615478516,uniform_green_mid,2048,"[0.04776123911142349, 0.058380238711833954, 0.0667785108089447, 0.04172477126121521, 0.0513853020966053]",0.12771837935078342,0.041147880256175995,0.8051408529281616,"[0, 2, 3, 4, 5]","[0.019725140184164047, 0.09414813667535782, 1.7384015321731567, 0.04652220755815506, -0.07822829484939575]","[-0.015219135209918022, 0.0645570382475853, 1.6749224662780762, 0.018128052353858948, -0.03907237574458122]",0.057916611433029175,0.0367971733212471,1.688560128211975,3.2385830879211426
chambers-B400-random-c-1-shuffled,real,6,real,34001,400,random,-1.0,shuffled,selected,b99dd07f81eb104dbbe2865b0b770f374f695e50cc5a840f22746e1fa46e724e,12,2.175492575392127,True,15,0,0,16508127744,10100,181.38982759416103,69975040,0,0,0,,chambers-B400,7856,runs/evaluation-c1d4574055552c5d3bd67ef4e35a6a3fcef5b8970b2af86de7e38c9386a5f66f.json,a606a58ac5ea799f56fdf225d93ea378f8e1f6ec68703fa5f378538e3c15c033,0.0,0.006986634805798531,28.93579982034862,31.118279030546546,,,,,344,35,0.4633720815181732,0.8965116143226624,T1,0.0038313865661621094,uniform_blue_mid,2048,"[0.06774453818798065, 0.11268511414527893, 0.08361182361841202, 0.038313522934913635, 0.03389545530080795]",0.0964210663838142,0.045673176646232605,0.6952425837516785,"[0, 1, 3, 4, 5]","[0.022502196952700615, 0.03666339069604874, 1.747560739517212, -0.02131078392267227, -0.11217360198497772]","[0.005911889486014843, -0.04437022656202316, 1.6978459358215332, 0.004248187877237797, -0.09064023941755295]",0.06972576677799225,0.06392158567905426,1.6313927173614502,3.245699405670166
chambers-B400-random-c-1-shuffled,real,6,real,34001,400,random,-1.0,shuffled,selected,b99dd07f81eb104dbbe2865b0b770f374f695e50cc5a840f22746e1fa46e724e,12,2.175492575392127,True,15,0,0,16508127744,10100,181.38982759416103,69975040,0,0,0,,chambers-B400,7856,runs/evaluation-c1d4574055552c5d3bd67ef4e35a6a3fcef5b8970b2af86de7e38c9386a5f66f.json,a606a58ac5ea799f56fdf225d93ea378f8e1f6ec68703fa5f378538e3c15c033,0.0,0.006986634805798531,28.93579982034862,31.118279030546546,,,,,1000,100,0.5062000155448914,0.9106000065803528,T2,0.005587100982666016,uniform_red_strong,2048,"[0.07153704017400742, 0.07575541734695435, 0.26535096764564514, 0.028902512043714523, 0.08597768098115921]",0.18220290458871907,0.13231255114078522,1.0089865922927856,"[1, 2, 3, 4, 5]","[0.015027378685772419, -0.004459570627659559, 3.3085484504699707, 0.018694790080189705, -0.06119004264473915]","[-0.049309104681015015, 0.06960257887840271, 3.042057991027832, 0.025446226820349693, 0.02155008539557457]",0.1174316257238388,0.04241768270730972,1.6368772983551025,3.1399800777435303
chambers-B400-random-c-1-shuffled,real,6,real,34001,400,random,-1.0,shuffled,selected,b99dd07f81eb104dbbe2865b0b770f374f695e50cc5a840f22746e1fa46e724e,12,2.175492575392127,True,15,0,0,16508127744,10100,181.38982759416103,69975040,0,0,0,,chambers-B400,7856,runs/evaluation-c1d4574055552c5d3bd67ef4e35a6a3fcef5b8970b2af86de7e38c9386a5f66f.json,a606a58ac5ea799f56fdf225d93ea378f8e1f6ec68703fa5f378538e3c15c033,0.0,0.006986634805798531,28.93579982034862,31.118279030546546,,,,,1000,100,0.4893999993801117,0.9053999781608582,T2,-0.01958918571472168,uniform_green_strong,2048,"[0.052374135702848434, 0.07215888798236847, 0.17475491762161255, 0.04027748852968216, 0.03398904204368591]",0.08664354674275358,0.08096334338188171,0.7216797471046448,"[0, 2, 3, 4, 5]","[0.06371600180864334, -0.020397061482071877, 3.344261884689331, 0.05874716490507126, -0.035868074744939804]","[0.021798744797706604, 0.048430055379867554, 3.5024099349975586, 0.023221081122756004, -0.03300779312849045]",0.07362263649702072,0.1392822265625,1.6528633832931519,3.2769970893859863
chambers-B400-random-c-1-shuffled,real,6,real,34001,400,random,-1.0,shuffled,selected,b99dd07f81eb104dbbe2865b0b770f374f695e50cc5a840f22746e1fa46e724e,12,2.175492575392127,True,15,0,0,16508127744,10100,181.38982759416103,69975040,0,0,0,,chambers-B400,7856,runs/evaluation-c1d4574055552c5d3bd67ef4e35a6a3fcef5b8970b2af86de7e38c9386a5f66f.json,a606a58ac5ea799f56fdf225d93ea378f8e1f6ec68703fa5f378538e3c15c033,0.0,0.006986634805798531,28.93579982034862,31.118279030546546,,,,,1000,100,0.4959999918937683,0.9057999849319458,T2,0.04398465156555176,uniform_blue_strong,2048,"[0.0638255700469017, 0.06410025805234909, 0.11722817271947861, 0.04630604386329651, 0.05020172894001007]",0.0967923002324359,0.05937400087714195,0.8389241695404053,"[0, 1, 3, 4, 5]","[0.03323739767074585, 0.01804976351559162, 3.4065489768981934, 0.0015813971403986216, -0.0996035635471344]","[0.02104414999485016, -0.0058567095547914505, 3.520962953567505, 0.04276926442980766, -0.05356915295124054]",0.06283928453922272,0.10024242848157883,1.6421858072280884,3.2582802772521973
chambers-B400-llm_edit-c-1-shuffled,real,6,real,34001,400,llm_edit,-1.0,shuffled,selected,9dbbe9516011bf59e3263d330aeed9737af1156a76e711002fcdae7e036422e9,1,35.272785844281316,True,6,0,0,16638653952,4600,78.5958860218525,69300224,2,0,6,,chambers-B400,7856,runs/evaluation-b9fd6197c66c8a958f8f36013850e9de1564f73744a21e9365bcc823e603decf.json,09d0db3d43547932b5b41f278e455d398030ef382ab4840bde7bf4f844027325,0.0,0.006986634805798531,28.93579982034862,64.21557229943573,,,,,1024,103,0.4757487177848816,0.9021810293197632,observational,0.051223039627075195,uniform_reference,2048,"[0.05661127716302872, 0.06893813610076904, 0.1516813188791275, 0.08291099220514297, 0.07124461978673935, 0.11953145265579224]",2.1631959172593308e-08,0.08994759619235992,0.7948119044303894,"[0, 1, 2, 3, 4, 5]","[0.013324935920536518, -0.012884654104709625, -0.0932072252035141, -0.053829580545425415, 0.05066528171300888, 0.055166617035865784]","[0.030018454417586327, -0.0646478682756424, 0.0580245666205883, 0.01036845613270998, -0.018074337393045425, -0.06259473413228989]",0.08416931331157684,0.06469397991895676,1.6330045461654663,3.202543258666992
chambers-B400-llm_edit-c-1-shuffled,real,6,real,34001,400,llm_edit,-1.0,shuffled,selected,9dbbe9516011bf59e3263d330aeed9737af1156a76e711002fcdae7e036422e9,1,35.272785844281316,True,6,0,0,16638653952,4600,78.5958860218525,69300224,2,0,6,,chambers-B400,7856,runs/evaluation-b9fd6197c66c8a958f8f36013850e9de1564f73744a21e9365bcc823e603decf.json,09d0db3d43547932b5b41f278e455d398030ef382ab4840bde7bf4f844027325,0.0,0.006986634805798531,28.93579982034862,64.21557229943573,,,,,344,35,0.4819767475128174,0.8906976580619812,T1,-0.014958620071411133,uniform_red_mid,2048,"[0.0680321678519249, 0.05526013672351837, 0.08420784771442413, 0.0682145431637764, 0.08270381391048431]",0.09481801719788585,0.03556841239333153,0.7595463395118713,"[1, 2, 3, 4, 5]","[0.04501188173890114, 0.03215307369828224, 1.678566336631775, -0.02134696952998638, 0.00017296713485848159]","[0.008760623633861542, 0.03931982070207596, 1.6337863206863403, -0.0027215960435569286, -0.05089452117681503]",0.061069317162036896,0.05980048328638077,1.6212409734725952,3.174852132797241
chambers-B400-llm_edit-c-1-shuffled,real,6,real,34001,400,llm_edit,-1.0,shuffled,selected,9dbbe9516011bf59e3263d330aeed9737af1156a76e711002fcdae7e036422e9,1,35.272785844281316,True,6,0,0,16638653952,4600,78.5958860218525,69300224,2,0,6,,chambers-B400,7856,runs/evaluation-b9fd6197c66c8a958f8f36013850e9de1564f73744a21e9365bcc823e603decf.json,09d0db3d43547932b5b41f278e455d398030ef382ab4840bde7bf4f844027325,0.0,0.006986634805798531,28.93579982034862,64.21557229943573,,,,,344,35,0.5005813837051392,0.909302294254303,T1,0.0019969940185546875,uniform_green_mid,2048,"[0.04776123911142349, 0.058380238711833954, 0.0667785108089447, 0.04172477126121521, 0.057104360312223434]",0.12771091393262335,0.04351228475570679,0.8242092132568359,"[0, 2, 3, 4, 5]","[0.019725140184164047, 0.09414813667535782, 1.7384015321731567, 0.04652220755815506, -0.07822829484939575]","[-0.015219135209918022, 0.0645570382475853, 1.6749224662780762, 0.018128052353858948, -0.027889061719179153]",0.058890633285045624,0.03240751847624779,1.6821730136871338,3.234079122543335
chambers-B400-llm_edit-c-1-shuffled,real,6,real,34001,400,llm_edit,-1.0,shuffled,selected,9dbbe9516011bf59e3263d330aeed9737af1156a76e711002fcdae7e036422e9,1,35.272785844281316,True,6,0,0,16638653952,4600,78.5958860218525,69300224,2,0,6,,chambers-B400,7856,runs/evaluation-b9fd6197c66c8a958f8f36013850e9de1564f73744a21e9365bcc823e603decf.json,09d0db3d43547932b5b41f278e455d398030ef382ab4840bde7bf4f844027325,0.0,0.006986634805798531,28.93579982034862,64.21557229943573,,,,,344,35,0.4662790596485138,0.8959302306175232,T1,0.0046672821044921875,uniform_blue_mid,2048,"[0.06774453818798065, 0.11268511414527893, 0.08361182361841202, 0.038313522934913635, 0.07047585397958755]",0.108750676598472,0.05455964058637619,0.7452710270881653,"[0, 1, 3, 4, 5]","[0.022502196952700615, 0.03666339069604874, 1.747560739517212, -0.02131078392267227, -0.11217360198497772]","[0.005911889486014843, -0.04437022656202316, 1.6978459358215332, 0.004248187877237797, -0.04205039516091347]",0.07423846423625946,0.06369322538375854,1.6316288709640503,3.24409556388855
chambers-B400-llm_edit-c-1-shuffled,real,6,real,34001,400,llm_edit,-1.0,shuffled,selected,9dbbe9516011bf59e3263d330aeed9737af1156a76e711002fcdae7e036422e9,1,35.272785844281316,True,6,0,0,16638653952,4600,78.5958860218525,69300224,2,0,6,,chambers-B400,7856,runs/evaluation-b9fd6197c66c8a958f8f36013850e9de1564f73744a21e9365bcc823e603decf.json,09d0db3d43547932b5b41f278e455d398030ef382ab4840bde7bf4f844027325,0.0,0.006986634805798531,28.93579982034862,64.21557229943573,,,,,1000,100,0.5013999938964844,0.9070000052452087,T2,0.003015756607055664,uniform_red_strong,2048,"[0.07153704017400742, 0.07575541734695435, 0.26535096764564514, 0.028902512043714523, 0.0435783751308918]",0.17095529476696184,0.12830094993114471,0.7296618819236755,"[1, 2, 3, 4, 5]","[0.015027378685772419, -0.004459570627659559, 3.3085484504699707, 0.018694790080189705, -0.06119004264473915]","[-0.049309104681015015, 0.06960257887840271, 3.042057991027832, 0.025446226820349693, -0.020959198474884033]",0.11229075491428375,0.02482379414141178,1.6289417743682861,3.123324155807495
chambers-B400-llm_edit-c-1-shuffled,real,6,real,34001,400,llm_edit,-1.0,shuffled,selected,9dbbe9516011bf59e3263d330aeed9737af1156a76e711002fcdae7e036422e9,1,35.272785844281316,True,6,0,0,16638653952,4600,78.5958860218525,69300224,2,0,6,,chambers-B400,7856,runs/evaluation-b9fd6197c66c8a958f8f36013850e9de1564f73744a21e9365bcc823e603decf.json,09d0db3d43547932b5b41f278e455d398030ef382ab4840bde7bf4f844027325,0.0,0.006986634805798531,28.93579982034862,64.21557229943573,,,,,1000,100,0.4875999987125397,0.9045999646186829,T2,-0.019197702407836914,uniform_green_strong,2048,"[0.052374135702848434, 0.07215888798236847, 0.17475491762161255, 0.04027748852968216, 0.039718762040138245]",0.08656458615281083,0.08118857443332672,0.7266221046447754,"[0, 2, 3, 4, 5]","[0.06371600180864334, -0.020397061482071877, 3.344261884689331, 0.05874716490507126, -0.035868074744939804]","[0.021798744797706604, 0.048430055379867554, 3.5024099349975586, 0.023221081122756004, -0.02205573208630085]",0.07351934164762497,0.13999755680561066,1.647307276725769,3.272520065307617
chambers-B400-llm_edit-c-1-shuffled,real,6,real,34001,400,llm_edit,-1.0,shuffled,selected,9dbbe9516011bf59e3263d330aeed9737af1156a76e711002fcdae7e036422e9,1,35.272785844281316,True,6,0,0,16638653952,4600,78.5958860218525,69300224,2,0,6,,chambers-B400,7856,runs/evaluation-b9fd6197c66c8a958f8f36013850e9de1564f73744a21e9365bcc823e603decf.json,09d0db3d43547932b5b41f278e455d398030ef382ab4840bde7bf4f844027325,0.0,0.006986634805798531,28.93579982034862,64.21557229943573,,,,,1000,100,0.49799999594688416,0.9047999978065491,T2,0.04619455337524414,uniform_blue_strong,2048,"[0.0638255700469017, 0.06410025805234909, 0.11722817271947861, 0.04630604386329651, 0.10077578574419022]",0.11307114879936801,0.07161042839288712,0.7453966736793518,"[0, 1, 3, 4, 5]","[0.03323739767074585, 0.01804976351559162, 3.4065489768981934, 0.0015813971403986216, -0.0996035635471344]","[0.02104414999485016, -0.0058567095547914505, 3.520962953567505, 0.04276926442980766, 0.00105961412191391]",0.07118594646453857,0.10070327669382095,1.6460663080215454,3.257007598876953
